meter_id,declared_kwh,transformer_feed_estimate_kwh,historical_avg_kwh,pct_drop_recent,night_usage_ratio,area_theft_history_rate,is_theft
M00001,242.4,252.7,239.7,0.064,0.343,0.121,0
M00002,150.9,164.6,147.7,0.109,0.307,0.02,0
M00003,61.1,53.0,56.3,0.11,0.323,0.037,0
M00004,66.6,107.3,71.3,0.206,0.609,0.074,1
M00005,112.2,114.2,123.9,0.027,0.125,0.062,0
M00006,215.1,228.8,204.0,0.047,0.348,0.27,0
M00007,123.2,123.1,109.5,0.002,0.178,0.02,0
M00008,98.4,100.0,103.0,0.097,0.337,0.076,0
M00009,208.1,205.6,204.8,0.023,0.335,0.049,0
M00010,199.0,205.8,209.0,0.022,0.384,0.02,0
M00011,204.9,202.5,199.1,0.108,0.128,0.055,0
M00012,150.5,155.0,147.5,0.05,0.391,0.03,0
M00013,92.6,99.4,98.0,0.026,0.103,0.146,0
M00014,58.6,61.1,59.4,0.043,0.282,0.057,0
M00015,94.7,108.0,94.7,0.115,0.212,0.143,0
M00016,52.7,92.5,56.2,0.258,0.638,0.195,1
M00017,95.2,94.7,101.3,0.009,0.355,0.091,0
M00018,73.4,68.4,73.1,0.082,0.184,0.215,0
M00019,89.0,93.4,89.7,0.089,0.223,0.097,0
M00020,297.1,303.5,286.2,0.027,0.262,0.1,0
M00021,118.4,122.1,115.1,0.086,0.128,0.235,0
M00022,62.3,48.0,66.4,0.109,0.179,0.054,0
M00023,183.2,184.6,168.8,0.063,0.399,0.286,0
M00024,44.4,47.3,47.1,0.11,0.304,0.114,0
M00025,92.7,94.0,88.3,0.005,0.324,0.065,0
M00026,70.6,73.9,56.9,0.061,0.228,0.175,0
M00027,175.7,181.9,175.7,0.054,0.167,0.18,0
M00028,29.9,52.7,21.0,0.529,0.454,0.173,1
M00029,40.7,39.5,41.8,0.021,0.331,0.065,0
M00030,56.2,60.5,60.3,0.057,0.118,0.021,0
M00031,76.6,112.2,80.6,0.162,0.489,0.033,1
M00032,78.4,75.5,62.5,0.009,0.222,0.136,0
M00033,51.6,53.2,60.8,0.054,0.113,0.116,0
M00034,130.9,125.3,142.0,0.003,0.188,0.118,0
M00035,142.5,153.9,138.9,0.001,0.125,0.075,0
M00036,67.6,73.9,75.2,0.089,0.103,0.02,0
M00037,167.5,169.7,179.0,0.012,0.124,0.122,0
M00038,67.8,75.3,67.8,0.046,0.226,0.024,0
M00039,90.4,92.5,99.9,0.088,0.342,0.054,0
M00040,40.6,43.7,47.4,0.052,0.118,0.103,0
M00041,148.1,144.1,150.0,0.113,0.341,0.124,0
M00042,126.2,130.1,114.1,0.056,0.179,0.1,0
M00043,90.0,85.9,102.6,0.085,0.144,0.02,0
M00044,75.5,72.3,78.2,0.023,0.354,0.137,0
M00045,115.7,120.0,111.4,0.038,0.21,0.061,0
M00046,137.1,138.4,118.2,0.069,0.298,0.083,0
M00047,166.4,171.8,173.1,0.013,0.317,0.021,0
M00048,165.8,175.0,165.0,0.081,0.253,0.1,0
M00049,297.1,294.6,304.2,0.1,0.22,0.034,0
M00050,133.0,136.1,126.1,0.045,0.389,0.166,0
M00051,98.7,95.3,94.2,0.051,0.296,0.107,0
M00052,143.5,143.1,141.6,0.08,0.223,0.057,0
M00053,231.1,223.6,240.0,0.036,0.238,0.13,0
M00054,270.1,275.3,266.1,0.002,0.386,0.045,0
M00055,93.8,97.4,107.8,0.004,0.327,0.173,0
M00056,103.5,107.2,107.9,0.088,0.386,0.086,0
M00057,164.0,171.8,173.2,0.058,0.151,0.086,0
M00058,110.1,116.5,119.2,0.042,0.245,0.141,0
M00059,192.8,197.2,192.2,0.092,0.311,0.089,0
M00060,138.9,136.8,139.3,0.07,0.272,0.033,0
M00061,104.5,105.6,101.9,0.116,0.174,0.111,0
M00062,91.5,96.3,89.4,0.036,0.299,0.099,0
M00063,160.1,156.2,164.6,0.082,0.105,0.093,0
M00064,137.9,128.4,131.2,0.066,0.145,0.162,0
M00065,227.2,228.4,221.5,0.079,0.209,0.148,0
M00066,163.2,151.7,176.2,0.046,0.308,0.048,0
M00067,118.4,113.2,108.5,0.057,0.135,0.041,0
M00068,146.5,142.9,148.5,0.111,0.224,0.098,0
M00069,188.0,179.5,177.9,0.033,0.137,0.122,0
M00070,72.2,76.7,73.5,0.106,0.29,0.024,0
M00071,201.9,197.6,203.9,0.072,0.106,0.152,0
M00072,298.5,286.3,288.9,0.027,0.115,0.094,0
M00073,131.5,134.0,131.4,0.022,0.134,0.172,0
M00074,102.9,212.2,98.4,0.366,0.7,0.032,1
M00075,115.7,124.3,125.4,0.02,0.158,0.088,0
M00076,127.2,127.4,141.5,0.018,0.317,0.149,0
M00077,92.3,170.6,101.4,0.396,0.583,0.218,1
M00078,172.2,177.4,183.4,0.064,0.309,0.1,0
M00079,53.1,84.8,64.5,0.543,0.378,0.19,1
M00080,234.3,224.5,232.0,0.032,0.236,0.045,0
M00081,28.1,67.2,20.8,0.404,0.355,0.16,1
M00082,52.9,54.1,50.4,0.076,0.2,0.156,0
M00083,157.3,162.8,164.0,0.062,0.391,0.174,0
M00084,61.2,63.6,70.4,0.092,0.305,0.065,0
M00085,102.6,112.1,98.8,0.015,0.198,0.032,0
M00086,34.3,75.5,36.0,0.382,0.497,0.212,1
M00087,91.1,98.9,99.8,0.054,0.268,0.037,0
M00088,144.5,145.5,123.5,0.024,0.24,0.16,0
M00089,85.8,128.1,92.8,0.258,0.441,0.15,1
M00090,41.2,95.6,43.2,0.238,0.559,0.105,1
M00091,81.5,92.7,79.2,0.452,0.469,0.078,1
M00092,168.6,162.2,171.4,0.044,0.158,0.027,0
M00093,134.7,132.2,137.6,0.1,0.174,0.265,0
M00094,53.6,57.6,42.3,0.088,0.227,0.036,0
M00095,168.0,171.4,168.0,0.11,0.393,0.038,0
M00096,70.0,72.9,68.8,0.057,0.181,0.02,0
M00097,121.1,126.6,117.0,0.057,0.195,0.199,0
M00098,52.1,59.7,46.1,0.095,0.118,0.088,0
M00099,82.9,86.3,81.9,0.053,0.357,0.186,0
M00100,178.1,176.9,180.4,0.05,0.391,0.02,0
M00101,142.2,149.7,151.4,0.026,0.124,0.193,0
M00102,126.1,127.8,125.6,0.051,0.126,0.027,0
M00103,196.1,198.1,192.1,0.072,0.127,0.119,0
M00104,45.6,107.4,50.3,0.33,0.633,0.093,1
M00105,89.4,88.8,91.4,0.076,0.373,0.35,0
M00106,142.7,147.6,137.9,0.07,0.12,0.048,0
M00107,127.6,132.6,139.8,0.046,0.127,0.11,0
M00108,176.2,181.5,176.1,0.064,0.213,0.066,0
M00109,233.2,215.6,245.8,0.079,0.116,0.055,0
M00110,58.6,64.7,60.3,0.026,0.252,0.026,0
M00111,79.5,88.2,76.8,0.018,0.279,0.051,0
M00112,178.9,168.6,179.4,0.08,0.188,0.035,0
M00113,120.2,120.0,115.4,0.028,0.291,0.185,0
M00114,162.9,157.9,173.9,0.028,0.363,0.051,0
M00115,167.7,158.2,174.3,0.114,0.196,0.26,0
M00116,144.4,147.3,130.9,0.008,0.388,0.042,0
M00117,51.1,115.9,48.9,0.266,0.392,0.155,1
M00118,84.8,84.6,90.2,0.069,0.185,0.174,0
M00119,249.7,238.6,251.0,0.033,0.211,0.215,0
M00120,198.5,209.3,193.7,0.018,0.118,0.198,0
M00121,184.9,183.9,170.4,0.014,0.243,0.151,0
M00122,129.4,129.0,124.1,0.002,0.222,0.098,0
M00123,38.6,44.0,51.4,0.104,0.344,0.1,0
M00124,129.6,115.6,136.2,0.115,0.115,0.048,0
M00125,251.2,256.2,244.8,0.032,0.147,0.048,0
M00126,152.9,148.7,157.6,0.052,0.3,0.191,0
M00127,87.0,85.7,89.3,0.113,0.112,0.02,0
M00128,147.1,148.4,149.4,0.054,0.12,0.079,0
M00129,63.2,61.1,57.2,0.083,0.234,0.156,0
M00130,50.7,47.5,51.7,0.021,0.121,0.035,0
M00131,143.3,141.8,150.2,0.065,0.181,0.09,0
M00132,123.1,125.3,132.0,0.048,0.162,0.047,0
M00133,100.5,184.3,105.3,0.243,0.443,0.05,1
M00134,163.3,172.2,155.9,0.066,0.119,0.173,0
M00135,41.2,54.1,47.8,0.252,0.44,0.25,1
M00136,34.7,37.4,25.8,0.052,0.247,0.02,0
M00137,70.6,112.2,65.4,0.448,0.651,0.145,1
M00138,164.8,176.0,159.8,0.032,0.254,0.098,0
M00139,165.4,168.2,168.8,0.011,0.329,0.15,0
M00140,46.7,48.9,33.5,0.075,0.26,0.081,0
M00141,20.4,35.4,26.4,0.252,0.369,0.02,1
M00142,88.3,85.1,83.8,0.023,0.395,0.14,0
M00143,82.4,87.3,76.7,0.054,0.117,0.055,0
M00144,87.5,81.9,73.4,0.069,0.264,0.084,0
M00145,75.5,73.6,68.3,0.031,0.111,0.02,0
M00146,78.3,76.9,67.9,0.001,0.287,0.072,0
M00147,162.9,170.1,176.3,0.116,0.312,0.081,0
M00148,84.6,139.6,83.6,0.325,0.416,0.107,1
M00149,99.8,102.7,93.7,0.032,0.154,0.094,0
M00150,191.0,184.1,193.3,0.038,0.394,0.06,0
M00151,171.7,168.1,148.4,0.059,0.151,0.108,0
M00152,162.2,155.3,161.6,0.056,0.231,0.041,0
M00153,92.6,85.8,104.5,0.039,0.329,0.09,0
M00154,166.2,166.2,168.2,0.102,0.285,0.128,0
M00155,301.2,302.0,293.6,0.101,0.361,0.067,0
M00156,114.3,113.8,125.0,0.097,0.262,0.078,0
M00157,56.8,69.6,60.3,0.384,0.357,0.081,1
M00158,97.3,104.4,84.3,0.068,0.317,0.082,0
M00159,135.7,123.2,128.9,0.072,0.394,0.143,0
M00160,189.5,203.0,182.3,0.087,0.244,0.023,0
M00161,110.9,116.8,102.2,0.062,0.243,0.127,0
M00162,91.9,86.5,99.0,0.009,0.216,0.115,0
M00163,132.5,141.3,144.9,0.012,0.355,0.284,0
M00164,63.7,102.5,71.0,0.372,0.553,0.194,1
M00165,51.6,54.8,71.3,0.056,0.211,0.02,0
M00166,131.5,135.8,121.5,0.023,0.257,0.125,0
M00167,36.3,56.7,41.9,0.516,0.648,0.158,1
M00168,127.0,130.8,125.3,0.08,0.167,0.034,0
M00169,68.1,166.3,74.2,0.256,0.475,0.104,1
M00170,132.9,132.5,128.0,0.003,0.224,0.066,0
M00171,60.6,59.3,59.1,0.007,0.238,0.236,0
M00172,91.7,147.4,86.2,0.351,0.619,0.166,1
M00173,63.5,63.3,64.0,0.073,0.119,0.114,0
M00174,127.0,118.5,128.4,0.088,0.221,0.132,0
M00175,191.4,180.1,203.5,0.094,0.255,0.25,0
M00176,133.2,138.9,122.1,0.112,0.318,0.136,0
M00177,120.9,120.1,113.2,0.092,0.172,0.172,0
M00178,46.4,52.2,34.4,0.03,0.28,0.023,0
M00179,146.6,152.6,137.6,0.107,0.393,0.137,0
M00180,107.4,109.2,115.0,0.009,0.397,0.02,0
M00181,192.1,200.0,203.2,0.064,0.254,0.096,0
M00182,36.9,21.6,25.8,0.068,0.34,0.02,0
M00183,123.6,119.1,126.8,0.119,0.136,0.077,0
M00184,301.4,312.2,288.1,0.044,0.338,0.043,0
M00185,117.8,118.4,132.7,0.076,0.311,0.154,0
M00186,75.3,86.4,79.8,0.046,0.148,0.254,0
M00187,67.9,70.4,69.3,0.065,0.292,0.084,0
M00188,45.1,48.4,62.3,0.1,0.104,0.125,0
M00189,56.3,68.7,54.6,0.106,0.212,0.077,0
M00190,51.8,76.5,58.4,0.412,0.48,0.041,1
M00191,33.5,34.7,33.6,0.007,0.293,0.125,0
M00192,86.7,83.6,94.0,0.063,0.339,0.138,0
M00193,80.1,83.8,76.6,0.062,0.165,0.13,0
M00194,65.6,66.3,72.2,0.101,0.317,0.238,0
M00195,113.9,102.7,108.4,0.055,0.143,0.146,0
M00196,271.1,264.8,255.8,0.118,0.225,0.055,0
M00197,96.8,97.9,95.5,0.108,0.348,0.102,0
M00198,89.3,87.3,86.8,0.082,0.129,0.139,0
M00199,77.7,83.4,69.2,0.01,0.28,0.036,0
M00200,71.4,78.2,81.1,0.045,0.356,0.151,0
M00201,76.6,76.0,76.5,0.046,0.263,0.02,0
M00202,72.5,75.0,68.9,0.003,0.349,0.048,0
M00203,159.1,162.1,169.7,0.106,0.235,0.181,0
M00204,65.1,58.5,70.0,0.067,0.201,0.086,0
M00205,185.6,200.8,197.8,0.011,0.167,0.074,0
M00206,61.4,72.4,68.3,0.044,0.225,0.025,0
M00207,105.2,113.0,94.0,0.024,0.192,0.064,0
M00208,197.2,185.5,181.0,0.057,0.321,0.052,0
M00209,203.8,196.5,207.8,0.0,0.131,0.036,0
M00210,206.9,215.7,190.9,0.007,0.135,0.18,0
M00211,108.4,242.1,100.4,0.17,0.361,0.112,1
M00212,103.7,106.4,94.3,0.031,0.134,0.081,0
M00213,95.2,112.0,102.2,0.078,0.386,0.049,0
M00214,214.1,216.0,224.9,0.066,0.377,0.135,0
M00215,145.0,130.3,153.8,0.103,0.267,0.111,0
M00216,81.4,86.7,75.8,0.091,0.154,0.023,0
M00217,95.4,95.8,89.1,0.115,0.257,0.067,0
M00218,146.8,145.1,144.6,0.064,0.388,0.084,0
M00219,213.6,216.5,213.2,0.086,0.242,0.108,0
M00220,47.1,42.3,47.0,0.022,0.178,0.022,0
M00221,224.1,232.8,233.3,0.072,0.333,0.224,0
M00222,50.3,50.5,60.2,0.073,0.27,0.071,0
M00223,77.6,75.0,77.8,0.011,0.392,0.02,0
M00224,152.1,158.4,143.9,0.042,0.16,0.02,0
M00225,47.7,49.8,37.9,0.011,0.386,0.089,0
M00226,73.0,73.1,77.1,0.058,0.292,0.116,0
M00227,144.7,137.4,137.6,0.033,0.393,0.088,0
M00228,124.0,121.7,123.1,0.015,0.111,0.224,0
M00229,202.5,199.2,205.5,0.004,0.356,0.177,0
M00230,98.4,112.6,96.2,0.027,0.111,0.079,0
M00231,77.8,76.5,94.9,0.015,0.368,0.022,0
M00232,185.7,188.4,187.9,0.046,0.355,0.19,0
M00233,94.8,89.1,101.1,0.107,0.204,0.027,0
M00234,103.4,96.6,93.3,0.092,0.273,0.085,0
M00235,274.5,279.9,277.2,0.016,0.187,0.066,0
M00236,89.1,85.8,104.6,0.076,0.369,0.06,0
M00237,122.3,126.1,115.9,0.041,0.333,0.144,0
M00238,149.0,163.1,152.4,0.016,0.162,0.127,0
M00239,161.9,151.5,152.1,0.104,0.106,0.02,0
M00240,62.0,61.7,61.0,0.059,0.139,0.054,0
M00241,126.5,121.8,115.7,0.029,0.266,0.059,0
M00242,168.9,169.0,157.4,0.103,0.256,0.022,0
M00243,84.9,86.3,83.9,0.031,0.327,0.209,0
M00244,178.9,179.3,184.6,0.07,0.124,0.043,0
M00245,99.7,97.7,108.9,0.014,0.238,0.089,0
M00246,137.4,143.6,128.1,0.104,0.374,0.068,0
M00247,68.8,63.5,74.6,0.091,0.132,0.046,0
M00248,110.1,104.0,114.1,0.005,0.106,0.101,0
M00249,158.8,152.4,168.0,0.042,0.105,0.173,0
M00250,180.2,185.4,181.7,0.019,0.182,0.052,0
M00251,50.9,47.2,65.1,0.041,0.134,0.074,0
M00252,90.9,104.7,96.2,0.036,0.149,0.072,0
M00253,56.2,59.0,47.7,0.02,0.196,0.117,0
M00254,89.4,98.5,88.6,0.064,0.116,0.114,0
M00255,290.3,285.6,294.3,0.028,0.223,0.042,0
M00256,149.7,145.8,142.4,0.0,0.335,0.077,0
M00257,47.9,98.4,54.0,0.286,0.695,0.033,1
M00258,83.2,86.4,89.5,0.062,0.325,0.022,0
M00259,78.8,108.6,74.5,0.163,0.439,0.185,1
M00260,59.5,105.4,56.3,0.351,0.362,0.111,1
M00261,178.7,173.2,169.3,0.084,0.267,0.02,0
M00262,47.9,47.2,49.2,0.029,0.166,0.043,0
M00263,100.7,102.1,111.8,0.086,0.173,0.058,0
M00264,63.6,74.5,65.4,0.003,0.282,0.101,0
M00265,138.3,136.1,149.1,0.038,0.276,0.058,0
M00266,128.2,130.8,118.8,0.071,0.146,0.135,0
M00267,87.2,91.1,98.8,0.116,0.206,0.063,0
M00268,89.6,80.2,81.9,0.001,0.371,0.044,0
M00269,63.7,92.0,52.8,0.213,0.492,0.069,1
M00270,115.3,130.6,122.9,0.043,0.16,0.037,0
M00271,67.6,67.4,75.4,0.019,0.126,0.193,0
M00272,254.1,255.8,259.0,0.031,0.129,0.107,0
M00273,60.6,46.6,63.7,0.113,0.238,0.023,0
M00274,42.8,29.5,41.1,0.055,0.251,0.035,0
M00275,137.1,144.4,149.0,0.005,0.212,0.225,0
M00276,131.1,130.8,120.2,0.048,0.212,0.025,0
M00277,79.3,82.4,82.6,0.1,0.164,0.17,0
M00278,61.1,65.4,51.8,0.008,0.314,0.152,0
M00279,94.1,90.1,102.4,0.023,0.37,0.11,0
M00280,85.6,94.3,94.3,0.07,0.323,0.103,0
M00281,102.8,106.1,107.6,0.087,0.134,0.044,0
M00282,122.3,131.7,124.6,0.105,0.106,0.068,0
M00283,116.9,125.3,120.0,0.108,0.31,0.304,0
M00284,86.5,82.8,93.8,0.113,0.186,0.142,0
M00285,83.5,87.0,89.1,0.024,0.373,0.05,0
M00286,119.8,117.1,119.1,0.117,0.382,0.067,0
M00287,126.1,130.2,135.1,0.046,0.312,0.06,0
M00288,151.8,142.6,158.4,0.062,0.314,0.073,0
M00289,100.0,85.2,103.8,0.065,0.193,0.125,0
M00290,159.9,160.2,163.5,0.105,0.188,0.02,0
M00291,55.5,47.6,53.3,0.015,0.391,0.129,0
M00292,28.3,58.3,33.5,0.379,0.405,0.242,1
M00293,133.8,137.8,129.3,0.011,0.371,0.02,0
M00294,127.1,133.6,126.1,0.026,0.25,0.089,0
M00295,90.3,94.2,94.3,0.069,0.261,0.077,0
M00296,175.3,181.9,179.3,0.001,0.293,0.125,0
M00297,85.9,86.4,67.8,0.023,0.385,0.078,0
M00298,132.6,136.0,138.5,0.097,0.127,0.122,0
M00299,327.5,322.7,340.3,0.02,0.204,0.088,0
M00300,68.9,65.9,66.3,0.041,0.296,0.03,0
M00301,108.0,116.6,94.3,0.063,0.13,0.076,0
M00302,79.9,73.6,81.5,0.058,0.152,0.069,0
M00303,87.4,94.7,80.4,0.1,0.256,0.069,0
M00304,26.0,42.5,27.7,0.23,0.414,0.033,1
M00305,43.7,82.3,30.6,0.487,0.479,0.122,1
M00306,25.1,56.5,32.6,0.282,0.633,0.046,1
M00307,86.3,87.8,89.9,0.099,0.388,0.023,0
M00308,58.2,55.5,61.1,0.023,0.319,0.141,0
M00309,144.3,150.5,136.7,0.029,0.143,0.105,0
M00310,81.2,83.2,80.0,0.018,0.116,0.181,0
M00311,81.3,81.7,72.1,0.117,0.203,0.149,0
M00312,162.3,163.6,166.2,0.016,0.286,0.128,0
M00313,161.6,160.9,158.0,0.114,0.185,0.201,0
M00314,44.6,45.6,38.4,0.072,0.237,0.165,0
M00315,101.0,109.5,102.4,0.077,0.315,0.137,0
M00316,63.4,116.9,60.6,0.514,0.537,0.11,1
M00317,110.9,110.6,99.7,0.07,0.337,0.058,0
M00318,132.7,134.3,125.0,0.051,0.248,0.125,0
M00319,172.5,172.1,189.5,0.098,0.132,0.155,0
M00320,76.9,73.6,86.0,0.078,0.239,0.24,0
M00321,122.1,135.5,132.9,0.105,0.216,0.153,0
M00322,37.0,75.4,25.9,0.293,0.65,0.116,1
M00323,52.3,117.5,49.5,0.265,0.407,0.109,1
M00324,141.7,140.4,146.5,0.065,0.141,0.109,0
M00325,143.9,155.8,141.5,0.098,0.385,0.204,0
M00326,203.5,212.8,191.3,0.038,0.278,0.094,0
M00327,181.1,186.8,177.1,0.031,0.354,0.048,0
M00328,58.4,123.7,48.3,0.514,0.628,0.204,1
M00329,200.5,214.5,199.6,0.029,0.244,0.022,0
M00330,137.6,134.4,135.6,0.075,0.272,0.044,0
M00331,112.2,119.1,95.6,0.082,0.203,0.151,0
M00332,68.3,118.5,69.8,0.271,0.597,0.185,1
M00333,222.3,218.0,222.3,0.043,0.224,0.285,0
M00334,78.8,84.4,83.6,0.06,0.196,0.063,0
M00335,75.2,78.9,76.8,0.046,0.326,0.102,0
M00336,135.1,129.5,135.2,0.055,0.358,0.043,0
M00337,160.7,168.9,163.5,0.089,0.221,0.02,0
M00338,221.9,218.6,216.6,0.037,0.388,0.232,0
M00339,132.3,130.1,140.2,0.108,0.265,0.08,0
M00340,195.4,187.6,205.9,0.024,0.281,0.196,0
M00341,63.6,62.1,66.5,0.099,0.175,0.151,0
M00342,148.5,149.7,134.0,0.007,0.13,0.023,0
M00343,137.9,140.2,143.1,0.025,0.304,0.029,0
M00344,102.3,90.4,94.1,0.102,0.39,0.02,0
M00345,134.2,115.9,125.4,0.056,0.206,0.154,0
M00346,57.0,63.0,64.2,0.07,0.122,0.084,0
M00347,189.2,181.0,183.4,0.018,0.301,0.11,0
M00348,85.9,89.8,90.8,0.076,0.395,0.198,0
M00349,189.6,187.6,199.1,0.101,0.389,0.197,0
M00350,185.3,180.1,172.9,0.058,0.308,0.13,0
M00351,173.0,163.9,165.5,0.114,0.254,0.049,0
M00352,60.3,52.4,57.3,0.024,0.24,0.113,0
M00353,115.5,121.8,110.6,0.072,0.217,0.032,0
M00354,185.6,188.1,193.9,0.036,0.322,0.126,0
M00355,72.4,69.2,63.6,0.058,0.321,0.09,0
M00356,133.0,237.9,124.3,0.502,0.455,0.088,1
M00357,57.3,55.1,58.5,0.064,0.34,0.079,0
M00358,185.5,174.2,192.7,0.078,0.284,0.096,0
M00359,57.3,58.1,55.2,0.01,0.365,0.098,0
M00360,132.9,132.1,129.6,0.036,0.213,0.02,0
M00361,73.5,72.9,59.5,0.084,0.115,0.129,0
M00362,100.1,96.6,104.2,0.099,0.385,0.045,0
M00363,88.6,82.7,103.4,0.039,0.17,0.168,0
M00364,145.3,147.2,150.2,0.034,0.266,0.103,0
M00365,168.0,162.1,156.2,0.089,0.16,0.115,0
M00366,294.6,303.0,286.6,0.03,0.31,0.042,0
M00367,47.3,44.3,42.5,0.009,0.259,0.308,0
M00368,98.1,93.9,104.3,0.107,0.218,0.02,0
M00369,82.9,83.6,83.9,0.003,0.328,0.02,0
M00370,54.5,66.6,62.7,0.074,0.293,0.149,0
M00371,181.5,181.1,175.5,0.082,0.182,0.058,0
M00372,150.8,174.8,151.3,0.013,0.243,0.149,0
M00373,155.7,161.8,145.1,0.065,0.397,0.063,0
M00374,142.1,140.8,137.1,0.069,0.304,0.021,0
M00375,51.6,89.6,46.4,0.473,0.672,0.073,1
M00376,54.8,63.7,43.6,0.023,0.101,0.096,0
M00377,49.6,92.5,58.8,0.305,0.424,0.174,1
M00378,107.9,104.9,109.1,0.071,0.244,0.022,0
M00379,260.3,257.6,254.8,0.011,0.131,0.187,0
M00380,81.1,93.0,81.3,0.101,0.172,0.022,0
M00381,239.0,223.8,240.1,0.063,0.175,0.073,0
M00382,97.1,104.8,92.7,0.097,0.4,0.029,0
M00383,55.8,52.0,58.5,0.092,0.102,0.022,0
M00384,72.2,62.4,82.0,0.093,0.391,0.055,0
M00385,64.9,63.7,71.4,0.045,0.196,0.126,0
M00386,166.1,173.0,178.1,0.054,0.122,0.098,0
M00387,82.7,95.3,74.2,0.114,0.207,0.108,0
M00388,186.2,189.3,200.3,0.009,0.279,0.102,0
M00389,153.2,156.9,152.7,0.015,0.14,0.09,0
M00390,130.3,139.7,135.0,0.095,0.391,0.131,0
M00391,81.1,81.5,90.5,0.075,0.363,0.06,0
M00392,92.9,99.3,91.7,0.072,0.108,0.04,0
M00393,83.5,79.8,92.6,0.066,0.18,0.217,0
M00394,76.4,81.0,72.9,0.008,0.304,0.251,0
M00395,58.2,62.3,54.8,0.047,0.303,0.069,0
M00396,131.8,142.5,125.7,0.087,0.358,0.063,0
M00397,33.7,27.8,33.2,0.028,0.253,0.232,0
M00398,257.0,270.0,256.6,0.095,0.263,0.081,0
M00399,153.8,160.5,166.8,0.06,0.308,0.079,0
M00400,129.1,121.7,135.5,0.074,0.248,0.111,0
M00401,125.8,133.4,133.7,0.086,0.361,0.075,0
M00402,53.7,99.5,54.1,0.411,0.446,0.11,1
M00403,111.7,121.4,105.0,0.078,0.148,0.312,0
M00404,30.4,44.2,37.1,0.105,0.33,0.02,0
M00405,92.7,98.0,91.5,0.07,0.205,0.02,0
M00406,179.4,178.1,180.6,0.044,0.31,0.107,0
M00407,109.1,107.0,107.8,0.023,0.28,0.02,0
M00408,214.0,231.0,217.3,0.098,0.346,0.091,0
M00409,177.5,175.3,172.9,0.119,0.277,0.134,0
M00410,58.1,55.2,67.0,0.099,0.245,0.02,0
M00411,106.0,110.2,109.8,0.095,0.264,0.02,0
M00412,42.2,41.5,40.2,0.046,0.103,0.155,0
M00413,115.4,115.9,110.5,0.014,0.305,0.156,0
M00414,51.2,54.7,62.9,0.102,0.159,0.065,0
M00415,230.2,224.4,224.7,0.117,0.291,0.163,0
M00416,60.3,60.1,52.6,0.003,0.133,0.075,0
M00417,105.4,101.8,104.8,0.072,0.36,0.047,0
M00418,71.5,121.7,62.4,0.287,0.382,0.101,1
M00419,115.2,118.6,120.2,0.041,0.285,0.059,0
M00420,85.1,87.6,79.5,0.012,0.137,0.028,0
M00421,76.4,77.6,77.6,0.096,0.342,0.065,0
M00422,168.8,168.2,177.5,0.043,0.192,0.136,0
M00423,219.4,210.7,217.5,0.025,0.188,0.117,0
M00424,122.2,124.1,118.7,0.05,0.386,0.25,0
M00425,65.0,112.5,76.4,0.295,0.483,0.117,1
M00426,87.4,90.8,97.6,0.114,0.166,0.145,0
M00427,104.9,109.7,106.6,0.028,0.33,0.105,0
M00428,140.1,142.3,147.0,0.024,0.117,0.123,0
M00429,224.9,229.6,230.1,0.047,0.201,0.126,0
M00430,46.3,38.5,48.0,0.004,0.399,0.037,0
M00431,125.3,192.3,132.8,0.432,0.605,0.242,1
M00432,136.2,148.6,145.4,0.013,0.2,0.117,0
M00433,83.7,85.9,92.3,0.085,0.174,0.135,0
M00434,137.2,128.6,124.6,0.065,0.317,0.081,0
M00435,143.3,155.8,153.4,0.017,0.155,0.02,0
M00436,81.9,84.3,78.5,0.08,0.28,0.141,0
M00437,115.2,126.3,112.4,0.104,0.393,0.222,0
M00438,116.1,115.3,111.1,0.025,0.142,0.136,0
M00439,177.9,178.6,169.8,0.029,0.387,0.036,0
M00440,290.7,291.2,292.6,0.085,0.243,0.121,0
M00441,133.6,134.1,135.1,0.008,0.135,0.281,0
M00442,102.1,101.3,91.4,0.015,0.347,0.1,0
M00443,95.1,90.6,85.7,0.046,0.31,0.091,0
M00444,61.4,60.0,65.5,0.099,0.179,0.138,0
M00445,112.0,107.3,124.4,0.043,0.103,0.058,0
M00446,157.0,156.3,159.2,0.023,0.182,0.075,0
M00447,125.6,135.3,124.9,0.064,0.134,0.055,0
M00448,77.3,81.0,87.0,0.085,0.3,0.136,0
M00449,69.6,77.9,67.9,0.116,0.156,0.049,0
M00450,304.0,307.3,319.1,0.041,0.235,0.145,0
M00451,173.0,174.8,189.3,0.024,0.131,0.02,0
M00452,76.3,81.1,66.2,0.098,0.387,0.073,0
M00453,66.5,70.0,68.7,0.05,0.199,0.024,0
M00454,194.7,192.1,193.7,0.028,0.365,0.144,0
M00455,146.1,149.3,140.9,0.117,0.145,0.077,0
M00456,87.9,90.0,88.8,0.107,0.236,0.022,0
M00457,209.7,214.1,218.5,0.021,0.242,0.055,0
M00458,130.1,145.6,128.9,0.097,0.289,0.121,0
M00459,152.6,145.0,135.1,0.022,0.128,0.147,0
M00460,201.0,204.8,191.0,0.107,0.285,0.072,0
M00461,102.5,132.5,109.9,0.195,0.633,0.18,1
M00462,103.4,102.6,98.6,0.113,0.215,0.022,0
M00463,82.5,91.2,81.1,0.035,0.233,0.061,0
M00464,136.3,133.3,133.2,0.067,0.131,0.204,0
M00465,72.4,81.0,69.3,0.083,0.361,0.033,0
M00466,88.5,92.8,74.3,0.021,0.294,0.093,0
M00467,101.9,102.7,90.7,0.055,0.158,0.057,0
M00468,105.3,101.0,105.1,0.034,0.184,0.023,0
M00469,144.0,140.2,145.3,0.022,0.237,0.05,0
M00470,32.1,27.8,46.9,0.028,0.269,0.236,0
M00471,111.3,116.3,115.3,0.061,0.223,0.038,0
M00472,32.5,68.3,33.2,0.344,0.499,0.104,1
M00473,191.8,183.7,199.2,0.109,0.123,0.101,0
M00474,96.4,120.4,98.4,0.212,0.42,0.144,1
M00475,361.9,356.4,364.3,0.106,0.22,0.064,0
M00476,69.6,67.8,72.9,0.073,0.251,0.196,0
M00477,65.5,128.5,64.9,0.43,0.607,0.221,1
M00478,153.4,160.0,151.9,0.078,0.33,0.022,0
M00479,91.0,106.4,87.2,0.069,0.172,0.054,0
M00480,76.6,79.3,66.0,0.085,0.312,0.129,0
M00481,51.1,122.5,29.4,0.364,0.418,0.083,1
M00482,68.4,70.0,69.2,0.059,0.376,0.111,0
M00483,70.0,73.2,58.0,0.114,0.117,0.03,0
M00484,88.9,101.8,108.2,0.089,0.225,0.06,0
M00485,285.4,287.7,276.2,0.053,0.336,0.115,0
M00486,48.7,94.3,50.6,0.257,0.591,0.121,1
M00487,125.1,133.5,119.9,0.008,0.21,0.061,0
M00488,113.1,118.0,106.8,0.039,0.209,0.132,0
M00489,168.7,183.4,168.5,0.078,0.28,0.093,0
M00490,125.0,121.5,128.8,0.055,0.3,0.209,0
M00491,74.2,147.1,53.0,0.381,0.534,0.084,1
M00492,116.7,116.0,118.3,0.057,0.117,0.134,0
M00493,135.9,128.4,144.0,0.035,0.22,0.079,0
M00494,70.5,67.9,86.7,0.11,0.154,0.109,0
M00495,87.0,93.5,83.7,0.026,0.111,0.08,0
M00496,178.8,179.1,186.4,0.016,0.268,0.079,0
M00497,80.1,91.1,90.8,0.019,0.309,0.02,0
M00498,100.5,96.0,96.6,0.109,0.159,0.045,0
M00499,96.6,98.7,94.1,0.114,0.315,0.149,0
M00500,72.5,78.0,68.4,0.02,0.147,0.112,0
M00501,202.0,194.4,209.8,0.041,0.399,0.16,0
M00502,272.5,270.9,274.2,0.088,0.128,0.129,0
M00503,128.9,135.5,132.7,0.01,0.196,0.054,0
M00504,56.1,82.8,57.8,0.447,0.678,0.065,1
M00505,99.8,96.8,95.4,0.069,0.273,0.044,0
M00506,101.9,87.8,101.9,0.08,0.198,0.085,0
M00507,154.7,157.1,160.2,0.02,0.37,0.15,0
M00508,312.7,325.5,306.9,0.117,0.339,0.078,0
M00509,25.0,67.5,25.2,0.314,0.508,0.066,1
M00510,227.5,230.3,227.8,0.09,0.373,0.097,0
M00511,49.1,84.0,52.7,0.368,0.503,0.108,1
M00512,122.1,124.1,125.6,0.031,0.355,0.278,0
M00513,191.2,199.9,199.3,0.008,0.222,0.031,0
M00514,91.0,93.1,99.1,0.015,0.31,0.041,0
M00515,49.7,56.9,47.7,0.095,0.129,0.026,0
M00516,250.8,260.5,242.0,0.054,0.191,0.12,0
M00517,92.4,87.9,95.4,0.025,0.369,0.02,0
M00518,113.6,99.6,121.5,0.065,0.352,0.114,0
M00519,104.5,94.6,100.4,0.004,0.329,0.02,0
M00520,140.9,149.5,149.2,0.058,0.192,0.045,0
M00521,162.1,173.0,163.3,0.109,0.124,0.18,0
M00522,108.7,99.3,110.0,0.035,0.202,0.02,0
M00523,35.2,41.3,33.0,0.089,0.138,0.02,0
M00524,38.0,30.8,28.6,0.055,0.219,0.034,0
M00525,154.6,163.1,156.8,0.018,0.195,0.094,0
M00526,91.9,123.1,89.8,0.248,0.599,0.176,1
M00527,112.1,114.9,103.9,0.005,0.313,0.044,0
M00528,148.3,134.9,139.2,0.107,0.302,0.071,0
M00529,66.1,60.8,54.7,0.001,0.101,0.029,0
M00530,149.2,147.5,144.2,0.01,0.28,0.258,0
M00531,106.9,114.5,112.2,0.018,0.274,0.056,0
M00532,49.9,95.2,44.0,0.464,0.402,0.193,1
M00533,103.1,98.6,104.7,0.061,0.356,0.079,0
M00534,203.0,201.6,198.3,0.012,0.216,0.02,0
M00535,133.6,141.0,137.4,0.101,0.151,0.058,0
M00536,52.5,47.6,42.7,0.045,0.323,0.103,0
M00537,92.1,94.5,105.8,0.031,0.235,0.071,0
M00538,82.2,84.3,78.3,0.04,0.202,0.086,0
M00539,72.2,82.1,56.1,0.118,0.271,0.214,0
M00540,63.1,92.5,52.1,0.371,0.649,0.112,1
M00541,55.9,51.5,51.9,0.015,0.177,0.104,0
M00542,184.2,179.1,176.4,0.018,0.193,0.173,0
M00543,93.1,87.4,87.1,0.036,0.244,0.043,0
M00544,92.4,93.1,103.4,0.117,0.374,0.117,0
M00545,110.6,120.5,112.6,0.093,0.239,0.171,0
M00546,154.3,163.5,159.9,0.089,0.301,0.155,0
M00547,177.7,166.4,171.6,0.097,0.366,0.131,0
M00548,103.2,91.3,102.9,0.022,0.387,0.02,0
M00549,42.5,43.0,46.2,0.021,0.102,0.102,0
M00550,103.3,108.7,97.8,0.017,0.257,0.02,0
M00551,173.7,172.9,178.2,0.05,0.281,0.084,0
M00552,148.7,149.8,145.2,0.1,0.163,0.078,0
M00553,222.5,222.8,225.1,0.057,0.369,0.185,0
M00554,59.7,65.1,57.2,0.021,0.162,0.053,0
M00555,133.9,126.7,130.5,0.058,0.37,0.276,0
M00556,115.0,112.6,117.5,0.092,0.255,0.288,0
M00557,103.5,103.5,91.6,0.104,0.196,0.088,0
M00558,173.0,170.1,162.3,0.055,0.301,0.101,0
M00559,163.2,155.7,172.4,0.051,0.397,0.02,0
M00560,147.8,146.2,151.7,0.111,0.253,0.148,0
M00561,52.3,51.5,43.4,0.082,0.208,0.059,0
M00562,178.8,184.4,178.3,0.068,0.272,0.056,0
M00563,128.9,135.4,121.7,0.092,0.328,0.096,0
M00564,112.3,120.4,115.2,0.083,0.172,0.2,0
M00565,161.5,166.7,163.8,0.06,0.323,0.043,0
M00566,72.3,69.5,74.7,0.01,0.354,0.183,0
M00567,92.2,101.5,94.9,0.064,0.163,0.192,0
M00568,30.9,40.9,28.6,0.024,0.322,0.123,0
M00569,76.4,72.2,60.3,0.113,0.244,0.036,0
M00570,166.2,167.6,162.7,0.072,0.272,0.038,0
M00571,135.4,156.2,139.4,0.081,0.262,0.03,0
M00572,29.0,33.7,20.8,0.01,0.285,0.023,0
M00573,91.1,80.9,94.3,0.029,0.288,0.088,0
M00574,121.5,125.5,136.7,0.114,0.316,0.123,0
M00575,102.0,85.5,95.3,0.046,0.101,0.163,0
M00576,203.2,206.7,208.0,0.042,0.123,0.061,0
M00577,121.8,126.1,132.2,0.052,0.184,0.052,0
M00578,96.2,89.6,94.6,0.117,0.158,0.117,0
M00579,116.1,112.1,107.1,0.023,0.268,0.059,0
M00580,81.5,83.5,73.3,0.042,0.166,0.131,0
M00581,65.2,70.8,78.1,0.062,0.113,0.232,0
M00582,169.7,181.2,165.3,0.066,0.161,0.107,0
M00583,98.1,100.7,100.8,0.076,0.268,0.02,0
M00584,133.1,149.4,138.6,0.077,0.284,0.128,0
M00585,153.1,159.6,142.8,0.048,0.269,0.07,0
M00586,94.3,91.5,97.8,0.11,0.153,0.141,0
M00587,220.6,219.0,220.7,0.088,0.168,0.239,0
M00588,125.2,130.9,116.2,0.045,0.119,0.084,0
M00589,150.9,148.7,160.7,0.101,0.352,0.053,0
M00590,204.1,200.8,204.0,0.09,0.173,0.121,0
M00591,120.3,118.9,117.8,0.095,0.4,0.147,0
M00592,169.2,180.3,178.0,0.029,0.151,0.203,0
M00593,105.0,102.6,118.0,0.116,0.106,0.029,0
M00594,68.4,72.7,75.2,0.101,0.268,0.046,0
M00595,125.6,131.1,111.5,0.025,0.384,0.061,0
M00596,162.0,173.4,155.4,0.029,0.188,0.165,0
M00597,74.7,71.0,82.5,0.035,0.2,0.085,0
M00598,75.1,73.0,78.8,0.037,0.142,0.15,0
M00599,75.7,78.5,70.5,0.116,0.21,0.124,0
M00600,31.7,36.1,38.2,0.006,0.219,0.048,0
M00601,74.8,80.4,77.2,0.091,0.298,0.121,0
M00602,124.0,123.4,121.5,0.118,0.304,0.056,0
M00603,81.5,163.3,69.9,0.476,0.636,0.196,1
M00604,167.1,165.2,159.6,0.04,0.152,0.157,0
M00605,43.2,36.6,35.0,0.101,0.133,0.073,0
M00606,66.6,131.2,60.0,0.48,0.531,0.172,1
M00607,90.2,86.0,109.2,0.085,0.382,0.161,0
M00608,33.4,32.4,38.7,0.08,0.188,0.081,0
M00609,50.4,58.3,39.1,0.023,0.302,0.026,0
M00610,31.8,68.9,40.3,0.43,0.591,0.144,1
M00611,79.1,176.3,82.1,0.304,0.691,0.111,1
M00612,133.1,141.5,133.0,0.069,0.351,0.056,0
M00613,83.0,99.3,83.3,0.015,0.147,0.131,0
M00614,97.0,91.5,100.3,0.016,0.231,0.172,0
M00615,40.5,48.0,36.8,0.019,0.31,0.119,0
M00616,182.4,171.8,170.7,0.023,0.315,0.189,0
M00617,221.8,213.9,222.5,0.111,0.131,0.141,0
M00618,65.5,69.8,64.0,0.054,0.269,0.175,0
M00619,45.9,57.6,39.7,0.079,0.358,0.179,0
M00620,97.3,100.7,88.9,0.118,0.36,0.071,0
M00621,78.6,81.9,74.4,0.037,0.2,0.034,0
M00622,115.3,114.6,127.1,0.006,0.216,0.072,0
M00623,319.9,328.3,317.1,0.1,0.337,0.049,0
M00624,167.8,172.9,157.8,0.049,0.142,0.112,0
M00625,113.4,117.2,105.5,0.016,0.394,0.078,0
M00626,108.1,116.4,107.4,0.092,0.25,0.098,0
M00627,139.3,137.2,134.9,0.035,0.243,0.074,0
M00628,81.7,81.8,72.7,0.046,0.223,0.064,0
M00629,389.5,391.7,386.6,0.001,0.115,0.116,0
M00630,138.9,144.6,137.8,0.101,0.163,0.048,0
M00631,231.0,234.9,223.8,0.007,0.24,0.159,0
M00632,128.4,135.3,133.5,0.09,0.388,0.179,0
M00633,66.6,74.3,71.0,0.063,0.343,0.144,0
M00634,70.9,66.3,72.9,0.096,0.202,0.097,0
M00635,130.4,138.7,137.8,0.029,0.154,0.186,0
M00636,63.8,66.4,57.6,0.046,0.204,0.091,0
M00637,96.2,92.0,108.2,0.022,0.34,0.102,0
M00638,81.3,80.9,86.2,0.033,0.136,0.132,0
M00639,188.1,185.3,186.6,0.051,0.112,0.15,0
M00640,80.9,84.0,78.9,0.082,0.243,0.06,0
M00641,128.7,130.4,138.9,0.045,0.226,0.226,0
M00642,168.1,180.3,182.6,0.037,0.278,0.176,0
M00643,75.1,79.9,71.1,0.114,0.333,0.087,0
M00644,118.4,123.5,112.1,0.069,0.325,0.071,0
M00645,41.7,94.1,38.7,0.213,0.43,0.11,1
M00646,74.1,74.2,77.2,0.052,0.112,0.269,0
M00647,148.3,153.9,145.4,0.086,0.103,0.044,0
M00648,24.7,31.0,12.4,0.343,0.428,0.245,1
M00649,110.5,119.5,106.6,0.081,0.351,0.121,0
M00650,71.0,72.3,58.6,0.016,0.103,0.169,0
M00651,60.4,61.6,48.6,0.06,0.364,0.027,0
M00652,110.8,110.9,113.7,0.033,0.252,0.052,0
M00653,93.0,218.7,83.4,0.346,0.648,0.096,1
M00654,70.2,73.4,83.4,0.053,0.107,0.154,0
M00655,28.8,73.1,34.5,0.202,0.676,0.155,1
M00656,152.0,155.4,159.8,0.069,0.181,0.207,0
M00657,93.7,90.3,81.6,0.053,0.318,0.02,0
M00658,49.2,47.3,41.8,0.031,0.186,0.073,0
M00659,76.3,69.0,80.2,0.058,0.12,0.115,0
M00660,81.2,78.6,82.5,0.089,0.251,0.063,0
M00661,80.5,84.9,65.9,0.013,0.339,0.055,0
M00662,74.2,70.9,58.5,0.1,0.238,0.096,0
M00663,88.6,85.8,74.0,0.026,0.179,0.045,0
M00664,100.4,100.7,100.5,0.05,0.218,0.023,0
M00665,101.9,101.4,100.6,0.024,0.208,0.079,0
M00666,66.6,73.0,77.5,0.036,0.172,0.274,0
M00667,57.5,50.3,60.4,0.114,0.379,0.052,0
M00668,85.8,83.8,92.0,0.111,0.249,0.02,0
M00669,134.8,144.0,136.0,0.06,0.144,0.114,0
M00670,198.4,203.7,205.0,0.079,0.23,0.089,0
M00671,96.2,95.6,87.0,0.076,0.323,0.211,0
M00672,75.8,76.3,73.0,0.019,0.319,0.064,0
M00673,116.7,120.9,116.2,0.065,0.325,0.096,0
M00674,96.4,90.8,94.3,0.034,0.293,0.041,0
M00675,89.2,101.9,84.5,0.038,0.147,0.11,0
M00676,135.5,139.4,140.0,0.033,0.385,0.029,0
M00677,79.7,75.2,82.3,0.062,0.316,0.143,0
M00678,103.7,197.8,92.0,0.449,0.492,0.099,1
M00679,146.9,144.6,140.8,0.071,0.148,0.215,0
M00680,53.3,56.2,54.0,0.002,0.104,0.05,0
M00681,67.2,93.8,62.0,0.403,0.652,0.162,1
M00682,222.9,234.3,226.5,0.071,0.225,0.11,0
M00683,191.1,190.6,198.4,0.087,0.24,0.198,0
M00684,148.3,144.9,152.8,0.008,0.189,0.08,0
M00685,59.7,60.1,68.4,0.06,0.141,0.061,0
M00686,236.9,243.1,228.2,0.03,0.376,0.041,0
M00687,72.1,61.1,78.9,0.039,0.179,0.196,0
M00688,107.0,108.7,107.3,0.036,0.194,0.205,0
M00689,156.0,155.2,166.8,0.054,0.298,0.114,0
M00690,177.0,164.3,169.2,0.086,0.37,0.086,0
M00691,120.3,127.8,130.8,0.027,0.311,0.145,0
M00692,85.5,90.5,86.0,0.084,0.387,0.02,0
M00693,59.4,64.4,47.7,0.085,0.351,0.11,0
M00694,212.0,204.2,197.6,0.078,0.15,0.192,0
M00695,91.2,94.1,90.5,0.085,0.338,0.177,0
M00696,155.4,165.7,156.8,0.105,0.304,0.272,0
M00697,75.4,102.5,77.8,0.24,0.372,0.176,1
M00698,94.1,93.9,93.8,0.028,0.204,0.043,0
M00699,86.3,83.6,84.3,0.035,0.179,0.053,0
M00700,233.6,237.2,243.9,0.059,0.32,0.131,0
M00701,172.2,178.3,173.9,0.017,0.226,0.126,0
M00702,119.2,113.9,109.7,0.047,0.387,0.058,0
M00703,91.0,97.7,97.0,0.02,0.372,0.027,0
M00704,87.9,89.8,92.2,0.097,0.15,0.08,0
M00705,132.6,129.6,133.7,0.086,0.395,0.094,0
M00706,65.7,76.2,73.2,0.108,0.126,0.042,0
M00707,72.0,80.2,80.2,0.049,0.204,0.063,0
M00708,111.9,110.6,117.0,0.003,0.297,0.144,0
M00709,63.4,61.8,53.9,0.06,0.289,0.098,0
M00710,67.6,144.7,66.5,0.379,0.42,0.179,1
M00711,50.3,39.7,51.7,0.013,0.266,0.055,0
M00712,114.6,200.6,118.0,0.192,0.556,0.108,1
M00713,129.0,136.0,120.0,0.068,0.183,0.045,0
M00714,144.9,150.9,155.1,0.058,0.267,0.115,0
M00715,200.4,209.0,204.2,0.055,0.245,0.089,0
M00716,75.8,72.6,64.9,0.002,0.347,0.144,0
M00717,122.6,113.1,123.8,0.047,0.329,0.088,0
M00718,202.9,210.1,196.7,0.119,0.231,0.122,0
M00719,29.0,37.1,32.1,0.044,0.227,0.071,0
M00720,119.7,116.3,120.2,0.04,0.177,0.026,0
M00721,107.9,108.2,100.5,0.108,0.106,0.166,0
M00722,76.9,71.8,79.1,0.025,0.108,0.082,0
M00723,160.5,162.5,146.6,0.013,0.11,0.181,0
M00724,77.5,79.9,70.4,0.078,0.378,0.059,0
M00725,15.0,42.2,11.6,0.528,0.371,0.114,1
M00726,270.8,264.6,271.7,0.09,0.202,0.079,0
M00727,56.0,65.6,63.6,0.005,0.298,0.068,0
M00728,164.1,155.0,179.4,0.103,0.39,0.108,0
M00729,99.8,91.9,117.3,0.103,0.164,0.071,0
M00730,81.3,87.0,68.8,0.006,0.227,0.057,0
M00731,55.9,89.4,60.1,0.303,0.419,0.072,1
M00732,45.8,46.3,43.6,0.0,0.33,0.093,0
M00733,72.2,119.2,74.5,0.424,0.488,0.113,1
M00734,115.3,112.6,102.8,0.051,0.138,0.118,0
M00735,76.1,86.8,74.9,0.025,0.371,0.031,0
M00736,69.4,71.5,75.1,0.063,0.262,0.07,0
M00737,94.1,87.1,81.7,0.09,0.272,0.082,0
M00738,84.9,116.8,87.1,0.381,0.573,0.02,1
M00739,158.3,155.6,163.1,0.036,0.273,0.096,0
M00740,138.8,143.0,149.5,0.066,0.349,0.032,0
M00741,65.1,56.7,58.0,0.076,0.148,0.246,0
M00742,171.1,164.6,177.1,0.098,0.359,0.021,0
M00743,88.7,96.6,83.0,0.107,0.361,0.207,0
M00744,118.4,114.2,118.2,0.024,0.141,0.052,0
M00745,65.8,69.3,54.3,0.032,0.164,0.02,0
M00746,64.2,66.5,50.3,0.0,0.218,0.065,0
M00747,182.6,200.4,179.4,0.045,0.309,0.291,0
M00748,187.7,191.1,189.1,0.08,0.395,0.06,0
M00749,71.7,90.2,75.6,0.076,0.387,0.024,0
M00750,148.8,152.8,154.7,0.05,0.294,0.153,0
M00751,79.2,76.4,76.0,0.065,0.381,0.125,0
M00752,205.9,200.3,206.0,0.079,0.248,0.174,0
M00753,121.0,118.4,111.3,0.061,0.354,0.056,0
M00754,186.0,191.7,193.7,0.005,0.267,0.054,0
M00755,73.2,79.3,82.0,0.06,0.141,0.057,0
M00756,213.0,214.8,206.4,0.074,0.279,0.039,0
M00757,100.7,100.4,119.7,0.116,0.304,0.145,0
M00758,129.7,119.4,134.1,0.12,0.354,0.058,0
M00759,171.8,159.5,158.3,0.013,0.195,0.029,0
M00760,134.1,138.4,120.9,0.039,0.173,0.084,0
M00761,122.7,122.5,123.7,0.105,0.118,0.191,0
M00762,107.9,137.7,127.3,0.243,0.536,0.07,1
M00763,74.7,84.7,81.4,0.103,0.114,0.035,0
M00764,155.2,153.8,158.3,0.005,0.155,0.02,0
M00765,210.6,219.8,220.7,0.115,0.207,0.091,0
M00766,135.9,126.6,127.5,0.004,0.105,0.062,0
M00767,90.7,93.4,85.1,0.067,0.383,0.128,0
M00768,78.0,84.1,60.3,0.02,0.394,0.102,0
M00769,77.3,71.9,82.5,0.028,0.392,0.085,0
M00770,199.1,195.8,190.6,0.078,0.363,0.165,0
M00771,83.3,96.9,84.6,0.059,0.244,0.05,0
M00772,169.3,183.8,168.0,0.021,0.139,0.02,0
M00773,102.7,106.0,121.5,0.056,0.117,0.02,0
M00774,212.5,212.9,216.3,0.068,0.335,0.054,0
M00775,105.9,106.8,112.8,0.115,0.34,0.029,0
M00776,96.7,98.9,90.9,0.113,0.212,0.056,0
M00777,45.2,46.5,36.0,0.043,0.329,0.049,0
M00778,149.1,151.9,139.1,0.0,0.151,0.143,0
M00779,55.4,49.5,57.0,0.009,0.168,0.12,0
M00780,121.4,121.0,112.2,0.014,0.345,0.065,0
M00781,95.9,99.3,83.0,0.069,0.359,0.088,0
M00782,74.4,61.5,75.5,0.05,0.257,0.09,0
M00783,103.8,101.2,109.5,0.106,0.315,0.115,0
M00784,85.0,94.6,83.8,0.087,0.168,0.097,0
M00785,181.7,181.6,199.2,0.085,0.34,0.098,0
M00786,90.1,84.6,92.3,0.08,0.27,0.053,0
M00787,48.6,51.3,72.0,0.118,0.137,0.103,0
M00788,63.6,59.3,61.5,0.007,0.27,0.122,0
M00789,63.8,67.8,61.3,0.051,0.393,0.02,0
M00790,161.0,167.9,168.9,0.01,0.251,0.097,0
M00791,113.2,109.7,113.1,0.088,0.246,0.066,0
M00792,127.6,122.2,127.3,0.099,0.264,0.063,0
M00793,60.4,66.6,73.0,0.022,0.172,0.216,0
M00794,193.6,211.2,188.8,0.063,0.163,0.077,0
M00795,50.3,60.0,73.7,0.023,0.281,0.09,0
M00796,145.6,147.9,152.5,0.008,0.33,0.1,0
M00797,33.1,30.4,32.4,0.003,0.135,0.069,0
M00798,134.0,130.4,127.4,0.069,0.23,0.041,0
M00799,200.1,213.8,190.1,0.075,0.28,0.028,0
M00800,131.4,128.7,130.9,0.059,0.355,0.09,0
M00801,129.5,118.1,123.9,0.095,0.212,0.163,0
M00802,160.0,153.5,158.4,0.076,0.174,0.086,0
M00803,47.1,43.4,26.8,0.008,0.257,0.106,0
M00804,73.1,83.5,81.4,0.099,0.393,0.107,0
M00805,146.8,136.5,161.3,0.092,0.211,0.052,0
M00806,132.8,141.6,126.8,0.062,0.339,0.02,0
M00807,146.9,152.0,140.4,0.087,0.384,0.093,0
M00808,216.1,223.2,210.0,0.068,0.298,0.104,0
M00809,83.3,89.0,97.0,0.066,0.382,0.071,0
M00810,87.8,132.6,85.7,0.173,0.683,0.142,1
M00811,158.5,157.2,170.7,0.022,0.325,0.053,0
M00812,113.3,123.8,110.6,0.098,0.139,0.092,0
M00813,153.1,193.7,153.0,0.306,0.382,0.045,1
M00814,111.9,111.1,116.0,0.115,0.32,0.095,0
M00815,218.3,226.2,212.2,0.027,0.131,0.164,0
M00816,78.1,84.0,80.5,0.081,0.319,0.098,0
M00817,115.6,113.0,108.7,0.077,0.216,0.083,0
M00818,33.1,76.4,20.5,0.352,0.374,0.079,1
M00819,198.5,211.1,204.7,0.051,0.178,0.153,0
M00820,166.0,161.0,153.3,0.057,0.182,0.083,0
M00821,103.4,107.4,109.3,0.007,0.367,0.123,0
M00822,197.6,211.0,206.7,0.01,0.141,0.07,0
M00823,57.6,65.0,65.0,0.011,0.393,0.053,0
M00824,108.6,102.3,107.4,0.014,0.244,0.025,0
M00825,203.7,206.0,208.1,0.117,0.162,0.208,0
M00826,82.6,82.2,82.9,0.113,0.1,0.114,0
M00827,140.0,156.7,150.1,0.079,0.26,0.237,0
M00828,113.8,128.3,99.9,0.071,0.252,0.15,0
M00829,73.7,95.1,64.7,0.053,0.258,0.115,0
M00830,130.3,121.2,137.9,0.022,0.339,0.057,0
M00831,249.2,253.8,241.6,0.106,0.258,0.119,0
M00832,91.0,88.3,85.0,0.119,0.123,0.077,0
M00833,79.7,71.7,74.1,0.026,0.392,0.068,0
M00834,89.4,84.7,94.8,0.05,0.292,0.026,0
M00835,78.3,77.6,72.5,0.068,0.12,0.034,0
M00836,172.6,184.9,161.7,0.076,0.243,0.077,0
M00837,132.0,127.7,138.8,0.084,0.238,0.051,0
M00838,139.6,142.9,132.3,0.021,0.241,0.14,0
M00839,177.0,179.6,155.2,0.035,0.118,0.182,0
M00840,156.4,141.2,156.0,0.103,0.133,0.159,0
M00841,48.4,92.9,46.9,0.407,0.648,0.15,1
M00842,235.8,238.8,242.5,0.094,0.159,0.055,0
M00843,80.3,91.3,78.2,0.097,0.245,0.141,0
M00844,55.2,55.8,44.4,0.025,0.275,0.093,0
M00845,153.9,157.9,151.3,0.078,0.223,0.047,0
M00846,139.3,142.2,134.2,0.015,0.34,0.312,0
M00847,161.5,161.8,157.9,0.023,0.282,0.237,0
M00848,202.7,200.8,222.5,0.042,0.208,0.084,0
M00849,116.2,110.4,108.2,0.036,0.261,0.071,0
M00850,71.3,61.5,60.9,0.076,0.307,0.141,0
M00851,97.7,80.5,90.1,0.074,0.118,0.089,0
M00852,83.9,85.7,86.2,0.031,0.367,0.051,0
M00853,129.0,128.0,134.6,0.022,0.172,0.154,0
M00854,146.0,156.2,143.4,0.108,0.399,0.133,0
M00855,150.4,151.2,146.4,0.07,0.133,0.043,0
M00856,78.8,85.8,65.6,0.1,0.137,0.086,0
M00857,123.5,124.4,127.3,0.082,0.363,0.134,0
M00858,45.0,81.1,43.5,0.277,0.553,0.152,1
M00859,91.5,97.8,81.8,0.12,0.116,0.153,0
M00860,262.2,269.5,257.7,0.009,0.266,0.153,0
M00861,65.7,62.8,70.4,0.11,0.203,0.052,0
M00862,66.6,70.5,66.3,0.021,0.285,0.108,0
M00863,77.4,63.8,86.1,0.103,0.2,0.032,0
M00864,76.2,85.0,71.1,0.038,0.248,0.114,0
M00865,69.6,72.4,88.3,0.114,0.179,0.035,0
M00866,180.6,187.2,179.9,0.1,0.298,0.055,0
M00867,58.9,54.0,57.4,0.019,0.197,0.043,0
M00868,156.7,156.4,158.1,0.051,0.231,0.085,0
M00869,74.1,177.5,73.5,0.367,0.685,0.114,1
M00870,79.4,79.2,70.0,0.062,0.261,0.047,0
M00871,45.3,44.5,48.9,0.068,0.189,0.21,0
M00872,153.8,155.7,163.3,0.022,0.359,0.135,0
M00873,137.7,125.8,132.1,0.096,0.387,0.07,0
M00874,83.6,149.2,87.9,0.402,0.477,0.232,1
M00875,151.8,161.1,150.9,0.01,0.264,0.236,0
M00876,58.5,62.6,59.6,0.045,0.239,0.106,0
M00877,210.1,219.3,229.5,0.046,0.39,0.148,0
M00878,120.6,124.8,131.3,0.117,0.265,0.074,0
M00879,130.5,130.4,122.6,0.038,0.13,0.057,0
M00880,135.6,141.3,137.7,0.09,0.153,0.136,0
M00881,275.1,275.0,267.5,0.11,0.396,0.198,0
M00882,312.7,310.6,320.6,0.1,0.382,0.045,0
M00883,54.2,115.1,59.5,0.497,0.519,0.02,1
M00884,179.5,185.7,169.2,0.056,0.307,0.171,0
M00885,114.8,112.3,120.1,0.037,0.34,0.097,0
M00886,85.2,86.5,79.6,0.055,0.296,0.04,0
M00887,81.4,71.9,87.0,0.025,0.183,0.083,0
M00888,204.7,207.8,217.7,0.12,0.361,0.183,0
M00889,134.9,134.0,129.3,0.013,0.302,0.046,0
M00890,80.1,136.9,75.6,0.301,0.669,0.118,1
M00891,98.1,95.2,100.3,0.062,0.329,0.139,0
M00892,154.4,154.6,170.7,0.022,0.157,0.192,0
M00893,281.1,294.6,281.4,0.032,0.137,0.077,0
M00894,134.2,133.5,124.7,0.055,0.308,0.111,0
M00895,155.9,156.3,150.7,0.014,0.208,0.133,0
M00896,135.1,136.5,126.9,0.02,0.115,0.056,0
M00897,177.0,183.2,162.1,0.108,0.397,0.067,0
M00898,84.5,90.7,87.6,0.049,0.162,0.097,0
M00899,65.4,64.4,52.8,0.031,0.337,0.07,0
M00900,91.3,89.7,98.8,0.106,0.262,0.042,0
M00901,127.2,126.1,133.7,0.004,0.381,0.232,0
M00902,74.4,108.4,77.6,0.27,0.66,0.062,1
M00903,129.6,120.1,125.7,0.044,0.243,0.129,0
M00904,79.8,65.8,67.4,0.062,0.113,0.147,0
M00905,255.6,252.9,259.3,0.048,0.391,0.099,0
M00906,136.0,135.3,143.3,0.104,0.331,0.02,0
M00907,28.8,23.4,37.4,0.055,0.18,0.145,0
M00908,129.9,127.1,125.3,0.076,0.315,0.065,0
M00909,106.8,114.4,103.4,0.084,0.394,0.02,0
M00910,103.9,107.3,98.6,0.086,0.16,0.083,0
M00911,267.8,272.5,265.0,0.015,0.4,0.118,0
M00912,83.6,72.8,77.5,0.015,0.207,0.02,0
M00913,83.1,83.2,74.0,0.007,0.367,0.02,0
M00914,109.2,118.1,111.1,0.035,0.257,0.102,0
M00915,77.8,90.1,73.8,0.106,0.155,0.136,0
M00916,63.7,64.4,61.8,0.105,0.379,0.088,0
M00917,197.0,196.4,192.4,0.053,0.141,0.04,0
M00918,80.8,81.2,89.2,0.05,0.377,0.151,0
M00919,111.6,102.6,130.2,0.08,0.119,0.124,0
M00920,45.8,82.8,41.4,0.448,0.65,0.169,1
M00921,74.5,81.2,84.2,0.017,0.16,0.07,0
M00922,38.2,46.5,26.6,0.049,0.292,0.084,0
M00923,112.0,112.6,104.7,0.092,0.287,0.196,0
M00924,265.2,270.2,269.7,0.062,0.146,0.118,0
M00925,189.4,181.8,186.3,0.021,0.352,0.251,0
M00926,83.9,76.9,78.7,0.001,0.278,0.152,0
M00927,72.4,69.6,76.9,0.108,0.283,0.051,0
M00928,95.2,98.1,83.6,0.048,0.226,0.02,0
M00929,68.7,72.7,67.6,0.053,0.249,0.128,0
M00930,103.2,102.7,94.1,0.025,0.358,0.051,0
M00931,56.6,135.6,67.9,0.439,0.661,0.217,1
M00932,28.4,34.1,27.3,0.303,0.495,0.143,1
M00933,29.4,39.2,38.5,0.283,0.53,0.068,1
M00934,122.0,129.4,115.5,0.118,0.167,0.257,0
M00935,47.2,102.4,49.1,0.415,0.384,0.266,1
M00936,33.3,35.6,33.9,0.04,0.325,0.077,0
M00937,67.5,66.2,66.2,0.082,0.373,0.147,0
M00938,68.0,64.6,70.3,0.101,0.283,0.1,0
M00939,127.3,126.0,126.0,0.095,0.276,0.089,0
M00940,94.8,106.4,88.4,0.087,0.147,0.138,0
M00941,186.2,196.8,195.6,0.04,0.368,0.155,0
M00942,45.9,104.9,42.4,0.371,0.637,0.092,1
M00943,175.0,178.1,162.9,0.032,0.241,0.293,0
M00944,248.0,255.6,257.1,0.02,0.399,0.208,0
M00945,81.5,86.7,73.5,0.053,0.117,0.032,0
M00946,220.1,238.2,217.6,0.025,0.337,0.086,0
M00947,63.9,70.1,50.8,0.062,0.34,0.027,0
M00948,107.9,103.5,104.1,0.025,0.232,0.151,0
M00949,64.8,69.2,65.7,0.098,0.167,0.095,0
M00950,51.0,58.9,52.1,0.079,0.199,0.092,0
M00951,57.7,53.6,42.4,0.086,0.131,0.02,0
M00952,204.5,219.4,197.8,0.071,0.269,0.022,0
M00953,133.8,144.2,133.3,0.045,0.355,0.061,0
M00954,81.7,80.4,84.2,0.1,0.344,0.323,0
M00955,171.3,154.4,183.4,0.092,0.101,0.128,0
M00956,60.5,56.6,61.8,0.078,0.285,0.077,0
M00957,203.8,208.9,195.4,0.006,0.125,0.1,0
M00958,127.1,125.5,126.4,0.099,0.14,0.108,0
M00959,203.7,223.0,204.2,0.01,0.251,0.049,0
M00960,139.5,140.0,148.0,0.064,0.259,0.048,0
M00961,32.2,72.3,35.8,0.348,0.558,0.078,1
M00962,33.5,70.6,44.6,0.329,0.412,0.042,1
M00963,162.8,166.6,175.2,0.105,0.316,0.16,0
M00964,49.1,45.1,49.0,0.107,0.23,0.274,0
M00965,217.6,217.6,214.6,0.003,0.207,0.055,0
M00966,107.5,109.6,96.6,0.078,0.379,0.062,0
M00967,207.3,199.4,211.0,0.071,0.374,0.063,0
M00968,115.5,117.1,109.9,0.001,0.226,0.094,0
M00969,127.3,120.4,123.4,0.076,0.111,0.214,0
M00970,156.7,155.7,152.3,0.117,0.322,0.187,0
M00971,90.7,91.0,86.9,0.012,0.283,0.024,0
M00972,108.7,108.5,113.7,0.099,0.284,0.081,0
M00973,114.3,120.7,101.6,0.101,0.363,0.138,0
M00974,245.3,239.3,246.1,0.082,0.104,0.025,0
M00975,209.0,197.7,222.4,0.091,0.372,0.048,0
M00976,175.4,175.6,181.1,0.006,0.103,0.066,0
M00977,131.9,129.1,136.4,0.085,0.199,0.221,0
M00978,99.1,110.5,104.1,0.064,0.203,0.071,0
M00979,53.4,69.0,63.7,0.025,0.357,0.074,0
M00980,136.6,142.2,135.6,0.02,0.269,0.057,0
M00981,75.6,70.5,71.2,0.029,0.342,0.102,0
M00982,114.7,114.6,110.7,0.107,0.344,0.065,0
M00983,45.6,49.1,41.1,0.005,0.28,0.057,0
M00984,162.3,167.7,172.5,0.024,0.328,0.062,0
M00985,170.4,155.5,176.4,0.064,0.312,0.064,0
M00986,129.1,134.6,127.8,0.009,0.329,0.102,0
M00987,99.6,109.1,98.1,0.116,0.214,0.02,0
M00988,133.3,129.9,124.9,0.032,0.291,0.041,0
M00989,66.2,75.1,67.8,0.086,0.279,0.112,0
M00990,68.5,70.3,73.6,0.055,0.375,0.153,0
M00991,171.4,168.9,180.3,0.031,0.114,0.133,0
M00992,155.7,150.9,157.7,0.059,0.373,0.2,0
M00993,131.9,139.5,133.7,0.066,0.186,0.229,0
M00994,170.4,172.1,175.6,0.027,0.162,0.069,0
M00995,107.0,114.6,104.4,0.084,0.184,0.056,0
M00996,214.3,201.7,207.9,0.003,0.246,0.02,0
M00997,41.8,44.9,34.6,0.064,0.368,0.182,0
M00998,97.7,98.0,96.2,0.096,0.23,0.106,0
M00999,98.7,131.8,92.9,0.216,0.536,0.045,1
M01000,81.1,77.4,98.0,0.085,0.315,0.082,0
M01001,186.1,194.6,193.4,0.069,0.353,0.125,0
M01002,67.6,61.8,81.2,0.031,0.215,0.16,0
M01003,129.2,125.2,120.0,0.003,0.271,0.11,0
M01004,302.8,299.7,304.6,0.074,0.247,0.038,0
M01005,75.7,156.0,79.7,0.241,0.545,0.273,1
M01006,150.1,155.7,154.4,0.013,0.125,0.05,0
M01007,48.2,43.3,52.8,0.064,0.183,0.156,0
M01008,34.0,30.1,47.8,0.095,0.305,0.33,0
M01009,165.2,157.5,171.2,0.086,0.168,0.082,0
M01010,233.3,230.5,235.1,0.063,0.368,0.027,0
M01011,146.0,152.3,147.4,0.07,0.255,0.15,0
M01012,124.9,130.7,128.1,0.032,0.287,0.02,0
M01013,120.8,124.2,116.4,0.109,0.216,0.074,0
M01014,68.9,71.0,69.7,0.119,0.215,0.065,0
M01015,154.5,139.5,157.0,0.013,0.382,0.029,0
M01016,151.4,150.1,149.5,0.062,0.341,0.202,0
M01017,105.3,100.5,91.7,0.011,0.244,0.12,0
M01018,160.9,172.5,150.4,0.03,0.307,0.067,0
M01019,89.4,93.2,78.7,0.021,0.27,0.075,0
M01020,126.4,134.9,127.7,0.089,0.217,0.053,0
M01021,140.6,153.3,138.7,0.034,0.151,0.114,0
M01022,139.1,149.8,127.9,0.038,0.103,0.034,0
M01023,94.2,80.7,73.8,0.07,0.279,0.101,0
M01024,95.8,104.3,88.0,0.112,0.143,0.101,0
M01025,65.6,74.9,78.3,0.049,0.296,0.146,0
M01026,97.2,92.9,95.2,0.02,0.327,0.127,0
M01027,128.7,135.7,134.6,0.089,0.126,0.046,0
M01028,94.8,106.4,96.0,0.073,0.303,0.055,0
M01029,56.5,60.0,59.0,0.067,0.15,0.026,0
M01030,82.4,84.4,81.6,0.035,0.105,0.038,0
M01031,86.5,91.0,95.8,0.109,0.337,0.071,0
M01032,189.0,198.7,189.6,0.01,0.196,0.02,0
M01033,114.8,118.0,110.5,0.087,0.199,0.078,0
M01034,69.1,70.3,87.0,0.06,0.161,0.092,0
M01035,169.8,170.4,176.6,0.078,0.207,0.15,0
M01036,62.2,66.2,69.7,0.112,0.122,0.038,0
M01037,189.9,198.3,202.4,0.106,0.138,0.063,0
M01038,103.5,102.0,94.7,0.008,0.255,0.037,0
M01039,91.3,94.1,91.3,0.015,0.266,0.179,0
M01040,155.8,152.5,163.0,0.049,0.348,0.132,0
M01041,116.9,118.3,127.5,0.063,0.244,0.02,0
M01042,63.7,65.8,64.3,0.044,0.297,0.116,0
M01043,164.2,166.0,176.0,0.055,0.286,0.082,0
M01044,171.1,181.7,177.3,0.019,0.312,0.022,0
M01045,118.7,109.1,127.9,0.085,0.339,0.077,0
M01046,76.5,83.6,80.5,0.044,0.146,0.102,0
M01047,174.8,174.5,179.0,0.109,0.317,0.109,0
M01048,81.0,80.2,82.5,0.058,0.356,0.028,0
M01049,149.0,142.2,140.2,0.023,0.382,0.167,0
M01050,74.3,85.9,66.0,0.06,0.238,0.147,0
M01051,107.9,111.5,108.8,0.035,0.2,0.169,0
M01052,46.7,57.4,54.4,0.08,0.142,0.081,0
M01053,158.5,157.3,165.8,0.023,0.144,0.081,0
M01054,83.2,146.7,83.3,0.481,0.528,0.046,1
M01055,105.0,114.1,109.0,0.066,0.167,0.036,0
M01056,70.4,76.3,60.9,0.014,0.242,0.057,0
M01057,97.9,174.2,97.8,0.393,0.445,0.02,1
M01058,66.8,68.0,66.4,0.028,0.326,0.035,0
M01059,101.2,112.8,112.7,0.015,0.218,0.226,0
M01060,157.1,156.0,143.8,0.05,0.376,0.045,0
M01061,95.2,93.7,91.4,0.084,0.336,0.112,0
M01062,43.8,58.5,49.1,0.159,0.626,0.034,1
M01063,89.1,164.2,98.4,0.383,0.688,0.094,1
M01064,24.8,40.4,24.3,0.494,0.515,0.047,1
M01065,111.1,121.1,113.2,0.099,0.249,0.131,0
M01066,142.9,155.3,142.8,0.046,0.267,0.096,0
M01067,61.0,128.4,59.1,0.302,0.691,0.223,1
M01068,213.9,211.2,221.9,0.027,0.141,0.074,0
M01069,203.7,206.5,217.3,0.03,0.231,0.074,0
M01070,149.5,141.3,151.1,0.002,0.332,0.236,0
M01071,83.4,71.0,94.9,0.093,0.187,0.065,0
M01072,89.8,141.5,86.2,0.482,0.44,0.072,1
M01073,93.9,95.5,88.7,0.084,0.337,0.079,0
M01074,94.7,100.7,107.2,0.003,0.304,0.036,0
M01075,146.4,282.6,136.6,0.16,0.647,0.16,1
M01076,87.3,86.0,79.1,0.001,0.283,0.02,0
M01077,126.8,133.6,129.4,0.11,0.246,0.02,0
M01078,198.6,209.7,202.0,0.1,0.138,0.052,0
M01079,48.2,42.2,40.0,0.01,0.241,0.09,0
M01080,108.7,197.0,101.5,0.289,0.515,0.099,1
M01081,147.9,143.7,156.0,0.113,0.273,0.127,0
M01082,93.3,100.1,100.1,0.118,0.296,0.05,0
M01083,52.9,43.8,51.8,0.08,0.396,0.03,0
M01084,71.0,118.4,69.4,0.337,0.549,0.031,1
M01085,144.8,149.1,138.9,0.092,0.149,0.04,0
M01086,134.7,140.8,129.6,0.072,0.154,0.082,0
M01087,181.7,172.0,180.9,0.093,0.317,0.13,0
M01088,54.8,64.0,59.5,0.103,0.226,0.036,0
M01089,112.4,109.3,98.5,0.088,0.153,0.142,0
M01090,42.0,47.4,48.3,0.04,0.149,0.095,0
M01091,52.8,46.0,54.5,0.031,0.196,0.062,0
M01092,107.5,111.0,106.0,0.005,0.192,0.114,0
M01093,143.7,223.0,143.0,0.518,0.461,0.085,1
M01094,64.3,56.4,55.2,0.015,0.399,0.087,0
M01095,134.1,132.2,145.8,0.073,0.199,0.076,0
M01096,31.1,28.6,46.6,0.07,0.327,0.141,0
M01097,135.6,135.7,138.9,0.005,0.239,0.128,0
M01098,100.7,100.6,105.1,0.115,0.212,0.068,0
M01099,140.7,146.2,146.2,0.094,0.164,0.223,0
M01100,219.4,221.1,224.7,0.074,0.13,0.049,0
M01101,113.8,111.3,109.7,0.092,0.172,0.171,0
M01102,94.0,108.0,96.3,0.077,0.147,0.037,0
M01103,144.1,154.7,152.8,0.01,0.189,0.059,0
M01104,105.1,116.4,93.2,0.119,0.169,0.099,0
M01105,96.0,133.9,104.7,0.423,0.622,0.103,1
M01106,102.3,104.5,106.9,0.109,0.292,0.154,0
M01107,89.0,187.3,86.6,0.488,0.394,0.341,1
M01108,156.4,158.4,157.8,0.098,0.299,0.12,0
M01109,210.5,214.0,220.4,0.085,0.112,0.028,0
M01110,196.2,191.6,196.5,0.074,0.14,0.192,0
M01111,57.8,60.6,64.2,0.094,0.255,0.063,0
M01112,184.7,195.1,196.6,0.085,0.272,0.051,0
M01113,324.2,321.4,327.4,0.039,0.104,0.107,0
M01114,30.5,71.5,40.0,0.391,0.682,0.126,1
M01115,129.4,126.0,140.3,0.01,0.282,0.094,0
M01116,120.7,115.5,103.6,0.072,0.33,0.092,0
M01117,129.5,134.2,126.2,0.108,0.145,0.084,0
M01118,170.5,167.3,167.2,0.045,0.184,0.045,0
M01119,86.8,82.4,95.9,0.036,0.301,0.029,0
M01120,77.1,80.2,82.3,0.027,0.164,0.027,0
M01121,89.4,83.5,87.4,0.093,0.349,0.02,0
M01122,196.9,201.0,198.0,0.101,0.291,0.045,0
M01123,143.9,152.7,149.2,0.09,0.15,0.063,0
M01124,193.1,198.6,179.6,0.043,0.124,0.02,0
M01125,142.6,147.8,133.6,0.031,0.283,0.036,0
M01126,46.4,44.8,42.9,0.076,0.106,0.042,0
M01127,40.6,88.7,31.3,0.458,0.433,0.072,1
M01128,327.8,330.0,320.5,0.055,0.366,0.063,0
M01129,98.8,105.5,93.4,0.027,0.352,0.172,0
M01130,79.5,94.3,60.6,0.054,0.298,0.066,0
M01131,139.9,153.7,153.9,0.007,0.259,0.134,0
M01132,52.6,124.1,53.0,0.358,0.446,0.133,1
M01133,172.7,185.8,164.5,0.09,0.276,0.23,0
M01134,98.5,105.3,106.4,0.093,0.222,0.089,0
M01135,110.2,111.8,110.2,0.119,0.11,0.048,0
M01136,110.2,112.0,104.0,0.015,0.282,0.067,0
M01137,48.7,69.4,51.8,0.419,0.677,0.176,1
M01138,176.0,182.9,178.8,0.009,0.127,0.094,0
M01139,94.1,189.3,85.1,0.315,0.696,0.1,1
M01140,110.6,120.3,102.3,0.078,0.309,0.023,0
M01141,269.2,280.9,275.2,0.098,0.286,0.113,0
M01142,63.8,62.6,59.3,0.031,0.144,0.13,0
M01143,181.1,173.5,170.0,0.03,0.253,0.063,0
M01144,129.0,140.8,139.9,0.084,0.363,0.02,0
M01145,45.9,42.5,37.1,0.071,0.202,0.172,0
M01146,140.6,133.1,144.1,0.105,0.307,0.097,0
M01147,52.4,111.3,56.7,0.483,0.564,0.106,1
M01148,141.5,237.9,149.9,0.255,0.434,0.089,1
M01149,236.9,227.1,233.3,0.088,0.171,0.062,0
M01150,263.6,252.5,261.2,0.112,0.324,0.02,0
M01151,127.7,126.9,121.7,0.024,0.134,0.03,0
M01152,94.2,86.1,88.3,0.1,0.302,0.02,0
M01153,104.4,102.0,95.1,0.102,0.334,0.049,0
M01154,157.0,167.3,157.6,0.018,0.285,0.044,0
M01155,70.0,68.2,73.9,0.089,0.103,0.115,0
M01156,63.5,65.8,48.5,0.044,0.197,0.035,0
M01157,201.7,206.3,216.2,0.072,0.394,0.19,0
M01158,287.8,299.1,282.1,0.109,0.119,0.117,0
M01159,88.5,141.1,92.0,0.502,0.501,0.106,1
M01160,58.7,112.8,63.7,0.313,0.399,0.178,1
M01161,146.9,153.9,146.2,0.007,0.125,0.176,0
M01162,167.3,164.4,162.5,0.011,0.127,0.061,0
M01163,238.3,238.1,250.4,0.031,0.14,0.126,0
M01164,179.6,192.3,188.4,0.116,0.294,0.038,0
M01165,78.3,85.0,94.6,0.119,0.277,0.142,0
M01166,78.3,78.7,99.2,0.109,0.31,0.083,0
M01167,195.2,195.3,199.3,0.063,0.141,0.02,0
M01168,38.4,95.0,35.7,0.191,0.523,0.02,1
M01169,62.1,66.3,65.1,0.078,0.103,0.081,0
M01170,69.5,101.5,67.3,0.152,0.45,0.072,1
M01171,77.1,71.5,69.3,0.039,0.119,0.064,0
M01172,36.7,64.8,45.5,0.522,0.523,0.238,1
M01173,75.2,83.6,72.4,0.053,0.325,0.124,0
M01174,80.1,80.1,76.6,0.059,0.182,0.203,0
M01175,117.0,127.0,133.5,0.099,0.27,0.171,0
M01176,73.9,141.2,80.9,0.438,0.368,0.208,1
M01177,155.5,152.0,153.6,0.067,0.303,0.126,0
M01178,74.9,76.7,74.9,0.014,0.308,0.061,0
M01179,52.6,104.7,50.4,0.368,0.39,0.094,1
M01180,52.2,60.6,48.8,0.042,0.194,0.144,0
M01181,107.0,98.4,128.2,0.007,0.335,0.164,0
M01182,76.8,74.1,80.5,0.018,0.396,0.043,0
M01183,92.0,88.0,107.2,0.084,0.253,0.074,0
M01184,102.2,151.7,103.3,0.349,0.416,0.179,1
M01185,91.1,89.8,83.6,0.039,0.158,0.125,0
M01186,145.7,136.8,146.2,0.108,0.351,0.047,0
M01187,239.8,233.7,231.7,0.017,0.38,0.138,0
M01188,201.5,196.7,200.0,0.058,0.244,0.162,0
M01189,212.3,213.7,216.4,0.019,0.293,0.031,0
M01190,211.0,215.1,217.3,0.043,0.337,0.054,0
M01191,145.7,143.2,162.7,0.093,0.23,0.16,0
M01192,52.4,49.0,48.4,0.027,0.22,0.068,0
M01193,59.5,55.1,60.8,0.068,0.282,0.048,0
M01194,182.7,176.9,179.1,0.077,0.334,0.072,0
M01195,111.8,115.2,109.8,0.01,0.282,0.129,0
M01196,141.6,150.3,147.4,0.009,0.18,0.084,0
M01197,109.9,120.0,106.2,0.033,0.399,0.027,0
M01198,73.9,86.8,67.0,0.054,0.39,0.102,0
M01199,81.1,72.2,83.3,0.033,0.359,0.041,0
M01200,142.4,146.8,141.9,0.068,0.308,0.041,0
M01201,97.4,97.1,89.1,0.103,0.219,0.063,0
M01202,145.3,149.3,151.0,0.114,0.284,0.025,0
M01203,255.8,270.9,258.9,0.082,0.184,0.124,0
M01204,228.4,225.9,217.5,0.106,0.326,0.072,0
M01205,76.1,76.5,64.1,0.061,0.26,0.044,0
M01206,156.2,159.7,160.8,0.013,0.295,0.04,0
M01207,77.2,77.2,72.1,0.009,0.296,0.045,0
M01208,184.3,192.2,171.6,0.058,0.122,0.161,0
M01209,161.7,159.1,169.8,0.056,0.365,0.123,0
M01210,133.3,134.6,142.0,0.052,0.376,0.069,0
M01211,32.3,30.4,30.0,0.103,0.203,0.072,0
M01212,120.5,121.9,112.6,0.091,0.174,0.191,0
M01213,15.0,29.3,10.0,0.205,0.618,0.104,1
M01214,122.1,129.3,118.3,0.058,0.196,0.022,0
M01215,69.3,102.4,64.7,0.222,0.4,0.023,1
M01216,177.9,187.1,171.3,0.096,0.333,0.043,0
M01217,102.1,106.5,98.2,0.082,0.14,0.02,0
M01218,115.3,114.8,120.3,0.072,0.248,0.079,0
M01219,150.1,151.9,151.1,0.099,0.186,0.039,0
M01220,184.5,185.3,185.7,0.074,0.219,0.048,0
M01221,142.3,147.2,146.5,0.066,0.261,0.101,0
M01222,102.0,106.7,106.1,0.08,0.369,0.052,0
M01223,91.2,88.4,89.2,0.066,0.203,0.19,0
M01224,48.7,49.9,52.7,0.105,0.149,0.099,0
M01225,126.2,122.5,139.7,0.077,0.238,0.087,0
M01226,96.5,104.5,106.7,0.037,0.12,0.163,0
M01227,64.5,65.1,71.7,0.108,0.145,0.229,0
M01228,59.0,68.9,60.5,0.036,0.287,0.02,0
M01229,110.8,122.7,100.8,0.095,0.352,0.087,0
M01230,47.0,41.4,40.6,0.12,0.175,0.081,0
M01231,181.4,168.0,176.6,0.018,0.353,0.02,0
M01232,150.1,140.3,140.7,0.01,0.331,0.078,0
M01233,65.7,74.1,57.8,0.085,0.215,0.033,0
M01234,111.9,112.6,95.3,0.054,0.352,0.15,0
M01235,41.8,39.4,31.1,0.02,0.217,0.059,0
M01236,99.3,93.7,86.0,0.031,0.13,0.031,0
M01237,107.2,107.6,95.5,0.079,0.132,0.073,0
M01238,45.7,53.4,57.6,0.104,0.249,0.129,0
M01239,165.4,163.0,167.1,0.08,0.253,0.025,0
M01240,206.3,214.9,219.6,0.083,0.35,0.059,0
M01241,47.2,50.1,26.1,0.026,0.326,0.068,0
M01242,40.1,38.6,50.9,0.034,0.389,0.028,0
M01243,84.4,95.6,80.0,0.038,0.332,0.269,0
M01244,162.2,163.0,165.3,0.047,0.253,0.096,0
M01245,175.4,181.0,186.3,0.099,0.211,0.045,0
M01246,236.6,238.4,244.1,0.091,0.307,0.048,0
M01247,127.1,139.4,127.4,0.069,0.385,0.192,0
M01248,149.6,157.1,137.8,0.021,0.312,0.195,0
M01249,89.8,92.5,93.7,0.089,0.156,0.028,0
M01250,56.8,47.8,57.1,0.087,0.309,0.243,0
M01251,177.4,184.3,175.9,0.027,0.381,0.1,0
M01252,33.3,49.1,42.7,0.179,0.36,0.19,1
M01253,116.7,128.2,115.9,0.108,0.197,0.034,0
M01254,231.5,211.0,224.3,0.076,0.348,0.064,0
M01255,110.0,119.1,120.5,0.085,0.37,0.117,0
M01256,167.0,169.0,161.5,0.074,0.313,0.061,0
M01257,86.3,87.1,85.2,0.092,0.256,0.078,0
M01258,44.9,90.7,42.0,0.31,0.552,0.081,1
M01259,55.2,46.5,37.9,0.091,0.111,0.085,0
M01260,167.5,168.4,181.4,0.054,0.129,0.082,0
M01261,136.0,142.9,139.0,0.001,0.312,0.033,0
M01262,179.4,191.5,175.6,0.021,0.299,0.066,0
M01263,107.1,105.2,108.9,0.08,0.395,0.045,0
M01264,222.1,220.2,205.0,0.045,0.273,0.067,0
M01265,93.8,102.1,93.8,0.031,0.299,0.076,0
M01266,144.8,134.8,143.9,0.053,0.199,0.281,0
M01267,282.4,290.4,279.3,0.091,0.23,0.029,0
M01268,154.2,166.8,162.4,0.083,0.374,0.17,0
M01269,31.7,31.0,40.9,0.011,0.143,0.154,0
M01270,192.1,191.7,202.9,0.077,0.155,0.038,0
M01271,104.3,140.7,94.0,0.3,0.652,0.05,1
M01272,199.8,203.7,188.2,0.108,0.364,0.12,0
M01273,131.0,128.3,123.0,0.025,0.299,0.165,0
M01274,31.0,48.5,42.5,0.525,0.438,0.284,1
M01275,92.1,92.5,93.3,0.074,0.384,0.141,0
M01276,37.1,83.6,35.3,0.296,0.551,0.091,1
M01277,34.6,76.2,37.3,0.454,0.606,0.066,1
M01278,24.1,44.6,17.6,0.532,0.404,0.153,1
M01279,252.3,246.4,258.1,0.029,0.318,0.101,0
M01280,98.2,111.5,101.9,0.026,0.232,0.109,0
M01281,213.7,209.5,208.2,0.119,0.292,0.038,0
M01282,154.7,156.7,162.6,0.091,0.291,0.051,0
M01283,87.7,93.0,79.8,0.052,0.302,0.129,0
M01284,226.3,233.0,214.0,0.04,0.275,0.02,0
M01285,176.7,176.0,172.0,0.077,0.176,0.103,0
M01286,50.6,95.5,54.3,0.256,0.372,0.145,1
M01287,58.8,50.7,76.1,0.009,0.122,0.033,0
M01288,175.8,178.7,186.8,0.003,0.155,0.301,0
M01289,127.9,128.7,135.2,0.09,0.25,0.042,0
M01290,240.4,228.1,236.9,0.057,0.182,0.035,0
M01291,116.5,116.2,103.1,0.098,0.228,0.123,0
M01292,159.9,157.6,162.5,0.108,0.252,0.02,0
M01293,108.6,98.3,112.7,0.036,0.354,0.036,0
M01294,144.4,153.0,119.0,0.071,0.148,0.189,0
M01295,69.3,69.1,80.0,0.003,0.39,0.129,0
M01296,95.1,97.3,102.0,0.025,0.207,0.109,0
M01297,113.2,112.4,131.2,0.016,0.368,0.02,0
M01298,90.9,84.1,91.8,0.02,0.168,0.025,0
M01299,59.9,59.9,65.8,0.11,0.36,0.172,0
M01300,60.8,138.6,49.0,0.486,0.374,0.055,1
M01301,73.7,82.4,65.6,0.072,0.236,0.089,0
M01302,210.0,228.2,207.3,0.098,0.196,0.03,0
M01303,49.6,50.6,46.9,0.069,0.115,0.021,0
M01304,102.3,88.7,90.4,0.063,0.368,0.039,0
M01305,192.5,194.4,202.4,0.094,0.155,0.121,0
M01306,123.6,131.7,127.7,0.094,0.193,0.061,0
M01307,61.3,72.4,62.9,0.096,0.224,0.089,0
M01308,119.8,122.9,126.8,0.022,0.241,0.086,0
M01309,134.2,154.1,148.7,0.087,0.291,0.047,0
M01310,120.8,128.2,129.0,0.062,0.127,0.074,0
M01311,44.0,46.8,30.8,0.079,0.17,0.121,0
M01312,56.1,63.7,73.1,0.116,0.375,0.185,0
M01313,256.9,260.0,249.0,0.095,0.346,0.02,0
M01314,57.1,99.4,40.6,0.196,0.517,0.056,1
M01315,103.9,107.4,93.9,0.109,0.329,0.06,0
M01316,93.5,87.0,104.3,0.07,0.334,0.177,0
M01317,101.1,101.2,100.1,0.11,0.158,0.045,0
M01318,109.4,114.6,110.6,0.1,0.376,0.038,0
M01319,153.6,156.9,159.6,0.088,0.284,0.054,0
M01320,197.1,199.0,199.5,0.046,0.116,0.098,0
M01321,139.4,153.7,139.9,0.089,0.272,0.122,0
M01322,74.9,76.2,63.5,0.103,0.308,0.237,0
M01323,35.7,38.2,47.1,0.095,0.26,0.153,0
M01324,109.8,106.1,111.8,0.092,0.337,0.046,0
M01325,112.1,117.1,118.2,0.072,0.208,0.042,0
M01326,22.4,33.4,39.0,0.431,0.355,0.148,1
M01327,57.4,64.6,45.1,0.107,0.239,0.02,0
M01328,140.1,137.4,142.9,0.011,0.365,0.02,0
M01329,161.1,159.6,159.9,0.03,0.29,0.04,0
M01330,151.1,149.6,153.3,0.062,0.39,0.108,0
M01331,117.6,163.8,119.2,0.289,0.605,0.081,1
M01332,161.2,172.2,162.3,0.002,0.258,0.078,0
M01333,236.5,232.4,232.0,0.088,0.187,0.167,0
M01334,104.2,106.0,114.9,0.042,0.276,0.154,0
M01335,38.1,36.8,51.7,0.094,0.374,0.185,0
M01336,160.5,157.7,163.3,0.074,0.379,0.218,0
M01337,110.0,103.0,104.5,0.03,0.261,0.157,0
M01338,170.8,166.7,159.5,0.012,0.4,0.061,0
M01339,50.4,45.8,62.2,0.048,0.121,0.2,0
M01340,86.8,203.4,97.3,0.241,0.55,0.093,1
M01341,130.8,128.2,129.1,0.085,0.38,0.03,0
M01342,49.8,46.0,59.5,0.088,0.298,0.134,0
M01343,144.2,141.7,154.5,0.075,0.164,0.074,0
M01344,95.8,91.1,95.3,0.09,0.266,0.119,0
M01345,95.3,84.9,101.1,0.08,0.228,0.229,0
M01346,95.0,86.7,100.7,0.102,0.174,0.148,0
M01347,129.0,128.6,139.4,0.113,0.344,0.238,0
M01348,76.2,76.0,76.2,0.053,0.199,0.04,0
M01349,42.4,61.1,33.6,0.276,0.376,0.083,1
M01350,100.0,107.1,82.8,0.05,0.297,0.083,0
M01351,94.3,88.3,96.4,0.103,0.303,0.193,0
M01352,123.6,121.3,122.1,0.06,0.336,0.123,0
M01353,148.9,154.6,147.8,0.015,0.308,0.02,0
M01354,84.3,94.6,90.2,0.01,0.369,0.124,0
M01355,76.2,82.2,81.8,0.082,0.119,0.065,0
M01356,117.6,117.4,120.8,0.061,0.102,0.074,0
M01357,112.1,120.0,96.0,0.021,0.194,0.131,0
M01358,34.7,28.5,41.4,0.109,0.288,0.027,0
M01359,120.4,123.7,132.3,0.038,0.4,0.022,0
M01360,122.5,123.1,132.6,0.034,0.202,0.032,0
M01361,89.5,92.0,75.2,0.093,0.377,0.052,0
M01362,71.7,77.6,64.2,0.011,0.355,0.103,0
M01363,87.1,81.6,82.5,0.118,0.16,0.188,0
M01364,119.7,127.0,128.4,0.025,0.124,0.073,0
M01365,150.4,148.7,137.6,0.027,0.35,0.046,0
M01366,73.5,79.8,73.6,0.01,0.234,0.046,0
M01367,206.3,209.1,201.7,0.086,0.249,0.02,0
M01368,205.5,219.5,209.0,0.076,0.127,0.088,0
M01369,78.3,86.4,84.3,0.065,0.102,0.02,0
M01370,114.0,121.6,114.3,0.111,0.324,0.083,0
M01371,176.3,190.2,176.2,0.008,0.339,0.052,0
M01372,49.5,49.4,60.1,0.111,0.206,0.055,0
M01373,233.6,227.8,238.5,0.109,0.388,0.093,0
M01374,77.0,78.6,82.0,0.038,0.249,0.146,0
M01375,125.2,115.5,125.4,0.086,0.349,0.042,0
M01376,147.5,152.7,149.1,0.011,0.208,0.2,0
M01377,117.4,117.9,103.2,0.092,0.387,0.084,0
M01378,75.1,162.2,74.1,0.172,0.42,0.093,1
M01379,76.8,90.4,79.6,0.045,0.254,0.129,0
M01380,122.1,123.0,132.6,0.016,0.353,0.071,0
M01381,168.3,185.2,199.6,0.01,0.253,0.046,0
M01382,153.9,157.5,153.8,0.099,0.387,0.106,0
M01383,92.9,92.9,97.6,0.099,0.233,0.059,0
M01384,82.8,94.3,84.9,0.115,0.289,0.028,0
M01385,46.8,45.9,41.6,0.029,0.114,0.032,0
M01386,93.8,105.5,85.9,0.076,0.145,0.126,0
M01387,142.5,153.2,145.3,0.079,0.12,0.039,0
M01388,160.9,163.1,172.0,0.041,0.173,0.039,0
M01389,90.5,102.0,92.7,0.038,0.218,0.087,0
M01390,82.2,84.0,88.0,0.018,0.264,0.037,0
M01391,107.7,114.4,104.1,0.114,0.2,0.178,0
M01392,98.3,96.3,96.9,0.019,0.132,0.166,0
M01393,91.4,82.1,74.6,0.006,0.308,0.159,0
M01394,145.4,153.9,146.2,0.004,0.252,0.121,0
M01395,84.7,89.3,80.3,0.068,0.116,0.02,0
M01396,238.4,230.9,231.2,0.072,0.138,0.239,0
M01397,79.9,82.8,76.4,0.028,0.114,0.046,0
M01398,142.8,137.7,139.8,0.067,0.262,0.183,0
M01399,223.2,230.3,228.0,0.002,0.184,0.234,0
M01400,63.4,55.9,67.1,0.115,0.232,0.035,0
M01401,66.4,77.9,68.3,0.1,0.246,0.281,0
M01402,284.3,297.1,286.4,0.053,0.345,0.025,0
M01403,153.7,164.6,153.1,0.0,0.398,0.145,0
M01404,160.8,148.9,161.6,0.034,0.159,0.111,0
M01405,37.7,56.5,38.6,0.529,0.374,0.164,1
M01406,42.9,90.1,50.0,0.367,0.379,0.128,1
M01407,123.8,116.6,115.4,0.067,0.123,0.02,0
M01408,109.8,109.9,107.0,0.042,0.248,0.068,0
M01409,100.0,93.7,100.4,0.08,0.261,0.04,0
M01410,73.6,64.7,66.6,0.069,0.211,0.059,0
M01411,145.1,140.4,145.5,0.003,0.111,0.269,0
M01412,254.4,269.1,246.4,0.111,0.363,0.056,0
M01413,73.4,71.5,73.0,0.07,0.252,0.035,0
M01414,67.7,63.1,62.4,0.074,0.228,0.204,0
M01415,197.7,207.1,206.5,0.01,0.277,0.13,0
M01416,164.4,160.5,167.4,0.095,0.317,0.081,0
M01417,35.2,72.6,37.5,0.499,0.496,0.12,1
M01418,147.7,149.8,135.1,0.099,0.128,0.025,0
M01419,123.9,128.5,128.8,0.092,0.346,0.051,0
M01420,135.2,138.2,139.5,0.017,0.19,0.137,0
M01421,100.1,106.7,112.6,0.071,0.201,0.067,0
M01422,218.7,224.3,222.6,0.009,0.102,0.021,0
M01423,45.0,47.5,47.7,0.007,0.209,0.066,0
M01424,228.7,228.5,232.1,0.105,0.318,0.226,0
M01425,55.3,127.6,49.4,0.424,0.528,0.027,1
M01426,62.1,106.4,52.3,0.285,0.38,0.139,1
M01427,84.7,85.2,80.7,0.008,0.385,0.226,0
M01428,176.0,175.3,173.3,0.015,0.237,0.119,0
M01429,93.0,95.6,80.3,0.054,0.146,0.119,0
M01430,65.7,61.7,70.3,0.105,0.352,0.219,0
M01431,204.2,211.3,208.1,0.061,0.365,0.092,0
M01432,55.6,111.4,45.3,0.36,0.602,0.071,1
M01433,127.8,286.2,130.7,0.455,0.432,0.124,1
M01434,107.7,101.5,113.4,0.086,0.256,0.184,0
M01435,312.7,312.0,313.2,0.1,0.368,0.02,0
M01436,171.9,173.8,184.9,0.067,0.172,0.082,0
M01437,150.5,142.1,152.4,0.118,0.194,0.069,0
M01438,201.8,207.0,214.6,0.101,0.354,0.032,0
M01439,101.3,99.9,93.7,0.104,0.109,0.07,0
M01440,55.4,105.3,55.1,0.255,0.574,0.124,1
M01441,152.6,158.9,158.4,0.09,0.176,0.226,0
M01442,196.0,191.6,191.7,0.05,0.206,0.208,0
M01443,142.4,140.2,156.3,0.02,0.225,0.171,0
M01444,148.9,156.7,152.4,0.091,0.307,0.074,0
M01445,95.8,88.2,100.5,0.042,0.125,0.078,0
M01446,209.1,215.6,224.4,0.078,0.188,0.028,0
M01447,39.8,89.1,43.7,0.289,0.67,0.133,1
M01448,80.2,68.0,71.5,0.055,0.372,0.035,0
M01449,48.7,37.4,40.5,0.006,0.164,0.109,0
M01450,100.1,108.8,96.4,0.094,0.297,0.11,0
M01451,153.8,165.1,152.1,0.103,0.159,0.121,0
M01452,127.2,218.9,123.7,0.193,0.696,0.096,1
M01453,53.4,54.8,80.6,0.066,0.245,0.241,0
M01454,181.5,197.6,189.4,0.073,0.107,0.15,0
M01455,118.2,123.2,130.2,0.078,0.236,0.091,0
M01456,166.7,166.5,167.6,0.025,0.187,0.116,0
M01457,73.0,75.2,56.2,0.111,0.315,0.137,0
M01458,196.7,195.2,184.9,0.117,0.132,0.197,0
M01459,33.8,35.0,23.9,0.061,0.122,0.165,0
M01460,175.6,183.6,173.7,0.094,0.167,0.074,0
M01461,70.7,134.2,61.3,0.412,0.548,0.1,1
M01462,122.1,130.3,120.1,0.002,0.363,0.095,0
M01463,226.6,227.2,231.9,0.09,0.392,0.08,0
M01464,81.4,84.2,99.7,0.044,0.2,0.082,0
M01465,68.1,73.8,70.5,0.025,0.29,0.061,0
M01466,144.6,148.0,144.8,0.073,0.196,0.134,0
M01467,149.9,149.4,155.3,0.086,0.285,0.229,0
M01468,90.2,95.1,89.6,0.051,0.236,0.091,0
M01469,74.6,83.9,74.3,0.114,0.323,0.142,0
M01470,82.2,165.5,88.1,0.405,0.667,0.151,1
M01471,55.9,39.3,58.2,0.031,0.169,0.028,0
M01472,61.2,60.9,72.6,0.035,0.104,0.069,0
M01473,124.6,127.6,132.1,0.104,0.332,0.091,0
M01474,30.8,27.8,33.1,0.032,0.107,0.084,0
M01475,108.1,105.1,110.8,0.002,0.319,0.125,0
M01476,133.2,132.0,136.4,0.06,0.275,0.128,0
M01477,124.0,129.9,121.5,0.085,0.133,0.074,0
M01478,64.9,64.1,62.6,0.086,0.222,0.107,0
M01479,135.3,132.7,125.8,0.026,0.235,0.04,0
M01480,210.0,218.7,213.4,0.1,0.254,0.128,0
M01481,142.1,145.2,138.6,0.036,0.305,0.088,0
M01482,96.5,97.0,98.6,0.11,0.33,0.164,0
M01483,190.1,193.4,184.0,0.069,0.243,0.17,0
M01484,214.1,216.2,211.2,0.032,0.282,0.07,0
M01485,105.6,103.8,107.3,0.006,0.308,0.087,0
M01486,151.6,150.3,143.4,0.056,0.124,0.02,0
M01487,193.6,198.5,191.8,0.112,0.381,0.026,0
M01488,81.5,85.3,67.7,0.05,0.28,0.054,0
M01489,217.9,224.6,216.3,0.088,0.258,0.152,0
M01490,200.8,181.5,192.7,0.054,0.284,0.062,0
M01491,58.0,131.8,52.3,0.307,0.588,0.126,1
M01492,149.1,148.7,146.7,0.041,0.279,0.164,0
M01493,15.8,32.1,21.6,0.466,0.645,0.105,1
M01494,148.1,149.5,136.1,0.074,0.329,0.05,0
M01495,119.4,115.9,125.8,0.061,0.301,0.084,0
M01496,112.6,123.4,113.9,0.057,0.259,0.114,0
M01497,136.5,132.1,135.9,0.034,0.25,0.02,0
M01498,118.7,127.8,111.8,0.07,0.208,0.053,0
M01499,45.3,43.7,22.0,0.029,0.159,0.04,0
M01500,78.5,80.8,76.5,0.105,0.102,0.07,0
M01501,65.3,109.9,61.8,0.472,0.434,0.285,1
M01502,94.7,101.2,90.3,0.014,0.131,0.073,0
M01503,134.8,139.4,137.5,0.076,0.336,0.257,0
M01504,78.8,68.8,75.3,0.103,0.393,0.244,0
M01505,60.4,140.8,56.3,0.478,0.437,0.074,1
M01506,137.6,135.5,132.5,0.055,0.249,0.02,0
M01507,101.9,103.7,104.0,0.103,0.221,0.082,0
M01508,134.0,138.9,128.7,0.051,0.11,0.16,0
M01509,32.2,67.3,27.8,0.361,0.511,0.242,1
M01510,120.9,117.7,117.0,0.044,0.305,0.171,0
M01511,108.5,107.8,111.7,0.078,0.336,0.075,0
M01512,48.1,41.3,54.3,0.063,0.308,0.13,0
M01513,350.1,332.7,339.5,0.071,0.392,0.101,0
M01514,40.2,38.2,37.8,0.066,0.192,0.09,0
M01515,233.0,241.2,210.5,0.004,0.185,0.026,0
M01516,93.3,99.0,87.4,0.062,0.105,0.114,0
M01517,48.9,54.5,59.1,0.108,0.356,0.131,0
M01518,197.8,202.1,191.3,0.077,0.149,0.07,0
M01519,145.2,148.4,154.2,0.091,0.186,0.046,0
M01520,73.9,77.5,76.9,0.088,0.156,0.052,0
M01521,65.0,67.3,66.2,0.09,0.25,0.088,0
M01522,121.3,109.3,129.4,0.01,0.347,0.188,0
M01523,104.2,114.8,87.7,0.017,0.134,0.105,0
M01524,187.1,182.9,190.6,0.078,0.329,0.142,0
M01525,108.7,116.1,100.0,0.009,0.123,0.138,0
M01526,123.3,125.2,138.2,0.091,0.246,0.119,0
M01527,122.6,133.8,119.4,0.095,0.143,0.067,0
M01528,213.6,217.2,209.4,0.102,0.35,0.072,0
M01529,110.3,107.3,103.6,0.017,0.196,0.131,0
M01530,138.9,144.8,139.6,0.103,0.327,0.053,0
M01531,64.2,67.7,63.0,0.06,0.3,0.149,0
M01532,112.3,107.6,113.2,0.05,0.284,0.102,0
M01533,134.6,145.8,132.5,0.009,0.388,0.052,0
M01534,134.7,132.9,131.6,0.014,0.12,0.082,0
M01535,106.2,100.1,92.8,0.071,0.336,0.06,0
M01536,146.8,138.2,137.6,0.117,0.317,0.056,0
M01537,41.5,61.9,35.5,0.341,0.523,0.253,1
M01538,82.7,71.6,88.2,0.081,0.132,0.073,0
M01539,97.9,97.0,101.4,0.064,0.26,0.103,0
M01540,173.2,177.0,180.5,0.086,0.113,0.123,0
M01541,93.1,96.3,103.7,0.033,0.327,0.179,0
M01542,38.3,83.7,38.4,0.168,0.643,0.112,1
M01543,60.7,61.3,67.2,0.055,0.199,0.034,0
M01544,114.6,112.6,110.2,0.024,0.258,0.093,0
M01545,178.6,177.5,183.4,0.084,0.367,0.058,0
M01546,36.0,72.2,35.9,0.278,0.542,0.15,1
M01547,87.5,101.1,88.8,0.086,0.363,0.068,0
M01548,119.5,130.3,107.8,0.088,0.289,0.038,0
M01549,116.1,121.1,103.1,0.1,0.304,0.12,0
M01550,137.9,139.3,139.0,0.015,0.384,0.02,0
M01551,100.8,96.8,105.0,0.024,0.234,0.094,0
M01552,221.3,217.6,224.5,0.0,0.105,0.093,0
M01553,83.3,106.0,71.4,0.361,0.542,0.124,1
M01554,226.4,233.5,228.4,0.102,0.334,0.039,0
M01555,220.8,219.7,209.8,0.033,0.215,0.159,0
M01556,73.7,65.2,55.7,0.007,0.162,0.037,0
M01557,163.6,164.9,172.9,0.11,0.217,0.137,0
M01558,77.9,71.3,66.5,0.059,0.388,0.067,0
M01559,144.9,146.0,138.6,0.077,0.264,0.053,0
M01560,30.8,49.9,27.9,0.508,0.423,0.081,1
M01561,94.2,92.6,103.3,0.083,0.295,0.09,0
M01562,131.0,136.0,122.4,0.068,0.163,0.123,0
M01563,98.4,99.4,99.9,0.079,0.122,0.089,0
M01564,164.0,164.5,167.3,0.081,0.371,0.113,0
M01565,158.2,159.7,156.8,0.053,0.394,0.101,0
M01566,206.8,217.6,199.6,0.09,0.246,0.249,0
M01567,122.3,121.3,128.7,0.116,0.257,0.089,0
M01568,70.1,59.9,66.3,0.101,0.346,0.055,0
M01569,153.7,165.8,164.1,0.044,0.264,0.043,0
M01570,97.5,95.6,107.2,0.063,0.294,0.199,0
M01571,237.9,231.7,254.1,0.047,0.157,0.104,0
M01572,75.5,75.7,70.5,0.045,0.213,0.22,0
M01573,111.7,114.2,112.7,0.071,0.167,0.073,0
M01574,197.7,192.2,191.2,0.085,0.169,0.208,0
M01575,307.2,306.0,306.2,0.088,0.33,0.045,0
M01576,89.7,90.1,91.6,0.094,0.238,0.039,0
M01577,156.8,161.9,157.7,0.103,0.204,0.062,0
M01578,218.4,212.1,217.1,0.107,0.27,0.088,0
M01579,75.0,80.8,69.1,0.03,0.207,0.095,0
M01580,149.7,147.7,161.7,0.071,0.292,0.058,0
M01581,74.7,80.1,81.9,0.071,0.305,0.106,0
M01582,72.5,81.8,81.5,0.1,0.282,0.079,0
M01583,86.5,90.4,91.1,0.119,0.34,0.082,0
M01584,29.5,50.0,39.3,0.468,0.671,0.027,1
M01585,79.5,70.9,78.8,0.056,0.386,0.024,0
M01586,31.0,32.8,26.1,0.063,0.137,0.02,0
M01587,121.7,115.8,110.7,0.061,0.182,0.137,0
M01588,114.1,125.6,117.0,0.101,0.161,0.097,0
M01589,121.8,134.5,119.3,0.089,0.178,0.139,0
M01590,175.2,177.7,177.1,0.023,0.208,0.08,0
M01591,185.9,192.6,185.7,0.064,0.271,0.147,0
M01592,150.5,166.1,145.2,0.069,0.372,0.1,0
M01593,183.2,181.1,202.5,0.103,0.327,0.151,0
M01594,29.8,38.7,19.9,0.038,0.161,0.066,0
M01595,68.8,80.2,68.0,0.034,0.31,0.131,0
M01596,172.6,169.7,169.2,0.028,0.375,0.112,0
M01597,243.7,251.4,254.0,0.065,0.185,0.02,0
M01598,33.3,36.2,34.9,0.075,0.203,0.092,0
M01599,54.2,100.4,45.5,0.479,0.491,0.35,1
M01600,114.7,109.6,118.2,0.008,0.108,0.081,0
M01601,151.7,147.2,148.0,0.038,0.178,0.056,0
M01602,124.4,121.3,115.9,0.08,0.294,0.05,0
M01603,48.9,47.8,47.5,0.119,0.201,0.038,0
M01604,152.3,152.2,141.4,0.073,0.255,0.099,0
M01605,137.6,132.6,134.1,0.033,0.258,0.034,0
M01606,124.5,120.0,138.4,0.043,0.367,0.035,0
M01607,110.4,119.9,103.6,0.11,0.128,0.038,0
M01608,77.4,84.4,81.1,0.004,0.281,0.123,0
M01609,34.5,35.0,28.6,0.055,0.222,0.135,0
M01610,33.2,78.6,29.4,0.446,0.654,0.206,1
M01611,88.4,83.2,94.9,0.077,0.283,0.149,0
M01612,156.5,152.8,161.9,0.068,0.181,0.14,0
M01613,46.7,48.4,43.9,0.014,0.223,0.172,0
M01614,129.7,127.0,118.5,0.03,0.324,0.107,0
M01615,161.4,158.8,144.2,0.109,0.188,0.172,0
M01616,123.3,134.0,121.2,0.095,0.122,0.064,0
M01617,121.7,124.3,120.2,0.037,0.354,0.15,0
M01618,126.9,129.9,123.5,0.074,0.34,0.048,0
M01619,214.6,217.8,205.0,0.072,0.255,0.065,0
M01620,129.6,135.5,126.3,0.098,0.362,0.031,0
M01621,110.1,111.3,106.3,0.032,0.115,0.023,0
M01622,61.4,71.2,56.8,0.049,0.346,0.199,0
M01623,224.9,228.4,219.5,0.044,0.272,0.035,0
M01624,82.2,156.7,83.7,0.2,0.699,0.047,1
M01625,69.3,69.1,68.4,0.093,0.272,0.02,0
M01626,107.7,195.3,119.4,0.471,0.67,0.076,1
M01627,58.8,68.7,62.3,0.005,0.398,0.125,0
M01628,167.0,169.5,180.1,0.118,0.305,0.06,0
M01629,78.5,73.3,79.9,0.061,0.293,0.102,0
M01630,94.0,95.4,96.2,0.117,0.337,0.135,0
M01631,176.8,185.8,186.4,0.052,0.238,0.093,0
M01632,128.0,121.8,138.6,0.075,0.111,0.185,0
M01633,103.2,135.1,107.5,0.38,0.558,0.118,1
M01634,105.3,107.9,100.6,0.087,0.229,0.099,0
M01635,210.2,203.7,205.1,0.02,0.146,0.093,0
M01636,77.7,89.5,67.5,0.041,0.359,0.141,0
M01637,80.7,81.6,81.9,0.025,0.191,0.055,0
M01638,146.5,156.9,147.3,0.087,0.358,0.144,0
M01639,29.9,22.8,21.2,0.052,0.105,0.147,0
M01640,148.3,147.6,159.5,0.003,0.288,0.186,0
M01641,222.7,230.0,242.5,0.086,0.127,0.049,0
M01642,30.0,22.6,32.0,0.102,0.179,0.09,0
M01643,137.5,144.4,131.0,0.068,0.361,0.021,0
M01644,134.7,134.9,135.8,0.062,0.371,0.093,0
M01645,112.0,122.0,105.0,0.103,0.129,0.089,0
M01646,152.2,162.6,152.8,0.063,0.148,0.059,0
M01647,120.4,113.4,132.3,0.072,0.254,0.117,0
M01648,34.7,39.5,38.7,0.095,0.309,0.104,0
M01649,55.5,130.0,50.8,0.247,0.474,0.097,1
M01650,91.6,94.4,95.5,0.094,0.372,0.044,0
M01651,92.2,91.2,85.8,0.12,0.3,0.057,0
M01652,72.7,80.1,67.7,0.114,0.115,0.063,0
M01653,78.6,84.1,79.0,0.114,0.263,0.02,0
M01654,115.9,123.4,110.1,0.119,0.2,0.067,0
M01655,209.6,209.5,211.6,0.084,0.358,0.06,0
M01656,29.7,37.9,28.9,0.085,0.131,0.057,0
M01657,80.0,85.3,65.1,0.024,0.248,0.153,0
M01658,79.6,83.5,75.2,0.004,0.367,0.075,0
M01659,195.0,194.3,192.7,0.105,0.241,0.027,0
M01660,221.4,229.2,220.1,0.08,0.147,0.133,0
M01661,47.5,47.0,50.5,0.007,0.232,0.176,0
M01662,101.8,98.8,104.4,0.001,0.14,0.066,0
M01663,64.4,66.2,58.4,0.101,0.373,0.082,0
M01664,26.5,47.9,37.4,0.373,0.617,0.138,1
M01665,49.4,89.7,46.8,0.154,0.635,0.131,1
M01666,126.0,277.1,128.6,0.339,0.682,0.071,1
M01667,219.8,220.5,211.6,0.064,0.201,0.063,0
M01668,50.2,48.5,40.9,0.064,0.21,0.098,0
M01669,98.3,99.4,100.2,0.089,0.202,0.069,0
M01670,166.1,164.4,168.9,0.114,0.185,0.053,0
M01671,150.1,145.8,148.1,0.094,0.193,0.067,0
M01672,103.0,91.8,102.0,0.082,0.307,0.274,0
M01673,77.0,80.8,83.0,0.112,0.213,0.02,0
M01674,136.6,134.4,131.3,0.07,0.387,0.107,0
M01675,111.9,106.5,97.2,0.105,0.334,0.098,0
M01676,88.5,92.4,98.8,0.077,0.307,0.029,0
M01677,147.7,148.8,135.9,0.1,0.22,0.024,0
M01678,253.8,256.0,254.6,0.038,0.327,0.03,0
M01679,171.9,176.0,178.1,0.099,0.317,0.201,0
M01680,160.4,167.7,158.5,0.08,0.24,0.064,0
M01681,184.9,184.9,186.2,0.084,0.201,0.172,0
M01682,65.6,80.8,47.8,0.031,0.174,0.091,0
M01683,201.0,213.1,194.6,0.046,0.132,0.083,0
M01684,136.5,147.4,132.3,0.02,0.364,0.089,0
M01685,39.1,41.1,45.0,0.061,0.202,0.163,0
M01686,113.9,104.4,118.4,0.003,0.287,0.02,0
M01687,77.2,87.1,77.9,0.086,0.255,0.112,0
M01688,174.8,281.8,170.8,0.185,0.442,0.183,1
M01689,36.8,40.1,33.3,0.068,0.304,0.047,0
M01690,64.2,105.7,54.8,0.311,0.632,0.109,1
M01691,112.4,115.5,92.5,0.054,0.347,0.134,0
M01692,96.5,93.8,94.5,0.049,0.319,0.049,0
M01693,157.7,166.0,150.2,0.06,0.279,0.02,0
M01694,193.1,184.2,205.9,0.105,0.116,0.191,0
M01695,98.7,191.9,98.4,0.237,0.379,0.207,1
M01696,88.5,92.3,90.6,0.023,0.111,0.075,0
M01697,61.6,140.1,47.2,0.379,0.366,0.057,1
M01698,208.9,210.1,217.0,0.024,0.1,0.137,0
M01699,114.3,118.7,112.2,0.071,0.129,0.186,0
M01700,149.4,162.6,162.9,0.108,0.277,0.148,0
M01701,167.1,166.5,179.0,0.061,0.193,0.072,0
M01702,80.0,89.7,70.4,0.033,0.28,0.022,0
M01703,143.9,137.8,137.0,0.026,0.275,0.095,0
M01704,138.5,153.2,124.1,0.017,0.279,0.109,0
M01705,277.9,284.5,274.6,0.12,0.253,0.084,0
M01706,224.9,215.5,221.2,0.115,0.132,0.059,0
M01707,31.9,76.1,26.1,0.506,0.483,0.02,1
M01708,118.1,116.0,116.2,0.098,0.317,0.065,0
M01709,218.4,198.2,224.6,0.082,0.245,0.082,0
M01710,88.7,84.1,97.0,0.105,0.175,0.316,0
M01711,35.8,56.1,35.3,0.498,0.367,0.07,1
M01712,198.4,200.0,196.0,0.022,0.204,0.165,0
M01713,62.6,132.1,71.0,0.385,0.679,0.152,1
M01714,175.2,186.7,185.4,0.062,0.237,0.022,0
M01715,97.4,97.5,99.5,0.034,0.362,0.064,0
M01716,231.3,231.2,226.8,0.095,0.265,0.051,0
M01717,177.2,172.6,168.2,0.018,0.235,0.055,0
M01718,73.2,65.0,53.4,0.049,0.261,0.043,0
M01719,64.2,71.0,66.0,0.059,0.308,0.153,0
M01720,166.1,164.3,168.7,0.076,0.385,0.089,0
M01721,60.9,63.0,81.3,0.011,0.196,0.127,0
M01722,40.6,51.1,33.0,0.045,0.273,0.166,0
M01723,125.3,121.0,126.5,0.007,0.107,0.085,0
M01724,70.8,75.5,73.7,0.021,0.112,0.126,0
M01725,122.9,126.0,141.5,0.017,0.116,0.02,0
M01726,177.1,183.7,178.9,0.029,0.138,0.023,0
M01727,153.2,167.1,149.7,0.08,0.351,0.111,0
M01728,208.1,201.0,207.2,0.003,0.337,0.059,0
M01729,163.3,176.2,150.6,0.086,0.243,0.15,0
M01730,160.1,169.7,165.9,0.105,0.374,0.105,0
M01731,43.6,94.1,45.2,0.17,0.657,0.063,1
M01732,117.8,116.9,107.0,0.013,0.384,0.15,0
M01733,107.7,103.4,100.1,0.061,0.217,0.126,0
M01734,112.9,205.0,110.5,0.238,0.39,0.125,1
M01735,206.0,216.1,211.2,0.007,0.249,0.114,0
M01736,103.1,107.7,108.0,0.022,0.212,0.095,0
M01737,177.2,171.2,154.8,0.11,0.226,0.095,0
M01738,114.1,122.8,106.3,0.089,0.114,0.106,0
M01739,90.3,85.5,108.7,0.078,0.203,0.061,0
M01740,216.8,221.0,223.4,0.056,0.167,0.061,0
M01741,111.2,117.4,113.0,0.049,0.371,0.097,0
M01742,67.1,98.1,65.3,0.348,0.382,0.03,1
M01743,124.8,130.8,135.2,0.063,0.296,0.255,0
M01744,71.0,76.5,70.7,0.019,0.296,0.086,0
M01745,164.8,177.0,156.3,0.115,0.398,0.115,0
M01746,46.5,45.2,35.3,0.052,0.289,0.035,0
M01747,51.2,60.4,54.9,0.108,0.13,0.072,0
M01748,255.4,273.1,247.6,0.02,0.245,0.109,0
M01749,128.3,143.3,132.8,0.018,0.273,0.154,0
M01750,87.4,105.8,103.1,0.01,0.349,0.095,0
M01751,136.0,130.3,127.1,0.101,0.139,0.227,0
M01752,164.7,173.5,171.0,0.04,0.35,0.115,0
M01753,15.0,29.9,24.5,0.5,0.604,0.063,1
M01754,79.0,78.6,75.6,0.113,0.39,0.05,0
M01755,72.3,95.4,80.0,0.016,0.154,0.02,0
M01756,133.4,139.2,149.3,0.016,0.329,0.069,0
M01757,184.0,190.9,198.4,0.108,0.315,0.02,0
M01758,249.8,254.0,241.1,0.004,0.188,0.17,0
M01759,76.6,83.8,76.5,0.082,0.323,0.027,0
M01760,141.1,153.5,140.5,0.088,0.116,0.092,0
M01761,131.2,126.8,126.4,0.024,0.185,0.105,0
M01762,133.9,138.4,136.7,0.052,0.132,0.033,0
M01763,198.3,199.5,198.0,0.085,0.189,0.034,0
M01764,32.5,67.3,26.4,0.274,0.432,0.128,1
M01765,147.7,143.2,151.4,0.073,0.189,0.079,0
M01766,48.9,48.6,55.2,0.048,0.243,0.042,0
M01767,254.5,259.4,258.4,0.035,0.34,0.205,0
M01768,257.4,257.5,250.4,0.033,0.108,0.111,0
M01769,95.7,102.8,92.2,0.046,0.307,0.08,0
M01770,139.7,149.6,150.2,0.112,0.22,0.117,0
M01771,102.5,141.8,108.1,0.201,0.691,0.175,1
M01772,94.4,90.3,101.4,0.075,0.228,0.108,0
M01773,106.0,113.9,98.1,0.063,0.251,0.277,0
M01774,20.9,49.8,25.1,0.295,0.628,0.129,1
M01775,56.7,60.6,53.5,0.035,0.269,0.02,0
M01776,79.9,82.6,88.8,0.061,0.249,0.086,0
M01777,108.1,103.3,111.2,0.051,0.174,0.106,0
M01778,50.6,117.0,48.1,0.274,0.476,0.064,1
M01779,107.7,98.8,113.1,0.059,0.278,0.092,0
M01780,113.5,119.5,113.4,0.076,0.3,0.148,0
M01781,69.8,66.2,71.2,0.059,0.39,0.149,0
M01782,172.0,181.8,180.2,0.1,0.138,0.063,0
M01783,192.1,194.4,196.4,0.105,0.214,0.203,0
M01784,65.9,62.1,55.9,0.061,0.203,0.071,0
M01785,131.6,135.1,133.4,0.101,0.297,0.057,0
M01786,292.7,278.6,293.8,0.059,0.143,0.081,0
M01787,44.8,104.5,37.8,0.356,0.609,0.207,1
M01788,217.6,233.4,218.9,0.066,0.217,0.059,0
M01789,189.9,181.7,181.3,0.116,0.342,0.131,0
M01790,78.1,83.1,80.1,0.045,0.155,0.066,0
M01791,146.7,146.7,154.9,0.065,0.289,0.067,0
M01792,152.6,156.6,148.7,0.034,0.343,0.298,0
M01793,118.7,127.8,121.1,0.073,0.257,0.099,0
M01794,214.1,213.6,217.7,0.029,0.161,0.17,0
M01795,91.8,91.3,83.4,0.07,0.257,0.16,0
M01796,132.6,141.4,134.9,0.068,0.16,0.071,0
M01797,205.1,202.8,199.4,0.087,0.122,0.118,0
M01798,157.6,160.7,165.1,0.053,0.302,0.02,0
M01799,252.6,257.1,262.4,0.032,0.224,0.053,0
M01800,143.2,136.1,137.4,0.051,0.18,0.083,0
M01801,80.6,76.7,81.1,0.062,0.331,0.209,0
M01802,92.9,178.4,105.3,0.524,0.458,0.071,1
M01803,56.4,66.0,67.6,0.0,0.393,0.065,0
M01804,238.2,242.3,227.5,0.015,0.387,0.09,0
M01805,100.4,138.6,98.2,0.445,0.57,0.08,1
M01806,153.6,158.5,147.6,0.084,0.185,0.026,0
M01807,59.1,53.5,69.2,0.074,0.351,0.118,0
M01808,66.9,57.3,62.7,0.109,0.344,0.088,0
M01809,45.5,47.7,33.2,0.115,0.168,0.089,0
M01810,89.9,101.8,80.4,0.066,0.14,0.122,0
M01811,129.5,123.1,120.7,0.044,0.309,0.14,0
M01812,224.6,226.7,220.4,0.04,0.337,0.025,0
M01813,98.7,97.5,98.5,0.063,0.255,0.025,0
M01814,120.0,120.7,138.5,0.059,0.164,0.02,0
M01815,159.8,163.8,167.3,0.044,0.121,0.152,0
M01816,100.1,104.9,94.7,0.101,0.397,0.075,0
M01817,261.7,278.0,267.9,0.075,0.117,0.053,0
M01818,61.3,126.8,53.8,0.46,0.543,0.112,1
M01819,35.0,30.1,53.6,0.017,0.368,0.18,0
M01820,203.5,208.1,220.3,0.099,0.116,0.129,0
M01821,166.9,173.2,162.6,0.11,0.108,0.196,0
M01822,96.7,86.4,100.6,0.05,0.157,0.096,0
M01823,149.5,151.3,130.6,0.032,0.164,0.142,0
M01824,89.2,81.8,81.7,0.111,0.16,0.094,0
M01825,115.5,121.6,123.6,0.058,0.312,0.069,0
M01826,214.5,210.1,212.9,0.117,0.128,0.026,0
M01827,94.4,85.1,84.2,0.048,0.229,0.094,0
M01828,167.6,176.6,147.9,0.024,0.356,0.151,0
M01829,56.8,49.9,57.5,0.076,0.387,0.026,0
M01830,103.1,103.7,112.8,0.079,0.34,0.095,0
M01831,157.0,157.2,153.0,0.023,0.239,0.102,0
M01832,128.0,122.9,118.0,0.038,0.287,0.02,0
M01833,97.7,100.8,103.7,0.055,0.379,0.094,0
M01834,63.5,55.3,73.4,0.083,0.119,0.1,0
M01835,84.1,83.3,78.9,0.104,0.306,0.094,0
M01836,75.2,73.7,74.1,0.041,0.254,0.062,0
M01837,155.5,156.9,165.1,0.025,0.161,0.034,0
M01838,75.7,159.2,76.4,0.493,0.354,0.225,1
M01839,159.9,166.6,168.6,0.093,0.139,0.036,0
M01840,99.0,95.2,97.5,0.095,0.332,0.027,0
M01841,122.9,120.9,126.0,0.051,0.376,0.075,0
M01842,71.1,89.5,78.9,0.189,0.595,0.187,1
M01843,119.3,116.4,116.5,0.077,0.135,0.049,0
M01844,148.8,152.7,151.9,0.074,0.166,0.32,0
M01845,39.9,34.6,43.3,0.084,0.338,0.08,0
M01846,145.3,142.8,139.9,0.053,0.262,0.085,0
M01847,115.4,120.9,116.3,0.064,0.278,0.071,0
M01848,75.2,79.5,77.0,0.067,0.309,0.249,0
M01849,147.4,147.4,151.6,0.005,0.154,0.023,0
M01850,59.9,128.5,54.2,0.2,0.5,0.132,1
M01851,53.3,52.5,42.5,0.054,0.204,0.037,0
M01852,58.1,60.3,44.4,0.06,0.112,0.144,0
M01853,34.6,22.9,29.2,0.031,0.357,0.059,0
M01854,53.9,103.7,35.4,0.404,0.511,0.146,1
M01855,31.5,57.4,28.5,0.196,0.638,0.082,1
M01856,68.3,118.7,64.0,0.526,0.375,0.07,1
M01857,90.0,94.8,103.6,0.024,0.335,0.02,0
M01858,47.4,73.7,38.8,0.157,0.379,0.218,1
M01859,63.2,61.3,78.7,0.041,0.276,0.057,0
M01860,41.8,34.8,44.2,0.028,0.385,0.099,0
M01861,141.3,136.8,145.4,0.077,0.196,0.183,0
M01862,167.6,410.6,169.3,0.2,0.548,0.062,1
M01863,147.9,163.4,142.2,0.086,0.346,0.039,0
M01864,137.1,130.8,129.8,0.085,0.212,0.098,0
M01865,71.6,72.4,82.8,0.018,0.359,0.079,0
M01866,67.5,67.2,62.8,0.104,0.168,0.081,0
M01867,127.6,140.4,104.3,0.111,0.143,0.046,0
M01868,26.0,47.1,10.0,0.336,0.43,0.089,1
M01869,203.9,212.5,198.1,0.006,0.129,0.132,0
M01870,115.0,113.6,119.7,0.119,0.375,0.144,0
M01871,43.6,51.6,47.5,0.045,0.352,0.02,0
M01872,143.5,146.6,150.9,0.055,0.213,0.164,0
M01873,130.0,139.3,130.1,0.059,0.172,0.02,0
M01874,136.1,147.6,132.9,0.077,0.121,0.082,0
M01875,107.1,124.2,95.9,0.013,0.253,0.285,0
M01876,116.6,112.3,119.6,0.102,0.227,0.047,0
M01877,69.7,150.9,73.1,0.176,0.544,0.098,1
M01878,56.6,65.5,58.9,0.072,0.394,0.2,0
M01879,132.5,130.1,128.0,0.107,0.297,0.141,0
M01880,90.5,90.7,97.0,0.108,0.186,0.136,0
M01881,155.9,230.6,146.9,0.391,0.673,0.035,1
M01882,159.4,162.6,139.5,0.0,0.393,0.045,0
M01883,151.2,152.2,148.3,0.101,0.208,0.165,0
M01884,107.1,112.4,108.0,0.008,0.263,0.041,0
M01885,185.7,178.3,193.2,0.042,0.335,0.02,0
M01886,71.3,104.7,75.0,0.455,0.514,0.252,1
M01887,54.4,99.4,64.8,0.408,0.565,0.091,1
M01888,162.7,161.1,171.2,0.026,0.205,0.029,0
M01889,47.3,83.2,57.2,0.427,0.683,0.118,1
M01890,202.3,194.6,199.7,0.115,0.213,0.031,0
M01891,58.5,63.5,56.3,0.041,0.2,0.09,0
M01892,62.1,66.2,67.4,0.105,0.161,0.132,0
M01893,67.3,105.8,44.9,0.352,0.553,0.105,1
M01894,98.3,99.8,95.8,0.017,0.121,0.147,0
M01895,134.7,139.0,121.2,0.004,0.271,0.284,0
M01896,107.1,128.3,106.7,0.019,0.166,0.128,0
M01897,71.1,67.9,76.3,0.093,0.116,0.158,0
M01898,141.5,146.9,145.0,0.078,0.284,0.039,0
M01899,79.8,75.2,75.5,0.005,0.157,0.099,0
M01900,85.3,82.0,75.6,0.061,0.239,0.147,0
M01901,258.6,268.4,265.0,0.081,0.38,0.133,0
M01902,87.5,85.9,90.4,0.06,0.197,0.223,0
M01903,90.9,91.4,93.4,0.017,0.102,0.225,0
M01904,163.0,173.6,152.3,0.022,0.142,0.212,0
M01905,184.7,192.1,173.0,0.039,0.185,0.061,0
M01906,145.8,144.3,143.8,0.001,0.214,0.025,0
M01907,60.1,64.0,58.5,0.046,0.4,0.041,0
M01908,51.5,47.3,43.7,0.005,0.143,0.117,0
M01909,129.0,139.9,137.2,0.118,0.357,0.137,0
M01910,112.2,114.4,114.0,0.095,0.166,0.099,0
M01911,112.4,103.3,112.3,0.113,0.31,0.075,0
M01912,50.8,99.4,54.7,0.342,0.528,0.108,1
M01913,314.4,319.2,320.7,0.019,0.288,0.068,0
M01914,183.8,181.8,183.9,0.022,0.388,0.11,0
M01915,115.0,109.3,125.2,0.053,0.31,0.06,0
M01916,40.3,80.2,40.2,0.169,0.486,0.247,1
M01917,98.6,146.7,99.9,0.184,0.652,0.09,1
M01918,90.0,86.1,79.7,0.002,0.383,0.079,0
M01919,107.4,117.4,102.9,0.075,0.175,0.043,0
M01920,120.6,124.7,132.7,0.031,0.249,0.114,0
M01921,67.3,65.3,70.7,0.034,0.253,0.156,0
M01922,20.2,43.4,21.9,0.398,0.379,0.146,1
M01923,74.5,73.8,81.1,0.006,0.303,0.108,0
M01924,30.8,45.9,25.4,0.233,0.502,0.073,1
M01925,131.5,129.9,135.4,0.017,0.182,0.037,0
M01926,68.8,62.4,62.9,0.077,0.171,0.124,0
M01927,99.2,108.7,73.7,0.08,0.394,0.17,0
M01928,72.6,100.6,74.3,0.16,0.697,0.096,1
M01929,109.8,106.3,105.2,0.057,0.266,0.26,0
M01930,84.1,78.5,89.1,0.078,0.167,0.051,0
M01931,57.3,84.1,51.3,0.423,0.641,0.113,1
M01932,60.9,72.7,53.5,0.095,0.378,0.062,0
M01933,81.0,84.2,79.3,0.034,0.2,0.136,0
M01934,162.3,165.8,170.6,0.038,0.238,0.07,0
M01935,71.9,75.4,64.6,0.058,0.214,0.118,0
M01936,130.7,132.4,119.6,0.104,0.205,0.048,0
M01937,117.4,112.6,129.6,0.033,0.182,0.032,0
M01938,57.8,62.6,51.3,0.03,0.224,0.02,0
M01939,119.1,125.6,129.2,0.055,0.293,0.059,0
M01940,98.3,103.1,108.1,0.098,0.129,0.147,0
M01941,52.4,52.7,41.6,0.04,0.275,0.02,0
M01942,84.9,215.8,93.9,0.31,0.377,0.093,1
M01943,89.1,83.8,78.9,0.046,0.153,0.023,0
M01944,72.4,69.9,85.9,0.098,0.133,0.091,0
M01945,89.7,106.2,96.8,0.097,0.306,0.066,0
M01946,185.7,179.0,179.9,0.077,0.161,0.023,0
M01947,111.7,119.1,112.0,0.039,0.209,0.02,0
M01948,83.2,91.2,87.2,0.091,0.168,0.144,0
M01949,72.6,72.5,71.4,0.053,0.164,0.023,0
M01950,128.1,140.4,132.1,0.07,0.111,0.069,0
M01951,72.5,80.3,58.9,0.108,0.109,0.031,0
M01952,220.9,237.3,232.7,0.098,0.237,0.03,0
M01953,167.2,156.5,165.5,0.001,0.287,0.039,0
M01954,117.8,127.9,121.8,0.037,0.25,0.02,0
M01955,80.5,86.2,88.4,0.043,0.295,0.056,0
M01956,197.0,204.1,189.0,0.111,0.309,0.054,0
M01957,76.7,125.7,84.3,0.401,0.494,0.064,1
M01958,45.6,69.0,48.6,0.511,0.665,0.043,1
M01959,182.7,185.1,180.5,0.057,0.281,0.021,0
M01960,185.5,191.2,194.5,0.039,0.236,0.057,0
M01961,64.3,73.4,76.2,0.039,0.298,0.072,0
M01962,152.4,158.0,147.2,0.111,0.241,0.07,0
M01963,140.0,143.1,138.1,0.033,0.218,0.062,0
M01964,150.2,159.3,140.3,0.005,0.306,0.121,0
M01965,77.1,81.7,76.2,0.026,0.377,0.245,0
M01966,70.0,59.4,50.7,0.073,0.29,0.176,0
M01967,68.6,95.8,69.3,0.276,0.461,0.207,1
M01968,111.8,120.7,111.1,0.075,0.223,0.02,0
M01969,89.0,81.9,96.5,0.088,0.171,0.021,0
M01970,103.4,105.1,107.2,0.048,0.275,0.023,0
M01971,156.6,148.9,156.0,0.061,0.208,0.095,0
M01972,161.6,159.8,165.1,0.033,0.325,0.184,0
M01973,141.0,140.4,135.1,0.073,0.311,0.03,0
M01974,189.2,186.6,201.9,0.046,0.182,0.148,0
M01975,93.9,99.6,90.7,0.058,0.352,0.058,0
M01976,49.0,98.5,63.4,0.265,0.357,0.25,1
M01977,122.9,131.1,109.9,0.074,0.396,0.067,0
M01978,64.9,72.9,71.5,0.085,0.179,0.099,0
M01979,166.0,170.5,170.6,0.088,0.205,0.025,0
M01980,41.6,48.4,42.8,0.029,0.106,0.067,0
M01981,163.5,173.5,153.4,0.068,0.362,0.05,0
M01982,65.8,64.6,81.5,0.059,0.186,0.132,0
M01983,117.8,124.0,107.1,0.103,0.186,0.143,0
M01984,197.7,197.4,192.3,0.011,0.172,0.147,0
M01985,167.7,166.3,160.2,0.089,0.328,0.126,0
M01986,214.8,214.3,215.4,0.016,0.212,0.088,0
M01987,97.7,95.3,94.2,0.071,0.27,0.083,0
M01988,89.3,89.5,84.9,0.093,0.283,0.02,0
M01989,131.9,143.4,118.3,0.04,0.318,0.068,0
M01990,68.6,59.2,54.8,0.01,0.28,0.108,0
M01991,148.0,195.2,144.6,0.54,0.397,0.038,1
M01992,48.2,86.6,52.3,0.422,0.467,0.164,1
M01993,109.5,114.0,106.8,0.012,0.232,0.165,0
M01994,52.0,50.6,37.6,0.042,0.321,0.112,0
M01995,58.5,66.0,57.4,0.017,0.143,0.074,0
M01996,217.4,219.3,229.3,0.006,0.182,0.148,0
M01997,136.3,138.6,141.3,0.067,0.201,0.049,0
M01998,94.6,100.1,100.4,0.048,0.347,0.105,0
M01999,153.0,145.7,148.8,0.115,0.339,0.067,0
M02000,164.8,171.3,152.7,0.046,0.158,0.048,0
M02001,56.5,59.5,52.6,0.026,0.328,0.104,0
M02002,77.9,72.3,73.2,0.001,0.31,0.02,0
M02003,91.6,85.6,105.4,0.059,0.339,0.106,0
M02004,56.6,94.3,48.6,0.232,0.364,0.125,1
M02005,52.5,54.2,58.9,0.059,0.328,0.11,0
M02006,92.4,98.5,98.5,0.043,0.338,0.02,0
M02007,128.2,125.4,123.9,0.099,0.262,0.158,0
M02008,112.5,222.7,109.0,0.218,0.523,0.026,1
M02009,79.6,88.2,69.0,0.011,0.317,0.1,0
M02010,39.7,38.7,44.1,0.047,0.291,0.117,0
M02011,70.0,56.3,61.8,0.015,0.278,0.179,0
M02012,86.0,199.2,81.0,0.415,0.496,0.14,1
M02013,132.3,145.1,132.7,0.022,0.365,0.045,0
M02014,90.2,82.0,82.6,0.034,0.21,0.091,0
M02015,236.4,233.0,243.8,0.033,0.223,0.06,0
M02016,101.0,98.0,98.8,0.047,0.301,0.074,0
M02017,162.5,164.5,169.6,0.105,0.366,0.081,0
M02018,119.0,117.3,126.5,0.081,0.399,0.028,0
M02019,185.1,192.3,184.8,0.115,0.274,0.097,0
M02020,84.4,98.8,78.5,0.077,0.279,0.13,0
M02021,206.0,208.0,201.6,0.117,0.383,0.172,0
M02022,58.5,60.6,57.4,0.05,0.105,0.12,0
M02023,198.2,205.1,197.5,0.013,0.188,0.342,0
M02024,145.6,150.8,152.0,0.054,0.138,0.056,0
M02025,114.7,122.2,108.3,0.101,0.184,0.02,0
M02026,90.6,83.5,88.9,0.009,0.219,0.139,0
M02027,88.7,83.9,91.5,0.057,0.227,0.095,0
M02028,186.2,183.2,177.5,0.054,0.249,0.166,0
M02029,131.0,134.5,137.9,0.11,0.344,0.04,0
M02030,193.6,199.7,191.5,0.051,0.346,0.043,0
M02031,209.2,213.3,209.6,0.01,0.174,0.168,0
M02032,69.9,71.0,70.6,0.115,0.206,0.037,0
M02033,116.1,116.1,119.2,0.06,0.332,0.03,0
M02034,62.0,69.7,65.0,0.052,0.399,0.02,0
M02035,29.6,30.5,24.3,0.112,0.388,0.061,0
M02036,125.9,132.3,124.6,0.035,0.19,0.211,0
M02037,175.0,176.4,181.9,0.117,0.365,0.062,0
M02038,50.8,51.9,45.3,0.051,0.284,0.039,0
M02039,98.2,98.5,93.3,0.104,0.278,0.164,0
M02040,172.5,170.5,182.9,0.085,0.35,0.144,0
M02041,63.3,63.8,63.6,0.09,0.379,0.085,0
M02042,174.5,170.8,183.4,0.085,0.139,0.059,0
M02043,102.5,107.8,111.2,0.037,0.271,0.276,0
M02044,55.2,87.7,56.1,0.518,0.7,0.137,1
M02045,75.5,136.9,73.9,0.471,0.616,0.084,1
M02046,79.9,80.0,61.4,0.047,0.143,0.032,0
M02047,121.9,115.3,121.4,0.021,0.361,0.123,0
M02048,151.4,152.5,144.7,0.052,0.397,0.096,0
M02049,72.0,86.7,69.3,0.006,0.359,0.237,0
M02050,99.2,100.4,95.3,0.007,0.282,0.059,0
M02051,114.7,116.7,119.9,0.059,0.142,0.153,0
M02052,156.7,162.7,157.0,0.081,0.158,0.022,0
M02053,85.1,84.8,79.4,0.104,0.338,0.029,0
M02054,90.4,97.5,93.9,0.026,0.155,0.039,0
M02055,168.1,177.6,189.4,0.073,0.175,0.073,0
M02056,111.4,103.0,114.4,0.001,0.379,0.036,0
M02057,165.1,157.5,161.3,0.113,0.383,0.079,0
M02058,156.9,160.7,168.7,0.079,0.118,0.043,0
M02059,152.3,151.7,131.5,0.028,0.334,0.094,0
M02060,162.5,175.3,153.0,0.0,0.365,0.12,0
M02061,56.9,56.1,56.0,0.062,0.306,0.085,0
M02062,59.9,65.2,52.5,0.047,0.121,0.131,0
M02063,108.6,106.3,108.6,0.03,0.115,0.087,0
M02064,59.0,85.6,62.8,0.409,0.354,0.059,1
M02065,103.4,103.7,115.3,0.045,0.227,0.115,0
M02066,48.8,80.3,52.8,0.171,0.466,0.109,1
M02067,103.4,107.1,104.0,0.072,0.136,0.091,0
M02068,83.3,94.6,72.1,0.088,0.244,0.081,0
M02069,116.8,188.6,103.2,0.468,0.448,0.042,1
M02070,75.6,71.5,76.3,0.098,0.345,0.073,0
M02071,61.2,66.1,63.5,0.058,0.163,0.35,0
M02072,74.4,84.1,79.9,0.069,0.228,0.122,0
M02073,60.9,58.3,71.5,0.085,0.276,0.08,0
M02074,92.2,97.7,90.0,0.089,0.167,0.057,0
M02075,165.4,159.2,168.8,0.009,0.233,0.12,0
M02076,230.3,219.8,230.6,0.05,0.371,0.089,0
M02077,129.4,207.9,127.2,0.481,0.617,0.101,1
M02078,115.3,115.5,130.6,0.107,0.141,0.108,0
M02079,51.1,108.3,48.1,0.359,0.487,0.06,1
M02080,134.8,139.5,142.9,0.066,0.114,0.095,0
M02081,183.9,185.9,180.9,0.113,0.24,0.088,0
M02082,46.5,44.3,50.9,0.018,0.39,0.077,0
M02083,19.5,48.4,28.5,0.478,0.49,0.087,1
M02084,258.2,262.6,274.2,0.024,0.199,0.232,0
M02085,174.8,170.7,182.2,0.091,0.353,0.058,0
M02086,179.1,178.7,187.7,0.024,0.189,0.121,0
M02087,197.2,187.0,189.4,0.107,0.235,0.02,0
M02088,39.9,36.6,21.7,0.03,0.312,0.255,0
M02089,201.1,205.5,206.0,0.112,0.395,0.07,0
M02090,142.0,143.8,141.1,0.033,0.339,0.136,0
M02091,112.0,116.9,100.2,0.11,0.177,0.116,0
M02092,115.8,116.9,104.2,0.099,0.129,0.072,0
M02093,137.0,140.7,128.0,0.011,0.211,0.165,0
M02094,283.3,283.6,300.0,0.103,0.243,0.1,0
M02095,215.8,201.4,209.4,0.1,0.273,0.109,0
M02096,130.3,129.7,122.5,0.036,0.204,0.13,0
M02097,167.0,161.6,180.1,0.054,0.302,0.055,0
M02098,170.8,163.7,171.7,0.11,0.104,0.345,0
M02099,203.7,197.9,194.8,0.053,0.306,0.132,0
M02100,156.0,153.9,154.2,0.014,0.17,0.048,0
M02101,136.2,148.8,127.7,0.083,0.233,0.171,0
M02102,169.7,167.1,159.4,0.062,0.306,0.197,0
M02103,139.2,143.6,151.4,0.003,0.224,0.02,0
M02104,47.7,115.6,57.7,0.323,0.531,0.142,1
M02105,140.1,139.1,139.2,0.113,0.299,0.138,0
M02106,112.3,122.1,107.7,0.03,0.231,0.111,0
M02107,103.2,99.9,104.8,0.055,0.102,0.073,0
M02108,195.9,191.4,188.7,0.012,0.12,0.059,0
M02109,220.4,218.4,214.9,0.086,0.287,0.022,0
M02110,119.4,168.0,129.3,0.258,0.608,0.06,1
M02111,69.8,78.6,76.1,0.053,0.263,0.02,0
M02112,49.8,53.1,49.6,0.09,0.266,0.066,0
M02113,107.5,99.8,105.7,0.073,0.239,0.04,0
M02114,115.0,116.6,110.8,0.118,0.15,0.064,0
M02115,167.0,168.2,171.6,0.091,0.377,0.118,0
M02116,115.9,116.6,121.7,0.008,0.177,0.217,0
M02117,99.1,105.0,84.4,0.021,0.392,0.108,0
M02118,247.5,250.3,241.8,0.066,0.152,0.02,0
M02119,72.8,70.7,79.0,0.019,0.216,0.069,0
M02120,105.9,99.7,104.7,0.064,0.395,0.049,0
M02121,82.1,76.6,88.4,0.002,0.164,0.107,0
M02122,140.8,142.2,138.2,0.089,0.159,0.092,0
M02123,110.7,113.5,118.5,0.041,0.386,0.037,0
M02124,107.0,105.3,112.2,0.009,0.317,0.114,0
M02125,64.8,63.0,59.9,0.033,0.13,0.253,0
M02126,87.0,94.1,89.3,0.093,0.333,0.129,0
M02127,109.7,108.1,106.0,0.074,0.293,0.066,0
M02128,90.8,130.1,99.4,0.379,0.462,0.02,1
M02129,154.0,152.9,165.1,0.077,0.332,0.053,0
M02130,66.0,56.3,85.3,0.058,0.333,0.124,0
M02131,135.8,142.4,119.7,0.028,0.261,0.09,0
M02132,144.7,134.1,139.5,0.082,0.359,0.114,0
M02133,98.2,95.6,103.8,0.064,0.243,0.141,0
M02134,34.8,32.2,28.3,0.024,0.364,0.162,0
M02135,172.0,169.4,161.8,0.097,0.139,0.119,0
M02136,56.7,48.9,63.8,0.114,0.304,0.04,0
M02137,127.4,133.0,128.0,0.074,0.285,0.053,0
M02138,173.5,163.5,173.3,0.033,0.345,0.066,0
M02139,40.7,77.1,42.3,0.222,0.548,0.257,1
M02140,52.4,47.7,47.8,0.022,0.117,0.027,0
M02141,92.8,93.9,70.1,0.047,0.133,0.022,0
M02142,74.4,79.8,76.5,0.032,0.347,0.112,0
M02143,60.3,123.0,67.5,0.179,0.369,0.069,1
M02144,117.3,114.3,116.2,0.027,0.302,0.084,0
M02145,207.1,215.5,210.8,0.038,0.297,0.267,0
M02146,99.7,105.6,108.0,0.007,0.195,0.021,0
M02147,139.8,137.3,137.3,0.012,0.172,0.034,0
M02148,142.7,145.9,157.1,0.024,0.154,0.26,0
M02149,178.0,184.6,171.3,0.106,0.377,0.042,0
M02150,233.6,244.5,236.1,0.102,0.288,0.06,0
M02151,99.5,105.7,97.5,0.032,0.228,0.046,0
M02152,110.8,114.9,123.1,0.07,0.388,0.104,0
M02153,50.5,55.5,47.7,0.108,0.342,0.31,0
M02154,53.9,143.3,72.1,0.46,0.503,0.121,1
M02155,112.5,98.4,108.1,0.023,0.149,0.119,0
M02156,36.1,75.0,38.1,0.161,0.544,0.075,1
M02157,181.8,193.8,181.0,0.113,0.139,0.05,0
M02158,163.9,164.1,171.5,0.03,0.355,0.19,0
M02159,91.1,91.9,92.5,0.113,0.281,0.126,0
M02160,203.3,200.2,201.5,0.047,0.281,0.056,0
M02161,62.5,102.9,49.9,0.537,0.69,0.176,1
M02162,138.8,142.0,145.0,0.094,0.118,0.102,0
M02163,151.0,155.2,154.7,0.112,0.186,0.092,0
M02164,53.5,58.3,57.0,0.109,0.219,0.149,0
M02165,112.0,115.2,115.5,0.035,0.24,0.047,0
M02166,235.2,233.2,228.7,0.092,0.281,0.237,0
M02167,96.0,85.6,101.6,0.067,0.391,0.06,0
M02168,52.3,68.6,52.6,0.054,0.243,0.156,0
M02169,95.8,206.8,97.5,0.17,0.591,0.095,1
M02170,200.1,201.7,207.1,0.076,0.264,0.09,0
M02171,138.1,136.7,140.3,0.097,0.127,0.07,0
M02172,100.4,98.6,101.5,0.07,0.148,0.028,0
M02173,106.7,112.5,100.9,0.117,0.287,0.095,0
M02174,56.7,57.3,65.6,0.07,0.372,0.039,0
M02175,62.6,60.7,52.6,0.054,0.148,0.101,0
M02176,52.9,52.0,55.2,0.028,0.34,0.055,0
M02177,52.1,76.4,42.1,0.22,0.563,0.102,1
M02178,155.7,149.9,168.5,0.037,0.376,0.201,0
M02179,66.0,113.6,58.6,0.415,0.667,0.171,1
M02180,131.9,124.8,126.9,0.025,0.276,0.245,0
M02181,37.9,91.7,50.3,0.361,0.674,0.083,1
M02182,123.8,124.8,137.2,0.052,0.285,0.067,0
M02183,172.4,178.6,170.6,0.045,0.269,0.072,0
M02184,122.6,129.1,130.7,0.072,0.308,0.02,0
M02185,185.3,178.2,190.7,0.1,0.225,0.041,0
M02186,90.7,95.1,93.9,0.098,0.131,0.074,0
M02187,90.3,85.3,104.9,0.065,0.205,0.082,0
M02188,34.3,46.3,38.2,0.112,0.208,0.053,0
M02189,81.2,81.6,63.8,0.063,0.219,0.263,0
M02190,147.5,151.6,142.4,0.105,0.211,0.186,0
M02191,71.8,76.1,68.9,0.067,0.213,0.105,0
M02192,164.8,159.8,160.0,0.052,0.168,0.076,0
M02193,81.6,78.9,80.5,0.078,0.143,0.12,0
M02194,35.5,84.9,38.1,0.3,0.434,0.09,1
M02195,75.6,164.5,74.2,0.447,0.382,0.144,1
M02196,261.9,256.6,262.7,0.067,0.214,0.076,0
M02197,193.1,207.0,182.8,0.037,0.114,0.184,0
M02198,207.2,206.0,200.4,0.105,0.22,0.067,0
M02199,122.8,122.2,131.1,0.038,0.338,0.064,0
M02200,64.8,55.6,72.0,0.065,0.354,0.081,0
M02201,80.3,77.1,68.4,0.046,0.399,0.046,0
M02202,69.5,101.0,82.9,0.357,0.497,0.083,1
M02203,53.9,47.3,49.0,0.009,0.255,0.023,0
M02204,103.2,102.6,107.0,0.007,0.201,0.046,0
M02205,44.2,91.2,37.0,0.297,0.482,0.053,1
M02206,101.1,107.7,99.1,0.039,0.239,0.02,0
M02207,60.5,47.7,57.2,0.113,0.181,0.05,0
M02208,136.8,127.6,133.6,0.101,0.324,0.083,0
M02209,115.2,114.9,115.8,0.069,0.214,0.178,0
M02210,88.1,83.5,84.3,0.093,0.268,0.06,0
M02211,88.6,84.5,81.1,0.08,0.314,0.231,0
M02212,134.6,143.6,139.5,0.047,0.185,0.142,0
M02213,95.6,104.5,94.5,0.045,0.337,0.02,0
M02214,61.9,59.7,70.3,0.084,0.209,0.152,0
M02215,59.5,67.3,73.9,0.11,0.227,0.088,0
M02216,188.3,199.9,179.8,0.062,0.174,0.049,0
M02217,165.6,166.9,163.7,0.048,0.261,0.091,0
M02218,183.8,182.3,167.9,0.055,0.194,0.052,0
M02219,96.7,89.9,90.2,0.068,0.322,0.032,0
M02220,211.4,207.0,222.0,0.116,0.348,0.02,0
M02221,83.1,86.4,86.2,0.118,0.128,0.044,0
M02222,120.9,112.1,118.8,0.035,0.308,0.072,0
M02223,138.8,145.8,147.8,0.056,0.288,0.08,0
M02224,178.2,189.6,175.9,0.042,0.35,0.174,0
M02225,130.5,124.6,124.9,0.067,0.304,0.151,0
M02226,203.6,211.8,206.4,0.11,0.317,0.143,0
M02227,215.9,227.6,209.0,0.043,0.296,0.139,0
M02228,147.3,154.1,142.0,0.076,0.265,0.041,0
M02229,99.3,101.2,102.1,0.079,0.233,0.043,0
M02230,178.5,171.9,169.4,0.019,0.349,0.136,0
M02231,111.8,106.3,115.9,0.023,0.399,0.097,0
M02232,218.4,216.0,226.3,0.097,0.282,0.078,0
M02233,136.0,197.7,132.8,0.187,0.69,0.289,1
M02234,122.5,117.8,119.6,0.12,0.198,0.124,0
M02235,181.6,171.2,195.0,0.112,0.127,0.229,0
M02236,168.2,169.1,164.6,0.001,0.127,0.071,0
M02237,100.9,112.5,95.7,0.015,0.282,0.116,0
M02238,70.7,62.0,83.5,0.09,0.224,0.148,0
M02239,120.2,107.9,118.4,0.089,0.275,0.038,0
M02240,55.4,75.3,57.4,0.368,0.434,0.072,1
M02241,126.8,133.3,136.7,0.104,0.4,0.02,0
M02242,108.2,149.7,96.4,0.295,0.431,0.171,1
M02243,95.7,98.7,89.7,0.095,0.18,0.099,0
M02244,129.9,131.2,135.4,0.089,0.342,0.092,0
M02245,214.2,206.7,210.0,0.097,0.173,0.035,0
M02246,51.3,123.2,51.0,0.332,0.646,0.099,1
M02247,94.0,101.0,103.6,0.118,0.374,0.094,0
M02248,52.5,55.2,53.9,0.059,0.392,0.02,0
M02249,65.2,69.2,66.8,0.098,0.352,0.127,0
M02250,125.6,139.4,126.8,0.018,0.298,0.02,0
M02251,88.1,90.6,96.3,0.089,0.326,0.02,0
M02252,173.6,165.9,177.3,0.049,0.288,0.104,0
M02253,121.9,119.0,118.4,0.101,0.204,0.133,0
M02254,107.5,106.9,104.5,0.037,0.267,0.104,0
M02255,119.1,116.7,128.8,0.02,0.297,0.203,0
M02256,271.6,289.1,271.7,0.035,0.327,0.08,0
M02257,82.2,91.3,78.7,0.07,0.113,0.06,0
M02258,148.8,151.5,159.7,0.013,0.114,0.061,0
M02259,138.4,140.2,152.9,0.028,0.278,0.158,0
M02260,130.4,218.6,125.5,0.252,0.641,0.214,1
M02261,60.9,68.5,56.3,0.087,0.312,0.102,0
M02262,58.4,83.6,53.3,0.39,0.639,0.049,1
M02263,117.1,109.2,117.4,0.107,0.342,0.221,0
M02264,98.8,94.8,97.4,0.043,0.271,0.171,0
M02265,170.0,164.1,180.0,0.09,0.196,0.073,0
M02266,83.0,181.4,91.4,0.471,0.611,0.041,1
M02267,136.3,140.0,130.6,0.021,0.269,0.02,0
M02268,136.3,137.0,127.0,0.104,0.131,0.086,0
M02269,140.8,145.2,141.1,0.063,0.137,0.168,0
M02270,92.5,96.5,95.1,0.021,0.32,0.21,0
M02271,110.2,109.2,114.9,0.062,0.292,0.078,0
M02272,80.4,77.9,76.2,0.051,0.184,0.025,0
M02273,94.5,105.8,90.2,0.105,0.185,0.037,0
M02274,110.1,103.5,104.1,0.001,0.129,0.108,0
M02275,75.8,75.3,87.5,0.117,0.222,0.053,0
M02276,39.0,45.8,44.0,0.086,0.202,0.116,0
M02277,43.2,83.1,40.8,0.263,0.526,0.068,1
M02278,168.4,162.9,167.6,0.098,0.131,0.202,0
M02279,153.8,162.1,162.8,0.013,0.328,0.144,0
M02280,105.2,102.2,119.4,0.08,0.362,0.105,0
M02281,44.7,48.6,45.2,0.063,0.323,0.047,0
M02282,106.8,118.6,112.9,0.012,0.239,0.102,0
M02283,92.7,98.6,97.7,0.019,0.299,0.226,0
M02284,159.8,158.4,153.7,0.096,0.198,0.031,0
M02285,196.0,204.7,193.2,0.103,0.378,0.223,0
M02286,73.0,161.4,65.2,0.384,0.572,0.115,1
M02287,35.5,62.7,41.3,0.24,0.603,0.167,1
M02288,65.5,66.9,62.4,0.099,0.156,0.155,0
M02289,114.1,119.9,107.5,0.11,0.378,0.05,0
M02290,60.8,55.6,66.9,0.075,0.261,0.179,0
M02291,164.1,171.0,159.8,0.022,0.252,0.152,0
M02292,63.8,70.6,66.1,0.119,0.174,0.055,0
M02293,70.0,70.8,63.0,0.12,0.151,0.027,0
M02294,248.4,250.6,261.2,0.008,0.342,0.036,0
M02295,28.7,76.3,29.6,0.242,0.565,0.046,1
M02296,52.8,59.1,54.9,0.08,0.169,0.171,0
M02297,98.9,102.8,103.2,0.012,0.101,0.102,0
M02298,61.1,65.9,66.0,0.009,0.279,0.02,0
M02299,87.4,85.5,93.4,0.059,0.112,0.071,0
M02300,67.7,81.2,73.5,0.12,0.256,0.025,0
M02301,170.6,158.8,175.1,0.077,0.222,0.099,0
M02302,152.1,162.7,164.6,0.061,0.241,0.089,0
M02303,68.9,61.3,72.5,0.065,0.212,0.031,0
M02304,280.5,277.1,284.8,0.006,0.305,0.071,0
M02305,73.8,126.8,82.7,0.495,0.457,0.209,1
M02306,131.7,126.7,131.4,0.085,0.319,0.169,0
M02307,50.7,58.2,52.0,0.088,0.322,0.086,0
M02308,160.7,167.5,160.8,0.081,0.107,0.067,0
M02309,118.9,120.2,112.7,0.043,0.103,0.025,0
M02310,39.9,40.7,43.2,0.074,0.246,0.125,0
M02311,62.0,66.3,65.6,0.09,0.162,0.222,0
M02312,103.6,93.8,93.1,0.044,0.106,0.081,0
M02313,150.1,150.9,152.6,0.011,0.111,0.252,0
M02314,167.7,171.4,163.7,0.059,0.171,0.069,0
M02315,173.3,174.1,180.2,0.024,0.213,0.064,0
M02316,184.4,187.9,188.7,0.011,0.395,0.179,0
M02317,114.1,114.2,114.8,0.018,0.24,0.155,0
M02318,66.5,70.5,67.2,0.047,0.111,0.252,0
M02319,129.6,125.9,130.9,0.101,0.217,0.108,0
M02320,43.6,38.7,43.0,0.082,0.292,0.069,0
M02321,65.1,121.1,62.3,0.344,0.356,0.067,1
M02322,112.4,119.9,108.4,0.056,0.262,0.04,0
M02323,106.7,117.6,98.1,0.116,0.298,0.197,0
M02324,188.7,196.5,175.5,0.021,0.295,0.213,0
M02325,46.8,33.9,43.0,0.044,0.292,0.05,0
M02326,92.9,88.2,69.9,0.01,0.111,0.078,0
M02327,78.3,80.7,81.7,0.042,0.101,0.067,0
M02328,155.9,160.0,146.0,0.008,0.124,0.043,0
M02329,169.6,162.3,175.1,0.052,0.301,0.131,0
M02330,138.8,134.2,133.9,0.037,0.156,0.191,0
M02331,100.2,107.9,89.9,0.111,0.214,0.02,0
M02332,115.5,114.0,113.8,0.099,0.18,0.042,0
M02333,129.2,123.7,133.8,0.026,0.257,0.064,0
M02334,130.0,120.3,113.9,0.055,0.276,0.101,0
M02335,131.2,150.0,129.5,0.098,0.186,0.075,0
M02336,96.0,95.6,103.3,0.01,0.117,0.124,0
M02337,132.2,129.8,116.6,0.037,0.387,0.073,0
M02338,71.9,78.6,78.5,0.098,0.312,0.02,0
M02339,67.6,67.8,62.3,0.06,0.378,0.052,0
M02340,231.2,236.2,239.2,0.107,0.388,0.124,0
M02341,83.4,73.6,72.9,0.081,0.277,0.077,0
M02342,121.9,122.9,115.3,0.075,0.165,0.086,0
M02343,70.7,71.3,83.0,0.097,0.377,0.02,0
M02344,41.0,73.3,28.4,0.477,0.611,0.045,1
M02345,112.7,114.3,97.3,0.044,0.112,0.024,0
M02346,91.1,94.8,109.8,0.085,0.345,0.218,0
M02347,72.7,132.1,68.1,0.154,0.63,0.206,1
M02348,98.5,104.4,98.3,0.034,0.388,0.148,0
M02349,230.4,226.4,236.1,0.117,0.335,0.154,0
M02350,64.5,121.8,69.4,0.176,0.377,0.074,1
M02351,137.3,138.2,122.7,0.061,0.129,0.076,0
M02352,114.1,118.5,111.9,0.034,0.339,0.066,0
M02353,57.5,62.1,57.7,0.077,0.367,0.092,0
M02354,182.3,182.6,180.3,0.017,0.38,0.277,0
M02355,211.5,217.4,218.0,0.048,0.182,0.166,0
M02356,175.9,183.0,170.5,0.064,0.397,0.034,0
M02357,59.9,52.6,62.8,0.09,0.385,0.304,0
M02358,87.6,81.5,104.7,0.024,0.234,0.02,0
M02359,174.7,169.9,181.9,0.113,0.359,0.062,0
M02360,95.7,88.3,91.3,0.044,0.146,0.103,0
M02361,132.0,130.2,132.2,0.107,0.34,0.044,0
M02362,111.7,105.2,118.5,0.036,0.337,0.172,0
M02363,29.3,26.3,22.6,0.05,0.3,0.089,0
M02364,111.2,183.3,124.1,0.451,0.683,0.266,1
M02365,221.0,221.6,227.6,0.119,0.3,0.074,0
M02366,140.1,145.2,139.6,0.047,0.11,0.057,0
M02367,116.6,114.7,117.9,0.004,0.288,0.062,0
M02368,105.7,110.4,99.9,0.006,0.145,0.044,0
M02369,109.6,109.0,114.3,0.071,0.327,0.164,0
M02370,62.4,61.4,59.9,0.046,0.157,0.047,0
M02371,83.3,82.2,89.1,0.087,0.109,0.02,0
M02372,161.3,164.8,164.5,0.058,0.129,0.204,0
M02373,217.2,195.6,237.1,0.036,0.136,0.175,0
M02374,241.6,232.3,227.3,0.007,0.333,0.034,0
M02375,177.5,183.7,170.1,0.01,0.174,0.091,0
M02376,42.5,105.5,28.4,0.484,0.644,0.15,1
M02377,86.3,83.7,95.9,0.081,0.275,0.144,0
M02378,140.5,157.3,138.2,0.054,0.371,0.111,0
M02379,195.6,200.0,194.1,0.063,0.343,0.133,0
M02380,81.2,88.9,84.4,0.087,0.237,0.075,0
M02381,151.5,162.7,160.0,0.002,0.348,0.12,0
M02382,99.5,93.9,93.1,0.103,0.133,0.074,0
M02383,119.2,110.8,116.8,0.059,0.298,0.087,0
M02384,86.2,135.1,88.5,0.477,0.379,0.054,1
M02385,68.8,70.1,75.4,0.029,0.207,0.095,0
M02386,186.9,181.5,184.8,0.028,0.121,0.11,0
M02387,82.6,95.2,80.5,0.013,0.295,0.061,0
M02388,108.5,167.5,95.5,0.374,0.39,0.066,1
M02389,81.7,84.3,86.0,0.058,0.147,0.042,0
M02390,145.3,151.0,141.2,0.111,0.129,0.034,0
M02391,41.7,46.6,44.2,0.119,0.129,0.036,0
M02392,139.9,149.3,126.9,0.017,0.331,0.092,0
M02393,101.0,108.6,107.8,0.004,0.215,0.034,0
M02394,103.3,110.9,114.0,0.094,0.11,0.163,0
M02395,151.1,141.9,146.4,0.007,0.197,0.041,0
M02396,90.8,93.5,106.3,0.054,0.389,0.09,0
M02397,97.2,102.0,101.6,0.061,0.293,0.13,0
M02398,108.5,101.3,118.6,0.11,0.384,0.066,0
M02399,106.1,115.4,115.5,0.008,0.158,0.075,0
M02400,186.1,186.2,184.6,0.003,0.257,0.122,0
M02401,205.4,205.2,214.2,0.111,0.142,0.045,0
M02402,98.2,96.4,96.8,0.118,0.181,0.051,0
M02403,189.6,198.6,192.7,0.068,0.385,0.093,0
M02404,119.4,119.6,122.1,0.024,0.275,0.122,0
M02405,134.5,137.5,127.5,0.059,0.236,0.176,0
M02406,46.0,46.7,43.7,0.02,0.238,0.207,0
M02407,118.3,119.9,123.3,0.005,0.109,0.044,0
M02408,170.7,166.8,178.3,0.02,0.302,0.04,0
M02409,41.7,45.9,49.6,0.069,0.265,0.039,0
M02410,133.3,125.6,123.4,0.074,0.258,0.196,0
M02411,118.1,112.9,103.7,0.025,0.386,0.075,0
M02412,135.3,142.9,139.9,0.025,0.236,0.056,0
M02413,110.2,106.7,107.5,0.006,0.16,0.178,0
M02414,238.3,228.3,235.2,0.05,0.332,0.025,0
M02415,258.4,259.5,255.8,0.071,0.144,0.124,0
M02416,100.8,97.5,101.6,0.096,0.109,0.136,0
M02417,187.4,194.3,188.4,0.059,0.111,0.061,0
M02418,80.3,86.3,78.5,0.019,0.116,0.129,0
M02419,163.0,149.6,148.2,0.052,0.338,0.155,0
M02420,195.2,194.3,204.3,0.023,0.21,0.105,0
M02421,84.5,92.6,84.6,0.078,0.299,0.043,0
M02422,52.6,52.4,62.8,0.109,0.31,0.089,0
M02423,60.5,58.3,73.9,0.001,0.385,0.156,0
M02424,115.4,120.2,114.9,0.02,0.236,0.059,0
M02425,123.4,121.4,137.6,0.003,0.261,0.161,0
M02426,89.3,97.7,90.0,0.095,0.233,0.115,0
M02427,57.7,51.9,51.7,0.104,0.369,0.106,0
M02428,111.4,123.0,113.4,0.105,0.353,0.041,0
M02429,101.0,113.4,94.1,0.046,0.26,0.057,0
M02430,72.8,71.2,64.2,0.035,0.264,0.268,0
M02431,137.6,134.9,125.7,0.066,0.208,0.023,0
M02432,195.2,195.9,197.7,0.118,0.111,0.115,0
M02433,114.2,119.5,115.4,0.003,0.151,0.029,0
M02434,166.0,168.3,160.4,0.115,0.243,0.02,0
M02435,83.0,78.6,80.4,0.07,0.16,0.037,0
M02436,247.0,240.5,249.1,0.001,0.318,0.099,0
M02437,228.6,246.8,230.5,0.093,0.135,0.165,0
M02438,121.1,131.2,135.7,0.073,0.325,0.072,0
M02439,148.3,145.1,135.1,0.016,0.229,0.118,0
M02440,76.2,170.0,86.2,0.541,0.557,0.106,1
M02441,50.7,49.7,62.0,0.058,0.236,0.141,0
M02442,125.3,124.4,116.6,0.101,0.381,0.02,0
M02443,124.2,122.6,134.1,0.033,0.386,0.289,0
M02444,144.3,135.3,143.3,0.065,0.377,0.114,0
M02445,136.6,142.8,148.0,0.027,0.197,0.17,0
M02446,28.7,28.6,23.9,0.098,0.217,0.068,0
M02447,72.7,76.6,78.5,0.015,0.358,0.023,0
M02448,157.1,155.6,148.0,0.004,0.303,0.106,0
M02449,144.6,151.6,146.6,0.033,0.129,0.088,0
M02450,127.7,124.3,149.3,0.049,0.373,0.092,0
M02451,98.7,109.5,101.0,0.066,0.221,0.039,0
M02452,151.9,163.6,161.9,0.057,0.112,0.091,0
M02453,228.3,231.7,229.8,0.035,0.154,0.226,0
M02454,278.7,261.7,273.1,0.071,0.34,0.05,0
M02455,55.0,83.1,63.6,0.369,0.53,0.064,1
M02456,182.1,186.4,182.0,0.113,0.319,0.02,0
M02457,195.3,204.7,193.0,0.069,0.206,0.044,0
M02458,121.5,116.8,108.0,0.116,0.175,0.18,0
M02459,114.4,99.5,111.5,0.006,0.111,0.025,0
M02460,112.5,110.9,117.9,0.111,0.29,0.07,0
M02461,160.2,163.1,150.7,0.035,0.29,0.096,0
M02462,102.7,96.8,96.8,0.104,0.37,0.033,0
M02463,92.1,85.9,93.7,0.04,0.305,0.125,0
M02464,127.0,139.0,127.3,0.067,0.206,0.078,0
M02465,162.7,162.5,164.4,0.009,0.264,0.107,0
M02466,74.3,82.8,85.4,0.083,0.294,0.065,0
M02467,167.1,166.6,170.4,0.004,0.175,0.101,0
M02468,121.2,136.9,104.0,0.033,0.198,0.045,0
M02469,58.0,62.0,67.1,0.11,0.236,0.099,0
M02470,114.0,109.4,114.9,0.08,0.175,0.256,0
M02471,123.5,122.2,125.3,0.036,0.144,0.063,0
M02472,161.9,149.4,171.3,0.054,0.271,0.096,0
M02473,92.4,89.3,81.2,0.071,0.153,0.079,0
M02474,113.0,118.1,107.1,0.087,0.168,0.074,0
M02475,108.3,111.0,97.8,0.084,0.107,0.298,0
M02476,84.6,83.0,72.7,0.097,0.162,0.062,0
M02477,311.8,317.6,311.2,0.004,0.124,0.067,0
M02478,91.3,99.0,92.9,0.052,0.397,0.033,0
M02479,48.1,68.3,49.4,0.251,0.436,0.103,1
M02480,29.7,34.5,27.1,0.089,0.127,0.044,0
M02481,100.7,96.8,115.3,0.086,0.13,0.125,0
M02482,102.1,100.7,96.5,0.092,0.354,0.094,0
M02483,147.1,144.4,148.6,0.06,0.207,0.229,0
M02484,93.6,98.1,97.8,0.103,0.206,0.096,0
M02485,239.4,229.1,251.7,0.028,0.313,0.128,0
M02486,89.7,87.3,85.1,0.055,0.222,0.258,0
M02487,113.9,110.4,113.5,0.08,0.235,0.2,0
M02488,242.5,253.5,249.2,0.008,0.301,0.07,0
M02489,60.6,115.4,62.6,0.35,0.681,0.043,1
M02490,120.1,125.3,111.9,0.012,0.347,0.078,0
M02491,131.9,127.0,137.4,0.114,0.142,0.169,0
M02492,79.1,84.7,70.6,0.025,0.198,0.097,0
M02493,132.1,131.2,141.4,0.041,0.276,0.201,0
M02494,88.3,92.2,89.1,0.088,0.128,0.118,0
M02495,157.2,159.9,146.0,0.027,0.201,0.107,0
M02496,170.3,168.1,173.6,0.065,0.355,0.053,0
M02497,129.9,124.9,134.0,0.078,0.35,0.056,0
M02498,155.8,156.5,149.8,0.003,0.238,0.093,0
M02499,69.2,76.7,73.8,0.116,0.148,0.021,0
M02500,78.7,91.6,76.8,0.05,0.294,0.209,0
M02501,158.0,164.9,155.9,0.098,0.105,0.047,0
M02502,199.7,206.2,191.5,0.084,0.178,0.068,0
M02503,177.1,174.3,193.1,0.013,0.135,0.049,0
M02504,67.7,96.1,58.9,0.371,0.432,0.131,1
M02505,118.2,135.3,118.1,0.068,0.276,0.02,0
M02506,211.9,217.9,212.3,0.104,0.309,0.148,0
M02507,79.4,135.7,70.0,0.497,0.368,0.175,1
M02508,220.7,225.5,218.9,0.047,0.184,0.16,0
M02509,133.8,135.4,136.6,0.106,0.295,0.092,0
M02510,126.6,135.7,126.9,0.018,0.356,0.093,0
M02511,63.6,65.2,72.6,0.084,0.311,0.155,0
M02512,105.1,112.8,109.0,0.046,0.31,0.104,0
M02513,166.0,177.5,170.2,0.039,0.193,0.103,0
M02514,107.4,103.1,118.3,0.022,0.388,0.02,0
M02515,120.1,128.1,129.6,0.037,0.264,0.181,0
M02516,129.1,129.6,124.6,0.014,0.313,0.126,0
M02517,93.2,96.5,80.3,0.062,0.183,0.057,0
M02518,145.4,140.9,147.1,0.084,0.293,0.272,0
M02519,39.4,38.6,26.2,0.075,0.283,0.123,0
M02520,83.3,91.0,87.4,0.033,0.293,0.043,0
M02521,116.2,117.2,120.7,0.017,0.1,0.057,0
M02522,65.2,64.6,57.3,0.039,0.182,0.158,0
M02523,115.3,151.0,105.2,0.274,0.508,0.081,1
M02524,90.5,96.1,104.4,0.008,0.384,0.07,0
M02525,104.9,108.1,112.0,0.11,0.34,0.058,0
M02526,237.9,229.2,232.2,0.059,0.299,0.118,0
M02527,91.6,84.2,84.4,0.091,0.183,0.15,0
M02528,139.7,134.4,127.0,0.118,0.323,0.087,0
M02529,171.2,168.9,178.0,0.082,0.12,0.139,0
M02530,117.0,124.2,116.6,0.045,0.177,0.213,0
M02531,91.1,144.4,91.6,0.301,0.416,0.149,1
M02532,58.3,59.0,73.4,0.105,0.128,0.067,0
M02533,92.0,87.1,75.7,0.052,0.104,0.084,0
M02534,65.6,68.6,64.6,0.027,0.351,0.052,0
M02535,180.3,187.6,187.3,0.073,0.22,0.022,0
M02536,68.2,69.4,77.9,0.073,0.337,0.159,0
M02537,102.1,96.2,94.2,0.05,0.18,0.119,0
M02538,75.1,83.7,56.4,0.039,0.163,0.073,0
M02539,146.9,161.3,153.4,0.09,0.115,0.093,0
M02540,129.5,132.6,124.3,0.068,0.28,0.025,0
M02541,111.0,116.0,110.4,0.083,0.305,0.021,0
M02542,112.6,124.8,116.9,0.092,0.384,0.093,0
M02543,90.8,93.1,79.7,0.034,0.277,0.089,0
M02544,135.7,133.1,132.7,0.075,0.394,0.067,0
M02545,137.3,133.2,143.2,0.104,0.35,0.085,0
M02546,188.0,185.6,184.8,0.118,0.359,0.24,0
M02547,60.8,53.3,51.8,0.035,0.251,0.177,0
M02548,50.8,90.5,38.9,0.513,0.439,0.082,1
M02549,122.3,115.8,115.6,0.013,0.224,0.043,0
M02550,96.0,103.2,98.8,0.049,0.291,0.053,0
M02551,82.3,77.7,77.5,0.033,0.314,0.14,0
M02552,70.9,64.7,71.7,0.102,0.204,0.08,0
M02553,146.2,149.8,154.0,0.005,0.28,0.258,0
M02554,119.6,119.8,139.3,0.065,0.322,0.02,0
M02555,185.3,185.9,186.4,0.064,0.19,0.152,0
M02556,122.8,121.6,122.7,0.095,0.296,0.073,0
M02557,92.1,154.0,94.6,0.154,0.488,0.06,1
M02558,59.8,59.6,52.7,0.055,0.338,0.061,0
M02559,88.2,92.7,78.8,0.02,0.284,0.119,0
M02560,205.8,205.6,205.4,0.018,0.335,0.061,0
M02561,77.6,91.1,80.6,0.103,0.264,0.28,0
M02562,100.9,107.8,106.0,0.017,0.29,0.215,0
M02563,67.7,68.5,67.1,0.049,0.12,0.051,0
M02564,99.1,106.2,92.4,0.079,0.119,0.036,0
M02565,199.5,194.3,188.7,0.033,0.355,0.02,0
M02566,106.1,109.0,111.9,0.058,0.26,0.042,0
M02567,63.6,55.9,71.2,0.061,0.279,0.14,0
M02568,191.8,185.5,193.4,0.079,0.108,0.087,0
M02569,103.5,100.6,101.4,0.107,0.223,0.076,0
M02570,119.1,115.0,129.1,0.104,0.274,0.22,0
M02571,156.0,150.5,167.1,0.053,0.396,0.087,0
M02572,208.8,211.3,198.1,0.045,0.226,0.085,0
M02573,76.2,82.7,80.6,0.0,0.392,0.025,0
M02574,172.1,181.8,167.8,0.046,0.107,0.02,0
M02575,75.7,80.5,68.7,0.02,0.172,0.046,0
M02576,109.4,106.3,99.0,0.074,0.153,0.142,0
M02577,66.2,121.0,60.2,0.351,0.684,0.089,1
M02578,124.3,129.9,126.4,0.006,0.249,0.059,0
M02579,154.7,154.9,167.6,0.103,0.145,0.092,0
M02580,69.9,66.6,72.3,0.025,0.363,0.127,0
M02581,67.0,69.0,57.2,0.115,0.119,0.069,0
M02582,97.4,98.1,89.6,0.098,0.179,0.133,0
M02583,58.0,142.1,59.0,0.473,0.686,0.122,1
M02584,83.9,75.7,77.3,0.076,0.306,0.086,0
M02585,139.4,136.8,147.7,0.05,0.373,0.041,0
M02586,194.1,198.9,201.5,0.011,0.389,0.138,0
M02587,29.2,30.0,18.1,0.096,0.113,0.218,0
M02588,55.9,61.1,70.9,0.046,0.384,0.02,0
M02589,173.1,171.0,177.1,0.061,0.243,0.033,0
M02590,71.9,74.6,61.1,0.115,0.351,0.06,0
M02591,54.6,57.0,42.1,0.076,0.35,0.06,0
M02592,238.9,235.5,235.6,0.108,0.168,0.048,0
M02593,120.1,112.1,115.9,0.01,0.352,0.193,0
M02594,199.7,215.4,195.4,0.036,0.346,0.02,0
M02595,94.3,177.3,85.5,0.486,0.623,0.151,1
M02596,81.7,80.5,81.5,0.039,0.359,0.269,0
M02597,158.2,167.5,153.2,0.112,0.309,0.037,0
M02598,126.7,123.9,126.2,0.045,0.119,0.098,0
M02599,125.1,123.9,109.1,0.05,0.165,0.104,0
M02600,83.7,91.3,82.1,0.085,0.19,0.02,0
M02601,141.0,136.3,142.1,0.096,0.351,0.049,0
M02602,193.8,205.4,192.5,0.084,0.138,0.022,0
M02603,77.7,73.8,65.2,0.026,0.252,0.137,0
M02604,141.1,142.4,135.2,0.077,0.348,0.183,0
M02605,109.2,120.6,99.1,0.009,0.286,0.117,0
M02606,107.8,110.0,98.6,0.061,0.274,0.244,0
M02607,113.8,104.0,115.5,0.112,0.314,0.023,0
M02608,152.0,157.8,148.8,0.097,0.21,0.103,0
M02609,106.7,106.5,99.3,0.055,0.186,0.025,0
M02610,79.5,180.2,88.2,0.542,0.353,0.175,1
M02611,87.7,84.5,83.2,0.078,0.128,0.092,0
M02612,45.8,44.8,41.9,0.047,0.221,0.02,0
M02613,102.6,144.6,102.9,0.487,0.421,0.058,1
M02614,115.8,116.8,110.5,0.118,0.216,0.091,0
M02615,26.6,53.0,22.9,0.19,0.64,0.155,1
M02616,89.0,84.0,81.4,0.006,0.315,0.155,0
M02617,100.1,108.6,96.4,0.004,0.182,0.097,0
M02618,177.7,174.1,168.7,0.105,0.233,0.045,0
M02619,148.0,147.0,138.4,0.076,0.16,0.081,0
M02620,150.7,150.9,144.8,0.014,0.265,0.08,0
M02621,212.6,211.6,226.0,0.068,0.396,0.218,0
M02622,56.6,69.1,63.4,0.043,0.317,0.132,0
M02623,60.2,56.0,73.9,0.084,0.123,0.135,0
M02624,186.3,170.9,172.1,0.057,0.181,0.02,0
M02625,29.6,55.7,36.8,0.542,0.456,0.043,1
M02626,74.0,76.2,79.5,0.067,0.243,0.167,0
M02627,136.7,134.6,139.8,0.091,0.207,0.204,0
M02628,125.2,133.7,121.3,0.077,0.292,0.075,0
M02629,66.3,120.6,67.2,0.273,0.489,0.141,1
M02630,141.0,137.0,129.3,0.017,0.176,0.068,0
M02631,126.5,126.4,117.1,0.033,0.235,0.055,0
M02632,89.0,90.5,76.6,0.018,0.1,0.15,0
M02633,138.0,143.3,141.1,0.054,0.35,0.084,0
M02634,36.4,33.3,36.1,0.089,0.14,0.025,0
M02635,128.0,123.3,123.3,0.097,0.225,0.02,0
M02636,254.1,243.2,257.4,0.031,0.182,0.13,0
M02637,122.3,165.1,114.1,0.273,0.606,0.077,1
M02638,206.2,212.1,224.3,0.009,0.323,0.158,0
M02639,34.9,44.2,36.7,0.064,0.131,0.089,0
M02640,124.1,128.0,118.3,0.096,0.212,0.094,0
M02641,128.2,120.4,127.0,0.106,0.228,0.113,0
M02642,76.7,85.3,81.7,0.094,0.291,0.16,0
M02643,84.9,93.3,80.4,0.1,0.318,0.029,0
M02644,118.2,117.4,124.4,0.075,0.254,0.048,0
M02645,116.6,126.9,109.4,0.119,0.216,0.025,0
M02646,128.5,125.8,135.4,0.046,0.23,0.096,0
M02647,131.2,125.8,125.4,0.042,0.377,0.128,0
M02648,77.9,80.8,88.8,0.101,0.372,0.123,0
M02649,188.2,191.4,180.6,0.098,0.264,0.154,0
M02650,96.1,83.7,88.8,0.103,0.15,0.224,0
M02651,123.8,138.2,129.5,0.01,0.16,0.08,0
M02652,184.0,176.2,166.0,0.098,0.239,0.213,0
M02653,188.8,194.4,195.4,0.007,0.227,0.057,0
M02654,60.8,45.8,56.6,0.022,0.143,0.12,0
M02655,101.2,99.1,88.4,0.079,0.122,0.101,0
M02656,76.6,62.3,61.9,0.059,0.221,0.09,0
M02657,145.3,155.4,143.2,0.024,0.181,0.037,0
M02658,272.7,265.0,271.0,0.001,0.136,0.093,0
M02659,184.2,177.2,198.9,0.066,0.225,0.05,0
M02660,61.4,65.8,61.0,0.056,0.227,0.063,0
M02661,197.9,197.3,200.9,0.027,0.279,0.037,0
M02662,79.6,76.4,76.0,0.015,0.339,0.021,0
M02663,154.2,158.8,151.7,0.088,0.134,0.037,0
M02664,91.5,91.9,91.3,0.077,0.24,0.04,0
M02665,55.9,59.9,57.6,0.081,0.373,0.053,0
M02666,38.9,21.6,46.6,0.104,0.198,0.064,0
M02667,43.2,113.9,34.5,0.166,0.563,0.113,1
M02668,282.8,288.2,285.7,0.06,0.246,0.093,0
M02669,96.3,99.7,84.2,0.119,0.382,0.111,0
M02670,198.2,211.3,209.1,0.042,0.172,0.075,0
M02671,102.7,112.4,101.1,0.026,0.165,0.039,0
M02672,61.1,60.9,72.2,0.087,0.349,0.151,0
M02673,119.7,121.2,115.4,0.006,0.122,0.055,0
M02674,58.2,123.9,57.2,0.354,0.368,0.179,1
M02675,88.5,80.1,89.2,0.003,0.36,0.122,0
M02676,66.9,72.6,76.6,0.115,0.338,0.134,0
M02677,144.8,149.4,140.4,0.005,0.137,0.02,0
M02678,71.6,80.7,70.1,0.036,0.149,0.105,0
M02679,32.1,55.8,42.0,0.271,0.382,0.02,1
M02680,83.5,81.1,94.1,0.016,0.114,0.165,0
M02681,167.5,172.9,173.2,0.116,0.203,0.165,0
M02682,157.1,167.0,162.9,0.091,0.174,0.117,0
M02683,146.5,150.0,135.6,0.12,0.271,0.103,0
M02684,64.2,68.4,63.8,0.084,0.231,0.096,0
M02685,89.9,79.2,86.8,0.002,0.185,0.186,0
M02686,63.2,67.4,56.8,0.05,0.276,0.091,0
M02687,109.8,123.6,105.4,0.078,0.176,0.105,0
M02688,73.0,69.3,67.6,0.108,0.363,0.14,0
M02689,166.3,162.2,154.1,0.101,0.196,0.056,0
M02690,56.8,58.0,55.4,0.07,0.176,0.094,0
M02691,31.9,30.6,13.1,0.077,0.37,0.193,0
M02692,85.4,92.2,90.8,0.095,0.144,0.044,0
M02693,201.8,214.5,199.6,0.113,0.296,0.174,0
M02694,52.8,48.9,48.8,0.086,0.358,0.077,0
M02695,94.5,101.1,95.1,0.015,0.247,0.05,0
M02696,123.5,123.1,133.3,0.03,0.13,0.077,0
M02697,183.1,183.5,187.8,0.053,0.179,0.028,0
M02698,64.0,67.2,47.8,0.071,0.322,0.02,0
M02699,83.8,89.6,91.4,0.009,0.35,0.168,0
M02700,77.5,77.3,78.7,0.048,0.393,0.17,0
M02701,117.5,107.2,112.8,0.04,0.163,0.02,0
M02702,157.5,163.8,172.2,0.111,0.22,0.107,0
M02703,85.6,84.7,67.2,0.11,0.33,0.111,0
M02704,130.9,130.7,128.6,0.049,0.143,0.037,0
M02705,74.7,64.2,86.4,0.007,0.398,0.118,0
M02706,226.8,235.7,248.5,0.013,0.215,0.139,0
M02707,41.0,52.7,40.5,0.039,0.335,0.071,0
M02708,116.3,206.8,104.2,0.497,0.664,0.099,1
M02709,136.8,133.5,136.9,0.078,0.24,0.13,0
M02710,92.2,95.6,90.5,0.017,0.143,0.083,0
M02711,363.3,381.3,362.3,0.111,0.219,0.079,0
M02712,159.9,162.7,169.0,0.061,0.363,0.156,0
M02713,76.8,85.5,83.6,0.069,0.286,0.131,0
M02714,78.9,71.2,89.6,0.093,0.181,0.153,0
M02715,161.6,161.7,162.7,0.06,0.254,0.125,0
M02716,80.8,93.0,94.8,0.012,0.223,0.102,0
M02717,82.7,73.8,75.6,0.043,0.106,0.107,0
M02718,58.5,70.4,50.0,0.05,0.101,0.049,0
M02719,43.8,50.5,48.1,0.081,0.117,0.086,0
M02720,73.5,66.2,52.6,0.0,0.107,0.156,0
M02721,68.6,67.7,64.9,0.089,0.31,0.148,0
M02722,212.9,221.9,228.0,0.021,0.313,0.02,0
M02723,113.4,120.7,126.8,0.071,0.149,0.032,0
M02724,121.3,128.0,133.6,0.04,0.156,0.172,0
M02725,147.9,150.8,151.8,0.106,0.115,0.123,0
M02726,204.8,200.7,220.6,0.036,0.196,0.088,0
M02727,115.9,103.6,108.1,0.006,0.259,0.125,0
M02728,113.2,109.0,117.3,0.021,0.287,0.168,0
M02729,129.9,126.3,130.4,0.108,0.297,0.091,0
M02730,238.3,235.7,237.1,0.029,0.226,0.103,0
M02731,70.6,67.1,78.0,0.086,0.372,0.075,0
M02732,45.7,47.7,44.6,0.045,0.3,0.083,0
M02733,103.2,97.0,100.2,0.102,0.273,0.105,0
M02734,76.1,69.9,79.2,0.087,0.356,0.102,0
M02735,191.6,206.9,205.3,0.097,0.276,0.1,0
M02736,86.1,96.0,83.4,0.083,0.105,0.032,0
M02737,215.7,219.6,207.9,0.086,0.241,0.02,0
M02738,205.8,214.9,202.2,0.041,0.185,0.195,0
M02739,30.9,41.1,42.8,0.093,0.337,0.05,0
M02740,61.1,56.1,58.0,0.105,0.129,0.143,0
M02741,45.3,88.5,53.9,0.342,0.595,0.037,1
M02742,46.8,59.5,41.6,0.075,0.386,0.181,0
M02743,117.5,121.2,107.0,0.11,0.303,0.212,0
M02744,15.3,28.0,21.2,0.273,0.457,0.137,1
M02745,80.7,82.8,81.1,0.016,0.122,0.139,0
M02746,158.4,151.8,146.5,0.079,0.151,0.172,0
M02747,205.7,204.1,218.8,0.015,0.117,0.025,0
M02748,58.5,77.5,55.1,0.24,0.455,0.044,1
M02749,76.4,82.2,76.4,0.0,0.336,0.113,0
M02750,94.9,86.0,94.1,0.02,0.161,0.082,0
M02751,73.2,63.3,78.8,0.09,0.27,0.151,0
M02752,71.3,74.1,80.3,0.015,0.212,0.094,0
M02753,192.8,193.6,196.5,0.001,0.341,0.135,0
M02754,47.4,61.5,42.8,0.101,0.13,0.171,0
M02755,87.7,89.2,88.4,0.03,0.24,0.037,0
M02756,118.2,125.2,116.5,0.057,0.382,0.058,0
M02757,86.1,88.4,83.5,0.006,0.17,0.153,0
M02758,60.8,88.9,60.7,0.253,0.512,0.207,1
M02759,108.0,113.7,101.5,0.066,0.246,0.138,0
M02760,36.0,32.5,35.6,0.079,0.359,0.043,0
M02761,109.7,110.8,88.1,0.105,0.394,0.123,0
M02762,117.1,115.7,114.6,0.085,0.272,0.076,0
M02763,100.6,104.8,100.8,0.102,0.134,0.07,0
M02764,107.7,109.9,109.7,0.076,0.137,0.169,0
M02765,63.6,59.7,60.1,0.107,0.151,0.029,0
M02766,91.1,87.3,85.7,0.007,0.208,0.02,0
M02767,48.5,53.7,51.9,0.031,0.303,0.058,0
M02768,43.9,42.1,48.8,0.069,0.137,0.07,0
M02769,267.5,262.4,252.1,0.1,0.149,0.02,0
M02770,52.7,91.8,50.0,0.274,0.429,0.225,1
M02771,177.4,170.2,168.6,0.066,0.13,0.036,0
M02772,117.0,122.2,116.0,0.109,0.39,0.35,0
M02773,78.2,83.3,79.4,0.11,0.108,0.073,0
M02774,68.9,115.8,75.3,0.183,0.485,0.059,1
M02775,96.1,95.0,100.3,0.037,0.277,0.037,0
M02776,90.6,90.4,99.6,0.038,0.232,0.22,0
M02777,153.1,144.9,154.9,0.021,0.324,0.033,0
M02778,58.6,67.4,64.9,0.106,0.18,0.121,0
M02779,156.5,163.2,152.4,0.085,0.127,0.199,0
M02780,45.5,47.1,32.2,0.026,0.286,0.075,0
M02781,137.0,146.2,139.5,0.02,0.266,0.114,0
M02782,79.2,74.1,93.9,0.041,0.259,0.065,0
M02783,167.6,172.1,162.0,0.082,0.336,0.063,0
M02784,87.6,76.3,77.0,0.031,0.36,0.1,0
M02785,101.1,110.0,99.1,0.012,0.365,0.078,0
M02786,133.2,135.8,148.0,0.093,0.32,0.17,0
M02787,79.5,85.2,91.3,0.068,0.388,0.199,0
M02788,199.3,193.5,201.7,0.088,0.346,0.106,0
M02789,184.8,184.7,196.1,0.065,0.381,0.176,0
M02790,92.3,102.9,93.3,0.015,0.351,0.225,0
M02791,234.2,233.0,249.9,0.066,0.371,0.077,0
M02792,132.0,129.3,131.0,0.031,0.313,0.156,0
M02793,248.8,244.3,250.8,0.049,0.282,0.047,0
M02794,91.2,97.6,91.7,0.106,0.129,0.147,0
M02795,50.2,49.5,58.7,0.035,0.353,0.028,0
M02796,255.5,250.1,250.9,0.099,0.199,0.02,0
M02797,178.0,176.4,188.3,0.002,0.178,0.04,0
M02798,143.9,156.1,134.0,0.112,0.226,0.154,0
M02799,124.0,123.5,125.8,0.033,0.356,0.18,0
M02800,61.8,58.8,60.2,0.118,0.386,0.087,0
M02801,192.7,204.7,183.5,0.055,0.354,0.156,0
M02802,96.0,132.0,95.2,0.439,0.357,0.083,1
M02803,178.8,180.3,175.5,0.011,0.124,0.142,0
M02804,86.3,80.9,94.1,0.073,0.369,0.041,0
M02805,91.2,90.8,83.3,0.07,0.367,0.034,0
M02806,61.3,58.7,44.5,0.058,0.366,0.092,0
M02807,78.2,75.9,80.1,0.083,0.228,0.036,0
M02808,74.9,105.4,66.1,0.404,0.683,0.096,1
M02809,188.4,176.9,202.2,0.1,0.238,0.02,0
M02810,109.0,107.0,100.9,0.101,0.383,0.033,0
M02811,107.8,122.4,111.2,0.006,0.189,0.049,0
M02812,137.0,141.4,136.8,0.055,0.276,0.04,0
M02813,201.4,199.0,204.1,0.052,0.26,0.168,0
M02814,184.8,193.5,204.2,0.09,0.294,0.098,0
M02815,118.8,117.3,115.9,0.071,0.328,0.124,0
M02816,89.0,132.2,83.8,0.523,0.564,0.212,1
M02817,69.6,69.7,73.5,0.005,0.316,0.101,0
M02818,137.7,144.3,128.4,0.062,0.356,0.048,0
M02819,75.4,81.1,76.1,0.076,0.304,0.145,0
M02820,220.7,214.9,212.0,0.119,0.386,0.09,0
M02821,121.2,123.4,131.7,0.04,0.136,0.133,0
M02822,123.3,124.1,115.2,0.109,0.326,0.099,0
M02823,93.4,92.5,105.5,0.072,0.384,0.35,0
M02824,67.3,67.9,60.9,0.024,0.372,0.068,0
M02825,125.6,121.7,127.4,0.099,0.205,0.151,0
M02826,164.9,178.5,161.8,0.029,0.306,0.197,0
M02827,57.8,56.4,58.3,0.099,0.295,0.04,0
M02828,55.5,49.0,47.7,0.086,0.167,0.036,0
M02829,155.8,153.2,167.1,0.018,0.146,0.078,0
M02830,93.5,91.7,82.7,0.08,0.214,0.074,0
M02831,112.0,109.1,112.3,0.046,0.352,0.076,0
M02832,71.4,118.8,78.1,0.201,0.374,0.049,1
M02833,15.0,40.4,17.7,0.369,0.609,0.093,1
M02834,36.2,77.6,27.6,0.487,0.402,0.089,1
M02835,69.6,79.3,57.9,0.072,0.136,0.153,0
M02836,239.9,241.0,243.3,0.077,0.226,0.159,0
M02837,192.2,194.7,185.1,0.004,0.288,0.057,0
M02838,82.9,89.1,95.9,0.078,0.174,0.032,0
M02839,87.1,89.6,91.9,0.097,0.174,0.199,0
M02840,152.0,144.5,144.5,0.006,0.299,0.02,0
M02841,150.4,147.2,142.4,0.015,0.155,0.098,0
M02842,110.4,123.6,115.4,0.019,0.388,0.02,0
M02843,76.5,77.3,79.6,0.028,0.348,0.151,0
M02844,177.7,189.3,166.0,0.085,0.34,0.053,0
M02845,54.2,60.9,57.7,0.024,0.311,0.07,0
M02846,144.6,153.2,126.3,0.067,0.116,0.061,0
M02847,51.6,54.9,47.8,0.063,0.148,0.101,0
M02848,111.5,119.6,109.1,0.054,0.332,0.029,0
M02849,104.6,160.2,112.9,0.3,0.672,0.093,1
M02850,85.9,88.8,86.5,0.106,0.397,0.191,0
M02851,147.0,150.8,142.9,0.006,0.333,0.221,0
M02852,135.3,134.6,125.7,0.037,0.12,0.066,0
M02853,133.1,121.0,135.2,0.039,0.333,0.193,0
M02854,109.8,117.3,105.0,0.075,0.119,0.175,0
M02855,156.3,155.6,171.9,0.005,0.232,0.11,0
M02856,68.7,63.9,70.1,0.047,0.164,0.045,0
M02857,70.1,79.2,66.4,0.084,0.299,0.144,0
M02858,129.8,136.5,143.6,0.009,0.368,0.242,0
M02859,95.2,94.1,94.0,0.031,0.178,0.236,0
M02860,133.0,130.9,123.3,0.003,0.335,0.03,0
M02861,39.8,36.8,48.9,0.01,0.3,0.178,0
M02862,121.3,123.6,127.8,0.096,0.276,0.053,0
M02863,193.3,198.4,192.7,0.01,0.342,0.138,0
M02864,220.8,217.5,224.8,0.118,0.233,0.113,0
M02865,88.9,82.1,90.5,0.083,0.157,0.236,0
M02866,80.5,81.7,83.2,0.056,0.329,0.058,0
M02867,134.0,131.0,129.3,0.022,0.116,0.052,0
M02868,107.2,114.3,114.3,0.104,0.296,0.147,0
M02869,54.0,65.6,56.8,0.06,0.396,0.074,0
M02870,161.4,164.0,143.4,0.097,0.134,0.02,0
M02871,120.5,126.5,121.9,0.061,0.248,0.02,0
M02872,58.3,66.6,65.8,0.1,0.332,0.152,0
M02873,118.4,120.8,114.3,0.045,0.209,0.226,0
M02874,114.3,108.1,119.7,0.098,0.368,0.265,0
M02875,57.6,104.3,56.5,0.453,0.613,0.02,1
M02876,57.2,79.0,54.7,0.517,0.419,0.281,1
M02877,219.0,212.1,217.8,0.018,0.152,0.042,0
M02878,140.8,131.2,137.2,0.031,0.343,0.038,0
M02879,130.0,124.6,124.3,0.088,0.148,0.025,0
M02880,182.5,176.0,187.2,0.02,0.375,0.084,0
M02881,84.5,87.6,86.7,0.041,0.317,0.062,0
M02882,131.5,140.0,148.0,0.077,0.116,0.335,0
M02883,93.2,106.5,101.2,0.008,0.16,0.044,0
M02884,106.6,113.5,101.6,0.059,0.299,0.121,0
M02885,129.6,115.5,143.8,0.074,0.129,0.06,0
M02886,116.3,123.2,108.3,0.117,0.266,0.085,0
M02887,179.5,197.3,173.8,0.04,0.188,0.063,0
M02888,80.5,83.2,99.0,0.078,0.258,0.095,0
M02889,121.9,119.8,115.4,0.085,0.242,0.089,0
M02890,146.4,140.1,149.9,0.101,0.123,0.061,0
M02891,78.4,80.3,77.9,0.061,0.192,0.061,0
M02892,92.3,95.5,103.9,0.012,0.223,0.078,0
M02893,52.3,54.9,59.8,0.05,0.181,0.046,0
M02894,274.0,269.3,275.8,0.036,0.224,0.135,0
M02895,143.6,139.5,146.8,0.038,0.275,0.101,0
M02896,42.4,60.1,37.4,0.399,0.406,0.137,1
M02897,32.6,30.0,26.8,0.107,0.247,0.03,0
M02898,30.2,26.0,35.4,0.09,0.279,0.083,0
M02899,51.1,91.0,48.2,0.172,0.678,0.087,1
M02900,45.0,64.6,53.7,0.363,0.671,0.134,1
M02901,77.7,81.6,68.5,0.083,0.216,0.15,0
M02902,155.8,154.8,148.5,0.07,0.127,0.056,0
M02903,227.1,232.1,227.1,0.12,0.249,0.031,0
M02904,59.2,53.9,73.5,0.073,0.2,0.094,0
M02905,175.2,168.9,189.9,0.021,0.271,0.132,0
M02906,113.8,216.1,115.8,0.498,0.364,0.065,1
M02907,125.1,114.2,129.5,0.033,0.115,0.067,0
M02908,177.7,189.1,172.8,0.051,0.18,0.055,0
M02909,183.1,297.8,192.1,0.48,0.659,0.028,1
M02910,123.5,126.2,128.4,0.062,0.22,0.133,0
M02911,94.2,94.2,96.7,0.076,0.233,0.023,0
M02912,115.6,112.6,105.9,0.093,0.229,0.177,0
M02913,32.0,22.8,21.7,0.058,0.348,0.085,0
M02914,143.7,161.9,138.5,0.013,0.249,0.221,0
M02915,101.3,108.5,101.7,0.004,0.305,0.06,0
M02916,48.4,71.6,42.6,0.225,0.629,0.137,1
M02917,147.1,162.9,140.1,0.0,0.286,0.047,0
M02918,25.0,58.8,25.4,0.259,0.582,0.02,1
M02919,82.5,85.9,74.7,0.04,0.35,0.1,0
M02920,218.9,206.8,225.9,0.107,0.235,0.145,0
M02921,147.0,152.8,148.7,0.057,0.109,0.051,0
M02922,139.1,131.7,147.5,0.095,0.134,0.053,0
M02923,55.3,58.3,61.9,0.056,0.248,0.057,0
M02924,72.9,74.8,69.2,0.113,0.157,0.14,0
M02925,123.9,126.5,122.2,0.082,0.245,0.074,0
M02926,178.0,179.6,173.8,0.088,0.254,0.039,0
M02927,71.4,69.4,72.4,0.053,0.155,0.083,0
M02928,90.9,94.6,88.1,0.071,0.312,0.101,0
M02929,79.2,98.4,83.2,0.003,0.168,0.094,0
M02930,146.1,139.4,140.4,0.025,0.25,0.07,0
M02931,89.4,87.4,95.1,0.003,0.124,0.082,0
M02932,41.7,51.0,49.8,0.043,0.268,0.094,0
M02933,148.4,151.2,138.2,0.106,0.378,0.098,0
M02934,45.6,54.1,49.6,0.102,0.155,0.082,0
M02935,186.1,189.1,177.1,0.013,0.166,0.081,0
M02936,104.4,99.9,95.9,0.055,0.178,0.068,0
M02937,90.0,93.4,89.0,0.062,0.25,0.046,0
M02938,151.9,148.2,151.2,0.035,0.395,0.152,0
M02939,78.0,79.6,86.3,0.004,0.33,0.037,0
M02940,282.7,280.8,293.5,0.052,0.267,0.035,0
M02941,111.8,108.3,119.6,0.113,0.282,0.048,0
M02942,135.2,140.2,142.5,0.093,0.11,0.168,0
M02943,92.4,88.3,80.0,0.029,0.394,0.16,0
M02944,204.1,205.5,210.7,0.095,0.104,0.158,0
M02945,140.9,130.7,149.0,0.015,0.13,0.07,0
M02946,102.4,108.9,98.7,0.097,0.298,0.055,0
M02947,89.3,130.4,102.8,0.308,0.57,0.333,1
M02948,155.9,153.3,142.4,0.056,0.346,0.132,0
M02949,99.0,104.3,104.8,0.064,0.252,0.037,0
M02950,110.6,111.1,115.4,0.02,0.155,0.089,0
M02951,96.1,84.2,112.6,0.088,0.328,0.026,0
M02952,150.5,151.1,154.3,0.001,0.14,0.2,0
M02953,67.3,120.5,58.8,0.432,0.397,0.024,1
M02954,196.3,199.5,190.3,0.009,0.139,0.043,0
M02955,53.4,59.6,53.3,0.11,0.193,0.112,0
M02956,81.1,72.1,75.3,0.016,0.33,0.072,0
M02957,165.2,167.9,159.3,0.022,0.237,0.067,0
M02958,193.5,195.2,195.9,0.117,0.206,0.077,0
M02959,70.2,68.4,77.5,0.079,0.185,0.08,0
M02960,43.4,48.1,51.9,0.104,0.19,0.175,0
M02961,108.1,109.2,96.2,0.071,0.104,0.194,0
M02962,139.8,141.0,141.9,0.029,0.132,0.02,0
M02963,95.2,103.2,93.2,0.083,0.202,0.087,0
M02964,118.4,123.2,99.4,0.003,0.131,0.226,0
M02965,109.1,104.1,117.4,0.021,0.118,0.288,0
M02966,168.7,176.3,178.2,0.058,0.355,0.116,0
M02967,135.3,204.7,126.7,0.173,0.504,0.143,1
M02968,205.5,206.1,217.3,0.104,0.233,0.037,0
M02969,159.9,164.1,150.1,0.109,0.273,0.07,0
M02970,91.9,101.0,72.7,0.024,0.382,0.086,0
M02971,115.5,111.7,101.6,0.026,0.253,0.035,0
M02972,74.1,82.1,61.8,0.12,0.399,0.18,0
M02973,186.3,198.3,184.9,0.091,0.34,0.186,0
M02974,129.2,138.0,126.5,0.034,0.183,0.02,0
M02975,154.5,156.9,147.5,0.062,0.137,0.023,0
M02976,116.1,109.0,117.9,0.081,0.213,0.057,0
M02977,214.9,232.4,207.1,0.112,0.115,0.082,0
M02978,120.5,111.8,111.9,0.049,0.168,0.072,0
M02979,46.9,54.0,39.5,0.109,0.364,0.072,0
M02980,273.5,265.4,269.7,0.036,0.108,0.032,0
M02981,151.7,154.1,144.7,0.017,0.261,0.096,0
M02982,114.5,115.1,116.9,0.097,0.2,0.02,0
M02983,156.1,141.0,162.7,0.059,0.353,0.078,0
M02984,167.4,177.0,156.0,0.017,0.239,0.029,0
M02985,139.3,126.4,131.1,0.076,0.32,0.051,0
M02986,101.7,104.6,104.5,0.108,0.135,0.112,0
M02987,91.7,93.1,100.5,0.047,0.276,0.068,0
M02988,100.7,99.0,91.5,0.023,0.208,0.147,0
M02989,79.4,110.4,81.4,0.44,0.59,0.117,1
M02990,186.9,177.1,195.0,0.071,0.293,0.232,0
M02991,54.8,57.1,55.7,0.102,0.34,0.027,0
M02992,178.0,192.8,165.1,0.02,0.327,0.094,0
M02993,106.6,107.6,106.5,0.036,0.164,0.176,0
M02994,120.9,110.3,103.1,0.066,0.158,0.02,0
M02995,101.7,107.6,90.0,0.046,0.152,0.145,0
M02996,113.0,116.8,113.1,0.077,0.353,0.023,0
M02997,170.2,170.4,168.2,0.014,0.249,0.197,0
M02998,181.4,177.3,180.3,0.001,0.277,0.119,0
M02999,75.0,77.0,70.0,0.1,0.244,0.149,0
M03000,169.0,177.9,176.4,0.028,0.266,0.075,0
