meter_id,declared_kwh,transformer_feed_estimate_kwh,historical_avg_kwh,pct_drop_recent,night_usage_ratio,area_theft_history_rate,is_theft,feed_vs_declared_ratio,anomaly_score,flagged,tier
M00001,242.4,252.7,239.7,0.064,0.343,0.121,0,1.0424917491749175,-0.05493482670508121,0,high
M00002,150.9,164.6,147.7,0.109,0.307,0.02,0,1.0907886017229953,-0.13041122424273094,0,medium
M00003,61.1,53.0,56.3,0.11,0.323,0.037,0,0.867430441898527,-0.14028289283883966,0,medium
M00004,66.6,107.3,71.3,0.206,0.609,0.074,1,1.6111111111111112,-0.03945871873737472,0,high
M00005,112.2,114.2,123.9,0.027,0.125,0.062,0,1.017825311942959,-0.16501457350445803,0,low
M00006,215.1,228.8,204.0,0.047,0.348,0.27,0,1.0636913063691307,-0.02417981567391092,0,high
M00007,123.2,123.1,109.5,0.002,0.178,0.02,0,0.9991883116883116,-0.1402729665865482,0,medium
M00008,98.4,100.0,103.0,0.097,0.337,0.076,0,1.0162601626016259,-0.1905420615473677,0,low
M00009,208.1,205.6,204.8,0.023,0.335,0.049,0,0.987986544930322,-0.10764155585547625,0,high
M00010,199.0,205.8,209.0,0.022,0.384,0.02,0,1.0341708542713568,-0.07617257714704534,0,high
M00011,204.9,202.5,199.1,0.108,0.128,0.055,0,0.9882869692532943,-0.0954504460624086,0,high
M00012,150.5,155.0,147.5,0.05,0.391,0.03,0,1.0299003322259137,-0.15477152453593968,0,medium
M00013,92.6,99.4,98.0,0.026,0.103,0.146,0,1.0734341252699786,-0.14006681684831035,0,medium
M00014,58.6,61.1,59.4,0.043,0.282,0.057,0,1.0426621160409557,-0.15998206376586144,0,medium
M00015,94.7,108.0,94.7,0.115,0.212,0.143,0,1.1404435058078142,-0.14599579686311176,0,medium
M00016,52.7,92.5,56.2,0.258,0.638,0.195,1,1.7552182163187855,-0.002372661204486981,0,high
M00017,95.2,94.7,101.3,0.009,0.355,0.091,0,0.9947478991596639,-0.17515662807678883,0,low
M00018,73.4,68.4,73.1,0.082,0.184,0.215,0,0.9318801089918256,-0.10731695685454118,0,high
M00019,89.0,93.4,89.7,0.089,0.223,0.097,0,1.049438202247191,-0.1850951322526695,0,low
M00020,297.1,303.5,286.2,0.027,0.262,0.1,0,1.021541568495456,0.007201810386438412,1,high
M00021,118.4,122.1,115.1,0.086,0.128,0.235,0,1.03125,-0.13498767283162616,0,medium
M00022,62.3,48.0,66.4,0.109,0.179,0.054,0,0.7704654895666132,-0.09328718826092475,0,high
M00023,183.2,184.6,168.8,0.063,0.399,0.286,0,1.00764192139738,-0.06162477025286983,0,high
M00024,44.4,47.3,47.1,0.11,0.304,0.114,0,1.0653153153153152,-0.1308478492507355,0,medium
M00025,92.7,94.0,88.3,0.005,0.324,0.065,0,1.0140237324703343,-0.15789187426347662,0,medium
M00026,70.6,73.9,56.9,0.061,0.228,0.175,0,1.0467422096317283,-0.13993160612359712,0,medium
M00027,175.7,181.9,175.7,0.054,0.167,0.18,0,1.035287421741605,-0.1278612163785336,0,medium
M00028,29.9,52.7,21.0,0.529,0.454,0.173,1,1.762541806020067,0.044843583803586884,1,high
M00029,40.7,39.5,41.8,0.021,0.331,0.065,0,0.9705159705159705,-0.1228285672022244,0,high
M00030,56.2,60.5,60.3,0.057,0.118,0.021,0,1.0765124555160142,-0.1280971872877622,0,medium
M00031,76.6,112.2,80.6,0.162,0.489,0.033,1,1.4647519582245432,-0.07563172726335421,0,high
M00032,78.4,75.5,62.5,0.009,0.222,0.136,0,0.9630102040816326,-0.1500519805482331,0,medium
M00033,51.6,53.2,60.8,0.054,0.113,0.116,0,1.0310077519379846,-0.129637769442355,0,medium
M00034,130.9,125.3,142.0,0.003,0.188,0.118,0,0.9572192513368983,-0.16008053899733365,0,medium
M00035,142.5,153.9,138.9,0.001,0.125,0.075,0,1.08,-0.13068257138538725,0,medium
M00036,67.6,73.9,75.2,0.089,0.103,0.02,0,1.0931952662721895,-0.12827542117389745,0,medium
M00037,167.5,169.7,179.0,0.012,0.124,0.122,0,1.0131343283582088,-0.13144218002051017,0,medium
M00038,67.8,75.3,67.8,0.046,0.226,0.024,0,1.1106194690265487,-0.15974545475013918,0,medium
M00039,90.4,92.5,99.9,0.088,0.342,0.054,0,1.0232300884955752,-0.1896065980746739,0,low
M00040,40.6,43.7,47.4,0.052,0.118,0.103,0,1.0763546798029557,-0.11004012284861564,0,high
M00041,148.1,144.1,150.0,0.113,0.341,0.124,0,0.9729912221471978,-0.162926261434024,0,low
M00042,126.2,130.1,114.1,0.056,0.179,0.1,0,1.0309033280507132,-0.17994335222524144,0,low
M00043,90.0,85.9,102.6,0.085,0.144,0.02,0,0.9544444444444445,-0.1517383020967164,0,medium
M00044,75.5,72.3,78.2,0.023,0.354,0.137,0,0.957615894039735,-0.16674883692134784,0,low
M00045,115.7,120.0,111.4,0.038,0.21,0.061,0,1.0371650821089022,-0.19105843386785903,0,low
M00046,137.1,138.4,118.2,0.069,0.298,0.083,0,1.0094821298322394,-0.18492730763179172,0,low
M00047,166.4,171.8,173.1,0.013,0.317,0.021,0,1.0324519230769231,-0.13922776841494394,0,medium
M00048,165.8,175.0,165.0,0.081,0.253,0.1,0,1.0554885404101326,-0.16298483549180265,0,low
M00049,297.1,294.6,304.2,0.1,0.22,0.034,0,0.9915853248064624,0.03635604987773333,1,high
M00050,133.0,136.1,126.1,0.045,0.389,0.166,0,1.0233082706766916,-0.1579354019445044,0,medium
M00051,98.7,95.3,94.2,0.051,0.296,0.107,0,0.9655521783181357,-0.18986975659703303,0,low
M00052,143.5,143.1,141.6,0.08,0.223,0.057,0,0.9972125435540069,-0.18058727066971664,0,low
M00053,231.1,223.6,240.0,0.036,0.238,0.13,0,0.9675465166594548,-0.07857878625239673,0,high
M00054,270.1,275.3,266.1,0.002,0.386,0.045,0,1.01925212884117,0.018387635309181305,1,high
M00055,93.8,97.4,107.8,0.004,0.327,0.173,0,1.0383795309168444,-0.1508647566264255,0,medium
M00056,103.5,107.2,107.9,0.088,0.386,0.086,0,1.0357487922705315,-0.1818477457516956,0,low
M00057,164.0,171.8,173.2,0.058,0.151,0.086,0,1.0475609756097561,-0.15595922478143565,0,medium
M00058,110.1,116.5,119.2,0.042,0.245,0.141,0,1.0581289736603088,-0.18274572832782954,0,low
M00059,192.8,197.2,192.2,0.092,0.311,0.089,0,1.0228215767634854,-0.1465449035768211,0,medium
M00060,138.9,136.8,139.3,0.07,0.272,0.033,0,0.9848812095032398,-0.1788937069666705,0,low
M00061,104.5,105.6,101.9,0.116,0.174,0.111,0,1.0105263157894737,-0.17291423892605573,0,low
M00062,91.5,96.3,89.4,0.036,0.299,0.099,0,1.0524590163934426,-0.18991680773602004,0,low
M00063,160.1,156.2,164.6,0.082,0.105,0.093,0,0.9756402248594628,-0.1294972808429672,0,medium
M00064,137.9,128.4,131.2,0.066,0.145,0.162,0,0.9311094996374184,-0.1543502145153865,0,medium
M00065,227.2,228.4,221.5,0.079,0.209,0.148,0,1.0052816901408452,-0.08272980821854053,0,high
M00066,163.2,151.7,176.2,0.046,0.308,0.048,0,0.9295343137254902,-0.15513946830450198,0,medium
M00067,118.4,113.2,108.5,0.057,0.135,0.041,0,0.956081081081081,-0.1638647653602024,0,low
M00068,146.5,142.9,148.5,0.111,0.224,0.098,0,0.9754266211604096,-0.16445689896018406,0,low
M00069,188.0,179.5,177.9,0.033,0.137,0.122,0,0.9547872340425532,-0.125461376472292,0,medium
M00070,72.2,76.7,73.5,0.106,0.29,0.024,0,1.0623268698060941,-0.1686506646340945,0,low
M00071,201.9,197.6,203.9,0.072,0.106,0.152,0,0.9787023278850916,-0.0821156834359884,0,high
M00072,298.5,286.3,288.9,0.027,0.115,0.094,0,0.9591289782244556,0.027992143011568382,1,high
M00073,131.5,134.0,131.4,0.022,0.134,0.172,0,1.0190114068441065,-0.14805838691779105,0,medium
M00074,102.9,212.2,98.4,0.366,0.7,0.032,1,2.062196307094266,0.07073321449995917,1,high
M00075,115.7,124.3,125.4,0.02,0.158,0.088,0,1.0743301642178047,-0.16591094153029695,0,low
M00076,127.2,127.4,141.5,0.018,0.317,0.149,0,1.001572327044025,-0.16911432748885058,0,low
M00077,92.3,170.6,101.4,0.396,0.583,0.218,1,1.8483206933911158,0.05251938546099477,1,high
M00078,172.2,177.4,183.4,0.064,0.309,0.1,0,1.0301974448315914,-0.16242763800797289,0,low
M00079,53.1,84.8,64.5,0.543,0.378,0.19,1,1.5969868173258004,0.015106588366815776,1,high
M00080,234.3,224.5,232.0,0.032,0.236,0.045,0,0.9581732821169441,-0.0720217511043395,0,high
M00081,28.1,67.2,20.8,0.404,0.355,0.16,1,2.391459074733096,0.04692482848433943,1,high
M00082,52.9,54.1,50.4,0.076,0.2,0.156,0,1.0226843100189036,-0.13712751984594607,0,medium
M00083,157.3,162.8,164.0,0.062,0.391,0.174,0,1.034965034965035,-0.13976207466047996,0,medium
M00084,61.2,63.6,70.4,0.092,0.305,0.065,0,1.0392156862745099,-0.1744826029616106,0,low
M00085,102.6,112.1,98.8,0.015,0.198,0.032,0,1.0925925925925926,-0.1623833249579586,0,low
M00086,34.3,75.5,36.0,0.382,0.497,0.212,1,2.2011661807580176,0.03967386040068155,1,high
M00087,91.1,98.9,99.8,0.054,0.268,0.037,0,1.0856201975850714,-0.18626593079067272,0,low
M00088,144.5,145.5,123.5,0.024,0.24,0.16,0,1.0069204152249136,-0.1649677514998401,0,low
M00089,85.8,128.1,92.8,0.258,0.441,0.15,1,1.493006993006993,-0.06034419291550541,0,high
M00090,41.2,95.6,43.2,0.238,0.559,0.105,1,2.320388349514563,0.013761353091963024,1,high
M00091,81.5,92.7,79.2,0.452,0.469,0.078,1,1.1374233128834357,-0.040638053400660734,0,high
M00092,168.6,162.2,171.4,0.044,0.158,0.027,0,0.9620403321470937,-0.13613345456620968,0,medium
M00093,134.7,132.2,137.6,0.1,0.174,0.265,0,0.9814402375649591,-0.10315804733173989,0,high
M00094,53.6,57.6,42.3,0.088,0.227,0.036,0,1.0746268656716418,-0.14038302734952118,0,medium
M00095,168.0,171.4,168.0,0.11,0.393,0.038,0,1.0202380952380952,-0.13920092248393556,0,medium
M00096,70.0,72.9,68.8,0.057,0.181,0.02,0,1.0414285714285716,-0.15885110907491423,0,medium
M00097,121.1,126.6,117.0,0.057,0.195,0.199,0,1.0454170107349299,-0.15507671106054677,0,medium
M00098,52.1,59.7,46.1,0.095,0.118,0.088,0,1.145873320537428,-0.1180930938721193,0,high
M00099,82.9,86.3,81.9,0.053,0.357,0.186,0,1.0410132689987937,-0.15748381018221347,0,medium
M00100,178.1,176.9,180.4,0.05,0.391,0.02,0,0.9932622122403145,-0.12257400185310052,0,high
M00101,142.2,149.7,151.4,0.026,0.124,0.193,0,1.0527426160337552,-0.12296390088511389,0,high
M00102,126.1,127.8,125.6,0.051,0.126,0.027,0,1.0134813639968279,-0.16258630329045942,0,low
M00103,196.1,198.1,192.1,0.072,0.127,0.119,0,1.0101988781234064,-0.12440911732815035,0,medium
M00104,45.6,107.4,50.3,0.33,0.633,0.093,1,2.3552631578947367,0.030302040393572538,1,high
M00105,89.4,88.8,91.4,0.076,0.373,0.35,0,0.9932885906040267,-0.05549971728487735,0,high
M00106,142.7,147.6,137.9,0.07,0.12,0.048,0,1.0343377715487037,-0.15157338501385104,0,medium
M00107,127.6,132.6,139.8,0.046,0.127,0.11,0,1.0391849529780564,-0.16534498006435538,0,low
M00108,176.2,181.5,176.1,0.064,0.213,0.066,0,1.0300794551645858,-0.16272746099376512,0,low
M00109,233.2,215.6,245.8,0.079,0.116,0.055,0,0.9245283018867925,-0.05001074784309989,0,high
M00110,58.6,64.7,60.3,0.026,0.252,0.026,0,1.1040955631399318,-0.14238925397538388,0,medium
M00111,79.5,88.2,76.8,0.018,0.279,0.051,0,1.109433962264151,-0.15767698049254947,0,medium
M00112,178.9,168.6,179.4,0.08,0.188,0.035,0,0.9424259362772498,-0.14500029775245116,0,medium
M00113,120.2,120.0,115.4,0.028,0.291,0.185,0,0.9983361064891847,-0.16654951022247177,0,low
M00114,162.9,157.9,173.9,0.028,0.363,0.051,0,0.9693063228974831,-0.1461480870761656,0,medium
M00115,167.7,158.2,174.3,0.114,0.196,0.26,0,0.9433512224209899,-0.08358955768224197,0,high
M00116,144.4,147.3,130.9,0.008,0.388,0.042,0,1.0200831024930748,-0.14673531945100798,0,medium
M00117,51.1,115.9,48.9,0.266,0.392,0.155,1,2.268101761252446,-0.010829898876351884,0,high
M00118,84.8,84.6,90.2,0.069,0.185,0.174,0,0.9976415094339622,-0.16657309336055204,0,low
M00119,249.7,238.6,251.0,0.033,0.211,0.215,0,0.9555466559871847,-0.0014068786738060668,0,high
M00120,198.5,209.3,193.7,0.018,0.118,0.198,0,1.0544080604534005,-0.07044722677350879,0,high
M00121,184.9,183.9,170.4,0.014,0.243,0.151,0,0.9945916711736074,-0.13645682739936993,0,medium
M00122,129.4,129.0,124.1,0.002,0.222,0.098,0,0.9969088098918083,-0.16250418522548765,0,low
M00123,38.6,44.0,51.4,0.104,0.344,0.1,0,1.1398963730569949,-0.11762761643013442,0,high
M00124,129.6,115.6,136.2,0.115,0.115,0.048,0,0.8919753086419753,-0.11695427086536242,0,high
M00125,251.2,256.2,244.8,0.032,0.147,0.048,0,1.019904458598726,-0.03765208015133781,0,high
M00126,152.9,148.7,157.6,0.052,0.3,0.191,0,0.9725310660562458,-0.14686099039494271,0,medium
M00127,87.0,85.7,89.3,0.113,0.112,0.02,0,0.9850574712643678,-0.12919364807681893,0,medium
M00128,147.1,148.4,149.4,0.054,0.12,0.079,0,1.008837525492862,-0.1606913553083768,0,medium
M00129,63.2,61.1,57.2,0.083,0.234,0.156,0,0.9667721518987341,-0.15074250346150603,0,medium
M00130,50.7,47.5,51.7,0.021,0.121,0.035,0,0.9368836291913214,-0.11418790382349037,0,high
M00131,143.3,141.8,150.2,0.065,0.181,0.09,0,0.9895324494068388,-0.17400371402328296,0,low
M00132,123.1,125.3,132.0,0.048,0.162,0.047,0,1.0178716490658002,-0.17435852058152518,0,low
M00133,100.5,184.3,105.3,0.243,0.443,0.05,1,1.8338308457711443,-0.00279450206038534,0,high
M00134,163.3,172.2,155.9,0.066,0.119,0.173,0,1.0545009185548069,-0.12712503520970647,0,medium
M00135,41.2,54.1,47.8,0.252,0.44,0.25,1,1.3131067961165048,-0.001361893675917214,0,high
M00136,34.7,37.4,25.8,0.052,0.247,0.02,0,1.0778097982708932,-0.07691310921126154,0,high
M00137,70.6,112.2,65.4,0.448,0.651,0.145,1,1.5892351274787537,-0.0018531630402929267,0,high
M00138,164.8,176.0,159.8,0.032,0.254,0.098,0,1.0679611650485437,-0.1546116761677172,0,medium
M00139,165.4,168.2,168.8,0.011,0.329,0.15,0,1.0169286577992744,-0.15185609281232737,0,medium
M00140,46.7,48.9,33.5,0.075,0.26,0.081,0,1.0471092077087794,-0.12704518561538813,0,medium
M00141,20.4,35.4,26.4,0.252,0.369,0.02,1,1.7352941176470589,0.02335849547759372,1,high
M00142,88.3,85.1,83.8,0.023,0.395,0.14,0,0.9637599093997735,-0.15723285274641102,0,medium
M00143,82.4,87.3,76.7,0.054,0.117,0.055,0,1.0594660194174756,-0.1691089582573559,0,low
M00144,87.5,81.9,73.4,0.069,0.264,0.084,0,0.936,-0.18497568207871806,0,low
M00145,75.5,73.6,68.3,0.031,0.111,0.02,0,0.9748344370860926,-0.12697007732001286,0,medium
M00146,78.3,76.9,67.9,0.001,0.287,0.072,0,0.9821200510855684,-0.14944121252434606,0,medium
M00147,162.9,170.1,176.3,0.116,0.312,0.081,0,1.0441988950276242,-0.15327629139348703,0,medium
M00148,84.6,139.6,83.6,0.325,0.416,0.107,1,1.6501182033096926,-0.03224875142094907,0,high
M00149,99.8,102.7,93.7,0.032,0.154,0.094,0,1.029058116232465,-0.17790739974892483,0,low
M00150,191.0,184.1,193.3,0.038,0.394,0.06,0,0.9638743455497382,-0.12909309130217944,0,medium
M00151,171.7,168.1,148.4,0.059,0.151,0.108,0,0.9790331974373908,-0.14942120710413953,0,medium
M00152,162.2,155.3,161.6,0.056,0.231,0.041,0,0.9574599260172628,-0.16037215378725983,0,medium
M00153,92.6,85.8,104.5,0.039,0.329,0.09,0,0.9265658747300216,-0.1801890451990042,0,low
M00154,166.2,166.2,168.2,0.102,0.285,0.128,0,1.0,-0.1600261616625548,0,medium
M00155,301.2,302.0,293.6,0.101,0.361,0.067,0,1.00265604249668,0.0281950992533615,1,high
M00156,114.3,113.8,125.0,0.097,0.262,0.078,0,0.9956255468066492,-0.18765082705952774,0,low
M00157,56.8,69.6,60.3,0.384,0.357,0.081,1,1.2253521126760563,-0.046082266609840605,0,high
M00158,97.3,104.4,84.3,0.068,0.317,0.082,0,1.0729701952723536,-0.18938551060882497,0,low
M00159,135.7,123.2,128.9,0.072,0.394,0.143,0,0.9078850405305823,-0.15235022729443265,0,medium
M00160,189.5,203.0,182.3,0.087,0.244,0.023,0,1.071240105540897,-0.13225221233598272,0,medium
M00161,110.9,116.8,102.2,0.062,0.243,0.127,0,1.0532010820559061,-0.1892947918193737,0,low
M00162,91.9,86.5,99.0,0.009,0.216,0.115,0,0.9412404787812839,-0.1637156122202228,0,low
M00163,132.5,141.3,144.9,0.012,0.355,0.284,0,1.0664150943396227,-0.08018341739717638,0,high
M00164,63.7,102.5,71.0,0.372,0.553,0.194,1,1.609105180533752,-0.006705594878177568,0,high
M00165,51.6,54.8,71.3,0.056,0.211,0.02,0,1.0620155038759689,-0.13566183984840663,0,medium
M00166,131.5,135.8,121.5,0.023,0.257,0.125,0,1.0326996197718632,-0.17708276389423783,0,low
M00167,36.3,56.7,41.9,0.516,0.648,0.158,1,1.5619834710743803,0.057141604774633925,1,high
M00168,127.0,130.8,125.3,0.08,0.167,0.034,0,1.0299212598425198,-0.1756105799647698,0,low
M00169,68.1,166.3,74.2,0.256,0.475,0.104,1,2.441997063142438,0.02501389772517948,1,high
M00170,132.9,132.5,128.0,0.003,0.224,0.066,0,0.9969902182091798,-0.15871269020235335,0,medium
M00171,60.6,59.3,59.1,0.007,0.238,0.236,0,0.9785478547854785,-0.07659054330288279,0,high
M00172,91.7,147.4,86.2,0.351,0.619,0.166,1,1.6074154852780806,0.004548135390218588,1,high
M00173,63.5,63.3,64.0,0.073,0.119,0.114,0,0.9968503937007873,-0.14462965334731476,0,medium
M00174,127.0,118.5,128.4,0.088,0.221,0.132,0,0.9330708661417323,-0.1762104425738184,0,low
M00175,191.4,180.1,203.5,0.094,0.255,0.25,0,0.9409613375130615,-0.06267190335772643,0,high
M00176,133.2,138.9,122.1,0.112,0.318,0.136,0,1.042792792792793,-0.1689162554532374,0,low
M00177,120.9,120.1,113.2,0.092,0.172,0.172,0,0.9933829611248965,-0.1673935969615002,0,low
M00178,46.4,52.2,34.4,0.03,0.28,0.023,0,1.125,-0.09426572982683795,0,high
M00179,146.6,152.6,137.6,0.107,0.393,0.137,0,1.0409276944065484,-0.15831675954151403,0,medium
M00180,107.4,109.2,115.0,0.009,0.397,0.02,0,1.0167597765363128,-0.1306016685648223,0,medium
M00181,192.1,200.0,203.2,0.064,0.254,0.096,0,1.041124414367517,-0.1294107501795546,0,medium
M00182,36.9,21.6,25.8,0.068,0.34,0.02,0,0.5853658536585367,-0.016803637132044802,0,high
M00183,123.6,119.1,126.8,0.119,0.136,0.077,0,0.9635922330097088,-0.148768637736914,0,medium
M00184,301.4,312.2,288.1,0.044,0.338,0.043,0,1.0358327803583278,0.03389020366948636,1,high
M00185,117.8,118.4,132.7,0.076,0.311,0.154,0,1.00509337860781,-0.18169859208027644,0,low
M00186,75.3,86.4,79.8,0.046,0.148,0.254,0,1.1474103585657371,-0.08480676978346818,0,high
M00187,67.9,70.4,69.3,0.065,0.292,0.084,0,1.036818851251841,-0.17840599106185112,0,low
M00188,45.1,48.4,62.3,0.1,0.104,0.125,0,1.073170731707317,-0.10691096040029707,0,high
M00189,56.3,68.7,54.6,0.106,0.212,0.077,0,1.2202486678507993,-0.11958942525778443,0,high
M00190,51.8,76.5,58.4,0.412,0.48,0.041,1,1.4768339768339769,-0.01111742947131722,0,high
M00191,33.5,34.7,33.6,0.007,0.293,0.125,0,1.0358208955223882,-0.07962463342438919,0,high
M00192,86.7,83.6,94.0,0.063,0.339,0.138,0,0.9642445213379468,-0.17999179229524426,0,low
M00193,80.1,83.8,76.6,0.062,0.165,0.13,0,1.0461922596754059,-0.1782747206647659,0,low
M00194,65.6,66.3,72.2,0.101,0.317,0.238,0,1.0106707317073171,-0.10860972467459462,0,high
M00195,113.9,102.7,108.4,0.055,0.143,0.146,0,0.9016681299385425,-0.15944888499060217,0,medium
M00196,271.1,264.8,255.8,0.118,0.225,0.055,0,0.9767613426779785,-0.010816572137172464,0,high
M00197,96.8,97.9,95.5,0.108,0.348,0.102,0,1.0113636363636365,-0.18244769311033593,0,low
M00198,89.3,87.3,86.8,0.082,0.129,0.139,0,0.9776035834266518,-0.16465852036070966,0,low
M00199,77.7,83.4,69.2,0.01,0.28,0.036,0,1.0733590733590734,-0.15995114661107201,0,medium
M00200,71.4,78.2,81.1,0.045,0.356,0.151,0,1.0952380952380951,-0.1643729387549946,0,low
M00201,76.6,76.0,76.5,0.046,0.263,0.02,0,0.9921671018276763,-0.16975716794243606,0,low
M00202,72.5,75.0,68.9,0.003,0.349,0.048,0,1.0344827586206897,-0.1461886420375939,0,medium
M00203,159.1,162.1,169.7,0.106,0.235,0.181,0,1.0188560653676932,-0.13972472485853044,0,medium
M00204,65.1,58.5,70.0,0.067,0.201,0.086,0,0.8986175115207374,-0.15975614308724068,0,medium
M00205,185.6,200.8,197.8,0.011,0.167,0.074,0,1.0818965517241381,-0.1079143775059887,0,high
M00206,61.4,72.4,68.3,0.044,0.225,0.025,0,1.1791530944625408,-0.1407324348272715,0,medium
M00207,105.2,113.0,94.0,0.024,0.192,0.064,0,1.0741444866920151,-0.1737346458416783,0,low
M00208,197.2,185.5,181.0,0.057,0.321,0.052,0,0.9406693711967546,-0.14021387070327168,0,medium
M00209,203.8,196.5,207.8,0.0,0.131,0.036,0,0.9641805691854759,-0.07374157066719544,0,high
M00210,206.9,215.7,190.9,0.007,0.135,0.18,0,1.042532624456259,-0.07569023393768198,0,high
M00211,108.4,242.1,100.4,0.17,0.361,0.112,1,2.2333948339483394,0.045435617177198906,1,high
M00212,103.7,106.4,94.3,0.031,0.134,0.081,0,1.026036644165863,-0.17124919566260294,0,low
M00213,95.2,112.0,102.2,0.078,0.386,0.049,0,1.1764705882352942,-0.15631722267201054,0,medium
M00214,214.1,216.0,224.9,0.066,0.377,0.135,0,1.0088743577767398,-0.08539089141628153,0,high
M00215,145.0,130.3,153.8,0.103,0.267,0.111,0,0.8986206896551725,-0.15916590577718343,0,medium
M00216,81.4,86.7,75.8,0.091,0.154,0.023,0,1.065110565110565,-0.1676241938000907,0,low
M00217,95.4,95.8,89.1,0.115,0.257,0.067,0,1.0041928721174003,-0.18025138309725675,0,low
M00218,146.8,145.1,144.6,0.064,0.388,0.084,0,0.9884196185286103,-0.16690454548028927,0,low
M00219,213.6,216.5,213.2,0.086,0.242,0.108,0,1.0135767790262173,-0.10917812827901752,0,high
M00220,47.1,42.3,47.0,0.022,0.178,0.022,0,0.8980891719745222,-0.09900998673306932,0,high
M00221,224.1,232.8,233.3,0.072,0.333,0.224,0,1.0388219544846051,-0.04090282412713331,0,high
M00222,50.3,50.5,60.2,0.073,0.27,0.071,0,1.0039761431411531,-0.15298905542273572,0,medium
M00223,77.6,75.0,77.8,0.011,0.392,0.02,0,0.9664948453608249,-0.13302583468745366,0,medium
M00224,152.1,158.4,143.9,0.042,0.16,0.02,0,1.0414201183431953,-0.14316648313890434,0,medium
M00225,47.7,49.8,37.9,0.011,0.386,0.089,0,1.0440251572327042,-0.105773607266815,0,high
M00226,73.0,73.1,77.1,0.058,0.292,0.116,0,1.0013698630136985,-0.17912578851807542,0,low
M00227,144.7,137.4,137.6,0.033,0.393,0.088,0,0.9495507947477541,-0.15807194143255188,0,medium
M00228,124.0,121.7,123.1,0.015,0.111,0.224,0,0.9814516129032258,-0.10260133136846195,0,high
M00229,202.5,199.2,205.5,0.004,0.356,0.177,0,0.9837037037037036,-0.0822775155314413,0,high
M00230,98.4,112.6,96.2,0.027,0.111,0.079,0,1.1443089430894309,-0.1325261159788404,0,medium
M00231,77.8,76.5,94.9,0.015,0.368,0.022,0,0.9832904884318766,-0.14450538856003736,0,medium
M00232,185.7,188.4,187.9,0.046,0.355,0.19,0,1.01453957996769,-0.12236910905732806,0,high
M00233,94.8,89.1,101.1,0.107,0.204,0.027,0,0.939873417721519,-0.16947135093870153,0,low
M00234,103.4,96.6,93.3,0.092,0.273,0.085,0,0.9342359767891681,-0.18685696942446733,0,low
M00235,274.5,279.9,277.2,0.016,0.187,0.066,0,1.019672131147541,-0.007662588032315676,0,high
M00236,89.1,85.8,104.6,0.076,0.369,0.06,0,0.962962962962963,-0.18020139053025613,0,low
M00237,122.3,126.1,115.9,0.041,0.333,0.144,0,1.0310711365494685,-0.17636036028557195,0,low
M00238,149.0,163.1,152.4,0.016,0.162,0.127,0,1.0946308724832214,-0.13013015347496054,0,medium
M00239,161.9,151.5,152.1,0.104,0.106,0.02,0,0.935762816553428,-0.10180877201359739,0,high
M00240,62.0,61.7,61.0,0.059,0.139,0.054,0,0.9951612903225807,-0.15710331976087427,0,medium
M00241,126.5,121.8,115.7,0.029,0.266,0.059,0,0.9628458498023715,-0.17722102676480722,0,low
M00242,168.9,169.0,157.4,0.103,0.256,0.022,0,1.000592066311427,-0.1564805032397535,0,medium
M00243,84.9,86.3,83.9,0.031,0.327,0.209,0,1.0164899882214369,-0.1442623942848416,0,medium
M00244,178.9,179.3,184.6,0.07,0.124,0.043,0,1.0022358859698155,-0.13246150214310842,0,medium
M00245,99.7,97.7,108.9,0.014,0.238,0.089,0,0.9799398194583752,-0.17869508692281977,0,low
M00246,137.4,143.6,128.1,0.104,0.374,0.068,0,1.0451237263464337,-0.1705576601769367,0,low
M00247,68.8,63.5,74.6,0.091,0.132,0.046,0,0.9229651162790699,-0.15367285271410502,0,medium
M00248,110.1,104.0,114.1,0.005,0.106,0.101,0,0.9445958219800182,-0.1271972770246675,0,medium
M00249,158.8,152.4,168.0,0.042,0.105,0.173,0,0.9596977329974811,-0.11027100757179348,0,high
M00250,180.2,185.4,181.7,0.019,0.182,0.052,0,1.0288568257491677,-0.1433291426680562,0,medium
M00251,50.9,47.2,65.1,0.041,0.134,0.074,0,0.9273084479371317,-0.12069438388104026,0,high
M00252,90.9,104.7,96.2,0.036,0.149,0.072,0,1.1518151815181519,-0.14651158035453438,0,medium
M00253,56.2,59.0,47.7,0.02,0.196,0.117,0,1.0498220640569393,-0.14118792152643883,0,medium
M00254,89.4,98.5,88.6,0.064,0.116,0.114,0,1.1017897091722595,-0.15962763428339244,0,medium
M00255,290.3,285.6,294.3,0.028,0.223,0.042,0,0.9838098518773682,0.037745836237253916,1,high
M00256,149.7,145.8,142.4,0.0,0.335,0.077,0,0.9739478957915834,-0.15199361848234,0,medium
M00257,47.9,98.4,54.0,0.286,0.695,0.033,1,2.0542797494780793,0.016518235314467278,1,high
M00258,83.2,86.4,89.5,0.062,0.325,0.022,0,1.0384615384615385,-0.17644254037606522,0,low
M00259,78.8,108.6,74.5,0.163,0.439,0.185,1,1.3781725888324874,-0.07965300469835646,0,high
M00260,59.5,105.4,56.3,0.351,0.362,0.111,1,1.7714285714285716,-0.03816831081063754,0,high
M00261,178.7,173.2,169.3,0.084,0.267,0.02,0,0.9692221600447678,-0.14410400684650781,0,medium
M00262,47.9,47.2,49.2,0.029,0.166,0.043,0,0.9853862212943634,-0.1267976983355526,0,medium
M00263,100.7,102.1,111.8,0.086,0.173,0.058,0,1.0139026812313803,-0.18540879593132303,0,low
M00264,63.6,74.5,65.4,0.003,0.282,0.101,0,1.171383647798742,-0.12203793750688158,0,high
M00265,138.3,136.1,149.1,0.038,0.276,0.058,0,0.9840925524222703,-0.1758491544160874,0,low
M00266,128.2,130.8,118.8,0.071,0.146,0.135,0,1.0202808112324495,-0.179000609026647,0,low
M00267,87.2,91.1,98.8,0.116,0.206,0.063,0,1.0447247706422018,-0.17546573066985954,0,low
M00268,89.6,80.2,81.9,0.001,0.371,0.044,0,0.8950892857142858,-0.13480159057911867,0,medium
M00269,63.7,92.0,52.8,0.213,0.492,0.069,1,1.444270015698587,-0.06442254240429668,0,high
M00270,115.3,130.6,122.9,0.043,0.16,0.037,0,1.1326973113616652,-0.14493001746636347,0,medium
M00271,67.6,67.4,75.4,0.019,0.126,0.193,0,0.9970414201183434,-0.11640503738091529,0,high
M00272,254.1,255.8,259.0,0.031,0.129,0.107,0,1.0066902794175523,-0.03846063696923596,0,high
M00273,60.6,46.6,63.7,0.113,0.238,0.023,0,0.768976897689769,-0.08313668483315362,0,high
M00274,42.8,29.5,41.1,0.055,0.251,0.035,0,0.6892523364485982,-0.059824371031400925,0,high
M00275,137.1,144.4,149.0,0.005,0.212,0.225,0,1.053245805981036,-0.11672953575538714,0,high
M00276,131.1,130.8,120.2,0.048,0.212,0.025,0,0.9977116704805493,-0.1768710687879695,0,low
M00277,79.3,82.4,82.6,0.1,0.164,0.17,0,1.0390920554854983,-0.16225023907434954,0,low
M00278,61.1,65.4,51.8,0.008,0.314,0.152,0,1.0703764320785598,-0.12477702654481898,0,medium
M00279,94.1,90.1,102.4,0.023,0.37,0.11,0,0.9574920297555791,-0.1727271077424275,0,low
M00280,85.6,94.3,94.3,0.07,0.323,0.103,0,1.1016355140186915,-0.18459296087085025,0,low
M00281,102.8,106.1,107.6,0.087,0.134,0.044,0,1.032101167315175,-0.17517995513590207,0,low
M00282,122.3,131.7,124.6,0.105,0.106,0.068,0,1.0768601798855273,-0.14063623173716105,0,medium
M00283,116.9,125.3,120.0,0.108,0.31,0.304,0,1.0718562874251496,-0.07856854424701393,0,high
M00284,86.5,82.8,93.8,0.113,0.186,0.142,0,0.9572254335260115,-0.15715330858753385,0,medium
M00285,83.5,87.0,89.1,0.024,0.373,0.05,0,1.0419161676646707,-0.16974558282610824,0,low
M00286,119.8,117.1,119.1,0.117,0.382,0.067,0,0.9774624373956594,-0.17090426486957938,0,low
M00287,126.1,130.2,135.1,0.046,0.312,0.06,0,1.0325138778747025,-0.18466063174995478,0,low
M00288,151.8,142.6,158.4,0.062,0.314,0.073,0,0.9393939393939393,-0.16903881123416126,0,low
M00289,100.0,85.2,103.8,0.065,0.193,0.125,0,0.852,-0.14385693580845704,0,medium
M00290,159.9,160.2,163.5,0.105,0.188,0.02,0,1.0018761726078798,-0.1360720977226998,0,medium
M00291,55.5,47.6,53.3,0.015,0.391,0.129,0,0.8576576576576577,-0.10225880906072082,0,high
M00292,28.3,58.3,33.5,0.379,0.405,0.242,1,2.060070671378092,0.04019708759021012,1,high
M00293,133.8,137.8,129.3,0.011,0.371,0.02,0,1.0298953662182362,-0.13824810570382884,0,medium
M00294,127.1,133.6,126.1,0.026,0.25,0.089,0,1.051140833988985,-0.18136468102002806,0,low
M00295,90.3,94.2,94.3,0.069,0.261,0.077,0,1.0431893687707643,-0.19750255807498923,0,low
M00296,175.3,181.9,179.3,0.001,0.293,0.125,0,1.0376497432972047,-0.13465500725960222,0,medium
M00297,85.9,86.4,67.8,0.023,0.385,0.078,0,1.0058207217694994,-0.16238675476108416,0,low
M00298,132.6,136.0,138.5,0.097,0.127,0.122,0,1.0256410256410258,-0.16160240636192974,0,low
M00299,327.5,322.7,340.3,0.02,0.204,0.088,0,0.9853435114503817,0.06535784793366173,1,high
M00300,68.9,65.9,66.3,0.041,0.296,0.03,0,0.9564586357039188,-0.16452822167015635,0,low
M00301,108.0,116.6,94.3,0.063,0.13,0.076,0,1.0796296296296295,-0.16873995039920836,0,low
M00302,79.9,73.6,81.5,0.058,0.152,0.069,0,0.9211514392991238,-0.17289123863298372,0,low
M00303,87.4,94.7,80.4,0.1,0.256,0.069,0,1.0835240274599542,-0.18472534161602017,0,low
M00304,26.0,42.5,27.7,0.23,0.414,0.033,1,1.6346153846153846,0.006642905045098679,1,high
M00305,43.7,82.3,30.6,0.487,0.479,0.122,1,1.883295194508009,0.01312743815001105,1,high
M00306,25.1,56.5,32.6,0.282,0.633,0.046,1,2.2509960159362548,0.055932135873198674,1,high
M00307,86.3,87.8,89.9,0.099,0.388,0.023,0,1.0173812282734647,-0.1675890705643468,0,low
M00308,58.2,55.5,61.1,0.023,0.319,0.141,0,0.9536082474226804,-0.15252874621954687,0,medium
M00309,144.3,150.5,136.7,0.029,0.143,0.105,0,1.0429660429660428,-0.16062199723922294,0,medium
M00310,81.2,83.2,80.0,0.018,0.116,0.181,0,1.0246305418719213,-0.13427432551609686,0,medium
M00311,81.3,81.7,72.1,0.117,0.203,0.149,0,1.0049200492004922,-0.15326086690579843,0,medium
M00312,162.3,163.6,166.2,0.016,0.286,0.128,0,1.0080098582871224,-0.1553659791975422,0,medium
M00313,161.6,160.9,158.0,0.114,0.185,0.201,0,0.9956683168316832,-0.1152235100276966,0,high
M00314,44.6,45.6,38.4,0.072,0.237,0.165,0,1.0224215246636772,-0.12159646823167847,0,high
M00315,101.0,109.5,102.4,0.077,0.315,0.137,0,1.0841584158415842,-0.18635593152083424,0,low
M00316,63.4,116.9,60.6,0.514,0.537,0.11,1,1.8438485804416405,0.018289153462230368,1,high
M00317,110.9,110.6,99.7,0.07,0.337,0.058,0,0.9972948602344454,-0.18208772203796814,0,low
M00318,132.7,134.3,125.0,0.051,0.248,0.125,0,1.0120572720422005,-0.18225442781722395,0,low
M00319,172.5,172.1,189.5,0.098,0.132,0.155,0,0.9976811594202898,-0.13370038246726124,0,medium
M00320,76.9,73.6,86.0,0.078,0.239,0.24,0,0.9570871261378412,-0.10897882926493718,0,high
M00321,122.1,135.5,132.9,0.105,0.216,0.153,0,1.1097461097461099,-0.146089904061931,0,medium
M00322,37.0,75.4,25.9,0.293,0.65,0.116,1,2.037837837837838,0.020695820366695927,1,high
M00323,52.3,117.5,49.5,0.265,0.407,0.109,1,2.2466539196940727,-0.012442948396996223,0,high
M00324,141.7,140.4,146.5,0.065,0.141,0.109,0,0.9908256880733947,-0.16443133081330452,0,low
M00325,143.9,155.8,141.5,0.098,0.385,0.204,0,1.082696316886727,-0.13021317255305537,0,medium
M00326,203.5,212.8,191.3,0.038,0.278,0.094,0,1.0457002457002458,-0.13355896176904136,0,medium
M00327,181.1,186.8,177.1,0.031,0.354,0.048,0,1.0314743235781336,-0.14578672520222846,0,medium
M00328,58.4,123.7,48.3,0.514,0.628,0.204,1,2.118150684931507,0.06776219135215578,1,high
M00329,200.5,214.5,199.6,0.029,0.244,0.022,0,1.0698254364089776,-0.09525980086596386,0,high
M00330,137.6,134.4,135.6,0.075,0.272,0.044,0,0.9767441860465117,-0.17935353267747478,0,low
M00331,112.2,119.1,95.6,0.082,0.203,0.151,0,1.0614973262032086,-0.17073953037873413,0,low
M00332,68.3,118.5,69.8,0.271,0.597,0.185,1,1.7349926793557833,-0.01616706658089495,0,high
M00333,222.3,218.0,222.3,0.043,0.224,0.285,0,0.9806567701304543,-0.021256325321253655,0,high
M00334,78.8,84.4,83.6,0.06,0.196,0.063,0,1.071065989847716,-0.1805325148068705,0,low
M00335,75.2,78.9,76.8,0.046,0.326,0.102,0,1.0492021276595744,-0.18107902033646645,0,low
M00336,135.1,129.5,135.2,0.055,0.358,0.043,0,0.9585492227979275,-0.16681068722837267,0,low
M00337,160.7,168.9,163.5,0.089,0.221,0.02,0,1.0510267579340387,-0.15033139144132796,0,medium
M00338,221.9,218.6,216.6,0.037,0.388,0.232,0,0.9851284362325371,-0.03411965519275295,0,high
M00339,132.3,130.1,140.2,0.108,0.265,0.08,0,0.9833711262282689,-0.1755451478473833,0,low
M00340,195.4,187.6,205.9,0.024,0.281,0.196,0,0.9600818833162742,-0.09051115516098057,0,high
M00341,63.6,62.1,66.5,0.099,0.175,0.151,0,0.9764150943396226,-0.14833606871367633,0,medium
M00342,148.5,149.7,134.0,0.007,0.13,0.023,0,1.008080808080808,-0.12124428162724254,0,high
M00343,137.9,140.2,143.1,0.025,0.304,0.029,0,1.0166787527193617,-0.1663902614013834,0,low
M00344,102.3,90.4,94.1,0.102,0.39,0.02,0,0.8836754643206257,-0.13673290199501775,0,medium
M00345,134.2,115.9,125.4,0.056,0.206,0.154,0,0.8636363636363638,-0.14842989068021734,0,medium
M00346,57.0,63.0,64.2,0.07,0.122,0.084,0,1.105263157894737,-0.13573192985842286,0,medium
M00347,189.2,181.0,183.4,0.018,0.301,0.11,0,0.9566596194503172,-0.13906443550225955,0,medium
M00348,85.9,89.8,90.8,0.076,0.395,0.198,0,1.0454016298020954,-0.1416514238447309,0,medium
M00349,189.6,187.6,199.1,0.101,0.389,0.197,0,0.989451476793249,-0.09433922116341431,0,high
M00350,185.3,180.1,172.9,0.058,0.308,0.13,0,0.971937398812736,-0.1536659534295562,0,medium
M00351,173.0,163.9,165.5,0.114,0.254,0.049,0,0.9473988439306359,-0.15247092493031705,0,medium
M00352,60.3,52.4,57.3,0.024,0.24,0.113,0,0.8689883913764511,-0.14144754731839404,0,medium
M00353,115.5,121.8,110.6,0.072,0.217,0.032,0,1.0545454545454545,-0.1865621330858705,0,low
M00354,185.6,188.1,193.9,0.036,0.322,0.126,0,1.0134698275862069,-0.14934558782906382,0,medium
M00355,72.4,69.2,63.6,0.058,0.321,0.09,0,0.9558011049723757,-0.1694327614102598,0,low
M00356,133.0,237.9,124.3,0.502,0.455,0.088,1,1.7887218045112783,0.06921864248836884,1,high
M00357,57.3,55.1,58.5,0.064,0.34,0.079,0,0.9616055846422339,-0.15809189400935314,0,medium
M00358,185.5,174.2,192.7,0.078,0.284,0.096,0,0.9390835579514825,-0.15308819137106439,0,medium
M00359,57.3,58.1,55.2,0.01,0.365,0.098,0,1.0139616055846423,-0.14005687044409892,0,medium
M00360,132.9,132.1,129.6,0.036,0.213,0.02,0,0.9939804364183595,-0.1648113665353635,0,low
M00361,73.5,72.9,59.5,0.084,0.115,0.129,0,0.9918367346938777,-0.14089072898886318,0,medium
M00362,100.1,96.6,104.2,0.099,0.385,0.045,0,0.965034965034965,-0.17927638420050013,0,low
M00363,88.6,82.7,103.4,0.039,0.17,0.168,0,0.9334085778781039,-0.15692262675794588,0,medium
M00364,145.3,147.2,150.2,0.034,0.266,0.103,0,1.0130763936682723,-0.17949807258403278,0,low
M00365,168.0,162.1,156.2,0.089,0.16,0.115,0,0.9648809523809524,-0.154350842300156,0,medium
M00366,294.6,303.0,286.6,0.03,0.31,0.042,0,1.0285132382892057,0.020140128693789006,1,high
M00367,47.3,44.3,42.5,0.009,0.259,0.308,0,0.9365750528541226,-0.00730430993196296,0,high
M00368,98.1,93.9,104.3,0.107,0.218,0.02,0,0.9571865443425077,-0.16316292928458548,0,low
M00369,82.9,83.6,83.9,0.003,0.328,0.02,0,1.008443908323281,-0.13374877472382446,0,medium
M00370,54.5,66.6,62.7,0.074,0.293,0.149,0,1.2220183486238532,-0.12601298737025934,0,medium
M00371,181.5,181.1,175.5,0.082,0.182,0.058,0,0.9977961432506887,-0.154780207215933,0,medium
M00372,150.8,174.8,151.3,0.013,0.243,0.149,0,1.1591511936339522,-0.11370556776489776,0,high
M00373,155.7,161.8,145.1,0.065,0.397,0.063,0,1.0391779062299296,-0.16133806841912868,0,medium
M00374,142.1,140.8,137.1,0.069,0.304,0.021,0,0.9908515130190009,-0.16612135348122153,0,low
M00375,51.6,89.6,46.4,0.473,0.672,0.073,1,1.7364341085271315,0.0134153585871567,1,high
M00376,54.8,63.7,43.6,0.023,0.101,0.096,0,1.1624087591240877,-0.0912282409622247,0,high
M00377,49.6,92.5,58.8,0.305,0.424,0.174,1,1.8649193548387095,-0.028857847252324542,0,high
M00378,107.9,104.9,109.1,0.071,0.244,0.022,0,0.9721964782205746,-0.18233490314705691,0,low
M00379,260.3,257.6,254.8,0.011,0.131,0.187,0,0.9896273530541683,-0.007678961119620076,0,high
M00380,81.1,93.0,81.3,0.101,0.172,0.022,0,1.1467324290998768,-0.13968928470052838,0,medium
M00381,239.0,223.8,240.1,0.063,0.175,0.073,0,0.9364016736401675,-0.06152847327503963,0,high
M00382,97.1,104.8,92.7,0.097,0.4,0.029,0,1.0792996910401649,-0.1681175872180375,0,low
M00383,55.8,52.0,58.5,0.092,0.102,0.022,0,0.931899641577061,-0.10087024677609918,0,high
M00384,72.2,62.4,82.0,0.093,0.391,0.055,0,0.8642659279778393,-0.15600994093168374,0,medium
M00385,64.9,63.7,71.4,0.045,0.196,0.126,0,0.9815100154083205,-0.16372034616992637,0,low
M00386,166.1,173.0,178.1,0.054,0.122,0.098,0,1.041541240216737,-0.14192732388591428,0,medium
M00387,82.7,95.3,74.2,0.114,0.207,0.108,0,1.1523579201934704,-0.14760635174396253,0,medium
M00388,186.2,189.3,200.3,0.009,0.279,0.102,0,1.0166487647690656,-0.12076532809310042,0,high
M00389,153.2,156.9,152.7,0.015,0.14,0.09,0,1.0241514360313317,-0.14941549025312267,0,medium
M00390,130.3,139.7,135.0,0.095,0.391,0.131,0,1.072141212586339,-0.165943049502138,0,low
M00391,81.1,81.5,90.5,0.075,0.363,0.06,0,1.0049321824907522,-0.18013198679682269,0,low
M00392,92.9,99.3,91.7,0.072,0.108,0.04,0,1.068891280947255,-0.15774951017548855,0,medium
M00393,83.5,79.8,92.6,0.066,0.18,0.217,0,0.955688622754491,-0.1302957711599903,0,medium
M00394,76.4,81.0,72.9,0.008,0.304,0.251,0,1.0602094240837696,-0.09141553726707446,0,high
M00395,58.2,62.3,54.8,0.047,0.303,0.069,0,1.070446735395189,-0.1555872385545069,0,medium
M00396,131.8,142.5,125.7,0.087,0.358,0.063,0,1.081183611532625,-0.17047840832710687,0,low
M00397,33.7,27.8,33.2,0.028,0.253,0.232,0,0.8249258160237388,-0.015156938817191046,0,high
M00398,257.0,270.0,256.6,0.095,0.263,0.081,0,1.0505836575875487,-0.04483742026956994,0,high
M00399,153.8,160.5,166.8,0.06,0.308,0.079,0,1.043563068920676,-0.1699443558653384,0,low
M00400,129.1,121.7,135.5,0.074,0.248,0.111,0,0.9426800929512007,-0.18285702237558743,0,low
M00401,125.8,133.4,133.7,0.086,0.361,0.075,0,1.0604133545310017,-0.1793675492766622,0,low
M00402,53.7,99.5,54.1,0.411,0.446,0.11,1,1.8528864059590315,-0.010462490207043373,0,high
M00403,111.7,121.4,105.0,0.078,0.148,0.312,0,1.0868397493285586,-0.05956945277728365,0,high
M00404,30.4,44.2,37.1,0.105,0.33,0.02,0,1.4539473684210529,-0.037398094566698514,0,high
M00405,92.7,98.0,91.5,0.07,0.205,0.02,0,1.0571736785329018,-0.1725147608885238,0,low
M00406,179.4,178.1,180.6,0.044,0.31,0.107,0,0.9927536231884058,-0.15720368065127133,0,medium
M00407,109.1,107.0,107.8,0.023,0.28,0.02,0,0.9807516040329973,-0.16391290644542994,0,low
M00408,214.0,231.0,217.3,0.098,0.346,0.091,0,1.0794392523364487,-0.08575740351048478,0,high
M00409,177.5,175.3,172.9,0.119,0.277,0.134,0,0.987605633802817,-0.13496947229809125,0,medium
M00410,58.1,55.2,67.0,0.099,0.245,0.02,0,0.9500860585197934,-0.13465405871770014,0,medium
M00411,106.0,110.2,109.8,0.095,0.264,0.02,0,1.039622641509434,-0.17342528327020373,0,low
M00412,42.2,41.5,40.2,0.046,0.103,0.155,0,0.9834123222748814,-0.09392529152093226,0,high
M00413,115.4,115.9,110.5,0.014,0.305,0.156,0,1.0043327556325823,-0.17362564556167442,0,low
M00414,51.2,54.7,62.9,0.102,0.159,0.065,0,1.068359375,-0.1397291382827649,0,medium
M00415,230.2,224.4,224.7,0.117,0.291,0.163,0,0.9748045178105995,-0.06267381056421883,0,high
M00416,60.3,60.1,52.6,0.003,0.133,0.075,0,0.9966832504145937,-0.11543619393313437,0,high
M00417,105.4,101.8,104.8,0.072,0.36,0.047,0,0.9658444022770397,-0.18016577286035484,0,low
M00418,71.5,121.7,62.4,0.287,0.382,0.101,1,1.7020979020979021,-0.04981483591992364,0,high
M00419,115.2,118.6,120.2,0.041,0.285,0.059,0,1.0295138888888888,-0.18884117361656538,0,low
M00420,85.1,87.6,79.5,0.012,0.137,0.028,0,1.0293772032902468,-0.14511633318859973,0,medium
M00421,76.4,77.6,77.6,0.096,0.342,0.065,0,1.0157068062827224,-0.18290574238194146,0,low
M00422,168.8,168.2,177.5,0.043,0.192,0.136,0,0.9964454976303316,-0.15251099127723577,0,medium
M00423,219.4,210.7,217.5,0.025,0.188,0.117,0,0.9603463992707383,-0.08281559133699717,0,high
M00424,122.2,124.1,118.7,0.05,0.386,0.25,0,1.0155482815057282,-0.11364592801080758,0,high
M00425,65.0,112.5,76.4,0.295,0.483,0.117,1,1.7307692307692308,-0.043694341397047864,0,high
M00426,87.4,90.8,97.6,0.114,0.166,0.145,0,1.0389016018306636,-0.15463269571078686,0,medium
M00427,104.9,109.7,106.6,0.028,0.33,0.105,0,1.0457578646329837,-0.18397922578438375,0,low
M00428,140.1,142.3,147.0,0.024,0.117,0.123,0,1.0157030692362599,-0.14944273857178048,0,medium
M00429,224.9,229.6,230.1,0.047,0.201,0.126,0,1.0208981769675411,-0.08189484906327499,0,high
M00430,46.3,38.5,48.0,0.004,0.399,0.037,0,0.8315334773218143,-0.05196657503115254,0,high
M00431,125.3,192.3,132.8,0.432,0.605,0.242,1,1.5347166799680767,0.06426201435391221,1,high
M00432,136.2,148.6,145.4,0.013,0.2,0.117,0,1.091042584434655,-0.15733226203716633,0,medium
M00433,83.7,85.9,92.3,0.085,0.174,0.135,0,1.026284348864994,-0.17136752426449486,0,low
M00434,137.2,128.6,124.6,0.065,0.317,0.081,0,0.9373177842565598,-0.17451437779298973,0,low
M00435,143.3,155.8,153.4,0.017,0.155,0.02,0,1.0872295882763434,-0.11985944573991503,0,high
M00436,81.9,84.3,78.5,0.08,0.28,0.141,0,1.0293040293040292,-0.18152797010625954,0,low
M00437,115.2,126.3,112.4,0.104,0.393,0.222,0,1.0963541666666665,-0.12286601959869509,0,high
M00438,116.1,115.3,111.1,0.025,0.142,0.136,0,0.9931093884582257,-0.16921320727352912,0,low
M00439,177.9,178.6,169.8,0.029,0.387,0.036,0,1.0039347948285553,-0.13502303823682854,0,medium
M00440,290.7,291.2,292.6,0.085,0.243,0.121,0,1.00171998624011,0.012702253569553124,1,high
M00441,133.6,134.1,135.1,0.008,0.135,0.281,0,1.0037425149700598,-0.06793840696939168,0,high
M00442,102.1,101.3,91.4,0.015,0.347,0.1,0,0.9921645445641528,-0.17337537509178602,0,low
M00443,95.1,90.6,85.7,0.046,0.31,0.091,0,0.9526813880126183,-0.18855826000411086,0,low
M00444,61.4,60.0,65.5,0.099,0.179,0.138,0,0.9771986970684039,-0.15053143551465015,0,medium
M00445,112.0,107.3,124.4,0.043,0.103,0.058,0,0.9580357142857142,-0.14419936159713914,0,medium
M00446,157.0,156.3,159.2,0.023,0.182,0.075,0,0.9955414012738855,-0.16387427321780584,0,low
M00447,125.6,135.3,124.9,0.064,0.134,0.055,0,1.0772292993630574,-0.1614732844908192,0,medium
M00448,77.3,81.0,87.0,0.085,0.3,0.136,0,1.0478654592496766,-0.1822116508305731,0,low
M00449,69.6,77.9,67.9,0.116,0.156,0.049,0,1.1192528735632186,-0.14743535034987776,0,medium
M00450,304.0,307.3,319.1,0.041,0.235,0.145,0,1.0108552631578949,0.04780301361974593,1,high
M00451,173.0,174.8,189.3,0.024,0.131,0.02,0,1.0104046242774567,-0.11019862072215109,0,high
M00452,76.3,81.1,66.2,0.098,0.387,0.073,0,1.0629095674967235,-0.17144384176481214,0,low
M00453,66.5,70.0,68.7,0.05,0.199,0.024,0,1.0526315789473684,-0.16592353342148686,0,low
M00454,194.7,192.1,193.7,0.028,0.365,0.144,0,0.9866461222393426,-0.12807914488954852,0,medium
M00455,146.1,149.3,140.9,0.117,0.145,0.077,0,1.021902806297057,-0.15504166432287902,0,medium
M00456,87.9,90.0,88.8,0.107,0.236,0.022,0,1.023890784982935,-0.17191677393929694,0,low
M00457,209.7,214.1,218.5,0.021,0.242,0.055,0,1.0209823557463042,-0.10805562793548057,0,high
M00458,130.1,145.6,128.9,0.097,0.289,0.121,0,1.1191391237509607,-0.1570733748208471,0,medium
M00459,152.6,145.0,135.1,0.022,0.128,0.147,0,0.9501965923984272,-0.14114564383742684,0,medium
M00460,201.0,204.8,191.0,0.107,0.285,0.072,0,1.018905472636816,-0.13725479614935027,0,medium
M00461,102.5,132.5,109.9,0.195,0.633,0.18,1,1.2926829268292683,-0.022443259529798976,0,high
M00462,103.4,102.6,98.6,0.113,0.215,0.022,0,0.9922630560928433,-0.17053262171705652,0,low
M00463,82.5,91.2,81.1,0.035,0.233,0.061,0,1.1054545454545455,-0.16890152743075787,0,low
M00464,136.3,133.3,133.2,0.067,0.131,0.204,0,0.9779897285399853,-0.13983566354374893,0,medium
M00465,72.4,81.0,69.3,0.083,0.361,0.033,0,1.1187845303867403,-0.16009914157293365,0,medium
M00466,88.5,92.8,74.3,0.021,0.294,0.093,0,1.048587570621469,-0.17889442697452124,0,low
M00467,101.9,102.7,90.7,0.055,0.158,0.057,0,1.0078508341511285,-0.18581477319378226,0,low
M00468,105.3,101.0,105.1,0.034,0.184,0.023,0,0.9591642924976258,-0.1622143490462874,0,low
M00469,144.0,140.2,145.3,0.022,0.237,0.05,0,0.973611111111111,-0.1712840099439905,0,low
M00470,32.1,27.8,46.9,0.028,0.269,0.236,0,0.8660436137071651,-0.02790253535871856,0,high
M00471,111.3,116.3,115.3,0.061,0.223,0.038,0,1.04492362982929,-0.18148205673929407,0,low
M00472,32.5,68.3,33.2,0.344,0.499,0.104,1,2.1015384615384614,0.008482941473494487,1,high
M00473,191.8,183.7,199.2,0.109,0.123,0.101,0,0.9577685088633993,-0.1021109618258258,0,high
M00474,96.4,120.4,98.4,0.212,0.42,0.144,1,1.2489626556016598,-0.09340663939954907,0,high
M00475,361.9,356.4,364.3,0.106,0.22,0.064,0,0.9848024316109423,0.08314524502413223,1,high
M00476,69.6,67.8,72.9,0.073,0.251,0.196,0,0.9741379310344828,-0.14133671572701267,0,medium
M00477,65.5,128.5,64.9,0.43,0.607,0.221,1,1.9618320610687023,0.028953665018854546,1,high
M00478,153.4,160.0,151.9,0.078,0.33,0.022,0,1.0430247718383312,-0.15819912075949322,0,medium
M00479,91.0,106.4,87.2,0.069,0.172,0.054,0,1.1692307692307693,-0.15490768619574524,0,medium
M00480,76.6,79.3,66.0,0.085,0.312,0.129,0,1.035248041775457,-0.181787819048299,0,low
M00481,51.1,122.5,29.4,0.364,0.418,0.083,1,2.3972602739726026,0.025161361189717124,1,high
M00482,68.4,70.0,69.2,0.059,0.376,0.111,0,1.023391812865497,-0.16624065436347252,0,low
M00483,70.0,73.2,58.0,0.114,0.117,0.03,0,1.0457142857142858,-0.14122873456640306,0,medium
M00484,88.9,101.8,108.2,0.089,0.225,0.06,0,1.1451068616422946,-0.16690296497065282,0,low
M00485,285.4,287.7,276.2,0.053,0.336,0.115,0,1.0080588647512263,-0.006314280872095512,0,high
M00486,48.7,94.3,50.6,0.257,0.591,0.121,1,1.9363449691991785,-0.02451782398227631,0,high
M00487,125.1,133.5,119.9,0.008,0.21,0.061,0,1.0671462829736211,-0.15865983911769937,0,medium
M00488,113.1,118.0,106.8,0.039,0.209,0.132,0,1.0433244916003537,-0.1802666936153634,0,low
M00489,168.7,183.4,168.5,0.078,0.28,0.093,0,1.087136929460581,-0.14848736816308816,0,medium
M00490,125.0,121.5,128.8,0.055,0.3,0.209,0,0.972,-0.15540012908718548,0,medium
M00491,74.2,147.1,53.0,0.381,0.534,0.084,1,1.9824797843665767,0.010844062884596939,1,high
M00492,116.7,116.0,118.3,0.057,0.117,0.134,0,0.9940017137960583,-0.16843411026952593,0,low
M00493,135.9,128.4,144.0,0.035,0.22,0.079,0,0.9448123620309051,-0.16764534120234914,0,low
M00494,70.5,67.9,86.7,0.11,0.154,0.109,0,0.9631205673758866,-0.15872329264416346,0,medium
M00495,87.0,93.5,83.7,0.026,0.111,0.08,0,1.0747126436781609,-0.1475211563210141,0,medium
M00496,178.8,179.1,186.4,0.016,0.268,0.079,0,1.001677852348993,-0.14738551065218225,0,medium
M00497,80.1,91.1,90.8,0.019,0.309,0.02,0,1.1373283395755307,-0.13504021530592414,0,medium
M00498,100.5,96.0,96.6,0.109,0.159,0.045,0,0.9552238805970149,-0.1705890851358972,0,low
M00499,96.6,98.7,94.1,0.114,0.315,0.149,0,1.0217391304347827,-0.17345234103569285,0,low
M00500,72.5,78.0,68.4,0.02,0.147,0.112,0,1.0758620689655172,-0.14584847481590213,0,medium
M00501,202.0,194.4,209.8,0.041,0.399,0.16,0,0.9623762376237625,-0.09077545232620732,0,high
M00502,272.5,270.9,274.2,0.088,0.128,0.129,0,0.9941284403669723,-0.0069262911770441304,0,high
M00503,128.9,135.5,132.7,0.01,0.196,0.054,0,1.0512024825446082,-0.16628428354457825,0,low
M00504,56.1,82.8,57.8,0.447,0.678,0.065,1,1.4759358288770053,0.02001625180430444,1,high
M00505,99.8,96.8,95.4,0.069,0.273,0.044,0,0.969939879759519,-0.19021134542183377,0,low
M00506,101.9,87.8,101.9,0.08,0.198,0.085,0,0.8616290480863591,-0.1641053643977749,0,low
M00507,154.7,157.1,160.2,0.02,0.37,0.15,0,1.015513897866839,-0.15210085660036893,0,medium
M00508,312.7,325.5,306.9,0.117,0.339,0.078,0,1.0409338023664856,0.05820465583703971,1,high
M00509,25.0,67.5,25.2,0.314,0.508,0.066,1,2.7,0.05680024924253613,1,high
M00510,227.5,230.3,227.8,0.09,0.373,0.097,0,1.0123076923076924,-0.08034062225225286,0,high
M00511,49.1,84.0,52.7,0.368,0.503,0.108,1,1.710794297352342,-0.03331089586643032,0,high
M00512,122.1,124.1,125.6,0.031,0.355,0.278,0,1.0163800163800163,-0.08992981775648445,0,high
M00513,191.2,199.9,199.3,0.008,0.222,0.031,0,1.0455020920502094,-0.10079771117743552,0,high
M00514,91.0,93.1,99.1,0.015,0.31,0.041,0,1.023076923076923,-0.1737948048348006,0,low
M00515,49.7,56.9,47.7,0.095,0.129,0.026,0,1.1448692152917503,-0.11229288945581672,0,high
M00516,250.8,260.5,242.0,0.054,0.191,0.12,0,1.038676236044657,-0.05141295666408341,0,high
M00517,92.4,87.9,95.4,0.025,0.369,0.02,0,0.9512987012987013,-0.14995193575207016,0,medium
M00518,113.6,99.6,121.5,0.065,0.352,0.114,0,0.8767605633802816,-0.16288550007180563,0,low
M00519,104.5,94.6,100.4,0.004,0.329,0.02,0,0.9052631578947368,-0.12325451786169384,0,high
M00520,140.9,149.5,149.2,0.058,0.192,0.045,0,1.0610361958836054,-0.1656756330002352,0,low
M00521,162.1,173.0,163.3,0.109,0.124,0.18,0,1.067242442936459,-0.11532740338238961,0,high
M00522,108.7,99.3,110.0,0.035,0.202,0.02,0,0.9135234590616375,-0.15764681025910127,0,medium
M00523,35.2,41.3,33.0,0.089,0.138,0.02,0,1.1732954545454544,-0.05872915267323775,0,high
M00524,38.0,30.8,28.6,0.055,0.219,0.034,0,0.8105263157894737,-0.0653170765268467,0,high
M00525,154.6,163.1,156.8,0.018,0.195,0.094,0,1.054980595084088,-0.15702601651646336,0,medium
M00526,91.9,123.1,89.8,0.248,0.599,0.176,1,1.339499455930359,-0.030577523304032517,0,high
M00527,112.1,114.9,103.9,0.005,0.313,0.044,0,1.024977698483497,-0.1530181058487694,0,medium
M00528,148.3,134.9,139.2,0.107,0.302,0.071,0,0.9096426163182737,-0.1624181967884712,0,low
M00529,66.1,60.8,54.7,0.001,0.101,0.029,0,0.9198184568835098,-0.10040579875629857,0,high
M00530,149.2,147.5,144.2,0.01,0.28,0.258,0,0.9886058981233244,-0.109214472581244,0,high
M00531,106.9,114.5,112.2,0.018,0.274,0.056,0,1.0710944808231992,-0.17602287470171601,0,low
M00532,49.9,95.2,44.0,0.464,0.402,0.193,1,1.9078156312625252,0.006530603297424609,1,high
M00533,103.1,98.6,104.7,0.061,0.356,0.079,0,0.95635305528613,-0.1803316485233491,0,low
M00534,203.0,201.6,198.3,0.012,0.216,0.02,0,0.993103448275862,-0.09680415718954066,0,high
M00535,133.6,141.0,137.4,0.101,0.151,0.058,0,1.0553892215568863,-0.1680240024771517,0,low
M00536,52.5,47.6,42.7,0.045,0.323,0.103,0,0.9066666666666667,-0.132339283045812,0,medium
M00537,92.1,94.5,105.8,0.031,0.235,0.071,0,1.0260586319218241,-0.18327004517441176,0,low
M00538,82.2,84.3,78.3,0.04,0.202,0.086,0,1.0255474452554745,-0.1850194084787516,0,low
M00539,72.2,82.1,56.1,0.118,0.271,0.214,0,1.1371191135734071,-0.09844589313732238,0,high
M00540,63.1,92.5,52.1,0.371,0.649,0.112,1,1.4659270998415213,-0.010285218538489849,0,high
M00541,55.9,51.5,51.9,0.015,0.177,0.104,0,0.9212880143112702,-0.12397449772965713,0,medium
M00542,184.2,179.1,176.4,0.018,0.193,0.173,0,0.9723127035830619,-0.12874379631755345,0,medium
M00543,93.1,87.4,87.1,0.036,0.244,0.043,0,0.9387755102040818,-0.17962183794795838,0,low
M00544,92.4,93.1,103.4,0.117,0.374,0.117,0,1.0075757575757573,-0.17111138621719407,0,low
M00545,110.6,120.5,112.6,0.093,0.239,0.171,0,1.0895117540687163,-0.17185163019548466,0,low
M00546,154.3,163.5,159.9,0.089,0.301,0.155,0,1.0596241088788074,-0.16199546520169605,0,low
M00547,177.7,166.4,171.6,0.097,0.366,0.131,0,0.9364096792346652,-0.14891391965900425,0,medium
M00548,103.2,91.3,102.9,0.022,0.387,0.02,0,0.8846899224806201,-0.12976093720226944,0,medium
M00549,42.5,43.0,46.2,0.021,0.102,0.102,0,1.011764705882353,-0.10443717561599453,0,high
M00550,103.3,108.7,97.8,0.017,0.257,0.02,0,1.0522749273959342,-0.16156047356028203,0,low
M00551,173.7,172.9,178.2,0.05,0.281,0.084,0,0.9953943580886587,-0.16352214543867527,0,low
M00552,148.7,149.8,145.2,0.1,0.163,0.078,0,1.0073974445191662,-0.1734272157247872,0,low
M00553,222.5,222.8,225.1,0.057,0.369,0.185,0,1.0013483146067417,-0.06867945847512091,0,high
M00554,59.7,65.1,57.2,0.021,0.162,0.053,0,1.0904522613065326,-0.1414152836444313,0,medium
M00555,133.9,126.7,130.5,0.058,0.37,0.276,0,0.9462285287528006,-0.08591720716753104,0,high
M00556,115.0,112.6,117.5,0.092,0.255,0.288,0,0.9791304347826086,-0.09332197224938515,0,high
M00557,103.5,103.5,91.6,0.104,0.196,0.088,0,1.0,-0.18683009832812397,0,low
M00558,173.0,170.1,162.3,0.055,0.301,0.101,0,0.9832369942196532,-0.16771967632110013,0,low
M00559,163.2,155.7,172.4,0.051,0.397,0.02,0,0.9540441176470589,-0.11988262669453448,0,high
M00560,147.8,146.2,151.7,0.111,0.253,0.148,0,0.9891745602165086,-0.1610865612019421,0,medium
M00561,52.3,51.5,43.4,0.082,0.208,0.059,0,0.9847036328871893,-0.13806332825426215,0,medium
M00562,178.8,184.4,178.3,0.068,0.272,0.056,0,1.0313199105145414,-0.1607432104588587,0,medium
M00563,128.9,135.4,121.7,0.092,0.328,0.096,0,1.0504266873545385,-0.18333106149731454,0,low
M00564,112.3,120.4,115.2,0.083,0.172,0.2,0,1.0721282279608193,-0.15316121270340594,0,medium
M00565,161.5,166.7,163.8,0.06,0.323,0.043,0,1.0321981424148605,-0.16818486632051222,0,low
M00566,72.3,69.5,74.7,0.01,0.354,0.183,0,0.9612724757952974,-0.13116528259386245,0,medium
M00567,92.2,101.5,94.9,0.064,0.163,0.192,0,1.1008676789587852,-0.14712259355832324,0,medium
M00568,30.9,40.9,28.6,0.024,0.322,0.123,0,1.3236245954692556,-0.06924259480616646,0,high
M00569,76.4,72.2,60.3,0.113,0.244,0.036,0,0.9450261780104712,-0.16149266602118634,0,medium
M00570,166.2,167.6,162.7,0.072,0.272,0.038,0,1.0084235860409145,-0.16789683524653454,0,low
M00571,135.4,156.2,139.4,0.081,0.262,0.03,0,1.1536189069423928,-0.1488657864056268,0,medium
M00572,29.0,33.7,20.8,0.01,0.285,0.023,0,1.1620689655172414,-0.04746635985352876,0,high
M00573,91.1,80.9,94.3,0.029,0.288,0.088,0,0.8880351262349068,-0.16925237800517234,0,low
M00574,121.5,125.5,136.7,0.114,0.316,0.123,0,1.0329218106995885,-0.1657627375747216,0,low
M00575,102.0,85.5,95.3,0.046,0.101,0.163,0,0.8382352941176471,-0.09962382144473042,0,high
M00576,203.2,206.7,208.0,0.042,0.123,0.061,0,1.017224409448819,-0.10076027659540643,0,high
M00577,121.8,126.1,132.2,0.052,0.184,0.052,0,1.035303776683087,-0.17725070746641725,0,low
M00578,96.2,89.6,94.6,0.117,0.158,0.117,0,0.9313929313929313,-0.16021569299631155,0,medium
M00579,116.1,112.1,107.1,0.023,0.268,0.059,0,0.9655469422911284,-0.17843874828853523,0,low
M00580,81.5,83.5,73.3,0.042,0.166,0.131,0,1.0245398773006136,-0.17233261901496366,0,low
M00581,65.2,70.8,78.1,0.062,0.113,0.232,0,1.0858895705521472,-0.09345070041217407,0,high
M00582,169.7,181.2,165.3,0.066,0.161,0.107,0,1.0677666470241602,-0.14537500576318985,0,medium
M00583,98.1,100.7,100.8,0.076,0.268,0.02,0,1.0265035677879715,-0.1750233133551113,0,low
M00584,133.1,149.4,138.6,0.077,0.284,0.128,0,1.1224643125469573,-0.15610200645406902,0,medium
M00585,153.1,159.6,142.8,0.048,0.269,0.07,0,1.0424559111691705,-0.1746447621491598,0,low
M00586,94.3,91.5,97.8,0.11,0.153,0.141,0,0.9703075291622482,-0.16684006310588356,0,low
M00587,220.6,219.0,220.7,0.088,0.168,0.239,0,0.9927470534904805,-0.039066542891799116,0,high
M00588,125.2,130.9,116.2,0.045,0.119,0.084,0,1.0455271565495208,-0.1688831425391274,0,low
M00589,150.9,148.7,160.7,0.101,0.352,0.053,0,0.9854208084824386,-0.16871689089598352,0,low
M00590,204.1,200.8,204.0,0.09,0.173,0.121,0,0.9838314551690349,-0.1217779078979746,0,high
M00591,120.3,118.9,117.8,0.095,0.4,0.147,0,0.9883624272651704,-0.1625026859067341,0,low
M00592,169.2,180.3,178.0,0.029,0.151,0.203,0,1.0656028368794328,-0.10519292900244315,0,high
M00593,105.0,102.6,118.0,0.116,0.106,0.029,0,0.9771428571428571,-0.12731352114809508,0,medium
M00594,68.4,72.7,75.2,0.101,0.268,0.046,0,1.0628654970760234,-0.1784065932658111,0,low
M00595,125.6,131.1,111.5,0.025,0.384,0.061,0,1.0437898089171975,-0.17195119428625533,0,low
M00596,162.0,173.4,155.4,0.029,0.188,0.165,0,1.0703703703703704,-0.13397814797216062,0,medium
M00597,74.7,71.0,82.5,0.035,0.2,0.085,0,0.9504685408299866,-0.17461765536476026,0,low
M00598,75.1,73.0,78.8,0.037,0.142,0.15,0,0.9720372836218376,-0.15775137380521498,0,medium
M00599,75.7,78.5,70.5,0.116,0.21,0.124,0,1.0369881109643329,-0.15844350785327532,0,medium
M00600,31.7,36.1,38.2,0.006,0.219,0.048,0,1.138801261829653,-0.0697368959975273,0,high
M00601,74.8,80.4,77.2,0.091,0.298,0.121,0,1.0748663101604279,-0.1822304726380779,0,low
M00602,124.0,123.4,121.5,0.118,0.304,0.056,0,0.9951612903225807,-0.17517324295642345,0,low
M00603,81.5,163.3,69.9,0.476,0.636,0.196,1,2.003680981595092,0.05691000732221485,1,high
M00604,167.1,165.2,159.6,0.04,0.152,0.157,0,0.9886295631358467,-0.14305643761935793,0,medium
M00605,43.2,36.6,35.0,0.101,0.133,0.073,0,0.8472222222222222,-0.06719983446467981,0,high
M00606,66.6,131.2,60.0,0.48,0.531,0.172,1,1.96996996996997,0.01449722058775349,1,high
M00607,90.2,86.0,109.2,0.085,0.382,0.161,0,0.9534368070953436,-0.1613066503271794,0,medium
M00608,33.4,32.4,38.7,0.08,0.188,0.081,0,0.9700598802395209,-0.10854596268345046,0,high
M00609,50.4,58.3,39.1,0.023,0.302,0.026,0,1.1567460317460316,-0.10399550399005941,0,high
M00610,31.8,68.9,40.3,0.43,0.591,0.144,1,2.166666666666667,0.03545240913459169,1,high
M00611,79.1,176.3,82.1,0.304,0.691,0.111,1,2.228824273072061,0.059938353081204876,1,high
M00612,133.1,141.5,133.0,0.069,0.351,0.056,0,1.0631104432757326,-0.1773511198415435,0,low
M00613,83.0,99.3,83.3,0.015,0.147,0.131,0,1.1963855421686747,-0.11600921245982121,0,high
M00614,97.0,91.5,100.3,0.016,0.231,0.172,0,0.9432989690721649,-0.15938917026604493,0,medium
M00615,40.5,48.0,36.8,0.019,0.31,0.119,0,1.1851851851851851,-0.08829942958780623,0,high
M00616,182.4,171.8,170.7,0.023,0.315,0.189,0,0.9418859649122807,-0.12257258772903556,0,high
M00617,221.8,213.9,222.5,0.111,0.131,0.141,0,0.9643823264201984,-0.061555122990303524,0,high
M00618,65.5,69.8,64.0,0.054,0.269,0.175,0,1.065648854961832,-0.14370604358361178,0,medium
M00619,45.9,57.6,39.7,0.079,0.358,0.179,0,1.2549019607843137,-0.0904289032361632,0,high
M00620,97.3,100.7,88.9,0.118,0.36,0.071,0,1.0349434737923948,-0.17888478920419681,0,low
M00621,78.6,81.9,74.4,0.037,0.2,0.034,0,1.0419847328244276,-0.17439069945398383,0,low
M00622,115.3,114.6,127.1,0.006,0.216,0.072,0,0.9939288811795316,-0.16387711249546344,0,low
M00623,319.9,328.3,317.1,0.1,0.337,0.049,0,1.026258205689278,0.0634084548342102,1,high
M00624,167.8,172.9,157.8,0.049,0.142,0.112,0,1.0303933253873658,-0.1512792341518081,0,medium
M00625,113.4,117.2,105.5,0.016,0.394,0.078,0,1.033509700176367,-0.157516841736626,0,medium
M00626,108.1,116.4,107.4,0.092,0.25,0.098,0,1.0767807585568918,-0.18845831959594933,0,low
M00627,139.3,137.2,134.9,0.035,0.243,0.074,0,0.9849246231155777,-0.17896231644621435,0,low
M00628,81.7,81.8,72.7,0.046,0.223,0.064,0,1.0012239902080782,-0.1802005391728534,0,low
M00629,389.5,391.7,386.6,0.001,0.115,0.116,0,1.005648267008986,0.084331446647671,1,high
M00630,138.9,144.6,137.8,0.101,0.163,0.048,0,1.041036717062635,-0.16863200426962704,0,low
M00631,231.0,234.9,223.8,0.007,0.24,0.159,0,1.016883116883117,-0.05813542659676718,0,high
M00632,128.4,135.3,133.5,0.09,0.388,0.179,0,1.0537383177570094,-0.15701442110898695,0,medium
M00633,66.6,74.3,71.0,0.063,0.343,0.144,0,1.1156156156156156,-0.15549037625616907,0,medium
M00634,70.9,66.3,72.9,0.096,0.202,0.097,0,0.935119887165021,-0.17053565066737852,0,low
M00635,130.4,138.7,137.8,0.029,0.154,0.186,0,1.0636503067484662,-0.13853992276785415,0,medium
M00636,63.8,66.4,57.6,0.046,0.204,0.091,0,1.0407523510971788,-0.16888921356518322,0,low
M00637,96.2,92.0,108.2,0.022,0.34,0.102,0,0.9563409563409563,-0.1795063685452386,0,low
M00638,81.3,80.9,86.2,0.033,0.136,0.132,0,0.9950799507995081,-0.15971299475799983,0,medium
M00639,188.1,185.3,186.6,0.051,0.112,0.15,0,0.9851143009037747,-0.11419140305223974,0,high
M00640,80.9,84.0,78.9,0.082,0.243,0.06,0,1.03831891223733,-0.19021103572056225,0,low
M00641,128.7,130.4,138.9,0.045,0.226,0.226,0,1.0132090132090132,-0.14243425898550865,0,medium
M00642,168.1,180.3,182.6,0.037,0.278,0.176,0,1.0725758477096967,-0.13318171641794707,0,medium
M00643,75.1,79.9,71.1,0.114,0.333,0.087,0,1.063914780292943,-0.1722777638932485,0,low
M00644,118.4,123.5,112.1,0.069,0.325,0.071,0,1.0430743243243243,-0.1915591960844072,0,low
M00645,41.7,94.1,38.7,0.213,0.43,0.11,1,2.2565947242206232,-0.007859431276489248,0,high
M00646,74.1,74.2,77.2,0.052,0.112,0.269,0,1.0013495276653173,-0.06648095800860054,0,high
M00647,148.3,153.9,145.4,0.086,0.103,0.044,0,1.0377612946729602,-0.13756782842155152,0,medium
M00648,24.7,31.0,12.4,0.343,0.428,0.245,1,1.2550607287449393,0.04002781860878579,1,high
M00649,110.5,119.5,106.6,0.081,0.351,0.121,0,1.081447963800905,-0.17717002917114572,0,low
M00650,71.0,72.3,58.6,0.016,0.103,0.169,0,1.0183098591549296,-0.10995707292851742,0,high
M00651,60.4,61.6,48.6,0.06,0.364,0.027,0,1.0198675496688743,-0.15017856854498246,0,medium
M00652,110.8,110.9,113.7,0.033,0.252,0.052,0,1.0009025270758123,-0.18403416923291288,0,low
M00653,93.0,218.7,83.4,0.346,0.648,0.096,1,2.3516129032258064,0.08192610481387186,1,high
M00654,70.2,73.4,83.4,0.053,0.107,0.154,0,1.0455840455840457,-0.142908656792757,0,medium
M00655,28.8,73.1,34.5,0.202,0.676,0.155,1,2.538194444444444,0.06945443106255622,1,high
M00656,152.0,155.4,159.8,0.069,0.181,0.207,0,1.0223684210526316,-0.13830940822738674,0,medium
M00657,93.7,90.3,81.6,0.053,0.318,0.02,0,0.9637139807897545,-0.1611027171686517,0,medium
M00658,49.2,47.3,41.8,0.031,0.186,0.073,0,0.9613821138211381,-0.13209577344209733,0,medium
M00659,76.3,69.0,80.2,0.058,0.12,0.115,0,0.9043250327653998,-0.15811052352136712,0,medium
M00660,81.2,78.6,82.5,0.089,0.251,0.063,0,0.9679802955665023,-0.18707990041130984,0,low
M00661,80.5,84.9,65.9,0.013,0.339,0.055,0,1.0546583850931677,-0.15914368940189977,0,medium
M00662,74.2,70.9,58.5,0.1,0.238,0.096,0,0.9555256064690028,-0.16412232106783264,0,low
M00663,88.6,85.8,74.0,0.026,0.179,0.045,0,0.9683972911963883,-0.16322411348425658,0,low
M00664,100.4,100.7,100.5,0.05,0.218,0.023,0,1.002988047808765,-0.1775449016492915,0,low
M00665,101.9,101.4,100.6,0.024,0.208,0.079,0,0.9950932286555446,-0.18503545310323893,0,low
M00666,66.6,73.0,77.5,0.036,0.172,0.274,0,1.0960960960960962,-0.06273283551491382,0,high
M00667,57.5,50.3,60.4,0.114,0.379,0.052,0,0.8747826086956522,-0.13006746769978955,0,medium
M00668,85.8,83.8,92.0,0.111,0.249,0.02,0,0.9766899766899767,-0.15988221359076343,0,medium
M00669,134.8,144.0,136.0,0.06,0.144,0.114,0,1.0682492581602372,-0.16710594321810224,0,low
M00670,198.4,203.7,205.0,0.079,0.23,0.089,0,1.0267137096774193,-0.13050269367307038,0,medium
M00671,96.2,95.6,87.0,0.076,0.323,0.211,0,0.9937629937629937,-0.15361277207507967,0,medium
M00672,75.8,76.3,73.0,0.019,0.319,0.064,0,1.0065963060686016,-0.16954631932323605,0,low
M00673,116.7,120.9,116.2,0.065,0.325,0.096,0,1.0359897172236505,-0.19127698020804068,0,low
M00674,96.4,90.8,94.3,0.034,0.293,0.041,0,0.9419087136929459,-0.18027609897405017,0,low
M00675,89.2,101.9,84.5,0.038,0.147,0.11,0,1.14237668161435,-0.14874571937886472,0,medium
M00676,135.5,139.4,140.0,0.033,0.385,0.029,0,1.0287822878228783,-0.1609321722678685,0,medium
M00677,79.7,75.2,82.3,0.062,0.316,0.143,0,0.9435382685069009,-0.18095926354199438,0,low
M00678,103.7,197.8,92.0,0.449,0.492,0.099,1,1.9074252651880426,0.046206993818444064,1,high
M00679,146.9,144.6,140.8,0.071,0.148,0.215,0,0.9843430905377807,-0.12493169096506207,0,medium
M00680,53.3,56.2,54.0,0.002,0.104,0.05,0,1.054409005628518,-0.1057990951161561,0,high
M00681,67.2,93.8,62.0,0.403,0.652,0.162,1,1.3958333333333333,-0.00480812506197148,0,high
M00682,222.9,234.3,226.5,0.071,0.225,0.11,0,1.0511440107671601,-0.08297039219757901,0,high
M00683,191.1,190.6,198.4,0.087,0.24,0.198,0,0.9973835688121402,-0.10697181936684091,0,high
M00684,148.3,144.9,152.8,0.008,0.189,0.08,0,0.9770734996628455,-0.15421790847482902,0,medium
M00685,59.7,60.1,68.4,0.06,0.141,0.061,0,1.0067001675041876,-0.16006660405694229,0,medium
M00686,236.9,243.1,228.2,0.03,0.376,0.041,0,1.0261713803292527,-0.04210428733021143,0,high
M00687,72.1,61.1,78.9,0.039,0.179,0.196,0,0.8474341192787795,-0.09539163520755006,0,high
M00688,107.0,108.7,107.3,0.036,0.194,0.205,0,1.0158878504672897,-0.1532602624914905,0,medium
M00689,156.0,155.2,166.8,0.054,0.298,0.114,0,0.9948717948717948,-0.16900767937949784,0,low
M00690,177.0,164.3,169.2,0.086,0.37,0.086,0,0.9282485875706216,-0.1572711144088802,0,medium
M00691,120.3,127.8,130.8,0.027,0.311,0.145,0,1.0623441396508728,-0.16737638593057397,0,low
M00692,85.5,90.5,86.0,0.084,0.387,0.02,0,1.0584795321637428,-0.15668546825816648,0,medium
M00693,59.4,64.4,47.7,0.085,0.351,0.11,0,1.0841750841750843,-0.14826967359566723,0,medium
M00694,212.0,204.2,197.6,0.078,0.15,0.192,0,0.9632075471698113,-0.08765746036685479,0,high
M00695,91.2,94.1,90.5,0.085,0.338,0.177,0,1.031798245614035,-0.17474824306216236,0,low
M00696,155.4,165.7,156.8,0.105,0.304,0.272,0,1.0662805662805661,-0.08849114120188328,0,high
M00697,75.4,102.5,77.8,0.24,0.372,0.176,1,1.359416445623342,-0.08760786363470491,0,high
M00698,94.1,93.9,93.8,0.028,0.204,0.043,0,0.9978746014877791,-0.17611833871985,0,low
M00699,86.3,83.6,84.3,0.035,0.179,0.053,0,0.9687137891077636,-0.17295498764100364,0,low
M00700,233.6,237.2,243.9,0.059,0.32,0.131,0,1.0154109589041096,-0.06551487322156502,0,high
M00701,172.2,178.3,173.9,0.017,0.226,0.126,0,1.0354239256678281,-0.15025132528611224,0,medium
M00702,119.2,113.9,109.7,0.047,0.387,0.058,0,0.9555369127516778,-0.17775737113772916,0,low
M00703,91.0,97.7,97.0,0.02,0.372,0.027,0,1.0736263736263736,-0.16607604980448448,0,low
M00704,87.9,89.8,92.2,0.097,0.15,0.08,0,1.0216154721274173,-0.18411015990925012,0,low
M00705,132.6,129.6,133.7,0.086,0.395,0.094,0,0.9773755656108597,-0.16739809910053838,0,low
M00706,65.7,76.2,73.2,0.108,0.126,0.042,0,1.1598173515981736,-0.1294320785591015,0,medium
M00707,72.0,80.2,80.2,0.049,0.204,0.063,0,1.113888888888889,-0.17234726197121358,0,low
M00708,111.9,110.6,117.0,0.003,0.297,0.144,0,0.9883824843610365,-0.16325217551579208,0,low
M00709,63.4,61.8,53.9,0.06,0.289,0.098,0,0.974763406940063,-0.16734961123417152,0,low
M00710,67.6,144.7,66.5,0.379,0.42,0.179,1,2.1405325443786984,0.018445007375861966,1,high
M00711,50.3,39.7,51.7,0.013,0.266,0.055,0,0.7892644135188868,-0.08641867235615475,0,high
M00712,114.6,200.6,118.0,0.192,0.556,0.108,1,1.75043630017452,0.031435466398483936,1,high
M00713,129.0,136.0,120.0,0.068,0.183,0.045,0,1.054263565891473,-0.17629575951054477,0,low
M00714,144.9,150.9,155.1,0.058,0.267,0.115,0,1.041407867494824,-0.17426636917618066,0,low
M00715,200.4,209.0,204.2,0.055,0.245,0.089,0,1.0429141716566865,-0.12498993833068706,0,medium
M00716,75.8,72.6,64.9,0.002,0.347,0.144,0,0.9577836411609498,-0.13865344568807797,0,medium
M00717,122.6,113.1,123.8,0.047,0.329,0.088,0,0.9225122349102773,-0.1718420365585654,0,low
M00718,202.9,210.1,196.7,0.119,0.231,0.122,0,1.035485460818137,-0.11374070975284267,0,high
M00719,29.0,37.1,32.1,0.044,0.227,0.071,0,1.2793103448275862,-0.07690764487758006,0,high
M00720,119.7,116.3,120.2,0.04,0.177,0.026,0,0.9715956558061821,-0.16968981409525208,0,low
M00721,107.9,108.2,100.5,0.108,0.106,0.166,0,1.0027803521779426,-0.1400916530532167,0,medium
M00722,76.9,71.8,79.1,0.025,0.108,0.082,0,0.9336801040312093,-0.14939069242624087,0,medium
M00723,160.5,162.5,146.6,0.013,0.11,0.181,0,1.0124610591900312,-0.10603229355328625,0,high
M00724,77.5,79.9,70.4,0.078,0.378,0.059,0,1.030967741935484,-0.17611994371007827,0,low
M00725,15.0,42.2,11.6,0.528,0.371,0.114,1,2.8133333333333335,0.09169661848450428,1,high
M00726,270.8,264.6,271.7,0.09,0.202,0.079,0,0.9771048744460857,-0.011592371357313391,0,high
M00727,56.0,65.6,63.6,0.005,0.298,0.068,0,1.1714285714285713,-0.11294353930031686,0,high
M00728,164.1,155.0,179.4,0.103,0.39,0.108,0,0.9445460085313834,-0.14233654418345776,0,medium
M00729,99.8,91.9,117.3,0.103,0.164,0.071,0,0.9208416833667336,-0.17031032570877214,0,low
M00730,81.3,87.0,68.8,0.006,0.227,0.057,0,1.070110701107011,-0.15250359665914454,0,medium
M00731,55.9,89.4,60.1,0.303,0.419,0.072,1,1.5992844364937389,-0.05361902388316253,0,high
M00732,45.8,46.3,43.6,0.0,0.33,0.093,0,1.0109170305676856,-0.11039615105418171,0,high
M00733,72.2,119.2,74.5,0.424,0.488,0.113,1,1.6509695290858726,-0.020470803053020847,0,high
M00734,115.3,112.6,102.8,0.051,0.138,0.118,0,0.9765828274067649,-0.17328467995688113,0,low
M00735,76.1,86.8,74.9,0.025,0.371,0.031,0,1.1406044678055192,-0.15014292216531494,0,medium
M00736,69.4,71.5,75.1,0.063,0.262,0.07,0,1.0302593659942363,-0.18745539401679617,0,low
M00737,94.1,87.1,81.7,0.09,0.272,0.082,0,0.9256110520722636,-0.18512690512567725,0,low
M00738,84.9,116.8,87.1,0.381,0.573,0.02,1,1.3757361601884568,-9.261601604515501e-05,0,high
M00739,158.3,155.6,163.1,0.036,0.273,0.096,0,0.9829437776373973,-0.1649250077371145,0,low
M00740,138.8,143.0,149.5,0.066,0.349,0.032,0,1.0302593659942363,-0.17060455488894677,0,low
M00741,65.1,56.7,58.0,0.076,0.148,0.246,0,0.870967741935484,-0.06485704096784295,0,high
M00742,171.1,164.6,177.1,0.098,0.359,0.021,0,0.962010520163647,-0.13466905263798928,0,medium
M00743,88.7,96.6,83.0,0.107,0.361,0.207,0,1.089064261555806,-0.14373981254541057,0,medium
M00744,118.4,114.2,118.2,0.024,0.141,0.052,0,0.964527027027027,-0.1598349702383255,0,medium
M00745,65.8,69.3,54.3,0.032,0.164,0.02,0,1.053191489361702,-0.13693171233221035,0,medium
M00746,64.2,66.5,50.3,0.0,0.218,0.065,0,1.0358255451713396,-0.1371488733566158,0,medium
M00747,182.6,200.4,179.4,0.045,0.309,0.291,0,1.0974808324205916,-0.050322317193531196,0,high
M00748,187.7,191.1,189.1,0.08,0.395,0.06,0,1.0181140117208312,-0.13912887438924332,0,medium
M00749,71.7,90.2,75.6,0.076,0.387,0.024,0,1.2580195258019526,-0.13138634380091369,0,medium
M00750,148.8,152.8,154.7,0.05,0.294,0.153,0,1.0268817204301075,-0.16805426181612,0,low
M00751,79.2,76.4,76.0,0.065,0.381,0.125,0,0.9646464646464646,-0.1767838303290032,0,low
M00752,205.9,200.3,206.0,0.079,0.248,0.174,0,0.9728023312287518,-0.10912825645461272,0,high
M00753,121.0,118.4,111.3,0.061,0.354,0.056,0,0.978512396694215,-0.1816416197455441,0,low
M00754,186.0,191.7,193.7,0.005,0.267,0.054,0,1.0306451612903225,-0.12727374492859161,0,medium
M00755,73.2,79.3,82.0,0.06,0.141,0.057,0,1.0833333333333333,-0.1736716969201046,0,low
M00756,213.0,214.8,206.4,0.074,0.279,0.039,0,1.008450704225352,-0.11079702372057271,0,high
M00757,100.7,100.4,119.7,0.116,0.304,0.145,0,0.9970208540218471,-0.1652703187380633,0,low
M00758,129.7,119.4,134.1,0.12,0.354,0.058,0,0.9205859676175792,-0.15397564978894862,0,medium
M00759,171.8,159.5,158.3,0.013,0.195,0.029,0,0.9284051222351571,-0.1345194293778687,0,medium
M00760,134.1,138.4,120.9,0.039,0.173,0.084,0,1.0320656226696496,-0.16664858768838658,0,low
M00761,122.7,122.5,123.7,0.105,0.118,0.191,0,0.9983700081499592,-0.13780977171361897,0,medium
M00762,107.9,137.7,127.3,0.243,0.536,0.07,1,1.2761816496756253,-0.04414431634821425,0,high
M00763,74.7,84.7,81.4,0.103,0.114,0.035,0,1.1338688085676036,-0.1365665916131758,0,medium
M00764,155.2,153.8,158.3,0.005,0.155,0.02,0,0.9909793814432991,-0.1194047006424166,0,high
M00765,210.6,219.8,220.7,0.115,0.207,0.091,0,1.043684710351377,-0.08588367151897869,0,high
M00766,135.9,126.6,127.5,0.004,0.105,0.062,0,0.9315673289183222,-0.12285915523563379,0,high
M00767,90.7,93.4,85.1,0.067,0.383,0.128,0,1.029768467475193,-0.18277635725512897,0,low
M00768,78.0,84.1,60.3,0.02,0.394,0.102,0,1.0782051282051281,-0.14027071499261923,0,medium
M00769,77.3,71.9,82.5,0.028,0.392,0.085,0,0.9301423027166883,-0.1585622281872492,0,medium
M00770,199.1,195.8,190.6,0.078,0.363,0.165,0,0.9834254143646409,-0.13150330815118383,0,medium
M00771,83.3,96.9,84.6,0.059,0.244,0.05,0,1.1632653061224492,-0.16386814389130416,0,low
M00772,169.3,183.8,168.0,0.021,0.139,0.02,0,1.0856467808623744,-0.09713512462107426,0,high
M00773,102.7,106.0,121.5,0.056,0.117,0.02,0,1.0321324245374879,-0.1491913829452397,0,medium
M00774,212.5,212.9,216.3,0.068,0.335,0.054,0,1.0018823529411764,-0.10689380148727268,0,high
M00775,105.9,106.8,112.8,0.115,0.34,0.029,0,1.008498583569405,-0.17096967491725512,0,low
M00776,96.7,98.9,90.9,0.113,0.212,0.056,0,1.0227507755946226,-0.18331400309891188,0,low
M00777,45.2,46.5,36.0,0.043,0.329,0.049,0,1.0287610619469025,-0.11132690597242095,0,high
M00778,149.1,151.9,139.1,0.0,0.151,0.143,0,1.0187793427230047,-0.1469210496490968,0,medium
M00779,55.4,49.5,57.0,0.009,0.168,0.12,0,0.8935018050541517,-0.11525562042849663,0,high
M00780,121.4,121.0,112.2,0.014,0.345,0.065,0,0.9967051070840197,-0.17243327923048057,0,low
M00781,95.9,99.3,83.0,0.069,0.359,0.088,0,1.035453597497393,-0.18499622017749717,0,low
M00782,74.4,61.5,75.5,0.05,0.257,0.09,0,0.8266129032258064,-0.1467010222535151,0,medium
M00783,103.8,101.2,109.5,0.106,0.315,0.115,0,0.97495183044316,-0.1867793284763506,0,low
M00784,85.0,94.6,83.8,0.087,0.168,0.097,0,1.112941176470588,-0.16072314484409317,0,medium
M00785,181.7,181.6,199.2,0.085,0.34,0.098,0,0.9994496422674739,-0.14609293740506046,0,medium
M00786,90.1,84.6,92.3,0.08,0.27,0.053,0,0.9389567147613762,-0.185437068748194,0,low
M00787,48.6,51.3,72.0,0.118,0.137,0.103,0,1.0555555555555554,-0.11263204548846173,0,high
M00788,63.6,59.3,61.5,0.007,0.27,0.122,0,0.9323899371069182,-0.13272277316888065,0,medium
M00789,63.8,67.8,61.3,0.051,0.393,0.02,0,1.0626959247648904,-0.13284175059277437,0,medium
M00790,161.0,167.9,168.9,0.01,0.251,0.097,0,1.042857142857143,-0.15794680673067912,0,medium
M00791,113.2,109.7,113.1,0.088,0.246,0.066,0,0.9690812720848057,-0.18952205413535944,0,low
M00792,127.6,122.2,127.3,0.099,0.264,0.063,0,0.9576802507836991,-0.18073992879380857,0,low
M00793,60.4,66.6,73.0,0.022,0.172,0.216,0,1.1026490066225165,-0.09365623541861684,0,high
M00794,193.6,211.2,188.8,0.063,0.163,0.077,0,1.0909090909090908,-0.11415319002062713,0,high
M00795,50.3,60.0,73.7,0.023,0.281,0.09,0,1.1928429423459246,-0.11938337963076517,0,high
M00796,145.6,147.9,152.5,0.008,0.33,0.1,0,1.0157967032967035,-0.16269454486115587,0,low
M00797,33.1,30.4,32.4,0.003,0.135,0.069,0,0.9184290030211479,-0.05482430249801318,0,high
M00798,134.0,130.4,127.4,0.069,0.23,0.041,0,0.973134328358209,-0.17946267737008592,0,low
M00799,200.1,213.8,190.1,0.075,0.28,0.028,0,1.068465767116442,-0.12687808768784914,0,medium
M00800,131.4,128.7,130.9,0.059,0.355,0.09,0,0.9794520547945205,-0.17819750435472181,0,low
M00801,129.5,118.1,123.9,0.095,0.212,0.163,0,0.9119691119691119,-0.16136310079396038,0,medium
M00802,160.0,153.5,158.4,0.076,0.174,0.086,0,0.959375,-0.16496058584181722,0,low
M00803,47.1,43.4,26.8,0.008,0.257,0.106,0,0.9214437367303608,-0.08890210817012772,0,high
M00804,73.1,83.5,81.4,0.099,0.393,0.107,0,1.1422708618331054,-0.15972400160936673,0,medium
M00805,146.8,136.5,161.3,0.092,0.211,0.052,0,0.9298365122615803,-0.16619443639704923,0,low
M00806,132.8,141.6,126.8,0.062,0.339,0.02,0,1.0662650602409638,-0.15812819349627888,0,medium
M00807,146.9,152.0,140.4,0.087,0.384,0.093,0,1.034717494894486,-0.17282576432225788,0,low
M00808,216.1,223.2,210.0,0.068,0.298,0.104,0,1.0328551596483109,-0.1042772711732588,0,high
M00809,83.3,89.0,97.0,0.066,0.382,0.071,0,1.0684273709483794,-0.18542145518872322,0,low
M00810,87.8,132.6,85.7,0.173,0.683,0.142,1,1.510250569476082,-0.01116817972577433,0,high
M00811,158.5,157.2,170.7,0.022,0.325,0.053,0,0.9917981072555204,-0.1626347857467379,0,low
M00812,113.3,123.8,110.6,0.098,0.139,0.092,0,1.0926743159752867,-0.16925539233668896,0,low
M00813,153.1,193.7,153.0,0.306,0.382,0.045,1,1.2651861528412802,-0.04050689537413732,0,high
M00814,111.9,111.1,116.0,0.115,0.32,0.095,0,0.9928507596067917,-0.1759005160938233,0,low
M00815,218.3,226.2,212.2,0.027,0.131,0.164,0,1.0361887311039852,-0.062392533405082995,0,high
M00816,78.1,84.0,80.5,0.081,0.319,0.098,0,1.0755441741357235,-0.1868760995151219,0,low
M00817,115.6,113.0,108.7,0.077,0.216,0.083,0,0.9775086505190312,-0.18982848930131463,0,low
M00818,33.1,76.4,20.5,0.352,0.374,0.079,1,2.308157099697885,0.014909240702005833,1,high
M00819,198.5,211.1,204.7,0.051,0.178,0.153,0,1.0634760705289672,-0.10059971783890814,0,high
M00820,166.0,161.0,153.3,0.057,0.182,0.083,0,0.9698795180722891,-0.1558603768596365,0,medium
M00821,103.4,107.4,109.3,0.007,0.367,0.123,0,1.0386847195357833,-0.15866959548380016,0,medium
M00822,197.6,211.0,206.7,0.01,0.141,0.07,0,1.0678137651821862,-0.10038821625260463,0,high
M00823,57.6,65.0,65.0,0.011,0.393,0.053,0,1.128472222222222,-0.12591576371319319,0,medium
M00824,108.6,102.3,107.4,0.014,0.244,0.025,0,0.9419889502762431,-0.16278223391437963,0,low
M00825,203.7,206.0,208.1,0.117,0.162,0.208,0,1.0112911143838978,-0.06992488120540952,0,high
M00826,82.6,82.2,82.9,0.113,0.1,0.114,0,0.9951573849878935,-0.14162593207010377,0,medium
M00827,140.0,156.7,150.1,0.079,0.26,0.237,0,1.1192857142857142,-0.10717809758445507,0,high
M00828,113.8,128.3,99.9,0.071,0.252,0.15,0,1.1274165202108963,-0.15194491605725063,0,medium
M00829,73.7,95.1,64.7,0.053,0.258,0.115,0,1.2903663500678424,-0.1334368363917644,0,medium
M00830,130.3,121.2,137.9,0.022,0.339,0.057,0,0.9301611665387567,-0.1654212026168172,0,low
M00831,249.2,253.8,241.6,0.106,0.258,0.119,0,1.0184590690208668,-0.048153013087487206,0,high
M00832,91.0,88.3,85.0,0.119,0.123,0.077,0,0.9703296703296703,-0.15761734168465663,0,medium
M00833,79.7,71.7,74.1,0.026,0.392,0.068,0,0.8996235884567126,-0.14577694307667682,0,medium
M00834,89.4,84.7,94.8,0.05,0.292,0.026,0,0.9474272930648769,-0.17715493838762175,0,low
M00835,78.3,77.6,72.5,0.068,0.12,0.034,0,0.9910600255427842,-0.16105138030972543,0,medium
M00836,172.6,184.9,161.7,0.076,0.243,0.077,0,1.0712630359212052,-0.1592236312350392,0,medium
M00837,132.0,127.7,138.8,0.084,0.238,0.051,0,0.9674242424242424,-0.1794755051917733,0,low
M00838,139.6,142.9,132.3,0.021,0.241,0.14,0,1.0236389684813754,-0.17181881329946352,0,low
M00839,177.0,179.6,155.2,0.035,0.118,0.182,0,1.0146892655367232,-0.11144458591685713,0,high
M00840,156.4,141.2,156.0,0.103,0.133,0.159,0,0.9028132992327365,-0.1299700374076535,0,medium
M00841,48.4,92.9,46.9,0.407,0.648,0.15,1,1.919421487603306,0.0057308542556844255,1,high
M00842,235.8,238.8,242.5,0.094,0.159,0.055,0,1.0127226463104326,-0.06165546091693963,0,high
M00843,80.3,91.3,78.2,0.097,0.245,0.141,0,1.1369863013698631,-0.16015659932899118,0,medium
M00844,55.2,55.8,44.4,0.025,0.275,0.093,0,1.0108695652173911,-0.14691620713820325,0,medium
M00845,153.9,157.9,151.3,0.078,0.223,0.047,0,1.0259909031838856,-0.17394373697891896,0,low
M00846,139.3,142.2,134.2,0.015,0.34,0.312,0,1.020818377602297,-0.06433753048655622,0,high
M00847,161.5,161.8,157.9,0.023,0.282,0.237,0,1.001857585139319,-0.11561544381233801,0,high
M00848,202.7,200.8,222.5,0.042,0.208,0.084,0,0.9906265416872226,-0.11009006011904798,0,high
M00849,116.2,110.4,108.2,0.036,0.261,0.071,0,0.9500860585197934,-0.18307157667206914,0,low
M00850,71.3,61.5,60.9,0.076,0.307,0.141,0,0.8625525946704068,-0.15634300261591438,0,medium
M00851,97.7,80.5,90.1,0.074,0.118,0.089,0,0.8239508700102354,-0.12482380073520094,0,medium
M00852,83.9,85.7,86.2,0.031,0.367,0.051,0,1.0214541120381406,-0.17232051329786363,0,low
M00853,129.0,128.0,134.6,0.022,0.172,0.154,0,0.9922480620155039,-0.1630168729871132,0,low
M00854,146.0,156.2,143.4,0.108,0.399,0.133,0,1.06986301369863,-0.1513784100560397,0,medium
M00855,150.4,151.2,146.4,0.07,0.133,0.043,0,1.0053191489361701,-0.15722817187078925,0,medium
M00856,78.8,85.8,65.6,0.1,0.137,0.086,0,1.0888324873096447,-0.15494886329918922,0,medium
M00857,123.5,124.4,127.3,0.082,0.363,0.134,0,1.0072874493927126,-0.17691581540493878,0,low
M00858,45.0,81.1,43.5,0.277,0.553,0.152,1,1.8022222222222222,-0.02368449726479782,0,high
M00859,91.5,97.8,81.8,0.12,0.116,0.153,0,1.0688524590163935,-0.13474126736762665,0,medium
M00860,262.2,269.5,257.7,0.009,0.266,0.153,0,1.0278413424866515,-0.013679169802572,0,high
M00861,65.7,62.8,70.4,0.11,0.203,0.052,0,0.9558599695585996,-0.16840846744794108,0,low
M00862,66.6,70.5,66.3,0.021,0.285,0.108,0,1.0585585585585586,-0.1639992888738977,0,low
M00863,77.4,63.8,86.1,0.103,0.2,0.032,0,0.8242894056847544,-0.12730322167222413,0,medium
M00864,76.2,85.0,71.1,0.038,0.248,0.114,0,1.1154855643044619,-0.1666612949326503,0,low
M00865,69.6,72.4,88.3,0.114,0.179,0.035,0,1.0402298850574714,-0.16185930755033862,0,low
M00866,180.6,187.2,179.9,0.1,0.298,0.055,0,1.0365448504983388,-0.154110245715035,0,medium
M00867,58.9,54.0,57.4,0.019,0.197,0.043,0,0.9168081494057725,-0.13463547797378733,0,medium
M00868,156.7,156.4,158.1,0.051,0.231,0.085,0,0.9980855137204852,-0.1748626304103465,0,low
M00869,74.1,177.5,73.5,0.367,0.685,0.114,1,2.395411605937922,0.08038783572648822,1,high
M00870,79.4,79.2,70.0,0.062,0.261,0.047,0,0.9974811083123425,-0.18833337695792163,0,low
M00871,45.3,44.5,48.9,0.068,0.189,0.21,0,0.9823399558498896,-0.08878263335159797,0,high
M00872,153.8,155.7,163.3,0.022,0.359,0.135,0,1.0123537061118335,-0.155493180170799,0,medium
M00873,137.7,125.8,132.1,0.096,0.387,0.07,0,0.9135802469135803,-0.159844000471423,0,medium
M00874,83.6,149.2,87.9,0.402,0.477,0.232,1,1.7846889952153109,0.019952196405499945,1,high
M00875,151.8,161.1,150.9,0.01,0.264,0.236,0,1.0612648221343872,-0.11692885362656535,0,high
M00876,58.5,62.6,59.6,0.045,0.239,0.106,0,1.07008547008547,-0.15979111506881094,0,medium
M00877,210.1,219.3,229.5,0.046,0.39,0.148,0,1.0437886720609235,-0.07068508979250221,0,high
M00878,120.6,124.8,131.3,0.117,0.265,0.074,0,1.0348258706467661,-0.16997818241978963,0,low
M00879,130.5,130.4,122.6,0.038,0.13,0.057,0,0.9992337164750958,-0.1672698416938435,0,low
M00880,135.6,141.3,137.7,0.09,0.153,0.136,0,1.0420353982300887,-0.1657216474680308,0,low
M00881,275.1,275.0,267.5,0.11,0.396,0.198,0,0.9996364958197018,0.019950536001759667,1,high
M00882,312.7,310.6,320.6,0.1,0.382,0.045,0,0.9932842980492486,0.059018253552816424,1,high
M00883,54.2,115.1,59.5,0.497,0.519,0.02,1,2.1236162361623614,0.04782127338297526,1,high
M00884,179.5,185.7,169.2,0.056,0.307,0.171,0,1.0345403899721448,-0.13853845218134786,0,medium
M00885,114.8,112.3,120.1,0.037,0.34,0.097,0,0.9782229965156795,-0.1796209739188518,0,low
M00886,85.2,86.5,79.6,0.055,0.296,0.04,0,1.0152582159624413,-0.18395871231223837,0,low
M00887,81.4,71.9,87.0,0.025,0.183,0.083,0,0.8832923832923834,-0.15189180922869905,0,medium
M00888,204.7,207.8,217.7,0.12,0.361,0.183,0,1.0151441133365902,-0.0756943875044992,0,high
M00889,134.9,134.0,129.3,0.013,0.302,0.046,0,0.9933283914010378,-0.1660760826059327,0,low
M00890,80.1,136.9,75.6,0.301,0.669,0.118,1,1.7091136079900127,0.013567817971075091,1,high
M00891,98.1,95.2,100.3,0.062,0.329,0.139,0,0.9704383282364935,-0.1881346461875963,0,low
M00892,154.4,154.6,170.7,0.022,0.157,0.192,0,1.0012953367875648,-0.122058782733873,0,high
M00893,281.1,294.6,281.4,0.032,0.137,0.077,0,1.048025613660619,0.008556794292988723,1,high
M00894,134.2,133.5,124.7,0.055,0.308,0.111,0,0.9947839046199702,-0.18452379843889388,0,low
M00895,155.9,156.3,150.7,0.014,0.208,0.133,0,1.0025657472738936,-0.1624857002316149,0,low
M00896,135.1,136.5,126.9,0.02,0.115,0.056,0,1.0103626943005182,-0.14954809489851728,0,medium
M00897,177.0,183.2,162.1,0.108,0.397,0.067,0,1.0350282485875706,-0.14385401680338689,0,medium
M00898,84.5,90.7,87.6,0.049,0.162,0.097,0,1.0733727810650888,-0.16988206237444708,0,low
M00899,65.4,64.4,52.8,0.031,0.337,0.07,0,0.9847094801223242,-0.15807241049338616,0,medium
M00900,91.3,89.7,98.8,0.106,0.262,0.042,0,0.9824753559693319,-0.18459405526262596,0,low
M00901,127.2,126.1,133.7,0.004,0.381,0.232,0,0.9913522012578616,-0.10950359553491085,0,high
M00902,74.4,108.4,77.6,0.27,0.66,0.062,1,1.456989247311828,-0.03313128970931134,0,high
M00903,129.6,120.1,125.7,0.044,0.243,0.129,0,0.9266975308641975,-0.18217574662144392,0,low
M00904,79.8,65.8,67.4,0.062,0.113,0.147,0,0.8245614035087719,-0.10285684049167915,0,high
M00905,255.6,252.9,259.3,0.048,0.391,0.099,0,0.9894366197183099,-0.03423303281156875,0,high
M00906,136.0,135.3,143.3,0.104,0.331,0.02,0,0.9948529411764707,-0.15750661605164268,0,medium
M00907,28.8,23.4,37.4,0.055,0.18,0.145,0,0.8124999999999999,-0.05241775887968214,0,high
M00908,129.9,127.1,125.3,0.076,0.315,0.065,0,0.9784449576597382,-0.18789901679058657,0,low
M00909,106.8,114.4,103.4,0.084,0.394,0.02,0,1.0711610486891388,-0.1504167701154771,0,medium
M00910,103.9,107.3,98.6,0.086,0.16,0.083,0,1.0327237728585177,-0.18980908966372106,0,low
M00911,267.8,272.5,265.0,0.015,0.4,0.118,0,1.0175504107542943,-0.004957659296138894,0,high
M00912,83.6,72.8,77.5,0.015,0.207,0.02,0,0.8708133971291866,-0.1290692232099011,0,medium
M00913,83.1,83.2,74.0,0.007,0.367,0.02,0,1.0012033694344165,-0.1296162234584512,0,medium
M00914,109.2,118.1,111.1,0.035,0.257,0.102,0,1.0815018315018314,-0.18740581977176307,0,low
M00915,77.8,90.1,73.8,0.106,0.155,0.136,0,1.1580976863753214,-0.13942444185154584,0,medium
M00916,63.7,64.4,61.8,0.105,0.379,0.088,0,1.010989010989011,-0.16338160383913247,0,low
M00917,197.0,196.4,192.4,0.053,0.141,0.04,0,0.9969543147208122,-0.12000425275970095,0,high
M00918,80.8,81.2,89.2,0.05,0.377,0.151,0,1.004950495049505,-0.1727299446480629,0,low
M00919,111.6,102.6,130.2,0.08,0.119,0.124,0,0.9193548387096774,-0.15550245272399588,0,medium
M00920,45.8,82.8,41.4,0.448,0.65,0.169,1,1.8078602620087336,0.01738167699453197,1,high
M00921,74.5,81.2,84.2,0.017,0.16,0.07,0,1.0899328859060402,-0.15375747546582408,0,medium
M00922,38.2,46.5,26.6,0.049,0.292,0.084,0,1.2172774869109946,-0.08297690567017263,0,high
M00923,112.0,112.6,104.7,0.092,0.287,0.196,0,1.0053571428571428,-0.16526253997560325,0,low
M00924,265.2,270.2,269.7,0.062,0.146,0.118,0,1.0188536953242835,-0.02163452091355078,0,high
M00925,189.4,181.8,186.3,0.021,0.352,0.251,0,0.9598732840549102,-0.07194063341564116,0,high
M00926,83.9,76.9,78.7,0.001,0.278,0.152,0,0.9165673420738975,-0.14555129792210159,0,medium
M00927,72.4,69.6,76.9,0.108,0.283,0.051,0,0.9613259668508286,-0.17520741774896065,0,low
M00928,95.2,98.1,83.6,0.048,0.226,0.02,0,1.0304621848739495,-0.16872431085327105,0,low
M00929,68.7,72.7,67.6,0.053,0.249,0.128,0,1.0582241630276565,-0.1730560888115275,0,low
M00930,103.2,102.7,94.1,0.025,0.358,0.051,0,0.9951550387596899,-0.17876702743524103,0,low
M00931,56.6,135.6,67.9,0.439,0.661,0.217,1,2.3957597173144873,0.08066642978842153,1,high
M00932,28.4,34.1,27.3,0.303,0.495,0.143,1,1.2007042253521127,0.003828034704719596,1,high
M00933,29.4,39.2,38.5,0.283,0.53,0.068,1,1.3333333333333335,-0.01675666086989258,0,high
M00934,122.0,129.4,115.5,0.118,0.167,0.257,0,1.0606557377049182,-0.10437504908147549,0,high
M00935,47.2,102.4,49.1,0.415,0.384,0.266,1,2.169491525423729,0.05142701825821494,1,high
M00936,33.3,35.6,33.9,0.04,0.325,0.077,0,1.0690690690690692,-0.10179993769168044,0,high
M00937,67.5,66.2,66.2,0.082,0.373,0.147,0,0.9807407407407408,-0.15922097192719825,0,medium
M00938,68.0,64.6,70.3,0.101,0.283,0.1,0,0.95,-0.16980717252067057,0,low
M00939,127.3,126.0,126.0,0.095,0.276,0.089,0,0.9897879025923016,-0.18742394662255396,0,low
M00940,94.8,106.4,88.4,0.087,0.147,0.138,0,1.1223628691983123,-0.15669593511595653,0,medium
M00941,186.2,196.8,195.6,0.04,0.368,0.155,0,1.0569280343716436,-0.1258215669921412,0,medium
M00942,45.9,104.9,42.4,0.371,0.637,0.092,1,2.2854030501089326,0.021793761515181864,1,high
M00943,175.0,178.1,162.9,0.032,0.241,0.293,0,1.0177142857142856,-0.07147326912489793,0,high
M00944,248.0,255.6,257.1,0.02,0.399,0.208,0,1.0306451612903225,-0.00040570629852487716,0,high
M00945,81.5,86.7,73.5,0.053,0.117,0.032,0,1.0638036809815952,-0.16340045996490732,0,low
M00946,220.1,238.2,217.6,0.025,0.337,0.086,0,1.0822353475692867,-0.06507956663966408,0,high
M00947,63.9,70.1,50.8,0.062,0.34,0.027,0,1.0970266040688574,-0.15778672974585178,0,medium
M00948,107.9,103.5,104.1,0.025,0.232,0.151,0,0.959221501390176,-0.1746170229725545,0,low
M00949,64.8,69.2,65.7,0.098,0.167,0.095,0,1.0679012345679013,-0.1582908638950103,0,medium
M00950,51.0,58.9,52.1,0.079,0.199,0.092,0,1.1549019607843136,-0.1341202454107171,0,medium
M00951,57.7,53.6,42.4,0.086,0.131,0.02,0,0.9289428076256498,-0.10666960739749298,0,high
M00952,204.5,219.4,197.8,0.071,0.269,0.022,0,1.0728606356968216,-0.10885875752772456,0,high
M00953,133.8,144.2,133.3,0.045,0.355,0.061,0,1.077727952167414,-0.16771611976643153,0,low
M00954,81.7,80.4,84.2,0.1,0.344,0.323,0,0.9840881272949816,-0.057488320047205055,0,high
M00955,171.3,154.4,183.4,0.092,0.101,0.128,0,0.9013426736719206,-0.10564770090412068,0,high
M00956,60.5,56.6,61.8,0.078,0.285,0.077,0,0.9355371900826447,-0.16932518037121336,0,low
M00957,203.8,208.9,195.4,0.006,0.125,0.1,0,1.0250245338567223,-0.09396642326315491,0,high
M00958,127.1,125.5,126.4,0.099,0.14,0.108,0,0.987411487018096,-0.17419533578517465,0,low
M00959,203.7,223.0,204.2,0.01,0.251,0.049,0,1.0947471772214041,-0.08956979238081236,0,high
M00960,139.5,140.0,148.0,0.064,0.259,0.048,0,1.003584229390681,-0.18093560967872913,0,low
M00961,32.2,72.3,35.8,0.348,0.558,0.078,1,2.245341614906832,0.0267717620577006,1,high
M00962,33.5,70.6,44.6,0.329,0.412,0.042,1,2.107462686567164,-0.0013680548350267774,0,high
M00963,162.8,166.6,175.2,0.105,0.316,0.16,0,1.0233415233415233,-0.14996657886881254,0,medium
M00964,49.1,45.1,49.0,0.107,0.23,0.274,0,0.9185336048879837,-0.0300086064142584,0,high
M00965,217.6,217.6,214.6,0.003,0.207,0.055,0,1.0,-0.08195752999027545,0,high
M00966,107.5,109.6,96.6,0.078,0.379,0.062,0,1.0195348837209302,-0.18147099217605306,0,low
M00967,207.3,199.4,211.0,0.071,0.374,0.063,0,0.9618909792571153,-0.11103810618834942,0,high
M00968,115.5,117.1,109.9,0.001,0.226,0.094,0,1.0138528138528138,-0.1692678176289834,0,low
M00969,127.3,120.4,123.4,0.076,0.111,0.214,0,0.945797329143755,-0.11807657555126705,0,high
M00970,156.7,155.7,152.3,0.117,0.322,0.187,0,0.9936183790682833,-0.14238704503531874,0,medium
M00971,90.7,91.0,86.9,0.012,0.283,0.024,0,1.0033076074972436,-0.15953903598884983,0,medium
M00972,108.7,108.5,113.7,0.099,0.284,0.081,0,0.998160073597056,-0.18840468298522867,0,low
M00973,114.3,120.7,101.6,0.101,0.363,0.138,0,1.0559930008748908,-0.17061069335257856,0,low
M00974,245.3,239.3,246.1,0.082,0.104,0.025,0,0.9755401549123522,-0.01801506196368874,0,high
M00975,209.0,197.7,222.4,0.091,0.372,0.048,0,0.945933014354067,-0.09572086605605912,0,high
M00976,175.4,175.6,181.1,0.006,0.103,0.066,0,1.001140250855188,-0.10461271298453068,0,high
M00977,131.9,129.1,136.4,0.085,0.199,0.221,0,0.9787717968157694,-0.13712094998888325,0,medium
M00978,99.1,110.5,104.1,0.064,0.203,0.071,0,1.1150353178607468,-0.17856255488646333,0,low
M00979,53.4,69.0,63.7,0.025,0.357,0.074,0,1.2921348314606742,-0.11292769032670724,0,high
M00980,136.6,142.2,135.6,0.02,0.269,0.057,0,1.0409956076134699,-0.17403375940911753,0,low
M00981,75.6,70.5,71.2,0.029,0.342,0.102,0,0.9325396825396826,-0.15960040524947905,0,medium
M00982,114.7,114.6,110.7,0.107,0.344,0.065,0,0.999128160418483,-0.17899673204968375,0,low
M00983,45.6,49.1,41.1,0.005,0.28,0.057,0,1.0767543859649122,-0.1091388082876723,0,high
M00984,162.3,167.7,172.5,0.024,0.328,0.062,0,1.0332717190388168,-0.16592654851807498,0,low
M00985,170.4,155.5,176.4,0.064,0.312,0.064,0,0.9125586854460094,-0.15417920087018483,0,medium
M00986,129.1,134.6,127.8,0.009,0.329,0.102,0,1.0426026336173508,-0.17170860102608104,0,low
M00987,99.6,109.1,98.1,0.116,0.214,0.02,0,1.0953815261044177,-0.15706039596425742,0,medium
M00988,133.3,129.9,124.9,0.032,0.291,0.041,0,0.9744936234058514,-0.17624059750476767,0,low
M00989,66.2,75.1,67.8,0.086,0.279,0.112,0,1.1344410876132929,-0.15956332494458136,0,medium
M00990,68.5,70.3,73.6,0.055,0.375,0.153,0,1.0262773722627736,-0.16274649408670444,0,low
M00991,171.4,168.9,180.3,0.031,0.114,0.133,0,0.985414235705951,-0.127171802946074,0,medium
M00992,155.7,150.9,157.7,0.059,0.373,0.2,0,0.9691714836223507,-0.12567198448647893,0,medium
M00993,131.9,139.5,133.7,0.066,0.186,0.229,0,1.0576194086429112,-0.13290697334710383,0,medium
M00994,170.4,172.1,175.6,0.027,0.162,0.069,0,1.0099765258215962,-0.15058880727247714,0,medium
M00995,107.0,114.6,104.4,0.084,0.184,0.056,0,1.0710280373831775,-0.18465218715083387,0,low
M00996,214.3,201.7,207.9,0.003,0.246,0.02,0,0.941203919738684,-0.05644515511560366,0,high
M00997,41.8,44.9,34.6,0.064,0.368,0.182,0,1.0741626794258374,-0.09525098006137556,0,high
M00998,97.7,98.0,96.2,0.096,0.23,0.106,0,1.0030706243602865,-0.1897524144360232,0,low
M00999,98.7,131.8,92.9,0.216,0.536,0.045,1,1.3353596757852078,-0.04462988845978888,0,high
M01000,81.1,77.4,98.0,0.085,0.315,0.082,0,0.9543773119605427,-0.1864956251458479,0,low
M01001,186.1,194.6,193.4,0.069,0.353,0.125,0,1.045674368619022,-0.14853111038486833,0,medium
M01002,67.6,61.8,81.2,0.031,0.215,0.16,0,0.9142011834319527,-0.1520924681418997,0,medium
M01003,129.2,125.2,120.0,0.003,0.271,0.11,0,0.9690402476780187,-0.16372614732578195,0,low
M01004,302.8,299.7,304.6,0.074,0.247,0.038,0,0.9897622192866578,0.03809803092019748,1,high
M01005,75.7,156.0,79.7,0.241,0.545,0.273,1,2.060766182298547,0.04735527567497411,1,high
M01006,150.1,155.7,154.4,0.013,0.125,0.05,0,1.0373084610259826,-0.1367347922743774,0,medium
M01007,48.2,43.3,52.8,0.064,0.183,0.156,0,0.8983402489626555,-0.11976134764073554,0,high
M01008,34.0,30.1,47.8,0.095,0.305,0.33,0,0.8852941176470589,0.014139920344137913,1,high
M01009,165.2,157.5,171.2,0.086,0.168,0.082,0,0.9533898305084746,-0.15648534112287443,0,medium
M01010,233.3,230.5,235.1,0.063,0.368,0.027,0,0.9879982854693528,-0.06384096094384617,0,high
M01011,146.0,152.3,147.4,0.07,0.255,0.15,0,1.0431506849315069,-0.17555742558701698,0,low
M01012,124.9,130.7,128.1,0.032,0.287,0.02,0,1.0464371497197757,-0.1609445423150629,0,medium
M01013,120.8,124.2,116.4,0.109,0.216,0.074,0,1.0281456953642385,-0.18198331516818644,0,low
M01014,68.9,71.0,69.7,0.119,0.215,0.065,0,1.0304789550072568,-0.16467484349369926,0,low
M01015,154.5,139.5,157.0,0.013,0.382,0.029,0,0.9029126213592233,-0.13453028538921202,0,medium
M01016,151.4,150.1,149.5,0.062,0.341,0.202,0,0.9914134742404227,-0.14517680580599385,0,medium
M01017,105.3,100.5,91.7,0.011,0.244,0.12,0,0.9544159544159544,-0.17025088920876608,0,low
M01018,160.9,172.5,150.4,0.03,0.307,0.067,0,1.072094468614046,-0.15653074291113023,0,medium
M01019,89.4,93.2,78.7,0.021,0.27,0.075,0,1.0425055928411633,-0.18146700645929242,0,low
M01020,126.4,134.9,127.7,0.089,0.217,0.053,0,1.067246835443038,-0.1792725341923364,0,low
M01021,140.6,153.3,138.7,0.034,0.151,0.114,0,1.0903271692745378,-0.15319179394164123,0,medium
M01022,139.1,149.8,127.9,0.038,0.103,0.034,0,1.076923076923077,-0.12856141065911014,0,medium
M01023,94.2,80.7,73.8,0.07,0.279,0.101,0,0.856687898089172,-0.1603129218794127,0,medium
M01024,95.8,104.3,88.0,0.112,0.143,0.101,0,1.0887265135699373,-0.16632027429300167,0,low
M01025,65.6,74.9,78.3,0.049,0.296,0.146,0,1.1417682926829271,-0.15260849807687787,0,medium
M01026,97.2,92.9,95.2,0.02,0.327,0.127,0,0.955761316872428,-0.1780240063123833,0,low
M01027,128.7,135.7,134.6,0.089,0.126,0.046,0,1.0543900543900544,-0.160203321710835,0,medium
M01028,94.8,106.4,96.0,0.073,0.303,0.055,0,1.1223628691983123,-0.18180052510681882,0,low
M01029,56.5,60.0,59.0,0.067,0.15,0.026,0,1.0619469026548674,-0.148147199685834,0,medium
M01030,82.4,84.4,81.6,0.035,0.105,0.038,0,1.0242718446601942,-0.14992717214717016,0,medium
M01031,86.5,91.0,95.8,0.109,0.337,0.071,0,1.0520231213872833,-0.18276648890562375,0,low
M01032,189.0,198.7,189.6,0.01,0.196,0.02,0,1.0513227513227512,-0.10899318738800828,0,high
M01033,114.8,118.0,110.5,0.087,0.199,0.078,0,1.0278745644599303,-0.1932913561980686,0,low
M01034,69.1,70.3,87.0,0.06,0.161,0.092,0,1.0173661360347324,-0.16988193627721804,0,low
M01035,169.8,170.4,176.6,0.078,0.207,0.15,0,1.0035335689045937,-0.15728135159244855,0,medium
M01036,62.2,66.2,69.7,0.112,0.122,0.038,0,1.0643086816720257,-0.14337705632418613,0,medium
M01037,189.9,198.3,202.4,0.106,0.138,0.063,0,1.0442338072669826,-0.10648360064670209,0,high
M01038,103.5,102.0,94.7,0.008,0.255,0.037,0,0.9855072463768116,-0.1581057413418241,0,medium
M01039,91.3,94.1,91.3,0.015,0.266,0.179,0,1.0306681270536693,-0.15734999017964563,0,medium
M01040,155.8,152.5,163.0,0.049,0.348,0.132,0,0.9788189987163028,-0.15876747323098028,0,medium
M01041,116.9,118.3,127.5,0.063,0.244,0.02,0,1.0119760479041915,-0.17798976584882226,0,low
M01042,63.7,65.8,64.3,0.044,0.297,0.116,0,1.0329670329670328,-0.16892381450285732,0,low
M01043,164.2,166.0,176.0,0.055,0.286,0.082,0,1.0109622411693058,-0.16991372812547922,0,low
M01044,171.1,181.7,177.3,0.019,0.312,0.022,0,1.0619520748100526,-0.13273931235010794,0,medium
M01045,118.7,109.1,127.9,0.085,0.339,0.077,0,0.9191238416175231,-0.17465625224850956,0,low
M01046,76.5,83.6,80.5,0.044,0.146,0.102,0,1.0928104575163398,-0.17233568456441906,0,low
M01047,174.8,174.5,179.0,0.109,0.317,0.109,0,0.9982837528604118,-0.15080203724709934,0,medium
M01048,81.0,80.2,82.5,0.058,0.356,0.028,0,0.9901234567901235,-0.1757475542553708,0,low
M01049,149.0,142.2,140.2,0.023,0.382,0.167,0,0.9543624161073825,-0.14878597940346444,0,medium
M01050,74.3,85.9,66.0,0.06,0.238,0.147,0,1.1561238223418575,-0.14349125386216238,0,medium
M01051,107.9,111.5,108.8,0.035,0.2,0.169,0,1.0333642261353104,-0.1743669749257044,0,low
M01052,46.7,57.4,54.4,0.08,0.142,0.081,0,1.2291220556745182,-0.10034634452184038,0,high
M01053,158.5,157.3,165.8,0.023,0.144,0.081,0,0.992429022082019,-0.14538413494887226,0,medium
M01054,83.2,146.7,83.3,0.481,0.528,0.046,1,1.7632211538461537,0.013963270414157347,1,high
M01055,105.0,114.1,109.0,0.066,0.167,0.036,0,1.0866666666666667,-0.17416600087154388,0,low
M01056,70.4,76.3,60.9,0.014,0.242,0.057,0,1.0838068181818181,-0.1611376045387065,0,medium
M01057,97.9,174.2,97.8,0.393,0.445,0.02,1,1.7793667007150151,0.02466581729164896,1,high
M01058,66.8,68.0,66.4,0.028,0.326,0.035,0,1.0179640718562875,-0.1611421415907454,0,medium
M01059,101.2,112.8,112.7,0.015,0.218,0.226,0,1.1146245059288538,-0.1136698989189166,0,high
M01060,157.1,156.0,143.8,0.05,0.376,0.045,0,0.9929980903882878,-0.1672034590106009,0,low
M01061,95.2,93.7,91.4,0.084,0.336,0.112,0,0.9842436974789917,-0.1892962547698394,0,low
M01062,43.8,58.5,49.1,0.159,0.626,0.034,1,1.3356164383561644,-0.01114963705953298,0,high
M01063,89.1,164.2,98.4,0.383,0.688,0.094,1,1.8428731762065096,0.037174971461458095,1,high
M01064,24.8,40.4,24.3,0.494,0.515,0.047,1,1.629032258064516,0.05913482692733829,1,high
M01065,111.1,121.1,113.2,0.099,0.249,0.131,0,1.09000900090009,-0.178175653969678,0,low
M01066,142.9,155.3,142.8,0.046,0.267,0.096,0,1.086773967809657,-0.16560160506663757,0,low
M01067,61.0,128.4,59.1,0.302,0.691,0.223,1,2.1049180327868853,0.041995375806443636,1,high
M01068,213.9,211.2,221.9,0.027,0.141,0.074,0,0.9873772791023843,-0.09478201384395785,0,high
M01069,203.7,206.5,217.3,0.03,0.231,0.074,0,1.013745704467354,-0.11976451423541468,0,high
M01070,149.5,141.3,151.1,0.002,0.332,0.236,0,0.9451505016722409,-0.10485632273870732,0,high
M01071,83.4,71.0,94.9,0.093,0.187,0.065,0,0.8513189448441246,-0.1410392302470415,0,medium
M01072,89.8,141.5,86.2,0.482,0.44,0.072,1,1.5757238307349666,-0.008567638673296685,0,high
M01073,93.9,95.5,88.7,0.084,0.337,0.079,0,1.0170394036208732,-0.19095093175866257,0,low
M01074,94.7,100.7,107.2,0.003,0.304,0.036,0,1.0633579725448785,-0.15661446267859858,0,medium
M01075,146.4,282.6,136.6,0.16,0.647,0.16,1,1.930327868852459,0.08694767164910067,1,high
M01076,87.3,86.0,79.1,0.001,0.283,0.02,0,0.9851088201603666,-0.13376535097246067,0,medium
M01077,126.8,133.6,129.4,0.11,0.246,0.02,0,1.0536277602523658,-0.15943742271837025,0,medium
M01078,198.6,209.7,202.0,0.1,0.138,0.052,0,1.055891238670695,-0.0983087873264692,0,high
M01079,48.2,42.2,40.0,0.01,0.241,0.09,0,0.8755186721991701,-0.10939597017067493,0,high
M01080,108.7,197.0,101.5,0.289,0.515,0.099,1,1.812327506899724,0.013276786601405632,1,high
M01081,147.9,143.7,156.0,0.113,0.273,0.127,0,0.971602434077079,-0.1573576166837951,0,medium
M01082,93.3,100.1,100.1,0.118,0.296,0.05,0,1.072883172561629,-0.18099410586921938,0,low
M01083,52.9,43.8,51.8,0.08,0.396,0.03,0,0.8279773156899811,-0.09582217797304038,0,high
M01084,71.0,118.4,69.4,0.337,0.549,0.031,1,1.667605633802817,-0.023411620493160035,0,high
M01085,144.8,149.1,138.9,0.092,0.149,0.04,0,1.029696132596685,-0.1632814181883363,0,low
M01086,134.7,140.8,129.6,0.072,0.154,0.082,0,1.0452858203414999,-0.17118062001088163,0,low
M01087,181.7,172.0,180.9,0.093,0.317,0.13,0,0.9466152999449643,-0.15725575429414185,0,medium
M01088,54.8,64.0,59.5,0.103,0.226,0.036,0,1.1678832116788322,-0.13278088919488962,0,medium
M01089,112.4,109.3,98.5,0.088,0.153,0.142,0,0.9724199288256227,-0.17170882713580188,0,low
M01090,42.0,47.4,48.3,0.04,0.149,0.095,0,1.1285714285714286,-0.11277162879841901,0,high
M01091,52.8,46.0,54.5,0.031,0.196,0.062,0,0.8712121212121212,-0.1258814470579384,0,medium
M01092,107.5,111.0,106.0,0.005,0.192,0.114,0,1.0325581395348837,-0.15904294312743283,0,medium
M01093,143.7,223.0,143.0,0.518,0.461,0.085,1,1.5518441196938066,0.05438050869231881,1,high
M01094,64.3,56.4,55.2,0.015,0.399,0.087,0,0.8771384136858476,-0.12634412894663005,0,medium
M01095,134.1,132.2,145.8,0.073,0.199,0.076,0,0.9858314690529455,-0.17959096774213146,0,low
M01096,31.1,28.6,46.6,0.07,0.327,0.141,0,0.9196141479099679,-0.1004248420973573,0,high
M01097,135.6,135.7,138.9,0.005,0.239,0.128,0,1.0007374631268435,-0.16161272141466326,0,low
M01098,100.7,100.6,105.1,0.115,0.212,0.068,0,0.9990069513406156,-0.18157628128062342,0,low
M01099,140.7,146.2,146.2,0.094,0.164,0.223,0,1.03909026297086,-0.125534422507599,0,medium
M01100,219.4,221.1,224.7,0.074,0.13,0.049,0,1.0077484047402006,-0.07836919864423514,0,high
M01101,113.8,111.3,109.7,0.092,0.172,0.171,0,0.9780316344463972,-0.16567378481906797,0,low
M01102,94.0,108.0,96.3,0.077,0.147,0.037,0,1.148936170212766,-0.146351363799948,0,medium
M01103,144.1,154.7,152.8,0.01,0.189,0.059,0,1.073560027758501,-0.15480272691299157,0,medium
M01104,105.1,116.4,93.2,0.119,0.169,0.099,0,1.1075166508087537,-0.14844538467602236,0,medium
M01105,96.0,133.9,104.7,0.423,0.622,0.103,1,1.3947916666666667,0.017565655727456386,1,high
M01106,102.3,104.5,106.9,0.109,0.292,0.154,0,1.021505376344086,-0.18169289421099244,0,low
M01107,89.0,187.3,86.6,0.488,0.394,0.341,1,2.104494382022472,0.09669955191075652,1,high
M01108,156.4,158.4,157.8,0.098,0.299,0.12,0,1.0127877237851663,-0.16823847819189336,0,low
M01109,210.5,214.0,220.4,0.085,0.112,0.028,0,1.0166270783847982,-0.07751727553213661,0,high
M01110,196.2,191.6,196.5,0.074,0.14,0.192,0,0.9765545361875637,-0.09658171836060586,0,high
M01111,57.8,60.6,64.2,0.094,0.255,0.063,0,1.0484429065743945,-0.15687189962873205,0,medium
M01112,184.7,195.1,196.6,0.085,0.272,0.051,0,1.0563075257173795,-0.14840376899007135,0,medium
M01113,324.2,321.4,327.4,0.039,0.104,0.107,0,0.9913633559531153,0.07242566044860688,1,high
M01114,30.5,71.5,40.0,0.391,0.682,0.126,1,2.3442622950819674,0.060843293815662225,1,high
M01115,129.4,126.0,140.3,0.01,0.282,0.094,0,0.973724884080371,-0.17082085517825119,0,low
M01116,120.7,115.5,103.6,0.072,0.33,0.092,0,0.9569179784589892,-0.18452275625122472,0,low
M01117,129.5,134.2,126.2,0.108,0.145,0.084,0,1.0362934362934362,-0.16837239781190083,0,low
M01118,170.5,167.3,167.2,0.045,0.184,0.045,0,0.9812316715542523,-0.15610404823853424,0,medium
M01119,86.8,82.4,95.9,0.036,0.301,0.029,0,0.9493087557603688,-0.1719326522201522,0,low
M01120,77.1,80.2,82.3,0.027,0.164,0.027,0,1.0402075226977952,-0.16413692037361488,0,low
M01121,89.4,83.5,87.4,0.093,0.349,0.02,0,0.9340044742729305,-0.15930553443038625,0,medium
M01122,196.9,201.0,198.0,0.101,0.291,0.045,0,1.020822752666328,-0.14122512823365735,0,medium
M01123,143.9,152.7,149.2,0.09,0.15,0.063,0,1.0611535788742181,-0.16854058065304917,0,low
M01124,193.1,198.6,179.6,0.043,0.124,0.02,0,1.028482651475919,-0.0970966667875342,0,high
M01125,142.6,147.8,133.6,0.031,0.283,0.036,0,1.0364656381486677,-0.16882702761398344,0,low
M01126,46.4,44.8,42.9,0.076,0.106,0.042,0,0.9655172413793103,-0.10298878795106409,0,high
M01127,40.6,88.7,31.3,0.458,0.433,0.072,1,2.184729064039409,0.02001029412774391,1,high
M01128,327.8,330.0,320.5,0.055,0.366,0.063,0,1.006711409395973,0.06172144457710538,1,high
M01129,98.8,105.5,93.4,0.027,0.352,0.172,0,1.0678137651821862,-0.15775129201336352,0,medium
M01130,79.5,94.3,60.6,0.054,0.298,0.066,0,1.1861635220125786,-0.14547668008225662,0,medium
M01131,139.9,153.7,153.9,0.007,0.259,0.134,0,1.0986418870621872,-0.13718106546777842,0,medium
M01132,52.6,124.1,53.0,0.358,0.446,0.133,1,2.359315589353612,0.013946459869767391,1,high
M01133,172.7,185.8,164.5,0.09,0.276,0.23,0,1.0758540822235092,-0.09870462792569085,0,high
M01134,98.5,105.3,106.4,0.093,0.222,0.089,0,1.069035532994924,-0.19054593730117853,0,low
M01135,110.2,111.8,110.2,0.119,0.11,0.048,0,1.0145190562613429,-0.14054121894454596,0,medium
M01136,110.2,112.0,104.0,0.015,0.282,0.067,0,1.0163339382940109,-0.17758918215338154,0,low
M01137,48.7,69.4,51.8,0.419,0.677,0.176,1,1.4250513347022589,0.018200869564542255,1,high
M01138,176.0,182.9,178.8,0.009,0.127,0.094,0,1.0392045454545455,-0.116264128660296,0,high
M01139,94.1,189.3,85.1,0.315,0.696,0.1,1,2.011689691817216,0.054332022583860384,1,high
M01140,110.6,120.3,102.3,0.078,0.309,0.023,0,1.0877034358047017,-0.16985224482201988,0,low
M01141,269.2,280.9,275.2,0.098,0.286,0.113,0,1.0434621099554235,-0.017487688147083125,0,high
M01142,63.8,62.6,59.3,0.031,0.144,0.13,0,0.9811912225705329,-0.14362153925803844,0,medium
M01143,181.1,173.5,170.0,0.03,0.253,0.063,0,0.9580342352291552,-0.1538562831106569,0,medium
M01144,129.0,140.8,139.9,0.084,0.363,0.02,0,1.0914728682170542,-0.1479628017795706,0,medium
M01145,45.9,42.5,37.1,0.071,0.202,0.172,0,0.9259259259259259,-0.10512273509027553,0,high
M01146,140.6,133.1,144.1,0.105,0.307,0.097,0,0.9466571834992887,-0.17152068653552927,0,low
M01147,52.4,111.3,56.7,0.483,0.564,0.106,1,2.1240458015267176,0.018361107658768194,1,high
M01148,141.5,237.9,149.9,0.255,0.434,0.089,1,1.6812720848056537,0.031788962126884424,1,high
M01149,236.9,227.1,233.3,0.088,0.171,0.062,0,0.9586323343182777,-0.06713881022752999,0,high
M01150,263.6,252.5,261.2,0.112,0.324,0.02,0,0.9578907435508345,0.003687024444730569,1,high
M01151,127.7,126.9,121.7,0.024,0.134,0.03,0,0.9937353171495693,-0.15473961633191236,0,medium
M01152,94.2,86.1,88.3,0.1,0.302,0.02,0,0.9140127388535031,-0.15535647943910552,0,medium
M01153,104.4,102.0,95.1,0.102,0.334,0.049,0,0.9770114942528735,-0.18312250794367357,0,low
M01154,157.0,167.3,157.6,0.018,0.285,0.044,0,1.0656050955414014,-0.1571047710163369,0,medium
M01155,70.0,68.2,73.9,0.089,0.103,0.115,0,0.9742857142857143,-0.14478117755707587,0,medium
M01156,63.5,65.8,48.5,0.044,0.197,0.035,0,1.0362204724409447,-0.1550364272601497,0,medium
M01157,201.7,206.3,216.2,0.072,0.394,0.19,0,1.0228061477441746,-0.0749291428036028,0,high
M01158,287.8,299.1,282.1,0.109,0.119,0.117,0,1.0392633773453788,0.020557543797259603,1,high
M01159,88.5,141.1,92.0,0.502,0.501,0.106,1,1.5943502824858757,0.009960484529539237,1,high
M01160,58.7,112.8,63.7,0.313,0.399,0.178,1,1.9216354344122657,-0.024097884967465344,0,high
M01161,146.9,153.9,146.2,0.007,0.125,0.176,0,1.047651463580667,-0.12473578542659658,0,medium
M01162,167.3,164.4,162.5,0.011,0.127,0.061,0,0.9826658696951583,-0.13641498989221063,0,medium
M01163,238.3,238.1,250.4,0.031,0.14,0.126,0,0.9991607217792697,-0.05320989225131034,0,high
M01164,179.6,192.3,188.4,0.116,0.294,0.038,0,1.0707126948775056,-0.13160976899629434,0,medium
M01165,78.3,85.0,94.6,0.119,0.277,0.142,0,1.0855683269476373,-0.15381916457502182,0,medium
M01166,78.3,78.7,99.2,0.109,0.31,0.083,0,1.0051085568326947,-0.18096097758168583,0,low
M01167,195.2,195.3,199.3,0.063,0.141,0.02,0,1.0005122950819674,-0.09385014323500523,0,high
M01168,38.4,95.0,35.7,0.191,0.523,0.02,1,2.4739583333333335,0.03698668469719346,1,high
M01169,62.1,66.3,65.1,0.078,0.103,0.081,0,1.0676328502415457,-0.1329913472494318,0,medium
M01170,69.5,101.5,67.3,0.152,0.45,0.072,1,1.460431654676259,-0.10253304705789024,0,high
M01171,77.1,71.5,69.3,0.039,0.119,0.064,0,0.9273670557717251,-0.14992023309958197,0,medium
M01172,36.7,64.8,45.5,0.522,0.523,0.238,1,1.76566757493188,0.04917618329402662,1,high
M01173,75.2,83.6,72.4,0.053,0.325,0.124,0,1.1117021276595744,-0.17019205674857368,0,low
M01174,80.1,80.1,76.6,0.059,0.182,0.203,0,1.0,-0.14444367883130088,0,medium
M01175,117.0,127.0,133.5,0.099,0.27,0.171,0,1.0854700854700854,-0.16448285847018607,0,low
M01176,73.9,141.2,80.9,0.438,0.368,0.208,1,1.9106901217861973,0.026658366210281947,1,high
M01177,155.5,152.0,153.6,0.067,0.303,0.126,0,0.977491961414791,-0.17416601507482904,0,low
M01178,74.9,76.7,74.9,0.014,0.308,0.061,0,1.0240320427236316,-0.16605270536285538,0,low
M01179,52.6,104.7,50.4,0.368,0.39,0.094,1,1.9904942965779469,-0.023317030666571315,0,high
M01180,52.2,60.6,48.8,0.042,0.194,0.144,0,1.160919540229885,-0.11887578453642417,0,high
M01181,107.0,98.4,128.2,0.007,0.335,0.164,0,0.9196261682242991,-0.139959448254027,0,medium
M01182,76.8,74.1,80.5,0.018,0.396,0.043,0,0.96484375,-0.15167135768915996,0,medium
M01183,92.0,88.0,107.2,0.084,0.253,0.074,0,0.9565217391304348,-0.18833313531998735,0,low
M01184,102.2,151.7,103.3,0.349,0.416,0.179,1,1.4843444227005869,-0.030143925091037027,0,high
M01185,91.1,89.8,83.6,0.039,0.158,0.125,0,0.9857299670691548,-0.1747070191738433,0,low
M01186,145.7,136.8,146.2,0.108,0.351,0.047,0,0.9389155799588197,-0.16271670674164407,0,low
M01187,239.8,233.7,231.7,0.017,0.38,0.138,0,0.9745621351125937,-0.05184774669650205,0,high
M01188,201.5,196.7,200.0,0.058,0.244,0.162,0,0.9761786600496277,-0.11195558676559103,0,high
M01189,212.3,213.7,216.4,0.019,0.293,0.031,0,1.0065944418276023,-0.09943872355672706,0,high
M01190,211.0,215.1,217.3,0.043,0.337,0.054,0,1.0194312796208531,-0.10495488535071684,0,high
M01191,145.7,143.2,162.7,0.093,0.23,0.16,0,0.9828414550446122,-0.1575039017675025,0,medium
M01192,52.4,49.0,48.4,0.027,0.22,0.068,0,0.935114503816794,-0.13868622351772308,0,medium
M01193,59.5,55.1,60.8,0.068,0.282,0.048,0,0.9260504201680673,-0.16397222479298118,0,low
M01194,182.7,176.9,179.1,0.077,0.334,0.072,0,0.9682539682539684,-0.16257736794856698,0,low
M01195,111.8,115.2,109.8,0.01,0.282,0.129,0,1.0304114490161003,-0.18069235176489074,0,low
M01196,141.6,150.3,147.4,0.009,0.18,0.084,0,1.0614406779661019,-0.15334965234464393,0,medium
M01197,109.9,120.0,106.2,0.033,0.399,0.027,0,1.091901728844404,-0.151528124556789,0,medium
M01198,73.9,86.8,67.0,0.054,0.39,0.102,0,1.1745602165087956,-0.14454419584565298,0,medium
M01199,81.1,72.2,83.3,0.033,0.359,0.041,0,0.8902589395807646,-0.15111741761638858,0,medium
M01200,142.4,146.8,141.9,0.068,0.308,0.041,0,1.0308988764044944,-0.17645172860263514,0,low
M01201,97.4,97.1,89.1,0.103,0.219,0.063,0,0.9969199178644763,-0.18574115479613534,0,low
M01202,145.3,149.3,151.0,0.114,0.284,0.025,0,1.0275292498279422,-0.16112142519138123,0,medium
M01203,255.8,270.9,258.9,0.082,0.184,0.124,0,1.059030492572322,-0.026856189003503728,0,high
M01204,228.4,225.9,217.5,0.106,0.326,0.072,0,0.9890542907180385,-0.09039751377441274,0,high
M01205,76.1,76.5,64.1,0.061,0.26,0.044,0,1.0052562417871223,-0.17875008326611136,0,low
M01206,156.2,159.7,160.8,0.013,0.295,0.04,0,1.0224071702944943,-0.1637135390154827,0,low
M01207,77.2,77.2,72.1,0.009,0.296,0.045,0,1.0,-0.16423189369357905,0,low
M01208,184.3,192.2,171.6,0.058,0.122,0.161,0,1.0428648941942484,-0.10998608304375845,0,high
M01209,161.7,159.1,169.8,0.056,0.365,0.123,0,0.9839208410636983,-0.1577881321793964,0,medium
M01210,133.3,134.6,142.0,0.052,0.376,0.069,0,1.0097524381095273,-0.17214529542444557,0,low
M01211,32.3,30.4,30.0,0.103,0.203,0.072,0,0.9411764705882353,-0.08525486802030002,0,high
M01212,120.5,121.9,112.6,0.091,0.174,0.191,0,1.0116182572614107,-0.1625626270396231,0,low
M01213,15.0,29.3,10.0,0.205,0.618,0.104,1,1.9533333333333334,0.061513764431965434,1,high
M01214,122.1,129.3,118.3,0.058,0.196,0.022,0,1.058968058968059,-0.16912439359087017,0,low
M01215,69.3,102.4,64.7,0.222,0.4,0.023,1,1.4776334776334779,-0.06427826095760458,0,high
M01216,177.9,187.1,171.3,0.096,0.333,0.043,0,1.0517144463181562,-0.15092716507174553,0,medium
M01217,102.1,106.5,98.2,0.082,0.14,0.02,0,1.0430950048971597,-0.1656770800199726,0,low
M01218,115.3,114.8,120.3,0.072,0.248,0.079,0,0.9956634865568084,-0.1941282874125585,0,low
M01219,150.1,151.9,151.1,0.099,0.186,0.039,0,1.0119920053297802,-0.1633711316651132,0,low
M01220,184.5,185.3,185.7,0.074,0.219,0.048,0,1.0043360433604336,-0.15455497617144187,0,medium
M01221,142.3,147.2,146.5,0.066,0.261,0.101,0,1.0344342937456077,-0.18050011573998426,0,low
M01222,102.0,106.7,106.1,0.08,0.369,0.052,0,1.046078431372549,-0.18476033000772418,0,low
M01223,91.2,88.4,89.2,0.066,0.203,0.19,0,0.9692982456140351,-0.16680967845410904,0,low
M01224,48.7,49.9,52.7,0.105,0.149,0.099,0,1.0246406570841888,-0.1346693016988853,0,medium
M01225,126.2,122.5,139.7,0.077,0.238,0.087,0,0.9706814580031695,-0.1819054320688996,0,low
M01226,96.5,104.5,106.7,0.037,0.12,0.163,0,1.0829015544041452,-0.1463886221276105,0,medium
M01227,64.5,65.1,71.7,0.108,0.145,0.229,0,1.0093023255813953,-0.09824674255864047,0,high
M01228,59.0,68.9,60.5,0.036,0.287,0.02,0,1.1677966101694917,-0.1187190457614089,0,high
M01229,110.8,122.7,100.8,0.095,0.352,0.087,0,1.1074007220216606,-0.16194610178399105,0,low
M01230,47.0,41.4,40.6,0.12,0.175,0.081,0,0.8808510638297872,-0.0989779238448002,0,high
M01231,181.4,168.0,176.6,0.018,0.353,0.02,0,0.9261300992282249,-0.11267669729890639,0,high
M01232,150.1,140.3,140.7,0.01,0.331,0.078,0,0.9347101932045304,-0.1634081866685686,0,low
M01233,65.7,74.1,57.8,0.085,0.215,0.033,0,1.1278538812785386,-0.15543033961310254,0,medium
M01234,111.9,112.6,95.3,0.054,0.352,0.15,0,1.0062555853440571,-0.17428525940640927,0,low
M01235,41.8,39.4,31.1,0.02,0.217,0.059,0,0.9425837320574163,-0.10707576819235998,0,high
M01236,99.3,93.7,86.0,0.031,0.13,0.031,0,0.9436052366565962,-0.14993746998167368,0,medium
M01237,107.2,107.6,95.5,0.079,0.132,0.073,0,1.003731343283582,-0.17983890931692842,0,low
M01238,45.7,53.4,57.6,0.104,0.249,0.129,0,1.1684901531728664,-0.12819392489804948,0,medium
M01239,165.4,163.0,167.1,0.08,0.253,0.025,0,0.9854897218863361,-0.16379838316214357,0,low
M01240,206.3,214.9,219.6,0.083,0.35,0.059,0,1.0416868637905963,-0.10748794530524541,0,high
M01241,47.2,50.1,26.1,0.026,0.326,0.068,0,1.0614406779661016,-0.10870730493453357,0,high
M01242,40.1,38.6,50.9,0.034,0.389,0.028,0,0.9625935162094763,-0.09792917785776484,0,high
M01243,84.4,95.6,80.0,0.038,0.332,0.269,0,1.1327014218009477,-0.0751066375372485,0,high
M01244,162.2,163.0,165.3,0.047,0.253,0.096,0,1.0049321824907522,-0.16725297768291286,0,low
M01245,175.4,181.0,186.3,0.099,0.211,0.045,0,1.031927023945268,-0.15036656123319592,0,medium
M01246,236.6,238.4,244.1,0.091,0.307,0.048,0,1.007607776838546,-0.06390821639278255,0,high
M01247,127.1,139.4,127.4,0.069,0.385,0.192,0,1.0967741935483872,-0.14855062573968364,0,medium
M01248,149.6,157.1,137.8,0.021,0.312,0.195,0,1.0501336898395721,-0.15177492794873987,0,medium
M01249,89.8,92.5,93.7,0.089,0.156,0.028,0,1.0300668151447663,-0.17279103858942635,0,low
M01250,56.8,47.8,57.1,0.087,0.309,0.243,0,0.8415492957746479,-0.054153143960900096,0,high
M01251,177.4,184.3,175.9,0.027,0.381,0.1,0,1.0388951521984218,-0.1434727343074454,0,medium
M01252,33.3,49.1,42.7,0.179,0.36,0.19,1,1.4744744744744747,-0.03126259449210056,0,high
M01253,116.7,128.2,115.9,0.108,0.197,0.034,0,1.0985432733504712,-0.15711836821570335,0,medium
M01254,231.5,211.0,224.3,0.076,0.348,0.064,0,0.9114470842332614,-0.08018289482049529,0,high
M01255,110.0,119.1,120.5,0.085,0.37,0.117,0,1.0827272727272728,-0.176186370044501,0,low
M01256,167.0,169.0,161.5,0.074,0.313,0.061,0,1.0119760479041917,-0.17458462565537414,0,low
M01257,86.3,87.1,85.2,0.092,0.256,0.078,0,1.0092699884125145,-0.19282529221455297,0,low
M01258,44.9,90.7,42.0,0.31,0.552,0.081,1,2.020044543429844,-0.019127680745897768,0,high
M01259,55.2,46.5,37.9,0.091,0.111,0.085,0,0.842391304347826,-0.08027574094069911,0,high
M01260,167.5,168.4,181.4,0.054,0.129,0.082,0,1.0053731343283583,-0.1467356701489571,0,medium
M01261,136.0,142.9,139.0,0.001,0.312,0.033,0,1.050735294117647,-0.15216475810601776,0,medium
M01262,179.4,191.5,175.6,0.021,0.299,0.066,0,1.0674470457079153,-0.1432187592187505,0,medium
M01263,107.1,105.2,108.9,0.08,0.395,0.045,0,0.9822595704948647,-0.17086887005234042,0,low
M01264,222.1,220.2,205.0,0.045,0.273,0.067,0,0.9914452949122017,-0.10075098065057375,0,high
M01265,93.8,102.1,93.8,0.031,0.299,0.076,0,1.0884861407249466,-0.18440671169152922,0,low
M01266,144.8,134.8,143.9,0.053,0.199,0.281,0,0.930939226519337,-0.08307345162684043,0,high
M01267,282.4,290.4,279.3,0.091,0.23,0.029,0,1.028328611898017,0.004277969039182206,1,high
M01268,154.2,166.8,162.4,0.083,0.374,0.17,0,1.0817120622568095,-0.142991428125731,0,medium
M01269,31.7,31.0,40.9,0.011,0.143,0.154,0,0.9779179810725552,-0.07394567789118989,0,high
M01270,192.1,191.7,202.9,0.077,0.155,0.038,0,0.9979177511712649,-0.11649884905975172,0,high
M01271,104.3,140.7,94.0,0.3,0.652,0.05,1,1.348993288590604,-0.000757044826350417,0,high
M01272,199.8,203.7,188.2,0.108,0.364,0.12,0,1.0195195195195195,-0.1285033075693816,0,medium
M01273,131.0,128.3,123.0,0.025,0.299,0.165,0,0.9793893129770993,-0.16886200563456866,0,low
M01274,31.0,48.5,42.5,0.525,0.438,0.284,1,1.564516129032258,0.06573067687567591,1,high
M01275,92.1,92.5,93.3,0.074,0.384,0.141,0,1.004343105320304,-0.1787082642440022,0,low
M01276,37.1,83.6,35.3,0.296,0.551,0.091,1,2.2533692722371965,0.01045675738023677,1,high
M01277,34.6,76.2,37.3,0.454,0.606,0.066,1,2.2023121387283235,0.04019263326230971,1,high
M01278,24.1,44.6,17.6,0.532,0.404,0.153,1,1.850622406639004,0.05120592787815137,1,high
M01279,252.3,246.4,258.1,0.029,0.318,0.101,0,0.9766151407055093,-0.04205110151327307,0,high
M01280,98.2,111.5,101.9,0.026,0.232,0.109,0,1.135437881873727,-0.16303868686719586,0,low
M01281,213.7,209.5,208.2,0.119,0.292,0.038,0,0.9803462798315395,-0.09869712391595492,0,high
M01282,154.7,156.7,162.6,0.091,0.291,0.051,0,1.0129282482223658,-0.17783950405540166,0,low
M01283,87.7,93.0,79.8,0.052,0.302,0.129,0,1.0604332953249715,-0.18523243427800806,0,low
M01284,226.3,233.0,214.0,0.04,0.275,0.02,0,1.0296067167476801,-0.06649342420831572,0,high
M01285,176.7,176.0,172.0,0.077,0.176,0.103,0,0.9960384833050369,-0.15444398923204455,0,medium
M01286,50.6,95.5,54.3,0.256,0.372,0.145,1,1.8873517786561265,-0.04222454061758385,0,high
M01287,58.8,50.7,76.1,0.009,0.122,0.033,0,0.8622448979591838,-0.09478615761161718,0,high
M01288,175.8,178.7,186.8,0.003,0.155,0.301,0,1.0164960182025027,-0.027671512809599008,0,high
M01289,127.9,128.7,135.2,0.09,0.25,0.042,0,1.0062548866301797,-0.18188804174107154,0,low
M01290,240.4,228.1,236.9,0.057,0.182,0.035,0,0.9488352745424292,-0.054746928569047615,0,high
M01291,116.5,116.2,103.1,0.098,0.228,0.123,0,0.9974248927038627,-0.18054292038660025,0,low
M01292,159.9,157.6,162.5,0.108,0.252,0.02,0,0.9856160100062539,-0.14588109282705425,0,medium
M01293,108.6,98.3,112.7,0.036,0.354,0.036,0,0.9051565377532229,-0.15936202738979294,0,medium
M01294,144.4,153.0,119.0,0.071,0.148,0.189,0,1.059556786703601,-0.14436952622613153,0,medium
M01295,69.3,69.1,80.0,0.003,0.39,0.129,0,0.9971139971139971,-0.13909930042502577,0,medium
M01296,95.1,97.3,102.0,0.025,0.207,0.109,0,1.0231335436382756,-0.18079862464067492,0,low
M01297,113.2,112.4,131.2,0.016,0.368,0.02,0,0.9929328621908128,-0.1394315511968,0,medium
M01298,90.9,84.1,91.8,0.02,0.168,0.025,0,0.925192519251925,-0.14759501802630237,0,medium
M01299,59.9,59.9,65.8,0.11,0.36,0.172,0,1.0,-0.1385557376268785,0,medium
M01300,60.8,138.6,49.0,0.486,0.374,0.055,1,2.2796052631578947,0.04015774194574018,1,high
M01301,73.7,82.4,65.6,0.072,0.236,0.089,0,1.1180461329715061,-0.16761259092934527,0,low
M01302,210.0,228.2,207.3,0.098,0.196,0.03,0,1.0866666666666667,-0.07881812861890442,0,high
M01303,49.6,50.6,46.9,0.069,0.115,0.021,0,1.0201612903225807,-0.11905167859341687,0,high
M01304,102.3,88.7,90.4,0.063,0.368,0.039,0,0.8670576735092864,-0.1578610145608516,0,medium
M01305,192.5,194.4,202.4,0.094,0.155,0.121,0,1.0098701298701298,-0.12092326679271431,0,high
M01306,123.6,131.7,127.7,0.094,0.193,0.061,0,1.0655339805825241,-0.17874054165907555,0,low
M01307,61.3,72.4,62.9,0.096,0.224,0.089,0,1.1810766721044048,-0.1492689474809175,0,medium
M01308,119.8,122.9,126.8,0.022,0.241,0.086,0,1.0258764607679467,-0.18351688124405485,0,low
M01309,134.2,154.1,148.7,0.087,0.291,0.047,0,1.1482861400894189,-0.14679915480573835,0,medium
M01310,120.8,128.2,129.0,0.062,0.127,0.074,0,1.0612582781456954,-0.17179841958215647,0,low
M01311,44.0,46.8,30.8,0.079,0.17,0.121,0,1.0636363636363635,-0.11590597868230079,0,high
M01312,56.1,63.7,73.1,0.116,0.375,0.185,0,1.1354723707664884,-0.11611461784799348,0,high
M01313,256.9,260.0,249.0,0.095,0.346,0.02,0,1.012066952121448,-0.020866432572907767,0,high
M01314,57.1,99.4,40.6,0.196,0.517,0.056,1,1.7408056042031523,-0.04074398515351152,0,high
M01315,103.9,107.4,93.9,0.109,0.329,0.06,0,1.0336862367661213,-0.1824788749313307,0,low
M01316,93.5,87.0,104.3,0.07,0.334,0.177,0,0.93048128342246,-0.17204216046348497,0,low
M01317,101.1,101.2,100.1,0.11,0.158,0.045,0,1.0009891196834817,-0.1733481738805409,0,low
M01318,109.4,114.6,110.6,0.1,0.376,0.038,0,1.0475319926873856,-0.1744489543747857,0,low
M01319,153.6,156.9,159.6,0.088,0.284,0.054,0,1.021484375,-0.18228345035413368,0,low
M01320,197.1,199.0,199.5,0.046,0.116,0.098,0,1.0096397767630645,-0.10326828634304452,0,high
M01321,139.4,153.7,139.9,0.089,0.272,0.122,0,1.1025824964131994,-0.16028475296636008,0,medium
M01322,74.9,76.2,63.5,0.103,0.308,0.237,0,1.0173564753004005,-0.10833210243002789,0,high
M01323,35.7,38.2,47.1,0.095,0.26,0.153,0,1.0700280112044818,-0.1060810161271113,0,high
M01324,109.8,106.1,111.8,0.092,0.337,0.046,0,0.9663023679417122,-0.17778231506243958,0,low
M01325,112.1,117.1,118.2,0.072,0.208,0.042,0,1.0446030330062444,-0.1858985561794242,0,low
M01326,22.4,33.4,39.0,0.431,0.355,0.148,1,1.4910714285714286,0.014887647267551651,1,high
M01327,57.4,64.6,45.1,0.107,0.239,0.02,0,1.1254355400696863,-0.12022349894749812,0,high
M01328,140.1,137.4,142.9,0.011,0.365,0.02,0,0.980728051391863,-0.14062890324271426,0,medium
M01329,161.1,159.6,159.9,0.03,0.29,0.04,0,0.9906890130353817,-0.16411541250490919,0,low
M01330,151.1,149.6,153.3,0.062,0.39,0.108,0,0.9900727994705493,-0.16246888190486086,0,low
M01331,117.6,163.8,119.2,0.289,0.605,0.081,1,1.392857142857143,0.009837587951326277,1,high
M01332,161.2,172.2,162.3,0.002,0.258,0.078,0,1.0682382133995036,-0.14007562679280572,0,medium
M01333,236.5,232.4,232.0,0.088,0.187,0.167,0,0.9826638477801268,-0.06856061200134655,0,high
M01334,104.2,106.0,114.9,0.042,0.276,0.154,0,1.017274472168906,-0.17493720620570669,0,low
M01335,38.1,36.8,51.7,0.094,0.374,0.185,0,0.9658792650918634,-0.09547989512143656,0,high
M01336,160.5,157.7,163.3,0.074,0.379,0.218,0,0.9825545171339564,-0.11409648112329285,0,high
M01337,110.0,103.0,104.5,0.03,0.261,0.157,0,0.9363636363636364,-0.173337729962465,0,low
M01338,170.8,166.7,159.5,0.012,0.4,0.061,0,0.9759953161592505,-0.13868275493902615,0,medium
M01339,50.4,45.8,62.2,0.048,0.121,0.2,0,0.9087301587301587,-0.08312693815075739,0,high
M01340,86.8,203.4,97.3,0.241,0.55,0.093,1,2.3433179723502304,0.05458724193795783,1,high
M01341,130.8,128.2,129.1,0.085,0.38,0.03,0,0.9801223241590212,-0.16922213815320225,0,low
M01342,49.8,46.0,59.5,0.088,0.298,0.134,0,0.9236947791164659,-0.14101603129967233,0,medium
M01343,144.2,141.7,154.5,0.075,0.164,0.074,0,0.9826629680998613,-0.17197420284184273,0,low
M01344,95.8,91.1,95.3,0.09,0.266,0.119,0,0.9509394572025052,-0.18633757665454487,0,low
M01345,95.3,84.9,101.1,0.08,0.228,0.229,0,0.8908709338929697,-0.1174810244003362,0,high
M01346,95.0,86.7,100.7,0.102,0.174,0.148,0,0.9126315789473685,-0.16216584301483306,0,low
M01347,129.0,128.6,139.4,0.113,0.344,0.238,0,0.9968992248062015,-0.11759742835777809,0,high
M01348,76.2,76.0,76.2,0.053,0.199,0.04,0,0.9973753280839894,-0.17829997529017488,0,low
M01349,42.4,61.1,33.6,0.276,0.376,0.083,1,1.4410377358490567,-0.047114202434341834,0,high
M01350,100.0,107.1,82.8,0.05,0.297,0.083,0,1.071,-0.18264842040220902,0,low
M01351,94.3,88.3,96.4,0.103,0.303,0.193,0,0.936373276776246,-0.16552798552123593,0,low
M01352,123.6,121.3,122.1,0.06,0.336,0.123,0,0.9813915857605178,-0.18460477420761356,0,low
M01353,148.9,154.6,147.8,0.015,0.308,0.02,0,1.038280725319006,-0.14578073823913706,0,medium
M01354,84.3,94.6,90.2,0.01,0.369,0.124,0,1.122182680901542,-0.15427195433962781,0,medium
M01355,76.2,82.2,81.8,0.082,0.119,0.065,0,1.078740157480315,-0.16742793384933147,0,low
M01356,117.6,117.4,120.8,0.061,0.102,0.074,0,0.9982993197278912,-0.1554456313827579,0,medium
M01357,112.1,120.0,96.0,0.021,0.194,0.131,0,1.0704727921498662,-0.1622654553274981,0,low
M01358,34.7,28.5,41.4,0.109,0.288,0.027,0,0.8213256484149856,-0.06736764994030664,0,high
M01359,120.4,123.7,132.3,0.038,0.4,0.022,0,1.0274086378737541,-0.15299902262619258,0,medium
M01360,122.5,123.1,132.6,0.034,0.202,0.032,0,1.0048979591836735,-0.17203924434875711,0,low
M01361,89.5,92.0,75.2,0.093,0.377,0.052,0,1.0279329608938548,-0.18107705076807823,0,low
M01362,71.7,77.6,64.2,0.011,0.355,0.103,0,1.0822873082287308,-0.15153708275893185,0,medium
M01363,87.1,81.6,82.5,0.118,0.16,0.188,0,0.9368541905855339,-0.13325611332033382,0,medium
M01364,119.7,127.0,128.4,0.025,0.124,0.073,0,1.0609857978279031,-0.16564342493141948,0,low
M01365,150.4,148.7,137.6,0.027,0.35,0.046,0,0.9886968085106382,-0.16554009937003977,0,low
M01366,73.5,79.8,73.6,0.01,0.234,0.046,0,1.0857142857142856,-0.16008927807919426,0,medium
M01367,206.3,209.1,201.7,0.086,0.249,0.02,0,1.0135724672806592,-0.10683417819468688,0,high
M01368,205.5,219.5,209.0,0.076,0.127,0.088,0,1.0681265206812651,-0.08473878122504136,0,high
M01369,78.3,86.4,84.3,0.065,0.102,0.02,0,1.1034482758620692,-0.12831759082997934,0,medium
M01370,114.0,121.6,114.3,0.111,0.324,0.083,0,1.0666666666666667,-0.1774944272809788,0,low
M01371,176.3,190.2,176.2,0.008,0.339,0.052,0,1.0788428814520703,-0.11917511780334161,0,high
M01372,49.5,49.4,60.1,0.111,0.206,0.055,0,0.997979797979798,-0.13887908906957958,0,medium
M01373,233.6,227.8,238.5,0.109,0.388,0.093,0,0.9751712328767124,-0.06443672842739889,0,high
M01374,77.0,78.6,82.0,0.038,0.249,0.146,0,1.0207792207792208,-0.179943514218594,0,low
M01375,125.2,115.5,125.4,0.086,0.349,0.042,0,0.9225239616613419,-0.16657761513140662,0,low
M01376,147.5,152.7,149.1,0.011,0.208,0.2,0,1.0352542372881355,-0.14151724689518042,0,medium
M01377,117.4,117.9,103.2,0.092,0.387,0.084,0,1.004258943781942,-0.17628050727689198,0,low
M01378,75.1,162.2,74.1,0.172,0.42,0.093,1,2.159786950732357,-0.011515180663070557,0,high
M01379,76.8,90.4,79.6,0.045,0.254,0.129,0,1.1770833333333335,-0.1591236466557438,0,medium
M01380,122.1,123.0,132.6,0.016,0.353,0.071,0,1.0073710073710074,-0.16690477467098047,0,low
M01381,168.3,185.2,199.6,0.01,0.253,0.046,0,1.1004159239453355,-0.11220020864619701,0,high
M01382,153.9,157.5,153.8,0.099,0.387,0.106,0,1.023391812865497,-0.15923330922115808,0,medium
M01383,92.9,92.9,97.6,0.099,0.233,0.059,0,1.0,-0.18700637141267296,0,low
M01384,82.8,94.3,84.9,0.115,0.289,0.028,0,1.1388888888888888,-0.1553778329082381,0,medium
M01385,46.8,45.9,41.6,0.029,0.114,0.032,0,0.9807692307692308,-0.10640915160481068,0,high
M01386,93.8,105.5,85.9,0.076,0.145,0.126,0,1.1247334754797442,-0.15656199281313476,0,medium
M01387,142.5,153.2,145.3,0.079,0.12,0.039,0,1.0750877192982455,-0.14490856629245424,0,medium
M01388,160.9,163.1,172.0,0.041,0.173,0.039,0,1.0136730888750776,-0.15540938385020758,0,medium
M01389,90.5,102.0,92.7,0.038,0.218,0.087,0,1.12707182320442,-0.16879445262210108,0,low
M01390,82.2,84.0,88.0,0.018,0.264,0.037,0,1.021897810218978,-0.17113217016809218,0,low
M01391,107.7,114.4,104.1,0.114,0.2,0.178,0,1.062209842154132,-0.15777876285712272,0,medium
M01392,98.3,96.3,96.9,0.019,0.132,0.166,0,0.9796541200406917,-0.14812952205791258,0,medium
M01393,91.4,82.1,74.6,0.006,0.308,0.159,0,0.898249452954048,-0.13579332429068203,0,medium
M01394,145.4,153.9,146.2,0.004,0.252,0.121,0,1.0584594222833563,-0.1620361752256751,0,low
M01395,84.7,89.3,80.3,0.068,0.116,0.02,0,1.0543093270365997,-0.14964611773927794,0,medium
M01396,238.4,230.9,231.2,0.072,0.138,0.239,0,0.9685402684563759,-0.015550395707840448,0,high
M01397,79.9,82.8,76.4,0.028,0.114,0.046,0,1.0362953692115142,-0.15350793338412383,0,medium
M01398,142.8,137.7,139.8,0.067,0.262,0.183,0,0.9642857142857141,-0.16223855248112862,0,low
M01399,223.2,230.3,228.0,0.002,0.184,0.234,0,1.031810035842294,-0.014784237941926293,0,high
M01400,63.4,55.9,67.1,0.115,0.232,0.035,0,0.8817034700315457,-0.14985679664486884,0,medium
M01401,66.4,77.9,68.3,0.1,0.246,0.281,0,1.1731927710843373,-0.06649599004121864,0,high
M01402,284.3,297.1,286.4,0.053,0.345,0.025,0,1.045022863172705,0.021333812162442456,1,high
M01403,153.7,164.6,153.1,0.0,0.398,0.145,0,1.0709173715029279,-0.12275334395679194,0,high
M01404,160.8,148.9,161.6,0.034,0.159,0.111,0,0.9259950248756219,-0.14157189190847924,0,medium
M01405,37.7,56.5,38.6,0.529,0.374,0.164,1,1.4986737400530503,0.01980528073915111,1,high
M01406,42.9,90.1,50.0,0.367,0.379,0.128,1,2.1002331002331003,-0.00461676934745614,0,high
M01407,123.8,116.6,115.4,0.067,0.123,0.02,0,0.9418416801292406,-0.13496489647174342,0,medium
M01408,109.8,109.9,107.0,0.042,0.248,0.068,0,1.0009107468123863,-0.19095087090052554,0,low
M01409,100.0,93.7,100.4,0.08,0.261,0.04,0,0.937,-0.18571774059774282,0,low
M01410,73.6,64.7,66.6,0.069,0.211,0.059,0,0.8790760869565218,-0.16405420127339576,0,low
M01411,145.1,140.4,145.5,0.003,0.111,0.269,0,0.9676085458304619,-0.051685360780411305,0,high
M01412,254.4,269.1,246.4,0.111,0.363,0.056,0,1.0577830188679247,-0.021899072532498898,0,high
M01413,73.4,71.5,73.0,0.07,0.252,0.035,0,0.9741144414168936,-0.1762170797987192,0,low
M01414,67.7,63.1,62.4,0.074,0.228,0.204,0,0.9320531757754801,-0.12743583335004144,0,medium
M01415,197.7,207.1,206.5,0.01,0.277,0.13,0,1.0475467880627214,-0.11290170299330221,0,high
M01416,164.4,160.5,167.4,0.095,0.317,0.081,0,0.9762773722627737,-0.16928337306710411,0,low
M01417,35.2,72.6,37.5,0.499,0.496,0.12,1,2.0624999999999996,0.04087345835426337,1,high
M01418,147.7,149.8,135.1,0.099,0.128,0.025,0,1.0142180094786732,-0.14398658998162406,0,medium
M01419,123.9,128.5,128.8,0.092,0.346,0.051,0,1.0371267150928167,-0.17737411888544452,0,low
M01420,135.2,138.2,139.5,0.017,0.19,0.137,0,1.022189349112426,-0.16253051479283953,0,low
M01421,100.1,106.7,112.6,0.071,0.201,0.067,0,1.065934065934066,-0.18744848525023355,0,low
M01422,218.7,224.3,222.6,0.009,0.102,0.021,0,1.0256058527663467,-0.023585411676756318,0,high
M01423,45.0,47.5,47.7,0.007,0.209,0.066,0,1.0555555555555556,-0.11508333865612191,0,high
M01424,228.7,228.5,232.1,0.105,0.318,0.226,0,0.9991254919108002,-0.038152440762543316,0,high
M01425,55.3,127.6,49.4,0.424,0.528,0.027,1,2.3074141048824592,0.03120289494902062,1,high
M01426,62.1,106.4,52.3,0.285,0.38,0.139,1,1.713365539452496,-0.03823513058452277,0,high
M01427,84.7,85.2,80.7,0.008,0.385,0.226,0,1.0059031877213696,-0.10595318622084432,0,high
M01428,176.0,175.3,173.3,0.015,0.237,0.119,0,0.9960227272727273,-0.1571090182609573,0,medium
M01429,93.0,95.6,80.3,0.054,0.146,0.119,0,1.0279569892473117,-0.18082799001151645,0,low
M01430,65.7,61.7,70.3,0.105,0.352,0.219,0,0.939117199391172,-0.10020898625498714,0,high
M01431,204.2,211.3,208.1,0.061,0.365,0.092,0,1.034769833496572,-0.11119533336719345,0,high
M01432,55.6,111.4,45.3,0.36,0.602,0.071,1,2.0035971223021583,-0.0042423270002378555,0,high
M01433,127.8,286.2,130.7,0.455,0.432,0.124,1,2.23943661971831,0.0948008067427839,1,high
M01434,107.7,101.5,113.4,0.086,0.256,0.184,0,0.9424326833797586,-0.16714595571583885,0,low
M01435,312.7,312.0,313.2,0.1,0.368,0.02,0,0.9977614326830828,0.06949707317361131,1,high
M01436,171.9,173.8,184.9,0.067,0.172,0.082,0,1.0110529377545086,-0.15767463955674865,0,medium
M01437,150.5,142.1,152.4,0.118,0.194,0.069,0,0.9441860465116279,-0.1526559378504831,0,medium
M01438,201.8,207.0,214.6,0.101,0.354,0.032,0,1.0257680872150643,-0.11081782960148157,0,high
M01439,101.3,99.9,93.7,0.104,0.109,0.07,0,0.9861796643632775,-0.16216021998414493,0,low
M01440,55.4,105.3,55.1,0.255,0.574,0.124,1,1.9007220216606497,-0.02233881692403239,0,high
M01441,152.6,158.9,158.4,0.09,0.176,0.226,0,1.0412844036697249,-0.11516127657517039,0,high
M01442,196.0,191.6,191.7,0.05,0.206,0.208,0,0.9775510204081632,-0.09780565938318159,0,high
M01443,142.4,140.2,156.3,0.02,0.225,0.171,0,0.9845505617977527,-0.15007472658344945,0,medium
M01444,148.9,156.7,152.4,0.091,0.307,0.074,0,1.0523841504365345,-0.17695200598156546,0,low
M01445,95.8,88.2,100.5,0.042,0.125,0.078,0,0.9206680584551149,-0.16534436839790917,0,low
M01446,209.1,215.6,224.4,0.078,0.188,0.028,0,1.0310856049736967,-0.09390028810985829,0,high
M01447,39.8,89.1,43.7,0.289,0.67,0.133,1,2.2386934673366836,0.02848352264767995,1,high
M01448,80.2,68.0,71.5,0.055,0.372,0.035,0,0.8478802992518703,-0.13919823099354323,0,medium
M01449,48.7,37.4,40.5,0.006,0.164,0.109,0,0.7679671457905544,-0.048760440972791086,0,high
M01450,100.1,108.8,96.4,0.094,0.297,0.11,0,1.086913086913087,-0.1914217603929343,0,low
M01451,153.8,165.1,152.1,0.103,0.159,0.121,0,1.0734720416124837,-0.15243002975296632,0,medium
M01452,127.2,218.9,123.7,0.193,0.696,0.096,1,1.7209119496855345,0.06526711256178741,1,high
M01453,53.4,54.8,80.6,0.066,0.245,0.241,0,1.0262172284644195,-0.09305334644709862,0,high
M01454,181.5,197.6,189.4,0.073,0.107,0.15,0,1.0887052341597796,-0.08415452948132274,0,high
M01455,118.2,123.2,130.2,0.078,0.236,0.091,0,1.0423011844331642,-0.18704954387280448,0,low
M01456,166.7,166.5,167.6,0.025,0.187,0.116,0,0.9988002399520096,-0.15588048178997255,0,medium
M01457,73.0,75.2,56.2,0.111,0.315,0.137,0,1.0301369863013699,-0.15114256043222274,0,medium
M01458,196.7,195.2,184.9,0.117,0.132,0.197,0,0.9923741738688358,-0.0785170364104969,0,high
M01459,33.8,35.0,23.9,0.061,0.122,0.165,0,1.0355029585798818,-0.06659727743462307,0,high
M01460,175.6,183.6,173.7,0.094,0.167,0.074,0,1.0455580865603644,-0.1514252511812494,0,medium
M01461,70.7,134.2,61.3,0.412,0.548,0.1,1,1.898161244695898,0.006237949653442598,1,high
M01462,122.1,130.3,120.1,0.002,0.363,0.095,0,1.0671580671580674,-0.15262469385517208,0,medium
M01463,226.6,227.2,231.9,0.09,0.392,0.08,0,1.002647837599294,-0.06815587058457484,0,high
M01464,81.4,84.2,99.7,0.044,0.2,0.082,0,1.0343980343980343,-0.1828623997186795,0,low
M01465,68.1,73.8,70.5,0.025,0.29,0.061,0,1.0837004405286343,-0.16964297866501105,0,low
M01466,144.6,148.0,144.8,0.073,0.196,0.134,0,1.0235131396957124,-0.1780954239222715,0,low
M01467,149.9,149.4,155.3,0.086,0.285,0.229,0,0.9966644429619747,-0.12704352491987414,0,medium
M01468,90.2,95.1,89.6,0.051,0.236,0.091,0,1.0543237250554323,-0.18883488679471166,0,low
M01469,74.6,83.9,74.3,0.114,0.323,0.142,0,1.1246648793565686,-0.1576688546303669,0,medium
M01470,82.2,165.5,88.1,0.405,0.667,0.151,1,2.01338199513382,0.03710017776802377,1,high
M01471,55.9,39.3,58.2,0.031,0.169,0.028,0,0.70304114490161,-0.05735827033038787,0,high
M01472,61.2,60.9,72.6,0.035,0.104,0.069,0,0.9950980392156862,-0.1419470566620737,0,medium
M01473,124.6,127.6,132.1,0.104,0.332,0.091,0,1.0240770465489566,-0.1815260892510398,0,low
M01474,30.8,27.8,33.1,0.032,0.107,0.084,0,0.9025974025974026,-0.05806764613036042,0,high
M01475,108.1,105.1,110.8,0.002,0.319,0.125,0,0.9722479185938946,-0.16417479458099332,0,low
M01476,133.2,132.0,136.4,0.06,0.275,0.128,0,0.9909909909909911,-0.1845211898185497,0,low
M01477,124.0,129.9,121.5,0.085,0.133,0.074,0,1.0475806451612903,-0.17396775745917992,0,low
M01478,64.9,64.1,62.6,0.086,0.222,0.107,0,0.9876733436055468,-0.17007630086345893,0,low
M01479,135.3,132.7,125.8,0.026,0.235,0.04,0,0.9807834441980782,-0.17107239912664962,0,low
M01480,210.0,218.7,213.4,0.1,0.254,0.128,0,1.0414285714285714,-0.09859628145881572,0,high
M01481,142.1,145.2,138.6,0.036,0.305,0.088,0,1.0218156228008444,-0.18072647449715906,0,low
M01482,96.5,97.0,98.6,0.11,0.33,0.164,0,1.005181347150259,-0.17383812900271178,0,low
M01483,190.1,193.4,184.0,0.069,0.243,0.17,0,1.0173592845870596,-0.1370837650756513,0,medium
M01484,214.1,216.2,211.2,0.032,0.282,0.07,0,1.0098085007006072,-0.11346786388981778,0,high
M01485,105.6,103.8,107.3,0.006,0.308,0.087,0,0.9829545454545455,-0.1694992137878943,0,low
M01486,151.6,150.3,143.4,0.056,0.124,0.02,0,0.9914248021108181,-0.1372355107070441,0,medium
M01487,193.6,198.5,191.8,0.112,0.381,0.026,0,1.025309917355372,-0.12096122272682008,0,high
M01488,81.5,85.3,67.7,0.05,0.28,0.054,0,1.0466257668711656,-0.18085282664997326,0,low
M01489,217.9,224.6,216.3,0.088,0.258,0.152,0,1.0307480495640202,-0.08889584055867539,0,high
M01490,200.8,181.5,192.7,0.054,0.284,0.062,0,0.9038844621513944,-0.12784585160658318,0,medium
M01491,58.0,131.8,52.3,0.307,0.588,0.126,1,2.2724137931034485,0.018804763189998353,1,high
M01492,149.1,148.7,146.7,0.041,0.279,0.164,0,0.9973172367538564,-0.16095438927020345,0,medium
M01493,15.8,32.1,21.6,0.466,0.645,0.105,1,2.0316455696202533,0.070678585386721,1,high
M01494,148.1,149.5,136.1,0.074,0.329,0.05,0,1.0094530722484807,-0.17766829162054615,0,low
M01495,119.4,115.9,125.8,0.061,0.301,0.084,0,0.9706867671691792,-0.18946419236590545,0,low
M01496,112.6,123.4,113.9,0.057,0.259,0.114,0,1.0959147424511546,-0.17774907176059046,0,low
M01497,136.5,132.1,135.9,0.034,0.25,0.02,0,0.9677655677655678,-0.16082888872606632,0,medium
M01498,118.7,127.8,111.8,0.07,0.208,0.053,0,1.0766638584667227,-0.18079071500477295,0,low
M01499,45.3,43.7,22.0,0.029,0.159,0.04,0,0.9646799116997794,-0.09114758886483576,0,high
M01500,78.5,80.8,76.5,0.105,0.102,0.07,0,1.0292993630573248,-0.15187399037099386,0,medium
M01501,65.3,109.9,61.8,0.472,0.434,0.285,1,1.6830015313935682,0.034733861246888265,1,high
M01502,94.7,101.2,90.3,0.014,0.131,0.073,0,1.068637803590285,-0.158656140001803,0,medium
M01503,134.8,139.4,137.5,0.076,0.336,0.257,0,1.0341246290801187,-0.11869654413391928,0,high
M01504,78.8,68.8,75.3,0.103,0.393,0.244,0,0.8730964467005076,-0.08391666665128994,0,high
M01505,60.4,140.8,56.3,0.478,0.437,0.074,1,2.33112582781457,0.03905029590926057,1,high
M01506,137.6,135.5,132.5,0.055,0.249,0.02,0,0.9847383720930233,-0.16427471104136587,0,low
M01507,101.9,103.7,104.0,0.103,0.221,0.082,0,1.0176643768400393,-0.19214471087109414,0,low
M01508,134.0,138.9,128.7,0.051,0.11,0.16,0,1.0365671641791045,-0.14112831729806458,0,medium
M01509,32.2,67.3,27.8,0.361,0.511,0.242,1,2.090062111801242,0.04204794728225769,1,high
M01510,120.9,117.7,117.0,0.044,0.305,0.171,0,0.9735318444995864,-0.17052408583886736,0,low
M01511,108.5,107.8,111.7,0.078,0.336,0.075,0,0.9935483870967742,-0.1902021688692178,0,low
M01512,48.1,41.3,54.3,0.063,0.308,0.13,0,0.8586278586278585,-0.12648423878300774,0,medium
M01513,350.1,332.7,339.5,0.071,0.392,0.101,0,0.950299914310197,0.06952466339375529,1,high
M01514,40.2,38.2,37.8,0.066,0.192,0.09,0,0.9502487562189055,-0.11745806792954416,0,high
M01515,233.0,241.2,210.5,0.004,0.185,0.026,0,1.0351931330472102,-0.03745340545482834,0,high
M01516,93.3,99.0,87.4,0.062,0.105,0.114,0,1.0610932475884245,-0.15553689765226153,0,medium
M01517,48.9,54.5,59.1,0.108,0.356,0.131,0,1.114519427402863,-0.13736928558775946,0,medium
M01518,197.8,202.1,191.3,0.077,0.149,0.07,0,1.0217391304347825,-0.1363797571271732,0,medium
M01519,145.2,148.4,154.2,0.091,0.186,0.046,0,1.0220385674931132,-0.17025041905975963,0,low
M01520,73.9,77.5,76.9,0.088,0.156,0.052,0,1.0487144790257104,-0.1775156144168491,0,low
M01521,65.0,67.3,66.2,0.09,0.25,0.088,0,1.0353846153846153,-0.17552134149663406,0,low
M01522,121.3,109.3,129.4,0.01,0.347,0.188,0,0.9010717230008244,-0.12682348624049494,0,medium
M01523,104.2,114.8,87.7,0.017,0.134,0.105,0,1.1017274472168905,-0.14621088505676583,0,medium
M01524,187.1,182.9,190.6,0.078,0.329,0.142,0,0.9775521111704971,-0.1488891524808313,0,medium
M01525,108.7,116.1,100.0,0.009,0.123,0.138,0,1.0680772769089235,-0.14383518118998723,0,medium
M01526,123.3,125.2,138.2,0.091,0.246,0.119,0,1.0154095701540957,-0.17799937159621637,0,low
M01527,122.6,133.8,119.4,0.095,0.143,0.067,0,1.0913539967373573,-0.16972107536467285,0,low
M01528,213.6,217.2,209.4,0.102,0.35,0.072,0,1.0168539325842696,-0.10729702109453099,0,high
M01529,110.3,107.3,103.6,0.017,0.196,0.131,0,0.9728014505893019,-0.16878042945857746,0,low
M01530,138.9,144.8,139.6,0.103,0.327,0.053,0,1.0424766018718503,-0.17667824551004818,0,low
M01531,64.2,67.7,63.0,0.06,0.3,0.149,0,1.0545171339563864,-0.1616554677525533,0,low
M01532,112.3,107.6,113.2,0.05,0.284,0.102,0,0.9581478183437222,-0.18544751442041024,0,low
M01533,134.6,145.8,132.5,0.009,0.388,0.052,0,1.0832095096582468,-0.1458978561429305,0,medium
M01534,134.7,132.9,131.6,0.014,0.12,0.082,0,0.9866369710467707,-0.15198909616958,0,medium
M01535,106.2,100.1,92.8,0.071,0.336,0.06,0,0.9425612052730696,-0.1850747847623384,0,low
M01536,146.8,138.2,137.6,0.117,0.317,0.056,0,0.9414168937329699,-0.16563189558296504,0,low
M01537,41.5,61.9,35.5,0.341,0.523,0.253,1,1.491566265060241,0.02557887420898841,1,high
M01538,82.7,71.6,88.2,0.081,0.132,0.073,0,0.8657799274486093,-0.145875432799923,0,medium
M01539,97.9,97.0,101.4,0.064,0.26,0.103,0,0.9908069458631256,-0.19620355735702633,0,low
M01540,173.2,177.0,180.5,0.086,0.113,0.123,0,1.0219399538106235,-0.13404124026037761,0,medium
M01541,93.1,96.3,103.7,0.033,0.327,0.179,0,1.0343716433941998,-0.16831356146384285,0,low
M01542,38.3,83.7,38.4,0.168,0.643,0.112,1,2.1853785900783294,0.017365855451590084,1,high
M01543,60.7,61.3,67.2,0.055,0.199,0.034,0,1.0098846787479405,-0.16124349281558908,0,medium
M01544,114.6,112.6,110.2,0.024,0.258,0.093,0,0.9825479930191972,-0.19238418554959807,0,low
M01545,178.6,177.5,183.4,0.084,0.367,0.058,0,0.9938409854423292,-0.1592339308554055,0,medium
M01546,36.0,72.2,35.9,0.278,0.542,0.15,1,2.0055555555555555,0.005314807681194078,1,high
M01547,87.5,101.1,88.8,0.086,0.363,0.068,0,1.1554285714285715,-0.16521246966423608,0,low
M01548,119.5,130.3,107.8,0.088,0.289,0.038,0,1.090376569037657,-0.17636185187865566,0,low
M01549,116.1,121.1,103.1,0.1,0.304,0.12,0,1.0430663221360896,-0.18677956121797012,0,low
M01550,137.9,139.3,139.0,0.015,0.384,0.02,0,1.0101522842639594,-0.14336163855096706,0,medium
M01551,100.8,96.8,105.0,0.024,0.234,0.094,0,0.9603174603174603,-0.17964493335578785,0,low
M01552,221.3,217.6,224.5,0.0,0.105,0.093,0,0.9832806145503841,-0.037797386723468884,0,high
M01553,83.3,106.0,71.4,0.361,0.542,0.124,1,1.2725090036014406,-0.040109808270238356,0,high
M01554,226.4,233.5,228.4,0.102,0.334,0.039,0,1.0313604240282686,-0.07954302792668316,0,high
M01555,220.8,219.7,209.8,0.033,0.215,0.159,0,0.9950181159420289,-0.08257377691258178,0,high
M01556,73.7,65.2,55.7,0.007,0.162,0.037,0,0.8846675712347354,-0.11290764701170514,0,high
M01557,163.6,164.9,172.9,0.11,0.217,0.137,0,1.0079462102689487,-0.1532087649639356,0,medium
M01558,77.9,71.3,66.5,0.059,0.388,0.067,0,0.9152759948652117,-0.16542667609749562,0,low
M01559,144.9,146.0,138.6,0.077,0.264,0.053,0,1.007591442374051,-0.18302280762185158,0,low
M01560,30.8,49.9,27.9,0.508,0.423,0.081,1,1.62012987012987,0.03852565844565703,1,high
M01561,94.2,92.6,103.3,0.083,0.295,0.09,0,0.9830148619957536,-0.1960925543586542,0,low
M01562,131.0,136.0,122.4,0.068,0.163,0.123,0,1.0381679389312977,-0.17595979926408784,0,low
M01563,98.4,99.4,99.9,0.079,0.122,0.089,0,1.0101626016260163,-0.17973571896071155,0,low
M01564,164.0,164.5,167.3,0.081,0.371,0.113,0,1.0030487804878048,-0.1636211760629941,0,low
M01565,158.2,159.7,156.8,0.053,0.394,0.101,0,1.0094816687737043,-0.15223010245404928,0,medium
M01566,206.8,217.6,199.6,0.09,0.246,0.249,0,1.0522243713733075,-0.05760353504052573,0,high
M01567,122.3,121.3,128.7,0.116,0.257,0.089,0,0.9918233851185609,-0.16807013586238623,0,low
M01568,70.1,59.9,66.3,0.101,0.346,0.055,0,0.8544935805991442,-0.14701256332237156,0,medium
M01569,153.7,165.8,164.1,0.044,0.264,0.043,0,1.0787247885491218,-0.15327528132690638,0,medium
M01570,97.5,95.6,107.2,0.063,0.294,0.199,0,0.9805128205128204,-0.16579119691738126,0,low
M01571,237.9,231.7,254.1,0.047,0.157,0.104,0,0.9739386296763345,-0.054700110642644795,0,high
M01572,75.5,75.7,70.5,0.045,0.213,0.22,0,1.0026490066225167,-0.10925565891050615,0,high
M01573,111.7,114.2,112.7,0.071,0.167,0.073,0,1.0223813786929274,-0.18741205213605955,0,low
M01574,197.7,192.2,191.2,0.085,0.169,0.208,0,0.9721800708143652,-0.09659246257175041,0,high
M01575,307.2,306.0,306.2,0.088,0.33,0.045,0,0.99609375,0.03880724546451486,1,high
M01576,89.7,90.1,91.6,0.094,0.238,0.039,0,1.0044593088071347,-0.18424046005750472,0,low
M01577,156.8,161.9,157.7,0.103,0.204,0.062,0,1.0325255102040816,-0.17329740507926078,0,low
M01578,218.4,212.1,217.1,0.107,0.27,0.088,0,0.9711538461538461,-0.09500749559964705,0,high
M01579,75.0,80.8,69.1,0.03,0.207,0.095,0,1.0773333333333333,-0.16465454920516187,0,low
M01580,149.7,147.7,161.7,0.071,0.292,0.058,0,0.9866399465597863,-0.17864640223257383,0,low
M01581,74.7,80.1,81.9,0.071,0.305,0.106,0,1.0722891566265058,-0.18444679368033978,0,low
M01582,72.5,81.8,81.5,0.1,0.282,0.079,0,1.1282758620689655,-0.17529346447898375,0,low
M01583,86.5,90.4,91.1,0.119,0.34,0.082,0,1.0450867052023123,-0.17882943301684767,0,low
M01584,29.5,50.0,39.3,0.468,0.671,0.027,1,1.694915254237288,0.06313587737815296,1,high
M01585,79.5,70.9,78.8,0.056,0.386,0.024,0,0.8918238993710692,-0.15040102464161448,0,medium
M01586,31.0,32.8,26.1,0.063,0.137,0.02,0,1.058064516129032,-0.06198105180734659,0,high
M01587,121.7,115.8,110.7,0.061,0.182,0.137,0,0.9515201314708298,-0.17403423606049256,0,low
M01588,114.1,125.6,117.0,0.101,0.161,0.097,0,1.100788781770377,-0.1674810016529132,0,low
M01589,121.8,134.5,119.3,0.089,0.178,0.139,0,1.1042692939244663,-0.15052628803569013,0,medium
M01590,175.2,177.7,177.1,0.023,0.208,0.08,0,1.014269406392694,-0.15320320248506947,0,medium
M01591,185.9,192.6,185.7,0.064,0.271,0.147,0,1.0360408821947282,-0.14179862898074047,0,medium
M01592,150.5,166.1,145.2,0.069,0.372,0.1,0,1.1036544850498338,-0.14483629494410605,0,medium
M01593,183.2,181.1,202.5,0.103,0.327,0.151,0,0.9885371179039302,-0.13308601351166455,0,medium
M01594,29.8,38.7,19.9,0.038,0.161,0.066,0,1.2986577181208054,-0.04703760831544701,0,high
M01595,68.8,80.2,68.0,0.034,0.31,0.131,0,1.1656976744186047,-0.1508922023002095,0,medium
M01596,172.6,169.7,169.2,0.028,0.375,0.112,0,0.9831981460023175,-0.1502385936271768,0,medium
M01597,243.7,251.4,254.0,0.065,0.185,0.02,0,1.0315962248666395,-0.028584375418225894,0,high
M01598,33.3,36.2,34.9,0.075,0.203,0.092,0,1.0870870870870872,-0.1040798459407073,0,high
M01599,54.2,100.4,45.5,0.479,0.491,0.35,1,1.8523985239852399,0.059528005859715294,1,high
M01600,114.7,109.6,118.2,0.008,0.108,0.081,0,0.9555361813426329,-0.13297199129479598,0,medium
M01601,151.7,147.2,148.0,0.038,0.178,0.056,0,0.970336189848385,-0.16340085242056568,0,low
M01602,124.4,121.3,115.9,0.08,0.294,0.05,0,0.97508038585209,-0.18866622810285083,0,low
M01603,48.9,47.8,47.5,0.119,0.201,0.038,0,0.9775051124744376,-0.12113967211317062,0,high
M01604,152.3,152.2,141.4,0.073,0.255,0.099,0,0.9993434011818777,-0.18352227036656976,0,low
M01605,137.6,132.6,134.1,0.033,0.258,0.034,0,0.9636627906976745,-0.17125828893776424,0,low
M01606,124.5,120.0,138.4,0.043,0.367,0.035,0,0.963855421686747,-0.16177952959526481,0,low
M01607,110.4,119.9,103.6,0.11,0.128,0.038,0,1.0860507246376812,-0.15086207265510537,0,medium
M01608,77.4,84.4,81.1,0.004,0.281,0.123,0,1.0904392764857882,-0.1534413000795702,0,medium
M01609,34.5,35.0,28.6,0.055,0.222,0.135,0,1.0144927536231885,-0.10498116007947905,0,high
M01610,33.2,78.6,29.4,0.446,0.654,0.206,1,2.367469879518072,0.08501589932543197,1,high
M01611,88.4,83.2,94.9,0.077,0.283,0.149,0,0.9411764705882353,-0.17631203745903018,0,low
M01612,156.5,152.8,161.9,0.068,0.181,0.14,0,0.9763578274760384,-0.15867878690772003,0,medium
M01613,46.7,48.4,43.9,0.014,0.223,0.172,0,1.0364025695931476,-0.11071128084382637,0,high
M01614,129.7,127.0,118.5,0.03,0.324,0.107,0,0.979182729375482,-0.18324655048435545,0,low
M01615,161.4,158.8,144.2,0.109,0.188,0.172,0,0.9838909541511772,-0.1426661474735716,0,medium
M01616,123.3,134.0,121.2,0.095,0.122,0.064,0,1.0867802108678022,-0.1592158902659052,0,medium
M01617,121.7,124.3,120.2,0.037,0.354,0.15,0,1.0213640098603123,-0.17144246142725128,0,low
M01618,126.9,129.9,123.5,0.074,0.34,0.048,0,1.0236406619385343,-0.18525485486457138,0,low
M01619,214.6,217.8,205.0,0.072,0.255,0.065,0,1.0149114631873253,-0.11077464309128054,0,high
M01620,129.6,135.5,126.3,0.098,0.362,0.031,0,1.0455246913580247,-0.17136422939572354,0,low
M01621,110.1,111.3,106.3,0.032,0.115,0.023,0,1.0108991825613078,-0.15077884250128276,0,medium
M01622,61.4,71.2,56.8,0.049,0.346,0.199,0,1.1596091205211727,-0.10567903304369192,0,high
M01623,224.9,228.4,219.5,0.044,0.272,0.035,0,1.015562472209871,-0.09087369894546032,0,high
M01624,82.2,156.7,83.7,0.2,0.699,0.047,1,1.9063260340632602,0.019582285478434547,1,high
M01625,69.3,69.1,68.4,0.093,0.272,0.02,0,0.9971139971139971,-0.1597943352295782,0,medium
M01626,107.7,195.3,119.4,0.471,0.67,0.076,1,1.8133704735376046,0.07114395145039576,1,high
M01627,58.8,68.7,62.3,0.005,0.398,0.125,0,1.1683673469387756,-0.10920047589124426,0,high
M01628,167.0,169.5,180.1,0.118,0.305,0.06,0,1.0149700598802396,-0.1569774355843554,0,medium
M01629,78.5,73.3,79.9,0.061,0.293,0.102,0,0.9337579617834395,-0.18361716482341006,0,low
M01630,94.0,95.4,96.2,0.117,0.337,0.135,0,1.0148936170212766,-0.1735626301499733,0,low
M01631,176.8,185.8,186.4,0.052,0.238,0.093,0,1.0509049773755657,-0.15247090518376988,0,medium
M01632,128.0,121.8,138.6,0.075,0.111,0.185,0,0.9515625,-0.12733764369633693,0,medium
M01633,103.2,135.1,107.5,0.38,0.558,0.118,1,1.3091085271317828,-0.009689517071667209,0,high
M01634,105.3,107.9,100.6,0.087,0.229,0.099,0,1.0246913580246915,-0.19155345022379222,0,low
M01635,210.2,203.7,205.1,0.02,0.146,0.093,0,0.9690770694576594,-0.09005773709557235,0,high
M01636,77.7,89.5,67.5,0.041,0.359,0.141,0,1.151866151866152,-0.14690983370070754,0,medium
M01637,80.7,81.6,81.9,0.025,0.191,0.055,0,1.0111524163568772,-0.1746464155996032,0,low
M01638,146.5,156.9,147.3,0.087,0.358,0.144,0,1.0709897610921502,-0.16345572364659505,0,low
M01639,29.9,22.8,21.2,0.052,0.105,0.147,0,0.7625418060200669,-0.003464499754276429,0,high
M01640,148.3,147.6,159.5,0.003,0.288,0.186,0,0.9952798381658798,-0.13062761271682777,0,medium
M01641,222.7,230.0,242.5,0.086,0.127,0.049,0,1.03277952402335,-0.07070315199628663,0,high
M01642,30.0,22.6,32.0,0.102,0.179,0.09,0,0.7533333333333334,-0.03144182498994741,0,high
M01643,137.5,144.4,131.0,0.068,0.361,0.021,0,1.0501818181818183,-0.15812237935150836,0,medium
M01644,134.7,134.9,135.8,0.062,0.371,0.093,0,1.0014847809948033,-0.1801102634682628,0,low
M01645,112.0,122.0,105.0,0.103,0.129,0.089,0,1.0892857142857142,-0.1666165828349871,0,low
M01646,152.2,162.6,152.8,0.063,0.148,0.059,0,1.0683311432325888,-0.16066853529493647,0,medium
M01647,120.4,113.4,132.3,0.072,0.254,0.117,0,0.9418604651162791,-0.18233250481396246,0,low
M01648,34.7,39.5,38.7,0.095,0.309,0.104,0,1.138328530259366,-0.11476403072412816,0,high
M01649,55.5,130.0,50.8,0.247,0.474,0.097,1,2.3423423423423424,-0.0026155964784085883,0,high
M01650,91.6,94.4,95.5,0.094,0.372,0.044,0,1.0305676855895198,-0.18415955598980038,0,low
M01651,92.2,91.2,85.8,0.12,0.3,0.057,0,0.9891540130151844,-0.17770171864770629,0,low
M01652,72.7,80.1,67.7,0.114,0.115,0.063,0,1.1017881705639614,-0.14347362718683238,0,medium
M01653,78.6,84.1,79.0,0.114,0.263,0.02,0,1.0699745547073791,-0.16321107587865463,0,low
M01654,115.9,123.4,110.1,0.119,0.2,0.067,0,1.0647109577221743,-0.1707212387143484,0,low
M01655,209.6,209.5,211.6,0.084,0.358,0.06,0,0.9995229007633588,-0.11231040254009655,0,high
M01656,29.7,37.9,28.9,0.085,0.131,0.057,0,1.2760942760942762,-0.053637704592942925,0,high
M01657,80.0,85.3,65.1,0.024,0.248,0.153,0,1.06625,-0.1578293472791027,0,medium
M01658,79.6,83.5,75.2,0.004,0.367,0.075,0,1.0489949748743719,-0.15251183295965615,0,medium
M01659,195.0,194.3,192.7,0.105,0.241,0.027,0,0.9964102564102565,-0.1330075441638499,0,medium
M01660,221.4,229.2,220.1,0.08,0.147,0.133,0,1.035230352303523,-0.08392644478245737,0,high
M01661,47.5,47.0,50.5,0.007,0.232,0.176,0,0.9894736842105263,-0.10131085379964822,0,high
M01662,101.8,98.8,104.4,0.001,0.14,0.066,0,0.9705304518664047,-0.15068098775181493,0,medium
M01663,64.4,66.2,58.4,0.101,0.373,0.082,0,1.0279503105590062,-0.1624371503689943,0,low
M01664,26.5,47.9,37.4,0.373,0.617,0.138,1,1.8075471698113208,0.03652705452624405,1,high
M01665,49.4,89.7,46.8,0.154,0.635,0.131,1,1.8157894736842106,-0.017122924680354923,0,high
M01666,126.0,277.1,128.6,0.339,0.682,0.071,1,2.1992063492063494,0.10521283650244095,1,high
M01667,219.8,220.5,211.6,0.064,0.201,0.063,0,1.003184713375796,-0.09568764053725543,0,high
M01668,50.2,48.5,40.9,0.064,0.21,0.098,0,0.9661354581673306,-0.1412601340641259,0,medium
M01669,98.3,99.4,100.2,0.089,0.202,0.069,0,1.0111902339776195,-0.19234166116291856,0,low
M01670,166.1,164.4,168.9,0.114,0.185,0.053,0,0.9897652016857316,-0.1475771738044072,0,medium
M01671,150.1,145.8,148.1,0.094,0.193,0.067,0,0.971352431712192,-0.17475629514377056,0,low
M01672,103.0,91.8,102.0,0.082,0.307,0.274,0,0.8912621359223301,-0.07976887335698613,0,high
M01673,77.0,80.8,83.0,0.112,0.213,0.02,0,1.0493506493506493,-0.16075834223410396,0,medium
M01674,136.6,134.4,131.3,0.07,0.387,0.107,0,0.9838945827232797,-0.17934305760674568,0,low
M01675,111.9,106.5,97.2,0.105,0.334,0.098,0,0.9517426273458445,-0.17695209703146336,0,low
M01676,88.5,92.4,98.8,0.077,0.307,0.029,0,1.0440677966101695,-0.18890129022111968,0,low
M01677,147.7,148.8,135.9,0.1,0.22,0.024,0,1.0074475287745432,-0.16539768569741992,0,low
M01678,253.8,256.0,254.6,0.038,0.327,0.03,0,1.0086682427107958,-0.04217330528982066,0,high
M01679,171.9,176.0,178.1,0.099,0.317,0.201,0,1.0238510762070971,-0.12541199038825585,0,medium
M01680,160.4,167.7,158.5,0.08,0.24,0.064,0,1.045511221945137,-0.17379052373423248,0,low
M01681,184.9,184.9,186.2,0.084,0.201,0.172,0,1.0,-0.13876809362846754,0,medium
M01682,65.6,80.8,47.8,0.031,0.174,0.091,0,1.2317073170731707,-0.11060423847504519,0,high
M01683,201.0,213.1,194.6,0.046,0.132,0.083,0,1.0601990049751244,-0.10988867686815712,0,high
M01684,136.5,147.4,132.3,0.02,0.364,0.089,0,1.0798534798534798,-0.16197128852957005,0,low
M01685,39.1,41.1,45.0,0.061,0.202,0.163,0,1.051150895140665,-0.11177632773040425,0,high
M01686,113.9,104.4,118.4,0.003,0.287,0.02,0,0.9165935030728709,-0.1295422346593807,0,medium
M01687,77.2,87.1,77.9,0.086,0.255,0.112,0,1.1282383419689117,-0.17628633566514812,0,low
M01688,174.8,281.8,170.8,0.185,0.442,0.183,1,1.6121281464530892,0.0410182147153485,1,high
M01689,36.8,40.1,33.3,0.068,0.304,0.047,0,1.0896739130434785,-0.1157977625179013,0,high
M01690,64.2,105.7,54.8,0.311,0.632,0.109,1,1.646417445482866,-0.01638233203345585,0,high
M01691,112.4,115.5,92.5,0.054,0.347,0.134,0,1.0275800711743772,-0.1778825037825485,0,low
M01692,96.5,93.8,94.5,0.049,0.319,0.049,0,0.972020725388601,-0.18986336219363403,0,low
M01693,157.7,166.0,150.2,0.06,0.279,0.02,0,1.0526315789473686,-0.1511287578305054,0,medium
M01694,193.1,184.2,205.9,0.105,0.116,0.191,0,0.9539098912480579,-0.06384651946042197,0,high
M01695,98.7,191.9,98.4,0.237,0.379,0.207,1,1.944275582573455,0.022301259150660058,1,high
M01696,88.5,92.3,90.6,0.023,0.111,0.075,0,1.0429378531073445,-0.15937602382740335,0,medium
M01697,61.6,140.1,47.2,0.379,0.366,0.057,1,2.2743506493506493,0.024584999051261214,1,high
M01698,208.9,210.1,217.0,0.024,0.1,0.137,0,1.0057443752991861,-0.07253121735855528,0,high
M01699,114.3,118.7,112.2,0.071,0.129,0.186,0,1.0384951881014874,-0.15708318042324643,0,medium
M01700,149.4,162.6,162.9,0.108,0.277,0.148,0,1.0883534136546185,-0.13668711076526668,0,medium
M01701,167.1,166.5,179.0,0.061,0.193,0.072,0,0.9964093357271095,-0.16361972242934358,0,low
M01702,80.0,89.7,70.4,0.033,0.28,0.022,0,1.12125,-0.15152651794522698,0,medium
M01703,143.9,137.8,137.0,0.026,0.275,0.095,0,0.9576094510076443,-0.17438399808796795,0,low
M01704,138.5,153.2,124.1,0.017,0.279,0.109,0,1.1061371841155234,-0.1490494633077838,0,medium
M01705,277.9,284.5,274.6,0.12,0.253,0.084,0,1.023749550197913,-0.0036116735058753235,0,high
M01706,224.9,215.5,221.2,0.115,0.132,0.059,0,0.9582036460649177,-0.058755786153960265,0,high
M01707,31.9,76.1,26.1,0.506,0.483,0.02,1,2.385579937304075,0.0766628728478318,1,high
M01708,118.1,116.0,116.2,0.098,0.317,0.065,0,0.9822184589331076,-0.18706973765775187,0,low
M01709,218.4,198.2,224.6,0.082,0.245,0.082,0,0.9075091575091574,-0.08146703417621737,0,high
M01710,88.7,84.1,97.0,0.105,0.175,0.316,0,0.948139797068771,-0.05153578490086863,0,high
M01711,35.8,56.1,35.3,0.498,0.367,0.07,1,1.5670391061452515,0.017264310709794284,1,high
M01712,198.4,200.0,196.0,0.022,0.204,0.165,0,1.0080645161290323,-0.1156080821830246,0,high
M01713,62.6,132.1,71.0,0.385,0.679,0.152,1,2.110223642172524,0.03244165961913259,1,high
M01714,175.2,186.7,185.4,0.062,0.237,0.022,0,1.0656392694063928,-0.1418601109516433,0,medium
M01715,97.4,97.5,99.5,0.034,0.362,0.064,0,1.0010266940451744,-0.1825752142346193,0,low
M01716,231.3,231.2,226.8,0.095,0.265,0.051,0,0.9995676610462602,-0.08630094821788076,0,high
M01717,177.2,172.6,168.2,0.018,0.235,0.055,0,0.9740406320541761,-0.15511208852460562,0,medium
M01718,73.2,65.0,53.4,0.049,0.261,0.043,0,0.8879781420765027,-0.15761796865301214,0,medium
M01719,64.2,71.0,66.0,0.059,0.308,0.153,0,1.1059190031152648,-0.15519380631796093,0,medium
M01720,166.1,164.3,168.7,0.076,0.385,0.089,0,0.9891631547260687,-0.16524022875322963,0,low
M01721,60.9,63.0,81.3,0.011,0.196,0.127,0,1.0344827586206897,-0.15142223220352513,0,medium
M01722,40.6,51.1,33.0,0.045,0.273,0.166,0,1.2586206896551724,-0.0729433271285207,0,high
M01723,125.3,121.0,126.5,0.007,0.107,0.085,0,0.965682362330407,-0.13628342862952691,0,medium
M01724,70.8,75.5,73.7,0.021,0.112,0.126,0,1.0663841807909604,-0.1434185189289982,0,medium
M01725,122.9,126.0,141.5,0.017,0.116,0.02,0,1.0252237591537836,-0.12974066295174902,0,medium
M01726,177.1,183.7,178.9,0.029,0.138,0.023,0,1.0372670807453417,-0.11119366651277451,0,high
M01727,153.2,167.1,149.7,0.08,0.351,0.111,0,1.0907310704960835,-0.15513437149913162,0,medium
M01728,208.1,201.0,207.2,0.003,0.337,0.059,0,0.9658817876021144,-0.08445419146578326,0,high
M01729,163.3,176.2,150.6,0.086,0.243,0.15,0,1.0789957134109,-0.14675859257034723,0,medium
M01730,160.1,169.7,165.9,0.105,0.374,0.105,0,1.0599625234228607,-0.1524003009376073,0,medium
M01731,43.6,94.1,45.2,0.17,0.657,0.063,1,2.1582568807339446,0.01736082233823666,1,high
M01732,117.8,116.9,107.0,0.013,0.384,0.15,0,0.9923599320882853,-0.15633046490151736,0,medium
M01733,107.7,103.4,100.1,0.061,0.217,0.126,0,0.9600742804085423,-0.1812712838841274,0,low
M01734,112.9,205.0,110.5,0.238,0.39,0.125,1,1.815766164747564,0.011461126967754143,1,high
M01735,206.0,216.1,211.2,0.007,0.249,0.114,0,1.0490291262135922,-0.09658136992983679,0,high
M01736,103.1,107.7,108.0,0.022,0.212,0.095,0,1.0446168768186228,-0.18421856584121055,0,low
M01737,177.2,171.2,154.8,0.11,0.226,0.095,0,0.9661399548532731,-0.15235342493416737,0,medium
M01738,114.1,122.8,106.3,0.089,0.114,0.106,0,1.0762489044697634,-0.1589817712618415,0,medium
M01739,90.3,85.5,108.7,0.078,0.203,0.061,0,0.946843853820598,-0.17681725634664763,0,low
M01740,216.8,221.0,223.4,0.056,0.167,0.061,0,1.0193726937269372,-0.08848923019901134,0,high
M01741,111.2,117.4,113.0,0.049,0.371,0.097,0,1.0557553956834533,-0.17975616364961522,0,low
M01742,67.1,98.1,65.3,0.348,0.382,0.03,1,1.4619970193740686,-0.0495316737980811,0,high
M01743,124.8,130.8,135.2,0.063,0.296,0.255,0,1.0480769230769231,-0.1287424682969434,0,medium
M01744,71.0,76.5,70.7,0.019,0.296,0.086,0,1.0774647887323943,-0.16430917535664424,0,low
M01745,164.8,177.0,156.3,0.115,0.398,0.115,0,1.0740291262135921,-0.1353860290289967,0,medium
M01746,46.5,45.2,35.3,0.052,0.289,0.035,0,0.9720430107526883,-0.11100907581361635,0,high
M01747,51.2,60.4,54.9,0.108,0.13,0.072,0,1.1796875,-0.10381138510126275,0,high
M01748,255.4,273.1,247.6,0.02,0.245,0.109,0,1.0693030540328896,-0.03474565281194786,0,high
M01749,128.3,143.3,132.8,0.018,0.273,0.154,0,1.1169134840218238,-0.1384048358361764,0,medium
M01750,87.4,105.8,103.1,0.01,0.349,0.095,0,1.2105263157894737,-0.14466444390014183,0,medium
M01751,136.0,130.3,127.1,0.101,0.139,0.227,0,0.9580882352941177,-0.12231692476978034,0,high
M01752,164.7,173.5,171.0,0.04,0.35,0.115,0,1.053430479659988,-0.15788723220480877,0,medium
M01753,15.0,29.9,24.5,0.5,0.604,0.063,1,1.9933333333333332,0.08669129085698357,1,high
M01754,79.0,78.6,75.6,0.113,0.39,0.05,0,0.9949367088607595,-0.17048696164994898,0,low
M01755,72.3,95.4,80.0,0.016,0.154,0.02,0,1.3195020746887969,-0.07807815660834916,0,high
M01756,133.4,139.2,149.3,0.016,0.329,0.069,0,1.0434782608695652,-0.1620605688585734,0,low
M01757,184.0,190.9,198.4,0.108,0.315,0.02,0,1.0375,-0.11707070222496635,0,high
M01758,249.8,254.0,241.1,0.004,0.188,0.17,0,1.0168134507606084,-0.02173087446243882,0,high
M01759,76.6,83.8,76.5,0.082,0.323,0.027,0,1.0939947780678851,-0.1778556698536206,0,low
M01760,141.1,153.5,140.5,0.088,0.116,0.092,0,1.087880935506733,-0.14527276368435038,0,medium
M01761,131.2,126.8,126.4,0.024,0.185,0.105,0,0.9664634146341464,-0.17589390127627974,0,low
M01762,133.9,138.4,136.7,0.052,0.132,0.033,0,1.0336071695294997,-0.15210045279395595,0,medium
M01763,198.3,199.5,198.0,0.085,0.189,0.034,0,1.0060514372163387,-0.13123147314467776,0,medium
M01764,32.5,67.3,26.4,0.274,0.432,0.128,1,2.0707692307692307,0.0028397231783684473,1,high
M01765,147.7,143.2,151.4,0.073,0.189,0.079,0,0.969532836831415,-0.17124885524041478,0,low
M01766,48.9,48.6,55.2,0.048,0.243,0.042,0,0.9938650306748467,-0.15101728760628874,0,medium
M01767,254.5,259.4,258.4,0.035,0.34,0.205,0,1.0192534381139489,-0.014979709072085012,0,high
M01768,257.4,257.5,250.4,0.033,0.108,0.111,0,1.0003885003885005,-0.028246637091339344,0,high
M01769,95.7,102.8,92.2,0.046,0.307,0.08,0,1.0741901776384535,-0.18962353766822776,0,low
M01770,139.7,149.6,150.2,0.112,0.22,0.117,0,1.0708661417322836,-0.16064171090371243,0,medium
M01771,102.5,141.8,108.1,0.201,0.691,0.175,1,1.3834146341463416,-0.0010429688055085817,0,high
M01772,94.4,90.3,101.4,0.075,0.228,0.108,0,0.9565677966101694,-0.1845561332246008,0,low
M01773,106.0,113.9,98.1,0.063,0.251,0.277,0,1.0745283018867926,-0.10032702232076895,0,high
M01774,20.9,49.8,25.1,0.295,0.628,0.129,1,2.382775119617225,0.0804291037488225,1,high
M01775,56.7,60.6,53.5,0.035,0.269,0.02,0,1.0687830687830688,-0.1278218637568494,0,medium
M01776,79.9,82.6,88.8,0.061,0.249,0.086,0,1.0337922403003754,-0.1894797548508505,0,low
M01777,108.1,103.3,111.2,0.051,0.174,0.106,0,0.9555966697502313,-0.1807057733796883,0,low
M01778,50.6,117.0,48.1,0.274,0.476,0.064,1,2.3122529644268774,-0.010507888115314334,0,high
M01779,107.7,98.8,113.1,0.059,0.278,0.092,0,0.9173630454967502,-0.18579477073767076,0,low
M01780,113.5,119.5,113.4,0.076,0.3,0.148,0,1.052863436123348,-0.18627319403488796,0,low
M01781,69.8,66.2,71.2,0.059,0.39,0.149,0,0.9484240687679084,-0.15164253630257657,0,medium
M01782,172.0,181.8,180.2,0.1,0.138,0.063,0,1.0569767441860465,-0.1385524955623874,0,medium
M01783,192.1,194.4,196.4,0.105,0.214,0.203,0,1.0119729307652265,-0.10076503026642203,0,high
M01784,65.9,62.1,55.9,0.061,0.203,0.071,0,0.9423368740515933,-0.16757347424468577,0,low
M01785,131.6,135.1,133.4,0.101,0.297,0.057,0,1.0265957446808511,-0.18353992182195944,0,low
M01786,292.7,278.6,293.8,0.059,0.143,0.081,0,0.9518278100444142,0.023151878537326698,1,high
M01787,44.8,104.5,37.8,0.356,0.609,0.207,1,2.332589285714286,0.043849372523171226,1,high
M01788,217.6,233.4,218.9,0.066,0.217,0.059,0,1.0726102941176472,-0.08030897525794667,0,high
M01789,189.9,181.7,181.3,0.116,0.342,0.131,0,0.9568193786203264,-0.1348848903586506,0,medium
M01790,78.1,83.1,80.1,0.045,0.155,0.066,0,1.064020486555698,-0.17909022969706806,0,low
M01791,146.7,146.7,154.9,0.065,0.289,0.067,0,1.0,-0.17860839615461682,0,low
M01792,152.6,156.6,148.7,0.034,0.343,0.298,0,1.0262123197903015,-0.07896938593647568,0,high
M01793,118.7,127.8,121.1,0.073,0.257,0.099,0,1.0766638584667227,-0.184033564713931,0,low
M01794,214.1,213.6,217.7,0.029,0.161,0.17,0,0.9976646426903316,-0.08869351053157037,0,high
M01795,91.8,91.3,83.4,0.07,0.257,0.16,0,0.9945533769063181,-0.1812657347339356,0,low
M01796,132.6,141.4,134.9,0.068,0.16,0.071,0,1.0663650075414781,-0.17106309387264784,0,low
M01797,205.1,202.8,199.4,0.087,0.122,0.118,0,0.9887859580692346,-0.10701349298383295,0,high
M01798,157.6,160.7,165.1,0.053,0.302,0.02,0,1.0196700507614214,-0.14908017145078112,0,medium
M01799,252.6,257.1,262.4,0.032,0.224,0.053,0,1.0178147268408553,-0.03517233579872103,0,high
M01800,143.2,136.1,137.4,0.051,0.18,0.083,0,0.9504189944134078,-0.16365431507545153,0,low
M01801,80.6,76.7,81.1,0.062,0.331,0.209,0,0.9516129032258066,-0.14343501902086386,0,medium
M01802,92.9,178.4,105.3,0.524,0.458,0.071,1,1.9203444564047363,0.04202207063203145,1,high
M01803,56.4,66.0,67.6,0.0,0.393,0.065,0,1.1702127659574468,-0.10098253712546468,0,high
M01804,238.2,242.3,227.5,0.015,0.387,0.09,0,1.017212426532326,-0.03881338880763607,0,high
M01805,100.4,138.6,98.2,0.445,0.57,0.08,1,1.3804780876494023,0.0027730574428601606,1,high
M01806,153.6,158.5,147.6,0.084,0.185,0.026,0,1.0319010416666667,-0.16289317835239553,0,low
M01807,59.1,53.5,69.2,0.074,0.351,0.118,0,0.9052453468697124,-0.14715646022164042,0,medium
M01808,66.9,57.3,62.7,0.109,0.344,0.088,0,0.8565022421524663,-0.14277055157595503,0,medium
M01809,45.5,47.7,33.2,0.115,0.168,0.089,0,1.0483516483516484,-0.10474061775428245,0,high
M01810,89.9,101.8,80.4,0.066,0.14,0.122,0,1.132369299221357,-0.157723355236082,0,medium
M01811,129.5,123.1,120.7,0.044,0.309,0.14,0,0.9505791505791505,-0.17834171514754704,0,low
M01812,224.6,226.7,220.4,0.04,0.337,0.025,0,1.0093499554764025,-0.07331307825072109,0,high
M01813,98.7,97.5,98.5,0.063,0.255,0.025,0,0.9878419452887538,-0.18773514124634938,0,low
M01814,120.0,120.7,138.5,0.059,0.164,0.02,0,1.0058333333333334,-0.1596633181642646,0,medium
M01815,159.8,163.8,167.3,0.044,0.121,0.152,0,1.0250312891113893,-0.135373750742448,0,medium
M01816,100.1,104.9,94.7,0.101,0.397,0.075,0,1.047952047952048,-0.18037605485606317,0,low
M01817,261.7,278.0,267.9,0.075,0.117,0.053,0,1.0622850592281239,-0.0055475128045455735,0,high
M01818,61.3,126.8,53.8,0.46,0.543,0.112,1,2.068515497553018,0.015298600125265849,1,high
M01819,35.0,30.1,53.6,0.017,0.368,0.18,0,0.86,-0.06570545892110646,0,high
M01820,203.5,208.1,220.3,0.099,0.116,0.129,0,1.0226044226044226,-0.08503919233714169,0,high
M01821,166.9,173.2,162.6,0.11,0.108,0.196,0,1.0377471539844216,-0.0834182734483585,0,high
M01822,96.7,86.4,100.6,0.05,0.157,0.096,0,0.8934850051706309,-0.16604609586651176,0,low
M01823,149.5,151.3,130.6,0.032,0.164,0.142,0,1.0120401337792644,-0.16208095762575442,0,low
M01824,89.2,81.8,81.7,0.111,0.16,0.094,0,0.9170403587443946,-0.16211955025536662,0,low
M01825,115.5,121.6,123.6,0.058,0.312,0.069,0,1.0528138528138529,-0.18944397844320693,0,low
M01826,214.5,210.1,212.9,0.117,0.128,0.026,0,0.9794871794871794,-0.07044652833966447,0,high
M01827,94.4,85.1,84.2,0.048,0.229,0.094,0,0.9014830508474575,-0.1722542004560697,0,low
M01828,167.6,176.6,147.9,0.024,0.356,0.151,0,1.0536992840095465,-0.14773429497777485,0,medium
M01829,56.8,49.9,57.5,0.076,0.387,0.026,0,0.8785211267605634,-0.12483062278780599,0,medium
M01830,103.1,103.7,112.8,0.079,0.34,0.095,0,1.005819592628516,-0.18783190411187883,0,low
M01831,157.0,157.2,153.0,0.023,0.239,0.102,0,1.0012738853503185,-0.17114324467983116,0,low
M01832,128.0,122.9,118.0,0.038,0.287,0.02,0,0.96015625,-0.16000784816658858,0,medium
M01833,97.7,100.8,103.7,0.055,0.379,0.094,0,1.0317297850562948,-0.1837259263023639,0,low
M01834,63.5,55.3,73.4,0.083,0.119,0.1,0,0.8708661417322834,-0.13347244616574055,0,medium
M01835,84.1,83.3,78.9,0.104,0.306,0.094,0,0.990487514863258,-0.18629263599470886,0,low
M01836,75.2,73.7,74.1,0.041,0.254,0.062,0,0.9800531914893617,-0.17652652042381772,0,low
M01837,155.5,156.9,165.1,0.025,0.161,0.034,0,1.0090032154340836,-0.14818240649970504,0,medium
M01838,75.7,159.2,76.4,0.493,0.354,0.225,1,2.103038309114927,0.05971599009162143,1,high
M01839,159.9,166.6,168.6,0.093,0.139,0.036,0,1.0419011882426517,-0.14440522443676662,0,medium
M01840,99.0,95.2,97.5,0.095,0.332,0.027,0,0.9616161616161616,-0.18172277888492339,0,low
M01841,122.9,120.9,126.0,0.051,0.376,0.075,0,0.983726606997559,-0.17935950370897819,0,low
M01842,71.1,89.5,78.9,0.189,0.595,0.187,1,1.258790436005626,-0.05091883029006361,0,high
M01843,119.3,116.4,116.5,0.077,0.135,0.049,0,0.9756915339480302,-0.16929030771695908,0,low
M01844,148.8,152.7,151.9,0.074,0.166,0.32,0,1.0262096774193548,-0.05574054356777969,0,high
M01845,39.9,34.6,43.3,0.084,0.338,0.08,0,0.8671679197994988,-0.11296774601318293,0,high
M01846,145.3,142.8,139.9,0.053,0.262,0.085,0,0.9827942188575362,-0.18033376575782428,0,low
M01847,115.4,120.9,116.3,0.064,0.278,0.071,0,1.0476603119584056,-0.19363975564925662,0,low
M01848,75.2,79.5,77.0,0.067,0.309,0.249,0,1.0571808510638296,-0.11661736198256789,0,high
M01849,147.4,147.4,151.6,0.005,0.154,0.023,0,1.0,-0.13240986091506352,0,medium
M01850,59.9,128.5,54.2,0.2,0.5,0.132,1,2.1452420701168613,-0.013396048446713493,0,high
M01851,53.3,52.5,42.5,0.054,0.204,0.037,0,0.9849906191369606,-0.141083388068869,0,medium
M01852,58.1,60.3,44.4,0.06,0.112,0.144,0,1.037865748709122,-0.12295123344198045,0,high
M01853,34.6,22.9,29.2,0.031,0.357,0.059,0,0.6618497109826589,-0.03161147651892493,0,high
M01854,53.9,103.7,35.4,0.404,0.511,0.146,1,1.9239332096474955,0.0014903367346614793,1,high
M01855,31.5,57.4,28.5,0.196,0.638,0.082,1,1.8222222222222222,0.02484946024228507,1,high
M01856,68.3,118.7,64.0,0.526,0.375,0.07,1,1.7379209370424598,0.015555503033976126,1,high
M01857,90.0,94.8,103.6,0.024,0.335,0.02,0,1.0533333333333332,-0.15579739589485642,0,medium
M01858,47.4,73.7,38.8,0.157,0.379,0.218,1,1.5548523206751055,-0.026823280189973153,0,high
M01859,63.2,61.3,78.7,0.041,0.276,0.057,0,0.9699367088607594,-0.1720716526564663,0,low
M01860,41.8,34.8,44.2,0.028,0.385,0.099,0,0.8325358851674641,-0.07199738317835747,0,high
M01861,141.3,136.8,145.4,0.077,0.196,0.183,0,0.9681528662420382,-0.15642566987681317,0,medium
M01862,167.6,410.6,169.3,0.2,0.548,0.062,1,2.449880668257757,0.09722643212914428,1,high
M01863,147.9,163.4,142.2,0.086,0.346,0.039,0,1.1048005409060175,-0.1498557556214803,0,medium
M01864,137.1,130.8,129.8,0.085,0.212,0.098,0,0.9540481400437638,-0.17597519181320342,0,low
M01865,71.6,72.4,82.8,0.018,0.359,0.079,0,1.011173184357542,-0.1615574760076084,0,medium
M01866,67.5,67.2,62.8,0.104,0.168,0.081,0,0.9955555555555556,-0.1605351324733208,0,medium
M01867,127.6,140.4,104.3,0.111,0.143,0.046,0,1.1003134796238245,-0.14368153150230228,0,medium
M01868,26.0,47.1,10.0,0.336,0.43,0.089,1,1.8115384615384615,0.009523580035587287,1,high
M01869,203.9,212.5,198.1,0.006,0.129,0.132,0,1.0421775380088278,-0.08391222657645031,0,high
M01870,115.0,113.6,119.7,0.119,0.375,0.144,0,0.9878260869565217,-0.1574041072078065,0,medium
M01871,43.6,51.6,47.5,0.045,0.352,0.02,0,1.18348623853211,-0.09163386076820579,0,high
M01872,143.5,146.6,150.9,0.055,0.213,0.164,0,1.021602787456446,-0.16453245204365308,0,low
M01873,130.0,139.3,130.1,0.059,0.172,0.02,0,1.0715384615384616,-0.15480552743077047,0,medium
M01874,136.1,147.6,132.9,0.077,0.121,0.082,0,1.0844966936076414,-0.1502792803130255,0,medium
M01875,107.1,124.2,95.9,0.013,0.253,0.285,0,1.1596638655462186,-0.057182769808549194,0,high
M01876,116.6,112.3,119.6,0.102,0.227,0.047,0,0.9631217838765008,-0.17419556710988215,0,low
M01877,69.7,150.9,73.1,0.176,0.544,0.098,1,2.1649928263988523,0.0010650841845200043,1,high
M01878,56.6,65.5,58.9,0.072,0.394,0.2,0,1.157243816254417,-0.10015188384628076,0,high
M01879,132.5,130.1,128.0,0.107,0.297,0.141,0,0.9818867924528302,-0.1768257956949439,0,low
M01880,90.5,90.7,97.0,0.108,0.186,0.136,0,1.0022099447513813,-0.1666860567784323,0,low
M01881,155.9,230.6,146.9,0.391,0.673,0.035,1,1.4791533033996151,0.06527931587902913,1,high
M01882,159.4,162.6,139.5,0.0,0.393,0.045,0,1.0200752823086574,-0.1277816125524016,0,medium
M01883,151.2,152.2,148.3,0.101,0.208,0.165,0,1.0066137566137565,-0.16817058441455218,0,low
M01884,107.1,112.4,108.0,0.008,0.263,0.041,0,1.0494864612511672,-0.16771818441729236,0,low
M01885,185.7,178.3,193.2,0.042,0.335,0.02,0,0.9601507808292947,-0.12312692064087483,0,high
M01886,71.3,104.7,75.0,0.455,0.514,0.252,1,1.4684431977559609,0.01157844068391134,1,high
M01887,54.4,99.4,64.8,0.408,0.565,0.091,1,1.8272058823529413,-0.008177885074088675,0,high
M01888,162.7,161.1,171.2,0.026,0.205,0.029,0,0.9901659496004918,-0.1489896300185879,0,medium
M01889,47.3,83.2,57.2,0.427,0.683,0.118,1,1.7589852008456661,0.008460701954836392,1,high
M01890,202.3,194.6,199.7,0.115,0.213,0.031,0,0.9619377162629758,-0.11153715793056868,0,high
M01891,58.5,63.5,56.3,0.041,0.2,0.09,0,1.0854700854700854,-0.1554150917993684,0,medium
M01892,62.1,66.2,67.4,0.105,0.161,0.132,0,1.066022544283414,-0.15278106397191776,0,medium
M01893,67.3,105.8,44.9,0.352,0.553,0.105,1,1.5720653789004457,-0.030946976846335517,0,high
M01894,98.3,99.8,95.8,0.017,0.121,0.147,0,1.0152594099694812,-0.1494219776916043,0,medium
M01895,134.7,139.0,121.2,0.004,0.271,0.284,0,1.0319227913882703,-0.0661067406102519,0,high
M01896,107.1,128.3,106.7,0.019,0.166,0.128,0,1.1979458450046687,-0.11344617243647814,0,high
M01897,71.1,67.9,76.3,0.093,0.116,0.158,0,0.9549929676511957,-0.14554024300428836,0,medium
M01898,141.5,146.9,145.0,0.078,0.284,0.039,0,1.0381625441696114,-0.17563025395929088,0,low
M01899,79.8,75.2,75.5,0.005,0.157,0.099,0,0.9423558897243108,-0.14278058271762029,0,medium
M01900,85.3,82.0,75.6,0.061,0.239,0.147,0,0.9613130128956624,-0.1780890354712476,0,low
M01901,258.6,268.4,265.0,0.081,0.38,0.133,0,1.0378963650425366,-0.01989606261253729,0,high
M01902,87.5,85.9,90.4,0.06,0.197,0.223,0,0.9817142857142858,-0.12977395579150663,0,medium
M01903,90.9,91.4,93.4,0.017,0.102,0.225,0,1.0055005500550056,-0.09997449115127283,0,high
M01904,163.0,173.6,152.3,0.022,0.142,0.212,0,1.0650306748466258,-0.10110354886090173,0,high
M01905,184.7,192.1,173.0,0.039,0.185,0.061,0,1.0400649702219815,-0.1446199796444786,0,medium
M01906,145.8,144.3,143.8,0.001,0.214,0.025,0,0.9897119341563786,-0.14538349231116038,0,medium
M01907,60.1,64.0,58.5,0.046,0.4,0.041,0,1.064891846921797,-0.1438963073773349,0,medium
M01908,51.5,47.3,43.7,0.005,0.143,0.117,0,0.9184466019417475,-0.10221780495269034,0,high
M01909,129.0,139.9,137.2,0.118,0.357,0.137,0,1.0844961240310078,-0.15734084037580282,0,medium
M01910,112.2,114.4,114.0,0.095,0.166,0.099,0,1.0196078431372548,-0.18387326276706417,0,low
M01911,112.4,103.3,112.3,0.113,0.31,0.075,0,0.9190391459074733,-0.17475660647312413,0,low
M01912,50.8,99.4,54.7,0.342,0.528,0.108,1,1.956692913385827,-0.030644456199882875,0,high
M01913,314.4,319.2,320.7,0.019,0.288,0.068,0,1.015267175572519,0.05602520128764854,1,high
M01914,183.8,181.8,183.9,0.022,0.388,0.11,0,0.9891186071817193,-0.13378083551206416,0,medium
M01915,115.0,109.3,125.2,0.053,0.31,0.06,0,0.9504347826086956,-0.18059460040597425,0,low
M01916,40.3,80.2,40.2,0.169,0.486,0.247,1,1.990074441687345,0.015349611543042818,1,high
M01917,98.6,146.7,99.9,0.184,0.652,0.09,1,1.4878296146044625,-0.020513741085910975,0,high
M01918,90.0,86.1,79.7,0.002,0.383,0.079,0,0.9566666666666666,-0.14996821823372525,0,medium
M01919,107.4,117.4,102.9,0.075,0.175,0.043,0,1.0931098696461825,-0.16611396614853213,0,low
M01920,120.6,124.7,132.7,0.031,0.249,0.114,0,1.0339966832504146,-0.18153664967436267,0,low
M01921,67.3,65.3,70.7,0.034,0.253,0.156,0,0.9702823179791976,-0.16229377274025025,0,low
M01922,20.2,43.4,21.9,0.398,0.379,0.146,1,2.1485148514851486,0.03944323472427458,1,high
M01923,74.5,73.8,81.1,0.006,0.303,0.108,0,0.9906040268456375,-0.15338086723212635,0,medium
M01924,30.8,45.9,25.4,0.233,0.502,0.073,1,1.4902597402597402,-0.00736763339601465,0,high
M01925,131.5,129.9,135.4,0.017,0.182,0.037,0,0.9878326996197719,-0.16597137677404794,0,low
M01926,68.8,62.4,62.9,0.077,0.171,0.124,0,0.9069767441860466,-0.14595240481513866,0,medium
M01927,99.2,108.7,73.7,0.08,0.394,0.17,0,1.095766129032258,-0.14678390690510834,0,medium
M01928,72.6,100.6,74.3,0.16,0.697,0.096,1,1.3856749311294767,-0.053695554618050756,0,high
M01929,109.8,106.3,105.2,0.057,0.266,0.26,0,0.9681238615664846,-0.10966713387856963,0,high
M01930,84.1,78.5,89.1,0.078,0.167,0.051,0,0.9334126040428062,-0.1733132975094409,0,low
M01931,57.3,84.1,51.3,0.423,0.641,0.113,1,1.4677137870855148,0.007115795459295748,1,high
M01932,60.9,72.7,53.5,0.095,0.378,0.062,0,1.19376026272578,-0.13380612582787754,0,medium
M01933,81.0,84.2,79.3,0.034,0.2,0.136,0,1.0395061728395063,-0.1783220781463457,0,low
M01934,162.3,165.8,170.6,0.038,0.238,0.07,0,1.0215650030807146,-0.17071184644669868,0,low
M01935,71.9,75.4,64.6,0.058,0.214,0.118,0,1.0486787204450625,-0.17033143667932243,0,low
M01936,130.7,132.4,119.6,0.104,0.205,0.048,0,1.01300688599847,-0.18041710523772903,0,low
M01937,117.4,112.6,129.6,0.033,0.182,0.032,0,0.9591141396933559,-0.16512219750383234,0,low
M01938,57.8,62.6,51.3,0.03,0.224,0.02,0,1.083044982698962,-0.12723322254794384,0,medium
M01939,119.1,125.6,129.2,0.055,0.293,0.059,0,1.054575986565911,-0.18690197432621647,0,low
M01940,98.3,103.1,108.1,0.098,0.129,0.147,0,1.0488301119023398,-0.16821031454067664,0,low
M01941,52.4,52.7,41.6,0.04,0.275,0.02,0,1.0057251908396947,-0.11908358800221208,0,high
M01942,84.9,215.8,93.9,0.31,0.377,0.093,1,2.541813898704358,0.06086468393341704,1,high
M01943,89.1,83.8,78.9,0.046,0.153,0.023,0,0.9405162738496072,-0.16049514871044918,0,medium
M01944,72.4,69.9,85.9,0.098,0.133,0.091,0,0.9654696132596685,-0.1576969824593235,0,medium
M01945,89.7,106.2,96.8,0.097,0.306,0.066,0,1.1839464882943145,-0.16183050966448043,0,low
M01946,185.7,179.0,179.9,0.077,0.161,0.023,0,0.9639203015616586,-0.12905051263659884,0,medium
M01947,111.7,119.1,112.0,0.039,0.209,0.02,0,1.0662488809310653,-0.1687690778787419,0,low
M01948,83.2,91.2,87.2,0.091,0.168,0.144,0,1.0961538461538463,-0.15687220435247962,0,medium
M01949,72.6,72.5,71.4,0.053,0.164,0.023,0,0.9986225895316805,-0.161429681455461,0,medium
M01950,128.1,140.4,132.1,0.07,0.111,0.069,0,1.0960187353629978,-0.14142286798853193,0,medium
M01951,72.5,80.3,58.9,0.108,0.109,0.031,0,1.1075862068965516,-0.11906261650428018,0,high
M01952,220.9,237.3,232.7,0.098,0.237,0.03,0,1.0742417383431417,-0.059973285118976816,0,high
M01953,167.2,156.5,165.5,0.001,0.287,0.039,0,0.9360047846889953,-0.13179600496067279,0,medium
M01954,117.8,127.9,121.8,0.037,0.25,0.02,0,1.0857385398981325,-0.16597256532851168,0,low
M01955,80.5,86.2,88.4,0.043,0.295,0.056,0,1.0708074534161491,-0.1833552595389023,0,low
M01956,197.0,204.1,189.0,0.111,0.309,0.054,0,1.0360406091370558,-0.1316600406007003,0,medium
M01957,76.7,125.7,84.3,0.401,0.494,0.064,1,1.6388526727509778,-0.025651555269091908,0,high
M01958,45.6,69.0,48.6,0.511,0.665,0.043,1,1.513157894736842,0.05156716518596194,1,high
M01959,182.7,185.1,180.5,0.057,0.281,0.021,0,1.013136288998358,-0.14290758965675543,0,medium
M01960,185.5,191.2,194.5,0.039,0.236,0.057,0,1.0307277628032345,-0.14915574736077963,0,medium
M01961,64.3,73.4,76.2,0.039,0.298,0.072,0,1.1415241057542769,-0.16259222054613898,0,low
M01962,152.4,158.0,147.2,0.111,0.241,0.07,0,1.0367454068241468,-0.1683363439233121,0,low
M01963,140.0,143.1,138.1,0.033,0.218,0.062,0,1.022142857142857,-0.17284367606603673,0,low
M01964,150.2,159.3,140.3,0.005,0.306,0.121,0,1.0605858854860188,-0.1564567346537935,0,medium
M01965,77.1,81.7,76.2,0.026,0.377,0.245,0,1.059662775616083,-0.10490741267929776,0,high
M01966,70.0,59.4,50.7,0.073,0.29,0.176,0,0.8485714285714285,-0.11331649299193397,0,high
M01967,68.6,95.8,69.3,0.276,0.461,0.207,1,1.3965014577259476,-0.03887707575705046,0,high
M01968,111.8,120.7,111.1,0.075,0.223,0.02,0,1.0796064400715564,-0.1711421110569965,0,low
M01969,89.0,81.9,96.5,0.088,0.171,0.021,0,0.9202247191011237,-0.15120714643381905,0,medium
M01970,103.4,105.1,107.2,0.048,0.275,0.023,0,1.0164410058027078,-0.18119239449811575,0,low
M01971,156.6,148.9,156.0,0.061,0.208,0.095,0,0.950830140485313,-0.16677920756840525,0,low
M01972,161.6,159.8,165.1,0.033,0.325,0.184,0,0.988861386138614,-0.13966886455277144,0,medium
M01973,141.0,140.4,135.1,0.073,0.311,0.03,0,0.9957446808510638,-0.1726776293733862,0,low
M01974,189.2,186.6,201.9,0.046,0.182,0.148,0,0.9862579281183933,-0.12506780265954065,0,medium
M01975,93.9,99.6,90.7,0.058,0.352,0.058,0,1.0607028753993608,-0.18842403741326647,0,low
M01976,49.0,98.5,63.4,0.265,0.357,0.25,1,2.010204081632653,0.009126853978850713,1,high
M01977,122.9,131.1,109.9,0.074,0.396,0.067,0,1.066720911310008,-0.17464733428671797,0,low
M01978,64.9,72.9,71.5,0.085,0.179,0.099,0,1.12326656394453,-0.15340952892199022,0,medium
M01979,166.0,170.5,170.6,0.088,0.205,0.025,0,1.0271084337349397,-0.15437238493509614,0,medium
M01980,41.6,48.4,42.8,0.029,0.106,0.067,0,1.1634615384615383,-0.0835139275010836,0,high
M01981,163.5,173.5,153.4,0.068,0.362,0.05,0,1.0611620795107033,-0.16355735868739174,0,low
M01982,65.8,64.6,81.5,0.059,0.186,0.132,0,0.9817629179331306,-0.16854873575925278,0,low
M01983,117.8,124.0,107.1,0.103,0.186,0.143,0,1.0526315789473684,-0.17327525719764003,0,low
M01984,197.7,197.4,192.3,0.011,0.172,0.147,0,0.9984825493171473,-0.10724485302199532,0,high
M01985,167.7,166.3,160.2,0.089,0.328,0.126,0,0.9916517590936197,-0.16629685194094074,0,low
M01986,214.8,214.3,215.4,0.016,0.212,0.088,0,0.9976722532588455,-0.09499268861129323,0,high
M01987,97.7,95.3,94.2,0.071,0.27,0.083,0,0.9754350051177072,-0.19606856944866352,0,low
M01988,89.3,89.5,84.9,0.093,0.283,0.02,0,1.002239641657335,-0.16859774061982213,0,low
M01989,131.9,143.4,118.3,0.04,0.318,0.068,0,1.0871872630780894,-0.17073498566344886,0,low
M01990,68.6,59.2,54.8,0.01,0.28,0.108,0,0.8629737609329448,-0.1402856728401951,0,medium
M01991,148.0,195.2,144.6,0.54,0.397,0.038,1,1.3189189189189188,0.01615899727845782,1,high
M01992,48.2,86.6,52.3,0.422,0.467,0.164,1,1.796680497925311,-0.016443076589240935,0,high
M01993,109.5,114.0,106.8,0.012,0.232,0.165,0,1.0410958904109588,-0.16541965887162763,0,low
M01994,52.0,50.6,37.6,0.042,0.321,0.112,0,0.9730769230769231,-0.12908712145629808,0,medium
M01995,58.5,66.0,57.4,0.017,0.143,0.074,0,1.1282051282051282,-0.1320681053026948,0,medium
M01996,217.4,219.3,229.3,0.006,0.182,0.148,0,1.0087396504139834,-0.06242325001411064,0,high
M01997,136.3,138.6,141.3,0.067,0.201,0.049,0,1.0168745414526779,-0.17786487439689758,0,low
M01998,94.6,100.1,100.4,0.048,0.347,0.105,0,1.058139534883721,-0.18604797738458012,0,low
M01999,153.0,145.7,148.8,0.115,0.339,0.067,0,0.9522875816993464,-0.16177566984499214,0,low
M02000,164.8,171.3,152.7,0.046,0.158,0.048,0,1.0394417475728155,-0.15678727243057333,0,medium
M02001,56.5,59.5,52.6,0.026,0.328,0.104,0,1.0530973451327434,-0.14859155523508016,0,medium
M02002,77.9,72.3,73.2,0.001,0.31,0.02,0,0.9281129653401796,-0.1236577393410721,0,medium
M02003,91.6,85.6,105.4,0.059,0.339,0.106,0,0.9344978165938864,-0.182710791627879,0,low
M02004,56.6,94.3,48.6,0.232,0.364,0.125,1,1.666077738515901,-0.046073574860125976,0,high
M02005,52.5,54.2,58.9,0.059,0.328,0.11,0,1.0323809523809524,-0.15178545732061227,0,medium
M02006,92.4,98.5,98.5,0.043,0.338,0.02,0,1.0660173160173159,-0.16741122332494235,0,low
M02007,128.2,125.4,123.9,0.099,0.262,0.158,0,0.9781591263650548,-0.17659781918638895,0,low
M02008,112.5,222.7,109.0,0.218,0.523,0.026,1,1.9795555555555555,0.04513402372096498,1,high
M02009,79.6,88.2,69.0,0.011,0.317,0.1,0,1.1080402010050252,-0.15423507081154975,0,medium
M02010,39.7,38.7,44.1,0.047,0.291,0.117,0,0.9748110831234257,-0.12634525424443332,0,medium
M02011,70.0,56.3,61.8,0.015,0.278,0.179,0,0.8042857142857143,-0.0978381714836441,0,high
M02012,86.0,199.2,81.0,0.415,0.496,0.14,1,2.316279069767442,0.06873466848489262,1,high
M02013,132.3,145.1,132.7,0.022,0.365,0.045,0,1.0967498110355252,-0.15000601530301366,0,medium
M02014,90.2,82.0,82.6,0.034,0.21,0.091,0,0.9090909090909091,-0.17194759603604542,0,low
M02015,236.4,233.0,243.8,0.033,0.223,0.06,0,0.9856175972927241,-0.06803007435954977,0,high
M02016,101.0,98.0,98.8,0.047,0.301,0.074,0,0.9702970297029703,-0.19269695871759712,0,low
M02017,162.5,164.5,169.6,0.105,0.366,0.081,0,1.0123076923076924,-0.1622300427635298,0,low
M02018,119.0,117.3,126.5,0.081,0.399,0.028,0,0.9857142857142857,-0.16551068997854523,0,low
M02019,185.1,192.3,184.8,0.115,0.274,0.097,0,1.0388978930307942,-0.13823604089753017,0,medium
M02020,84.4,98.8,78.5,0.077,0.279,0.13,0,1.1706161137440758,-0.15292167239428134,0,medium
M02021,206.0,208.0,201.6,0.117,0.383,0.172,0,1.0097087378640777,-0.09109265508833359,0,high
M02022,58.5,60.6,57.4,0.05,0.105,0.12,0,1.035897435897436,-0.13141504254442138,0,medium
M02023,198.2,205.1,197.5,0.013,0.188,0.342,0,1.0348133198789102,-0.014135696451670898,0,high
M02024,145.6,150.8,152.0,0.054,0.138,0.056,0,1.0357142857142858,-0.15722347081360405,0,medium
M02025,114.7,122.2,108.3,0.101,0.184,0.02,0,1.065387968613775,-0.1619076896470083,0,low
M02026,90.6,83.5,88.9,0.009,0.219,0.139,0,0.9216335540838853,-0.1599784219089943,0,medium
M02027,88.7,83.9,91.5,0.057,0.227,0.095,0,0.9458850056369786,-0.18151165056888713,0,low
M02028,186.2,183.2,177.5,0.054,0.249,0.166,0,0.9838882921589689,-0.13971174783364404,0,medium
M02029,131.0,134.5,137.9,0.11,0.344,0.04,0,1.0267175572519085,-0.16921045964039316,0,low
M02030,193.6,199.7,191.5,0.051,0.346,0.043,0,1.03150826446281,-0.14202877522809676,0,medium
M02031,209.2,213.3,209.6,0.01,0.174,0.168,0,1.0195984703632888,-0.08878507958407633,0,high
M02032,69.9,71.0,70.6,0.115,0.206,0.037,0,1.0157367668097281,-0.16340896605984423,0,low
M02033,116.1,116.1,119.2,0.06,0.332,0.03,0,1.0,-0.17977039833722142,0,low
M02034,62.0,69.7,65.0,0.052,0.399,0.02,0,1.1241935483870968,-0.1263473205845277,0,medium
M02035,29.6,30.5,24.3,0.112,0.388,0.061,0,1.0304054054054053,-0.07506763420305235,0,high
M02036,125.9,132.3,124.6,0.035,0.19,0.211,0,1.050833995234313,-0.13833738135068718,0,medium
M02037,175.0,176.4,181.9,0.117,0.365,0.062,0,1.008,-0.15367075641783,0,medium
M02038,50.8,51.9,45.3,0.051,0.284,0.039,0,1.0216535433070866,-0.14032815508132984,0,medium
M02039,98.2,98.5,93.3,0.104,0.278,0.164,0,1.0030549898167005,-0.17620084939916475,0,low
M02040,172.5,170.5,182.9,0.085,0.35,0.144,0,0.9884057971014493,-0.15584952484568249,0,medium
M02041,63.3,63.8,63.6,0.09,0.379,0.085,0,1.0078988941548184,-0.1646765810507828,0,low
M02042,174.5,170.8,183.4,0.085,0.139,0.059,0,0.9787965616045846,-0.15072456841532195,0,medium
M02043,102.5,107.8,111.2,0.037,0.271,0.276,0,1.0517073170731708,-0.09256848957247443,0,high
M02044,55.2,87.7,56.1,0.518,0.7,0.137,1,1.588768115942029,0.03569723938726832,1,high
M02045,75.5,136.9,73.9,0.471,0.616,0.084,1,1.813245033112583,0.019039427171252732,1,high
M02046,79.9,80.0,61.4,0.047,0.143,0.032,0,1.0012515644555693,-0.15530259422673887,0,medium
M02047,121.9,115.3,121.4,0.021,0.361,0.123,0,0.9458572600492207,-0.16728839727507,0,low
M02048,151.4,152.5,144.7,0.052,0.397,0.096,0,1.0072655217965654,-0.16240492152596642,0,low
M02049,72.0,86.7,69.3,0.006,0.359,0.237,0,1.2041666666666666,-0.07326903807150797,0,high
M02050,99.2,100.4,95.3,0.007,0.282,0.059,0,1.0120967741935485,-0.1644253696676734,0,low
M02051,114.7,116.7,119.9,0.059,0.142,0.153,0,1.01743679163034,-0.17377128820386184,0,low
M02052,156.7,162.7,157.0,0.081,0.158,0.022,0,1.0382897255902999,-0.15192281957230203,0,medium
M02053,85.1,84.8,79.4,0.104,0.338,0.029,0,0.9964747356051704,-0.17483548671866184,0,low
M02054,90.4,97.5,93.9,0.026,0.155,0.039,0,1.0785398230088494,-0.16107367076334694,0,medium
M02055,168.1,177.6,189.4,0.073,0.175,0.073,0,1.056513979773944,-0.15746002083735744,0,medium
M02056,111.4,103.0,114.4,0.001,0.379,0.036,0,0.9245960502692998,-0.13355440362713822,0,medium
M02057,165.1,157.5,161.3,0.113,0.383,0.079,0,0.9539672925499697,-0.15082988338622255,0,medium
M02058,156.9,160.7,168.7,0.079,0.118,0.043,0,1.0242192479286167,-0.1465603564977399,0,medium
M02059,152.3,151.7,131.5,0.028,0.334,0.094,0,0.9960604070912671,-0.1697293066213552,0,low
M02060,162.5,175.3,153.0,0.0,0.365,0.12,0,1.078769230769231,-0.12842091932309913,0,medium
M02061,56.9,56.1,56.0,0.062,0.306,0.085,0,0.9859402460456943,-0.16609493782834267,0,low
M02062,59.9,65.2,52.5,0.047,0.121,0.131,0,1.0884808013355594,-0.12440271568280065,0,medium
M02063,108.6,106.3,108.6,0.03,0.115,0.087,0,0.9788213627992634,-0.1629746552953178,0,low
M02064,59.0,85.6,62.8,0.409,0.354,0.059,1,1.4508474576271186,-0.028855580103303802,0,high
M02065,103.4,103.7,115.3,0.045,0.227,0.115,0,1.0029013539651837,-0.1842318522972915,0,low
M02066,48.8,80.3,52.8,0.171,0.466,0.109,1,1.6454918032786885,-0.06185406599791221,0,high
M02067,103.4,107.1,104.0,0.072,0.136,0.091,0,1.0357833655705995,-0.18425444456785656,0,low
M02068,83.3,94.6,72.1,0.088,0.244,0.081,0,1.1356542617046819,-0.1669492196814969,0,low
M02069,116.8,188.6,103.2,0.468,0.448,0.042,1,1.6147260273972603,0.03960201173874056,1,high
M02070,75.6,71.5,76.3,0.098,0.345,0.073,0,0.9457671957671958,-0.1736058548677566,0,low
M02071,61.2,66.1,63.5,0.058,0.163,0.35,0,1.0800653594771241,-0.03107775444294658,0,high
M02072,74.4,84.1,79.9,0.069,0.228,0.122,0,1.1303763440860213,-0.1707952187575501,0,low
M02073,60.9,58.3,71.5,0.085,0.276,0.08,0,0.9573070607553366,-0.17351680332632813,0,low
M02074,92.2,97.7,90.0,0.089,0.167,0.057,0,1.059652928416486,-0.18286085387788187,0,low
M02075,165.4,159.2,168.8,0.009,0.233,0.12,0,0.962515114873035,-0.14536875534794236,0,medium
M02076,230.3,219.8,230.6,0.05,0.371,0.089,0,0.9544072948328267,-0.07340253357321447,0,high
M02077,129.4,207.9,127.2,0.481,0.617,0.101,1,1.6066460587326121,0.07375540525772895,1,high
M02078,115.3,115.5,130.6,0.107,0.141,0.108,0,1.0017346053772767,-0.16758060348883785,0,low
M02079,51.1,108.3,48.1,0.359,0.487,0.06,1,2.119373776908023,-0.010870522805066729,0,high
M02080,134.8,139.5,142.9,0.066,0.114,0.095,0,1.0348664688427298,-0.15111300323327492,0,medium
M02081,183.9,185.9,180.9,0.113,0.24,0.088,0,1.0108754758020664,-0.14398735344565805,0,medium
M02082,46.5,44.3,50.9,0.018,0.39,0.077,0,0.9526881720430107,-0.11127272704291036,0,high
M02083,19.5,48.4,28.5,0.478,0.49,0.087,1,2.482051282051282,0.07183974710780205,1,high
M02084,258.2,262.6,274.2,0.024,0.199,0.232,0,1.0170410534469405,0.013499464152922136,1,high
M02085,174.8,170.7,182.2,0.091,0.353,0.058,0,0.9765446224256291,-0.16456335899372032,0,low
M02086,179.1,178.7,187.7,0.024,0.189,0.121,0,0.9977666108319374,-0.14425719953882937,0,medium
M02087,197.2,187.0,189.4,0.107,0.235,0.02,0,0.9482758620689655,-0.11877237596124118,0,high
M02088,39.9,36.6,21.7,0.03,0.312,0.255,0,0.9172932330827068,-0.019944802958144492,0,high
M02089,201.1,205.5,206.0,0.112,0.395,0.07,0,1.0218796618597712,-0.1018873964208114,0,high
M02090,142.0,143.8,141.1,0.033,0.339,0.136,0,1.0126760563380282,-0.16958700142472988,0,low
M02091,112.0,116.9,100.2,0.11,0.177,0.116,0,1.04375,-0.17035865390822463,0,low
M02092,115.8,116.9,104.2,0.099,0.129,0.072,0,1.0094991364421417,-0.17513042252026312,0,low
M02093,137.0,140.7,128.0,0.011,0.211,0.165,0,1.027007299270073,-0.15464263881569285,0,medium
M02094,283.3,283.6,300.0,0.103,0.243,0.1,0,1.0010589481115426,0.015281182137573013,1,high
M02095,215.8,201.4,209.4,0.1,0.273,0.109,0,0.933271547729379,-0.10198645096415154,0,high
M02096,130.3,129.7,122.5,0.036,0.204,0.13,0,0.995395241749808,-0.17823765795895669,0,low
M02097,167.0,161.6,180.1,0.054,0.302,0.055,0,0.9676646706586826,-0.16080701880489212,0,medium
M02098,170.8,163.7,171.7,0.11,0.104,0.345,0,0.958430913348946,-0.015967371106778483,0,high
M02099,203.7,197.9,194.8,0.053,0.306,0.132,0,0.9715267550319098,-0.12428164274410824,0,medium
M02100,156.0,153.9,154.2,0.014,0.17,0.048,0,0.9865384615384616,-0.15487738905960824,0,medium
M02101,136.2,148.8,127.7,0.083,0.233,0.171,0,1.0925110132158593,-0.15270501766257938,0,medium
M02102,169.7,167.1,159.4,0.062,0.306,0.197,0,0.9846788450206246,-0.1416390078498344,0,medium
M02103,139.2,143.6,151.4,0.003,0.224,0.02,0,1.0316091954022988,-0.13793080081606363,0,medium
M02104,47.7,115.6,57.7,0.323,0.531,0.142,1,2.423480083857442,0.022145959538641957,1,high
M02105,140.1,139.1,139.2,0.113,0.299,0.138,0,0.9928622412562456,-0.16726312074910887,0,low
M02106,112.3,122.1,107.7,0.03,0.231,0.111,0,1.08726625111309,-0.17727099239237515,0,low
M02107,103.2,99.9,104.8,0.055,0.102,0.073,0,0.9680232558139535,-0.1618993633115416,0,low
M02108,195.9,191.4,188.7,0.012,0.12,0.059,0,0.9770290964777948,-0.1061383217756256,0,high
M02109,220.4,218.4,214.9,0.086,0.287,0.022,0,0.9909255898366606,-0.09749065554744984,0,high
M02110,119.4,168.0,129.3,0.258,0.608,0.06,1,1.4070351758793969,0.004498262471491987,1,high
M02111,69.8,78.6,76.1,0.053,0.263,0.02,0,1.1260744985673352,-0.1591469366371589,0,medium
M02112,49.8,53.1,49.6,0.09,0.266,0.066,0,1.066265060240964,-0.14503470356878267,0,medium
M02113,107.5,99.8,105.7,0.073,0.239,0.04,0,0.9283720930232557,-0.1772496154098797,0,low
M02114,115.0,116.6,110.8,0.118,0.15,0.064,0,1.0139130434782608,-0.171218073471739,0,low
M02115,167.0,168.2,171.6,0.091,0.377,0.118,0,1.007185628742515,-0.16345493259430915,0,low
M02116,115.9,116.6,121.7,0.008,0.177,0.217,0,1.0060396893874028,-0.12848721763863796,0,medium
M02117,99.1,105.0,84.4,0.021,0.392,0.108,0,1.0595358224016147,-0.1654236943143464,0,low
M02118,247.5,250.3,241.8,0.066,0.152,0.02,0,1.0113131313131314,-0.025963208280461614,0,high
M02119,72.8,70.7,79.0,0.019,0.216,0.069,0,0.9711538461538463,-0.1740871738473327,0,low
M02120,105.9,99.7,104.7,0.064,0.395,0.049,0,0.9414542020774315,-0.16752333433042493,0,low
M02121,82.1,76.6,88.4,0.002,0.164,0.107,0,0.9330085261875761,-0.13970164610718355,0,medium
M02122,140.8,142.2,138.2,0.089,0.159,0.092,0,1.0099431818181817,-0.17103906839072203,0,low
M02123,110.7,113.5,118.5,0.041,0.386,0.037,0,1.025293586269196,-0.16615765480953615,0,low
M02124,107.0,105.3,112.2,0.009,0.317,0.114,0,0.9841121495327102,-0.17928972804175197,0,low
M02125,64.8,63.0,59.9,0.033,0.13,0.253,0,0.9722222222222222,-0.07065999069289497,0,high
M02126,87.0,94.1,89.3,0.093,0.333,0.129,0,1.0816091954022988,-0.18635039188306757,0,low
M02127,109.7,108.1,106.0,0.074,0.293,0.066,0,0.9854147675478577,-0.1925326686378825,0,low
M02128,90.8,130.1,99.4,0.379,0.462,0.02,1,1.4328193832599119,-0.013007341763916158,0,high
M02129,154.0,152.9,165.1,0.077,0.332,0.053,0,0.9928571428571429,-0.17410311758677904,0,low
M02130,66.0,56.3,85.3,0.058,0.333,0.124,0,0.853030303030303,-0.1453307023613583,0,medium
M02131,135.8,142.4,119.7,0.028,0.261,0.09,0,1.04860088365243,-0.17629869733825992,0,low
M02132,144.7,134.1,139.5,0.082,0.359,0.114,0,0.926744989633725,-0.1707779363483975,0,low
M02133,98.2,95.6,103.8,0.064,0.243,0.141,0,0.9735234215885946,-0.1893542850874908,0,low
M02134,34.8,32.2,28.3,0.024,0.364,0.162,0,0.9252873563218392,-0.07278294543925123,0,high
M02135,172.0,169.4,161.8,0.097,0.139,0.119,0,0.9848837209302326,-0.14091743009439933,0,medium
M02136,56.7,48.9,63.8,0.114,0.304,0.04,0,0.8624338624338623,-0.1329448708689489,0,medium
M02137,127.4,133.0,128.0,0.074,0.285,0.053,0,1.0439560439560438,-0.18569577850989138,0,low
M02138,173.5,163.5,173.3,0.033,0.345,0.066,0,0.9423631123919308,-0.15619733953893827,0,medium
M02139,40.7,77.1,42.3,0.222,0.548,0.257,1,1.894348894348894,0.033397304374804926,1,high
M02140,52.4,47.7,47.8,0.022,0.117,0.027,0,0.9103053435114504,-0.10473712201888324,0,high
M02141,92.8,93.9,70.1,0.047,0.133,0.022,0,1.011853448275862,-0.1501394556366621,0,medium
M02142,74.4,79.8,76.5,0.032,0.347,0.112,0,1.0725806451612903,-0.1714202481328651,0,low
M02143,60.3,123.0,67.5,0.179,0.369,0.069,1,2.039800995024876,-0.04930003053612497,0,high
M02144,117.3,114.3,116.2,0.027,0.302,0.084,0,0.9744245524296675,-0.1839410835392319,0,low
M02145,207.1,215.5,210.8,0.038,0.297,0.267,0,1.0405601158860454,-0.04749645613808662,0,high
M02146,99.7,105.6,108.0,0.007,0.195,0.021,0,1.0591775325977932,-0.1463145252585586,0,medium
M02147,139.8,137.3,137.3,0.012,0.172,0.034,0,0.9821173104434907,-0.1544064170164267,0,medium
M02148,142.7,145.9,157.1,0.024,0.154,0.26,0,1.0224246671338473,-0.09291608279398672,0,high
M02149,178.0,184.6,171.3,0.106,0.377,0.042,0,1.0370786516853931,-0.1470357564971837,0,medium
M02150,233.6,244.5,236.1,0.102,0.288,0.06,0,1.0466609589041096,-0.06971672345146962,0,high
M02151,99.5,105.7,97.5,0.032,0.228,0.046,0,1.0623115577889448,-0.18113042227194687,0,low
M02152,110.8,114.9,123.1,0.07,0.388,0.104,0,1.0370036101083033,-0.1780437322102681,0,low
M02153,50.5,55.5,47.7,0.108,0.342,0.31,0,1.099009900990099,-0.02260142516757191,0,high
M02154,53.9,143.3,72.1,0.46,0.503,0.121,1,2.658627087198516,0.051641487852975065,1,high
M02155,112.5,98.4,108.1,0.023,0.149,0.119,0,0.8746666666666667,-0.14971662873195668,0,medium
M02156,36.1,75.0,38.1,0.161,0.544,0.075,1,2.077562326869806,-0.0022752190666509575,0,high
M02157,181.8,193.8,181.0,0.113,0.139,0.05,0,1.066006600660066,-0.11688938564440393,0,high
M02158,163.9,164.1,171.5,0.03,0.355,0.19,0,1.0012202562538133,-0.13204320308393525,0,medium
M02159,91.1,91.9,92.5,0.113,0.281,0.126,0,1.0087815587266742,-0.1759193499323723,0,low
M02160,203.3,200.2,201.5,0.047,0.281,0.056,0,0.9847515986227249,-0.13144218790831158,0,medium
M02161,62.5,102.9,49.9,0.537,0.69,0.176,1,1.6464,0.041990120356878324,1,high
M02162,138.8,142.0,145.0,0.094,0.118,0.102,0,1.0230547550432276,-0.15694002622781444,0,medium
M02163,151.0,155.2,154.7,0.112,0.186,0.092,0,1.0278145695364238,-0.1613725861371596,0,medium
M02164,53.5,58.3,57.0,0.109,0.219,0.149,0,1.0897196261682243,-0.13045745223616262,0,medium
M02165,112.0,115.2,115.5,0.035,0.24,0.047,0,1.0285714285714287,-0.18446787649789043,0,low
M02166,235.2,233.2,228.7,0.092,0.281,0.237,0,0.9914965986394558,-0.03833478690539083,0,high
M02167,96.0,85.6,101.6,0.067,0.391,0.06,0,0.8916666666666666,-0.16610997002574296,0,low
M02168,52.3,68.6,52.6,0.054,0.243,0.156,0,1.311663479923518,-0.10411638698867332,0,high
M02169,95.8,206.8,97.5,0.17,0.591,0.095,1,2.1586638830897704,0.05655854373958158,1,high
M02170,200.1,201.7,207.1,0.076,0.264,0.09,0,1.0079960019990004,-0.13114867140451225,0,medium
M02171,138.1,136.7,140.3,0.097,0.127,0.07,0,0.9898624185372917,-0.15956884620770628,0,medium
M02172,100.4,98.6,101.5,0.07,0.148,0.028,0,0.9820717131474103,-0.1767196643206863,0,low
M02173,106.7,112.5,100.9,0.117,0.287,0.095,0,1.0543580131208996,-0.17798212439759203,0,low
M02174,56.7,57.3,65.6,0.07,0.372,0.039,0,1.0105820105820105,-0.15405530630946002,0,medium
M02175,62.6,60.7,52.6,0.054,0.148,0.101,0,0.9696485623003195,-0.15150476221354586,0,medium
M02176,52.9,52.0,55.2,0.028,0.34,0.055,0,0.9829867674858224,-0.14855541554298096,0,medium
M02177,52.1,76.4,42.1,0.22,0.563,0.102,1,1.4664107485604607,-0.02572403882198404,0,high
M02178,155.7,149.9,168.5,0.037,0.376,0.201,0,0.9627488760436739,-0.12084178256902839,0,high
M02179,66.0,113.6,58.6,0.415,0.667,0.171,1,1.7212121212121212,0.012638944325515378,1,high
M02180,131.9,124.8,126.9,0.025,0.276,0.245,0,0.9461713419257012,-0.12171057119175216,0,high
M02181,37.9,91.7,50.3,0.361,0.674,0.083,1,2.419525065963061,0.05366021114783037,1,high
M02182,123.8,124.8,137.2,0.052,0.285,0.067,0,1.0080775444264944,-0.17973644130488642,0,low
M02183,172.4,178.6,170.6,0.045,0.269,0.072,0,1.0359628770301623,-0.16457545803788493,0,low
M02184,122.6,129.1,130.7,0.072,0.308,0.02,0,1.0530179445350734,-0.16601404786012997,0,low
M02185,185.3,178.2,190.7,0.1,0.225,0.041,0,0.9616837560712357,-0.14299504380384837,0,medium
M02186,90.7,95.1,93.9,0.098,0.131,0.074,0,1.0485115766262403,-0.17747139967358921,0,low
M02187,90.3,85.3,104.9,0.065,0.205,0.082,0,0.9446290143964563,-0.1815770201196914,0,low
M02188,34.3,46.3,38.2,0.112,0.208,0.053,0,1.3498542274052479,-0.06487336877090222,0,high
M02189,81.2,81.6,63.8,0.063,0.219,0.263,0,1.0049261083743841,-0.09434401583090246,0,high
M02190,147.5,151.6,142.4,0.105,0.211,0.186,0,1.0277966101694915,-0.15804211199180412,0,medium
M02191,71.8,76.1,68.9,0.067,0.213,0.105,0,1.0598885793871866,-0.17449980539351817,0,low
M02192,164.8,159.8,160.0,0.052,0.168,0.076,0,0.9696601941747572,-0.1591728286850585,0,medium
M02193,81.6,78.9,80.5,0.078,0.143,0.12,0,0.9669117647058825,-0.17258733030998996,0,low
M02194,35.5,84.9,38.1,0.3,0.434,0.09,1,2.3915492957746483,0.007505348175437243,1,high
M02195,75.6,164.5,74.2,0.447,0.382,0.144,1,2.175925925925926,0.037690014425393215,1,high
M02196,261.9,256.6,262.7,0.067,0.214,0.076,0,0.9797632684230624,-0.037123736145819874,0,high
M02197,193.1,207.0,182.8,0.037,0.114,0.184,0,1.071983428275505,-0.08183570435771165,0,high
M02198,207.2,206.0,200.4,0.105,0.22,0.067,0,0.9942084942084942,-0.12253732858846511,0,high
M02199,122.8,122.2,131.1,0.038,0.338,0.064,0,0.995114006514658,-0.17770659996542282,0,low
M02200,64.8,55.6,72.0,0.065,0.354,0.081,0,0.8580246913580247,-0.15091243620668915,0,medium
M02201,80.3,77.1,68.4,0.046,0.399,0.046,0,0.9601494396014943,-0.16343926328222824,0,low
M02202,69.5,101.0,82.9,0.357,0.497,0.083,1,1.4532374100719425,-0.05584446755064165,0,high
M02203,53.9,47.3,49.0,0.009,0.255,0.023,0,0.8775510204081632,-0.10412574568813387,0,high
M02204,103.2,102.6,107.0,0.007,0.201,0.046,0,0.9941860465116278,-0.16252526182833038,0,low
M02205,44.2,91.2,37.0,0.297,0.482,0.053,1,2.0633484162895925,-0.012331551961044629,0,high
M02206,101.1,107.7,99.1,0.039,0.239,0.02,0,1.0652818991097923,-0.17084219580942456,0,low
M02207,60.5,47.7,57.2,0.113,0.181,0.05,0,0.7884297520661158,-0.08812462980416819,0,high
M02208,136.8,127.6,133.6,0.101,0.324,0.083,0,0.9327485380116958,-0.17185058510485418,0,low
M02209,115.2,114.9,115.8,0.069,0.214,0.178,0,0.9973958333333334,-0.17370432288517318,0,low
M02210,88.1,83.5,84.3,0.093,0.268,0.06,0,0.9477866061293985,-0.18689939870447236,0,low
M02211,88.6,84.5,81.1,0.08,0.314,0.231,0,0.95372460496614,-0.13422904285171833,0,medium
M02212,134.6,143.6,139.5,0.047,0.185,0.142,0,1.0668647845468053,-0.1631126031592185,0,low
M02213,95.6,104.5,94.5,0.045,0.337,0.02,0,1.0930962343096235,-0.16167008622490397,0,low
M02214,61.9,59.7,70.3,0.084,0.209,0.152,0,0.9644588045234249,-0.15553370162524727,0,medium
M02215,59.5,67.3,73.9,0.11,0.227,0.088,0,1.13109243697479,-0.15820692380902956,0,medium
M02216,188.3,199.9,179.8,0.062,0.174,0.049,0,1.061603823685608,-0.13181095987508346,0,medium
M02217,165.6,166.9,163.7,0.048,0.261,0.091,0,1.0078502415458939,-0.1714762345527655,0,low
M02218,183.8,182.3,167.9,0.055,0.194,0.052,0,0.9918389553862894,-0.1522832927713954,0,medium
M02219,96.7,89.9,90.2,0.068,0.322,0.032,0,0.9296794208893485,-0.18206679988252056,0,low
M02220,211.4,207.0,222.0,0.116,0.348,0.02,0,0.9791863765373698,-0.07897257414252928,0,high
M02221,83.1,86.4,86.2,0.118,0.128,0.044,0,1.0397111913357402,-0.15669879310403045,0,medium
M02222,120.9,112.1,118.8,0.035,0.308,0.072,0,0.9272125723738626,-0.17536085476667013,0,low
M02223,138.8,145.8,147.8,0.056,0.288,0.08,0,1.0504322766570604,-0.1742153666763951,0,low
M02224,178.2,189.6,175.9,0.042,0.35,0.174,0,1.063973063973064,-0.13046590073887704,0,medium
M02225,130.5,124.6,124.9,0.067,0.304,0.151,0,0.9547892720306513,-0.17993950266299724,0,low
M02226,203.6,211.8,206.4,0.11,0.317,0.143,0,1.0402750491159136,-0.10356165922100574,0,high
M02227,215.9,227.6,209.0,0.043,0.296,0.139,0,1.0541917554423343,-0.08990948801948079,0,high
M02228,147.3,154.1,142.0,0.076,0.265,0.041,0,1.0461642905634758,-0.17323426702568212,0,low
M02229,99.3,101.2,102.1,0.079,0.233,0.043,0,1.0191339375629407,-0.18953595770478227,0,low
M02230,178.5,171.9,169.4,0.019,0.349,0.136,0,0.9630252100840336,-0.13997455292307137,0,medium
M02231,111.8,106.3,115.9,0.023,0.399,0.097,0,0.9508050089445438,-0.1580013451182507,0,medium
M02232,218.4,216.0,226.3,0.097,0.282,0.078,0,0.9890109890109889,-0.10559899967118652,0,high
M02233,136.0,197.7,132.8,0.187,0.69,0.289,1,1.4536764705882352,0.0684218376581689,1,high
M02234,122.5,117.8,119.6,0.12,0.198,0.124,0,0.9616326530612245,-0.15446914454750943,0,medium
M02235,181.6,171.2,195.0,0.112,0.127,0.229,0,0.9427312775330396,-0.07128122241547818,0,high
M02236,168.2,169.1,164.6,0.001,0.127,0.071,0,1.0053507728894173,-0.12011377462232942,0,high
M02237,100.9,112.5,95.7,0.015,0.282,0.116,0,1.1149653121902874,-0.1634650067063112,0,low
M02238,70.7,62.0,83.5,0.09,0.224,0.148,0,0.8769448373408769,-0.143790595787476,0,medium
M02239,120.2,107.9,118.4,0.089,0.275,0.038,0,0.8976705490848585,-0.1593952300190692,0,medium
M02240,55.4,75.3,57.4,0.368,0.434,0.072,1,1.3592057761732852,-0.03792720118364101,0,high
M02241,126.8,133.3,136.7,0.104,0.4,0.02,0,1.051261829652997,-0.14584321764088604,0,medium
M02242,108.2,149.7,96.4,0.295,0.431,0.171,1,1.3835489833641403,-0.03806830732359978,0,high
M02243,95.7,98.7,89.7,0.095,0.18,0.099,0,1.031347962382445,-0.18542356677863042,0,low
M02244,129.9,131.2,135.4,0.089,0.342,0.092,0,1.010007698229407,-0.18346958985112627,0,low
M02245,214.2,206.7,210.0,0.097,0.173,0.035,0,0.9649859943977591,-0.09064256729395048,0,high
M02246,51.3,123.2,51.0,0.332,0.646,0.099,1,2.4015594541910334,0.04359595743455613,1,high
M02247,94.0,101.0,103.6,0.118,0.374,0.094,0,1.074468085106383,-0.1721942766734198,0,low
M02248,52.5,55.2,53.9,0.059,0.392,0.02,0,1.0514285714285714,-0.11691919505114934,0,high
M02249,65.2,69.2,66.8,0.098,0.352,0.127,0,1.0613496932515338,-0.16670804989468985,0,low
M02250,125.6,139.4,126.8,0.018,0.298,0.02,0,1.1098726114649682,-0.1252179764058295,0,medium
M02251,88.1,90.6,96.3,0.089,0.326,0.02,0,1.0283768444948922,-0.16899805635627935,0,low
M02252,173.6,165.9,177.3,0.049,0.288,0.104,0,0.9556451612903226,-0.1577417708909023,0,medium
M02253,121.9,119.0,118.4,0.101,0.204,0.133,0,0.9762100082034454,-0.17708596919989333,0,low
M02254,107.5,106.9,104.5,0.037,0.267,0.104,0,0.9944186046511628,-0.1896921985913419,0,low
M02255,119.1,116.7,128.8,0.02,0.297,0.203,0,0.9798488664987406,-0.15534082068016514,0,medium
M02256,271.6,289.1,271.7,0.035,0.327,0.08,0,1.0644329896907216,0.0035374107141886713,1,high
M02257,82.2,91.3,78.7,0.07,0.113,0.06,0,1.110705596107056,-0.1466512157010531,0,medium
M02258,148.8,151.5,159.7,0.013,0.114,0.061,0,1.0181451612903225,-0.13835025465195344,0,medium
M02259,138.4,140.2,152.9,0.028,0.278,0.158,0,1.0130057803468207,-0.1585370490773631,0,medium
M02260,130.4,218.6,125.5,0.252,0.641,0.214,1,1.6763803680981595,0.07986594130057445,1,high
M02261,60.9,68.5,56.3,0.087,0.312,0.102,0,1.1247947454844007,-0.15800357138792964,0,medium
M02262,58.4,83.6,53.3,0.39,0.639,0.049,1,1.4315068493150684,0.003682911203250372,1,high
M02263,117.1,109.2,117.4,0.107,0.342,0.221,0,0.932536293766012,-0.12098300764601683,0,high
M02264,98.8,94.8,97.4,0.043,0.271,0.171,0,0.9595141700404858,-0.17037809075109728,0,low
M02265,170.0,164.1,180.0,0.09,0.196,0.073,0,0.9652941176470587,-0.16369665736950978,0,low
M02266,83.0,181.4,91.4,0.471,0.611,0.041,1,2.185542168674699,0.0734860441407934,1,high
M02267,136.3,140.0,130.6,0.021,0.269,0.02,0,1.0271460014673512,-0.15397886140639655,0,medium
M02268,136.3,137.0,127.0,0.104,0.131,0.086,0,1.0051357300073367,-0.1684819253353158,0,low
M02269,140.8,145.2,141.1,0.063,0.137,0.168,0,1.0312499999999998,-0.15078989705593232,0,medium
M02270,92.5,96.5,95.1,0.021,0.32,0.21,0,1.0432432432432432,-0.1464231952835432,0,medium
M02271,110.2,109.2,114.9,0.062,0.292,0.078,0,0.9909255898366606,-0.19286965146019064,0,low
M02272,80.4,77.9,76.2,0.051,0.184,0.025,0,0.9689054726368159,-0.17070817102283753,0,low
M02273,94.5,105.8,90.2,0.105,0.185,0.037,0,1.1195767195767194,-0.15728583611881009,0,medium
M02274,110.1,103.5,104.1,0.001,0.129,0.108,0,0.9400544959128065,-0.13963654349035326,0,medium
M02275,75.8,75.3,87.5,0.117,0.222,0.053,0,0.9934036939313984,-0.17148744932225768,0,low
M02276,39.0,45.8,44.0,0.086,0.202,0.116,0,1.1743589743589742,-0.10602647654977582,0,high
M02277,43.2,83.1,40.8,0.263,0.526,0.068,1,1.923611111111111,-0.035218458463426416,0,high
M02278,168.4,162.9,167.6,0.098,0.131,0.202,0,0.9673396674584323,-0.10300104947909128,0,high
M02279,153.8,162.1,162.8,0.013,0.328,0.144,0,1.053966189856957,-0.15827447157677543,0,medium
M02280,105.2,102.2,119.4,0.08,0.362,0.105,0,0.9714828897338403,-0.1808235489295525,0,low
M02281,44.7,48.6,45.2,0.063,0.323,0.047,0,1.087248322147651,-0.13472138660527377,0,medium
M02282,106.8,118.6,112.9,0.012,0.239,0.102,0,1.1104868913857677,-0.15770481256663393,0,medium
M02283,92.7,98.6,97.7,0.019,0.299,0.226,0,1.0636461704422868,-0.13093820143543705,0,medium
M02284,159.8,158.4,153.7,0.096,0.198,0.031,0,0.9912390488110138,-0.16120135235112415,0,medium
M02285,196.0,204.7,193.2,0.103,0.378,0.223,0,1.0443877551020408,-0.07631433475838895,0,high
M02286,73.0,161.4,65.2,0.384,0.572,0.115,1,2.210958904109589,0.03163137401232918,1,high
M02287,35.5,62.7,41.3,0.24,0.603,0.167,1,1.7661971830985916,0.005777077739416603,1,high
M02288,65.5,66.9,62.4,0.099,0.156,0.155,0,1.0213740458015268,-0.14701306487514904,0,medium
M02289,114.1,119.9,107.5,0.11,0.378,0.05,0,1.0508326029798423,-0.17360894779339142,0,low
M02290,60.8,55.6,66.9,0.075,0.261,0.179,0,0.9144736842105263,-0.14499240102541067,0,medium
M02291,164.1,171.0,159.8,0.022,0.252,0.152,0,1.0420475319926874,-0.1532208019585914,0,medium
M02292,63.8,70.6,66.1,0.119,0.174,0.055,0,1.1065830721003134,-0.15082703767090194,0,medium
M02293,70.0,70.8,63.0,0.12,0.151,0.027,0,1.0114285714285713,-0.1445967397227828,0,medium
M02294,248.4,250.6,261.2,0.008,0.342,0.036,0,1.0088566827697263,-0.03365413381884241,0,high
M02295,28.7,76.3,29.6,0.242,0.565,0.046,1,2.658536585365854,0.053456178938736,1,high
M02296,52.8,59.1,54.9,0.08,0.169,0.171,0,1.1193181818181819,-0.11211251893800922,0,high
M02297,98.9,102.8,103.2,0.012,0.101,0.102,0,1.0394337714863497,-0.14596157756643802,0,medium
M02298,61.1,65.9,66.0,0.009,0.279,0.02,0,1.0785597381342062,-0.12324863259705687,0,high
M02299,87.4,85.5,93.4,0.059,0.112,0.071,0,0.9782608695652173,-0.16955639980716647,0,low
M02300,67.7,81.2,73.5,0.12,0.256,0.025,0,1.1994091580502215,-0.13565119013927068,0,medium
M02301,170.6,158.8,175.1,0.077,0.222,0.099,0,0.9308323563892147,-0.1529152749538572,0,medium
M02302,152.1,162.7,164.6,0.061,0.241,0.089,0,1.069690992767916,-0.1636386393563754,0,low
M02303,68.9,61.3,72.5,0.065,0.212,0.031,0,0.8896952104499273,-0.16290376038854082,0,low
M02304,280.5,277.1,284.8,0.006,0.305,0.071,0,0.9878787878787879,0.004828304724031729,1,high
M02305,73.8,126.8,82.7,0.495,0.457,0.209,1,1.7181571815718157,0.0241720739669663,1,high
M02306,131.7,126.7,131.4,0.085,0.319,0.169,0,0.962034927866363,-0.17042090629211554,0,low
M02307,50.7,58.2,52.0,0.088,0.322,0.086,0,1.1479289940828403,-0.14348782547103323,0,medium
M02308,160.7,167.5,160.8,0.081,0.107,0.067,0,1.0423148724331053,-0.13970109870454134,0,medium
M02309,118.9,120.2,112.7,0.043,0.103,0.025,0,1.0109335576114382,-0.14335344961722885,0,medium
M02310,39.9,40.7,43.2,0.074,0.246,0.125,0,1.0200501253132832,-0.13510639927943358,0,medium
M02311,62.0,66.3,65.6,0.09,0.162,0.222,0,1.0693548387096774,-0.09620059535743058,0,high
M02312,103.6,93.8,93.1,0.044,0.106,0.081,0,0.9054054054054054,-0.1431153521254011,0,medium
M02313,150.1,150.9,152.6,0.011,0.111,0.252,0,1.005329780146569,-0.0818260400116646,0,high
M02314,167.7,171.4,163.7,0.059,0.171,0.069,0,1.0220632081097198,-0.16391813528629318,0,low
M02315,173.3,174.1,180.2,0.024,0.213,0.064,0,1.0046162723600691,-0.15629031473633742,0,medium
M02316,184.4,187.9,188.7,0.011,0.395,0.179,0,1.0189804772234274,-0.10070933645455049,0,high
M02317,114.1,114.2,114.8,0.018,0.24,0.155,0,1.0008764241893078,-0.1734570075003815,0,low
M02318,66.5,70.5,67.2,0.047,0.111,0.252,0,1.0601503759398496,-0.07387800465108707,0,high
M02319,129.6,125.9,130.9,0.101,0.217,0.108,0,0.9714506172839507,-0.18255671125519002,0,low
M02320,43.6,38.7,43.0,0.082,0.292,0.069,0,0.8876146788990826,-0.12334412296698771,0,high
M02321,65.1,121.1,62.3,0.344,0.356,0.067,1,1.860215053763441,-0.02885743299409227,0,high
M02322,112.4,119.9,108.4,0.056,0.262,0.04,0,1.0667259786476868,-0.18913052128096353,0,low
M02323,106.7,117.6,98.1,0.116,0.298,0.197,0,1.1021555763823805,-0.14311559637433663,0,medium
M02324,188.7,196.5,175.5,0.021,0.295,0.213,0,1.041335453100159,-0.09602868171747142,0,high
M02325,46.8,33.9,43.0,0.044,0.292,0.05,0,0.7243589743589743,-0.06410314316206822,0,high
M02326,92.9,88.2,69.9,0.01,0.111,0.078,0,0.9494079655543595,-0.14241106650846175,0,medium
M02327,78.3,80.7,81.7,0.042,0.101,0.067,0,1.0306513409961686,-0.1566917757481227,0,medium
M02328,155.9,160.0,146.0,0.008,0.124,0.043,0,1.0262989095574087,-0.13023195134135224,0,medium
M02329,169.6,162.3,175.1,0.052,0.301,0.131,0,0.9569575471698114,-0.1574075330047911,0,medium
M02330,138.8,134.2,133.9,0.037,0.156,0.191,0,0.9668587896253601,-0.14251369180604223,0,medium
M02331,100.2,107.9,89.9,0.111,0.214,0.02,0,1.0768463073852295,-0.16144473251550967,0,medium
M02332,115.5,114.0,113.8,0.099,0.18,0.042,0,0.987012987012987,-0.16856977391162753,0,low
M02333,129.2,123.7,133.8,0.026,0.257,0.064,0,0.9574303405572756,-0.17529519521556253,0,low
M02334,130.0,120.3,113.9,0.055,0.276,0.101,0,0.9253846153846154,-0.17921768545360695,0,low
M02335,131.2,150.0,129.5,0.098,0.186,0.075,0,1.1432926829268293,-0.15130110324870416,0,medium
M02336,96.0,95.6,103.3,0.01,0.117,0.124,0,0.9958333333333332,-0.1512836808142511,0,medium
M02337,132.2,129.8,116.6,0.037,0.387,0.073,0,0.9818456883509835,-0.17392556371417967,0,low
M02338,71.9,78.6,78.5,0.098,0.312,0.02,0,1.093184979137691,-0.1598112730714511,0,medium
M02339,67.6,67.8,62.3,0.06,0.378,0.052,0,1.002958579881657,-0.16916358833435585,0,low
M02340,231.2,236.2,239.2,0.107,0.388,0.124,0,1.0216262975778547,-0.05477801116316028,0,high
M02341,83.4,73.6,72.9,0.081,0.277,0.077,0,0.8824940047961629,-0.16864064004345775,0,low
M02342,121.9,122.9,115.3,0.075,0.165,0.086,0,1.0082034454470878,-0.18411472992713201,0,low
M02343,70.7,71.3,83.0,0.097,0.377,0.02,0,1.0084865629420083,-0.15742301867412312,0,medium
M02344,41.0,73.3,28.4,0.477,0.611,0.045,1,1.7878048780487805,0.04231667079715906,1,high
M02345,112.7,114.3,97.3,0.044,0.112,0.024,0,1.0141969831410824,-0.15454353272780963,0,medium
M02346,91.1,94.8,109.8,0.085,0.345,0.218,0,1.0406147091108673,-0.1452766176729634,0,medium
M02347,72.7,132.1,68.1,0.154,0.63,0.206,1,1.8170563961485555,0.009718179268470961,1,high
M02348,98.5,104.4,98.3,0.034,0.388,0.148,0,1.0598984771573605,-0.16767672401675354,0,low
M02349,230.4,226.4,236.1,0.117,0.335,0.154,0,0.9826388888888888,-0.06397049806966926,0,high
M02350,64.5,121.8,69.4,0.176,0.377,0.074,1,1.8883720930232557,-0.05335350236288805,0,high
M02351,137.3,138.2,122.7,0.061,0.129,0.076,0,1.006554989075018,-0.16959468981452908,0,low
M02352,114.1,118.5,111.9,0.034,0.339,0.066,0,1.0385626643295356,-0.18702000026763804,0,low
M02353,57.5,62.1,57.7,0.077,0.367,0.092,0,1.08,-0.1527588329784491,0,medium
M02354,182.3,182.6,180.3,0.017,0.38,0.277,0,1.0016456390565003,-0.05841808957404737,0,high
M02355,211.5,217.4,218.0,0.048,0.182,0.166,0,1.0278959810874704,-0.09605377687021216,0,high
M02356,175.9,183.0,170.5,0.064,0.397,0.034,0,1.0403638430926663,-0.13446310942909018,0,medium
M02357,59.9,52.6,62.8,0.09,0.385,0.304,0,0.8781302170283807,-0.03101201242121987,0,high
M02358,87.6,81.5,104.7,0.024,0.234,0.02,0,0.930365296803653,-0.14717483980783802,0,medium
M02359,174.7,169.9,181.9,0.113,0.359,0.062,0,0.9725243274184316,-0.15623739281025067,0,medium
M02360,95.7,88.3,91.3,0.044,0.146,0.103,0,0.9226750261233019,-0.17540108509330443,0,low
M02361,132.0,130.2,132.2,0.107,0.34,0.044,0,0.9863636363636363,-0.1716879471055297,0,low
M02362,111.7,105.2,118.5,0.036,0.337,0.172,0,0.9418084153983886,-0.16297522108084045,0,low
M02363,29.3,26.3,22.6,0.05,0.3,0.089,0,0.8976109215017065,-0.07859620862495187,0,high
M02364,111.2,183.3,124.1,0.451,0.683,0.266,1,1.6483812949640289,0.08270682805964635,1,high
M02365,221.0,221.6,227.6,0.119,0.3,0.074,0,1.0027149321266968,-0.08262849987225535,0,high
M02366,140.1,145.2,139.6,0.047,0.11,0.057,0,1.0364025695931478,-0.14353745322125194,0,medium
M02367,116.6,114.7,117.9,0.004,0.288,0.062,0,0.9837049742710121,-0.16220584305240388,0,low
M02368,105.7,110.4,99.9,0.006,0.145,0.044,0,1.044465468306528,-0.14550102648246344,0,medium
M02369,109.6,109.0,114.3,0.071,0.327,0.164,0,0.9945255474452556,-0.17579152894097455,0,low
M02370,62.4,61.4,59.9,0.046,0.157,0.047,0,0.9839743589743589,-0.1561250665186213,0,medium
M02371,83.3,82.2,89.1,0.087,0.109,0.02,0,0.9867947178871549,-0.1355576916044584,0,medium
M02372,161.3,164.8,164.5,0.058,0.129,0.204,0,1.0216986980781153,-0.11096685697799963,0,high
M02373,217.2,195.6,237.1,0.036,0.136,0.175,0,0.9005524861878453,-0.05075031101176286,0,high
M02374,241.6,232.3,227.3,0.007,0.333,0.034,0,0.9615066225165564,-0.05150158356592971,0,high
M02375,177.5,183.7,170.1,0.01,0.174,0.091,0,1.0349295774647886,-0.13758168493312412,0,medium
M02376,42.5,105.5,28.4,0.484,0.644,0.15,1,2.4823529411764707,0.07162888266760614,1,high
M02377,86.3,83.7,95.9,0.081,0.275,0.144,0,0.969872537659328,-0.1761527481625888,0,low
M02378,140.5,157.3,138.2,0.054,0.371,0.111,0,1.1195729537366548,-0.14907492308588088,0,medium
M02379,195.6,200.0,194.1,0.063,0.343,0.133,0,1.0224948875255624,-0.1388029326613871,0,medium
M02380,81.2,88.9,84.4,0.087,0.237,0.075,0,1.0948275862068966,-0.1809491331278093,0,low
M02381,151.5,162.7,160.0,0.002,0.348,0.12,0,1.0739273927392738,-0.14284246370523446,0,medium
M02382,99.5,93.9,93.1,0.103,0.133,0.074,0,0.9437185929648242,-0.17288748263350584,0,low
M02383,119.2,110.8,116.8,0.059,0.298,0.087,0,0.9295302013422818,-0.1805629620457994,0,low
M02384,86.2,135.1,88.5,0.477,0.379,0.054,1,1.5672853828306264,-0.016816379744899024,0,high
M02385,68.8,70.1,75.4,0.029,0.207,0.095,0,1.0188953488372092,-0.1699797226578576,0,low
M02386,186.9,181.5,184.8,0.028,0.121,0.11,0,0.971107544141252,-0.12196689083398976,0,high
M02387,82.6,95.2,80.5,0.013,0.295,0.061,0,1.152542372881356,-0.1522542955565827,0,medium
M02388,108.5,167.5,95.5,0.374,0.39,0.066,1,1.543778801843318,-0.02221961413022755,0,high
M02389,81.7,84.3,86.0,0.058,0.147,0.042,0,1.0318237454100367,-0.1783787643638325,0,low
M02390,145.3,151.0,141.2,0.111,0.129,0.034,0,1.0392291810048175,-0.14346241406603477,0,medium
M02391,41.7,46.6,44.2,0.119,0.129,0.036,0,1.1175059952038369,-0.08620744456406576,0,high
M02392,139.9,149.3,126.9,0.017,0.331,0.092,0,1.067190850607577,-0.16853962700492614,0,low
M02393,101.0,108.6,107.8,0.004,0.215,0.034,0,1.075247524752475,-0.15794863613074178,0,medium
M02394,103.3,110.9,114.0,0.094,0.11,0.163,0,1.0735721200387223,-0.14315670365650396,0,medium
M02395,151.1,141.9,146.4,0.007,0.197,0.041,0,0.9391131700860358,-0.15021383529939297,0,medium
M02396,90.8,93.5,106.3,0.054,0.389,0.09,0,1.0297356828193833,-0.17258026449422975,0,low
M02397,97.2,102.0,101.6,0.061,0.293,0.13,0,1.0493827160493827,-0.19124694527150088,0,low
M02398,108.5,101.3,118.6,0.11,0.384,0.066,0,0.9336405529953917,-0.16482481732231768,0,low
M02399,106.1,115.4,115.5,0.008,0.158,0.075,0,1.0876531573986805,-0.15375994511903063,0,medium
M02400,186.1,186.2,184.6,0.003,0.257,0.122,0,1.000537345513165,-0.12792297749535597,0,medium
M02401,205.4,205.2,214.2,0.111,0.142,0.045,0,0.9990262901655306,-0.09289976167374331,0,high
M02402,98.2,96.4,96.8,0.118,0.181,0.051,0,0.9816700610997964,-0.17202215630234408,0,low
M02403,189.6,198.6,192.7,0.068,0.385,0.093,0,1.0474683544303798,-0.13807822201082337,0,medium
M02404,119.4,119.6,122.1,0.024,0.275,0.122,0,1.0016750418760467,-0.184278082491511,0,low
M02405,134.5,137.5,127.5,0.059,0.236,0.176,0,1.0223048327137547,-0.16714990125910434,0,low
M02406,46.0,46.7,43.7,0.02,0.238,0.207,0,1.0152173913043478,-0.09720187030339933,0,high
M02407,118.3,119.9,123.3,0.005,0.109,0.044,0,1.0135249366018597,-0.1299047988327227,0,medium
M02408,170.7,166.8,178.3,0.02,0.302,0.04,0,0.9771528998242532,-0.15344174566488428,0,medium
M02409,41.7,45.9,49.6,0.069,0.265,0.039,0,1.1007194244604315,-0.13032991134471883,0,medium
M02410,133.3,125.6,123.4,0.074,0.258,0.196,0,0.9422355588897223,-0.15904642268044977,0,medium
M02411,118.1,112.9,103.7,0.025,0.386,0.075,0,0.9559695173581712,-0.16587797011270222,0,low
M02412,135.3,142.9,139.9,0.025,0.236,0.056,0,1.0561714708056171,-0.17327436215277608,0,low
M02413,110.2,106.7,107.5,0.006,0.16,0.178,0,0.9682395644283122,-0.1386578995481983,0,medium
M02414,238.3,228.3,235.2,0.05,0.332,0.025,0,0.9580360889634914,-0.05709072709229257,0,high
M02415,258.4,259.5,255.8,0.071,0.144,0.124,0,1.0042569659442726,-0.04495363105010686,0,high
M02416,100.8,97.5,101.6,0.096,0.109,0.136,0,0.9672619047619048,-0.15727670443372604,0,medium
M02417,187.4,194.3,188.4,0.059,0.111,0.061,0,1.036819637139808,-0.12481399803888749,0,medium
M02418,80.3,86.3,78.5,0.019,0.116,0.129,0,1.074719800747198,-0.14629808728771904,0,medium
M02419,163.0,149.6,148.2,0.052,0.338,0.155,0,0.9177914110429447,-0.15078425632531567,0,medium
M02420,195.2,194.3,204.3,0.023,0.21,0.105,0,0.9953893442622952,-0.11984782015757195,0,high
M02421,84.5,92.6,84.6,0.078,0.299,0.043,0,1.0958579881656805,-0.1775475361733389,0,low
M02422,52.6,52.4,62.8,0.109,0.31,0.089,0,0.9961977186311787,-0.14760294237754779,0,medium
M02423,60.5,58.3,73.9,0.001,0.385,0.156,0,0.9636363636363636,-0.1309641824082221,0,medium
M02424,115.4,120.2,114.9,0.02,0.236,0.059,0,1.0415944540727902,-0.1818222507942241,0,low
M02425,123.4,121.4,137.6,0.003,0.261,0.161,0,0.9837925445705025,-0.1493434191656271,0,medium
M02426,89.3,97.7,90.0,0.095,0.233,0.115,0,1.0940649496080628,-0.17998645285291154,0,low
M02427,57.7,51.9,51.7,0.104,0.369,0.106,0,0.8994800693240901,-0.1336644783621534,0,medium
M02428,111.4,123.0,113.4,0.105,0.353,0.041,0,1.104129263913824,-0.16112525123776272,0,medium
M02429,101.0,113.4,94.1,0.046,0.26,0.057,0,1.1227722772277229,-0.1750725178731231,0,low
M02430,72.8,71.2,64.2,0.035,0.264,0.268,0,0.9780219780219781,-0.07677215407905141,0,high
M02431,137.6,134.9,125.7,0.066,0.208,0.023,0,0.9803779069767443,-0.1698157804425241,0,low
M02432,195.2,195.9,197.7,0.118,0.111,0.115,0,1.0035860655737705,-0.09508520407610471,0,high
M02433,114.2,119.5,115.4,0.003,0.151,0.029,0,1.0464098073555166,-0.14816311496723006,0,medium
M02434,166.0,168.3,160.4,0.115,0.243,0.02,0,1.013855421686747,-0.14423995257010502,0,medium
M02435,83.0,78.6,80.4,0.07,0.16,0.037,0,0.9469879518072288,-0.17202082916070643,0,low
M02436,247.0,240.5,249.1,0.001,0.318,0.099,0,0.9736842105263158,-0.030106518440031538,0,high
M02437,228.6,246.8,230.5,0.093,0.135,0.165,0,1.0796150481189852,-0.04357238851747591,0,high
M02438,121.1,131.2,135.7,0.073,0.325,0.072,0,1.083402146985962,-0.17817268091263566,0,low
M02439,148.3,145.1,135.1,0.016,0.229,0.118,0,0.9784221173297369,-0.1749718077528849,0,low
M02440,76.2,170.0,86.2,0.541,0.557,0.106,1,2.2309711286089238,0.06744923636190447,1,high
M02441,50.7,49.7,62.0,0.058,0.236,0.141,0,0.980276134122288,-0.148221443696348,0,medium
M02442,125.3,124.4,116.6,0.101,0.381,0.02,0,0.9928172386272945,-0.1580806207256668,0,medium
M02443,124.2,122.6,134.1,0.033,0.386,0.289,0,0.9871175523349436,-0.0740822909882154,0,high
M02444,144.3,135.3,143.3,0.065,0.377,0.114,0,0.9376299376299376,-0.17145549556860723,0,low
M02445,136.6,142.8,148.0,0.027,0.197,0.17,0,1.0453879941434847,-0.15685218904602688,0,medium
M02446,28.7,28.6,23.9,0.098,0.217,0.068,0,0.9965156794425087,-0.07710781004009437,0,high
M02447,72.7,76.6,78.5,0.015,0.358,0.023,0,1.0536451169188445,-0.15017208689704165,0,medium
M02448,157.1,155.6,148.0,0.004,0.303,0.106,0,0.9904519414385742,-0.15890286921009983,0,medium
M02449,144.6,151.6,146.6,0.033,0.129,0.088,0,1.0484094052558783,-0.15668628144453445,0,medium
M02450,127.7,124.3,149.3,0.049,0.373,0.092,0,0.9733750978856694,-0.17297738237499471,0,low
M02451,98.7,109.5,101.0,0.066,0.221,0.039,0,1.1094224924012157,-0.174038036407688,0,low
M02452,151.9,163.6,161.9,0.057,0.112,0.091,0,1.077024358130349,-0.1318135101810014,0,medium
M02453,228.3,231.7,229.8,0.035,0.154,0.226,0,1.0148926850635127,-0.03221761740538931,0,high
M02454,278.7,261.7,273.1,0.071,0.34,0.05,0,0.9390025116612846,-0.005443801301058815,0,high
M02455,55.0,83.1,63.6,0.369,0.53,0.064,1,1.5109090909090908,-0.042950556155782915,0,high
M02456,182.1,186.4,182.0,0.113,0.319,0.02,0,1.0236133992311918,-0.12828955431492783,0,medium
M02457,195.3,204.7,193.0,0.069,0.206,0.044,0,1.0481310803891448,-0.13606521221515216,0,medium
M02458,121.5,116.8,108.0,0.116,0.175,0.18,0,0.9613168724279835,-0.14344877993758337,0,medium
M02459,114.4,99.5,111.5,0.006,0.111,0.025,0,0.8697552447552447,-0.10352345678840674,0,high
M02460,112.5,110.9,117.9,0.111,0.29,0.07,0,0.9857777777777779,-0.1796641859778607,0,low
M02461,160.2,163.1,150.7,0.035,0.29,0.096,0,1.0181023720349562,-0.17216681112877413,0,low
M02462,102.7,96.8,96.8,0.104,0.37,0.033,0,0.9425511197663096,-0.17008166618488424,0,low
M02463,92.1,85.9,93.7,0.04,0.305,0.125,0,0.9326818675352878,-0.1842021376862753,0,low
M02464,127.0,139.0,127.3,0.067,0.206,0.078,0,1.094488188976378,-0.17054458523611898,0,low
M02465,162.7,162.5,164.4,0.009,0.264,0.107,0,0.9987707437000616,-0.15352959558738344,0,medium
M02466,74.3,82.8,85.4,0.083,0.294,0.065,0,1.1144010767160162,-0.17142167119714075,0,low
M02467,167.1,166.6,170.4,0.004,0.175,0.101,0,0.9970077797725913,-0.13736853266923393,0,medium
M02468,121.2,136.9,104.0,0.033,0.198,0.045,0,1.1295379537953796,-0.13846687461344642,0,medium
M02469,58.0,62.0,67.1,0.11,0.236,0.099,0,1.0689655172413792,-0.15264402475503258,0,medium
M02470,114.0,109.4,114.9,0.08,0.175,0.256,0,0.9596491228070176,-0.1105542684878073,0,high
M02471,123.5,122.2,125.3,0.036,0.144,0.063,0,0.9894736842105264,-0.17344996647285338,0,low
M02472,161.9,149.4,171.3,0.054,0.271,0.096,0,0.922791846819024,-0.1480745769672655,0,medium
M02473,92.4,89.3,81.2,0.071,0.153,0.079,0,0.9664502164502163,-0.18506890265022213,0,low
M02474,113.0,118.1,107.1,0.087,0.168,0.074,0,1.045132743362832,-0.18572251400881978,0,low
M02475,108.3,111.0,97.8,0.084,0.107,0.298,0,1.0249307479224377,-0.06005254097574475,0,high
M02476,84.6,83.0,72.7,0.097,0.162,0.062,0,0.9810874704491727,-0.16984028139579532,0,low
M02477,311.8,317.6,311.2,0.004,0.124,0.067,0,1.0186016677357281,0.06630119008948654,1,high
M02478,91.3,99.0,92.9,0.052,0.397,0.033,0,1.0843373493975903,-0.16577768838552598,0,low
M02479,48.1,68.3,49.4,0.251,0.436,0.103,1,1.4199584199584199,-0.0518813906382789,0,high
M02480,29.7,34.5,27.1,0.089,0.127,0.044,0,1.1616161616161615,-0.05344929803182674,0,high
M02481,100.7,96.8,115.3,0.086,0.13,0.125,0,0.9612711022840119,-0.1657586072507909,0,low
M02482,102.1,100.7,96.5,0.092,0.354,0.094,0,0.9862879529872675,-0.18384667115132858,0,low
M02483,147.1,144.4,148.6,0.06,0.207,0.229,0,0.981645139360979,-0.13263920476919155,0,medium
M02484,93.6,98.1,97.8,0.103,0.206,0.096,0,1.0480769230769231,-0.1895036313763685,0,low
M02485,239.4,229.1,251.7,0.028,0.313,0.128,0,0.9569757727652464,-0.05029915925999784,0,high
M02486,89.7,87.3,85.1,0.055,0.222,0.258,0,0.9732441471571905,-0.10847666605531575,0,high
M02487,113.9,110.4,113.5,0.08,0.235,0.2,0,0.9692712906057945,-0.15833111136005312,0,medium
M02488,242.5,253.5,249.2,0.008,0.301,0.07,0,1.045360824742268,-0.04472474797459902,0,high
M02489,60.6,115.4,62.6,0.35,0.681,0.043,1,1.9042904290429044,0.014060359777191334,1,high
M02490,120.1,125.3,111.9,0.012,0.347,0.078,0,1.0432972522897586,-0.16994616579981525,0,low
M02491,131.9,127.0,137.4,0.114,0.142,0.169,0,0.9628506444275966,-0.13965933945915748,0,medium
M02492,79.1,84.7,70.6,0.025,0.198,0.097,0,1.0707964601769913,-0.16610149767898363,0,low
M02493,132.1,131.2,141.4,0.041,0.276,0.201,0,0.9931869795609386,-0.1501439602472272,0,medium
M02494,88.3,92.2,89.1,0.088,0.128,0.118,0,1.044167610419026,-0.16920098268817035,0,low
M02495,157.2,159.9,146.0,0.027,0.201,0.107,0,1.017175572519084,-0.16202506901859703,0,low
M02496,170.3,168.1,173.6,0.065,0.355,0.053,0,0.9870816206694069,-0.16661100414832897,0,low
M02497,129.9,124.9,134.0,0.078,0.35,0.056,0,0.9615088529638183,-0.17757551137387295,0,low
M02498,155.8,156.5,149.8,0.003,0.238,0.093,0,1.0044929396662388,-0.16506439350366864,0,low
M02499,69.2,76.7,73.8,0.116,0.148,0.021,0,1.1083815028901733,-0.1423215779627659,0,medium
M02500,78.7,91.6,76.8,0.05,0.294,0.209,0,1.1639135959339262,-0.1291091488400774,0,medium
M02501,158.0,164.9,155.9,0.098,0.105,0.047,0,1.0436708860759494,-0.12870758930026632,0,medium
M02502,199.7,206.2,191.5,0.084,0.178,0.068,0,1.0325488232348523,-0.1398222024236322,0,medium
M02503,177.1,174.3,193.1,0.013,0.135,0.049,0,0.9841897233201582,-0.12225583273897722,0,high
M02504,67.7,96.1,58.9,0.371,0.432,0.131,1,1.4194977843426881,-0.033328427608078526,0,high
M02505,118.2,135.3,118.1,0.068,0.276,0.02,0,1.1446700507614214,-0.1491159137494078,0,medium
M02506,211.9,217.9,212.3,0.104,0.309,0.148,0,1.0283152430391693,-0.09618516821563478,0,high
M02507,79.4,135.7,70.0,0.497,0.368,0.175,1,1.7090680100755664,0.019337170777019907,1,high
M02508,220.7,225.5,218.9,0.047,0.184,0.16,0,1.0217489805165383,-0.08820817289561544,0,high
M02509,133.8,135.4,136.6,0.106,0.295,0.092,0,1.0119581464872944,-0.1795123976218112,0,low
M02510,126.6,135.7,126.9,0.018,0.356,0.093,0,1.0718799368088467,-0.1687664429416338,0,low
M02511,63.6,65.2,72.6,0.084,0.311,0.155,0,1.0251572327044025,-0.16896106958947926,0,low
M02512,105.1,112.8,109.0,0.046,0.31,0.104,0,1.0732635585156993,-0.18881439703372332,0,low
M02513,166.0,177.5,170.2,0.039,0.193,0.103,0,1.069277108433735,-0.14538161329271038,0,medium
M02514,107.4,103.1,118.3,0.022,0.388,0.02,0,0.9599627560521414,-0.13766190882871043,0,medium
M02515,120.1,128.1,129.6,0.037,0.264,0.181,0,1.0666111573688593,-0.16149724493341377,0,medium
M02516,129.1,129.6,124.6,0.014,0.313,0.126,0,1.0038729666924864,-0.17510692674755973,0,low
M02517,93.2,96.5,80.3,0.062,0.183,0.057,0,1.0354077253218883,-0.1831696438780338,0,low
M02518,145.4,140.9,147.1,0.084,0.293,0.272,0,0.969050894085282,-0.09099544883144461,0,high
M02519,39.4,38.6,26.2,0.075,0.283,0.123,0,0.9796954314720813,-0.113119708546564,0,high
M02520,83.3,91.0,87.4,0.033,0.293,0.043,0,1.092436974789916,-0.170916311378718,0,low
M02521,116.2,117.2,120.7,0.017,0.1,0.057,0,1.008605851979346,-0.14064259974303467,0,medium
M02522,65.2,64.6,57.3,0.039,0.182,0.158,0,0.9907975460122698,-0.14174470548724577,0,medium
M02523,115.3,151.0,105.2,0.274,0.508,0.081,1,1.3096270598438855,-0.051173086004263624,0,high
M02524,90.5,96.1,104.4,0.008,0.384,0.07,0,1.061878453038674,-0.16134338754426192,0,medium
M02525,104.9,108.1,112.0,0.11,0.34,0.058,0,1.0305052430886557,-0.17685373157211054,0,low
M02526,237.9,229.2,232.2,0.059,0.299,0.118,0,0.9634300126103404,-0.0792819775923414,0,high
M02527,91.6,84.2,84.4,0.091,0.183,0.15,0,0.9192139737991267,-0.1632201648547666,0,low
M02528,139.7,134.4,127.0,0.118,0.323,0.087,0,0.9620615604867575,-0.16657060301741905,0,low
M02529,171.2,168.9,178.0,0.082,0.12,0.139,0,0.9865654205607478,-0.137811432989364,0,medium
M02530,117.0,124.2,116.6,0.045,0.177,0.213,0,1.0615384615384615,-0.14394341738583905,0,medium
M02531,91.1,144.4,91.6,0.301,0.416,0.149,1,1.5850713501646543,-0.04930166758088006,0,high
M02532,58.3,59.0,73.4,0.105,0.128,0.067,0,1.012006861063465,-0.14541008052733345,0,medium
M02533,92.0,87.1,75.7,0.052,0.104,0.084,0,0.9467391304347825,-0.15518568298251828,0,medium
M02534,65.6,68.6,64.6,0.027,0.351,0.052,0,1.045731707317073,-0.16434731270136227,0,low
M02535,180.3,187.6,187.3,0.073,0.22,0.022,0,1.0404880754298391,-0.1447348405920864,0,medium
M02536,68.2,69.4,77.9,0.073,0.337,0.159,0,1.0175953079178885,-0.1663235713842483,0,low
M02537,102.1,96.2,94.2,0.05,0.18,0.119,0,0.9422135161606269,-0.17828060228510006,0,low
M02538,75.1,83.7,56.4,0.039,0.163,0.073,0,1.1145139813581892,-0.13997017300186565,0,medium
M02539,146.9,161.3,153.4,0.09,0.115,0.093,0,1.0980258679373724,-0.1279370177855111,0,medium
M02540,129.5,132.6,124.3,0.068,0.28,0.025,0,1.023938223938224,-0.1802008652477377,0,low
M02541,111.0,116.0,110.4,0.083,0.305,0.021,0,1.045045045045045,-0.17853665847232109,0,low
M02542,112.6,124.8,116.9,0.092,0.384,0.093,0,1.108348134991119,-0.16472358016581962,0,low
M02543,90.8,93.1,79.7,0.034,0.277,0.089,0,1.025330396475771,-0.1862615246380177,0,low
M02544,135.7,133.1,132.7,0.075,0.394,0.067,0,0.9808400884303611,-0.17117120236933597,0,low
M02545,137.3,133.2,143.2,0.104,0.35,0.085,0,0.9701383831026946,-0.1690178447447308,0,low
M02546,188.0,185.6,184.8,0.118,0.359,0.24,0,0.9872340425531915,-0.08349827194882631,0,high
M02547,60.8,53.3,51.8,0.035,0.251,0.177,0,0.8766447368421053,-0.11567419660420192,0,high
M02548,50.8,90.5,38.9,0.513,0.439,0.082,1,1.7814960629921262,0.0031317810739791563,1,high
M02549,122.3,115.8,115.6,0.013,0.224,0.043,0,0.946852003270646,-0.15779385783311967,0,medium
M02550,96.0,103.2,98.8,0.049,0.291,0.053,0,1.075,-0.1905590856045326,0,low
M02551,82.3,77.7,77.5,0.033,0.314,0.14,0,0.9441069258809235,-0.1785972209497288,0,low
M02552,70.9,64.7,71.7,0.102,0.204,0.08,0,0.9125528913963328,-0.16128059423334057,0,medium
M02553,146.2,149.8,154.0,0.005,0.28,0.258,0,1.024623803009576,-0.09856823933764952,0,high
M02554,119.6,119.8,139.3,0.065,0.322,0.02,0,1.0016722408026757,-0.16273981064454895,0,low
M02555,185.3,185.9,186.4,0.064,0.19,0.152,0,1.0032379924446844,-0.1395222876246608,0,medium
M02556,122.8,121.6,122.7,0.095,0.296,0.073,0,0.990228013029316,-0.1896952765880922,0,low
M02557,92.1,154.0,94.6,0.154,0.488,0.06,1,1.6720955483170468,-0.03977228969522206,0,high
M02558,59.8,59.6,52.7,0.055,0.338,0.061,0,0.9966555183946489,-0.15780312870054997,0,medium
M02559,88.2,92.7,78.8,0.02,0.284,0.119,0,1.0510204081632653,-0.17625700885658957,0,low
M02560,205.8,205.6,205.4,0.018,0.335,0.061,0,0.9990281827016521,-0.113262471616288,0,high
M02561,77.6,91.1,80.6,0.103,0.264,0.28,0,1.1739690721649485,-0.06979891263807314,0,high
M02562,100.9,107.8,106.0,0.017,0.29,0.215,0,1.068384539147671,-0.1379387890618275,0,medium
M02563,67.7,68.5,67.1,0.049,0.12,0.051,0,1.0118168389955686,-0.16243167638458594,0,low
M02564,99.1,106.2,92.4,0.079,0.119,0.036,0,1.0716448032290617,-0.1686093970053345,0,low
M02565,199.5,194.3,188.7,0.033,0.355,0.02,0,0.9739348370927319,-0.10384065043142598,0,high
M02566,106.1,109.0,111.9,0.058,0.26,0.042,0,1.0273327049952876,-0.18740080993370156,0,low
M02567,63.6,55.9,71.2,0.061,0.279,0.14,0,0.8789308176100629,-0.15736467209876015,0,medium
M02568,191.8,185.5,193.4,0.079,0.108,0.087,0,0.9671532846715328,-0.11010039899316187,0,high
M02569,103.5,100.6,101.4,0.107,0.223,0.076,0,0.9719806763285024,-0.18426277555492165,0,low
M02570,119.1,115.0,129.1,0.104,0.274,0.22,0,0.9655751469353485,-0.13578880609418037,0,medium
M02571,156.0,150.5,167.1,0.053,0.396,0.087,0,0.9647435897435898,-0.15557353931585016,0,medium
M02572,208.8,211.3,198.1,0.045,0.226,0.085,0,1.0119731800766283,-0.12406109399650761,0,medium
M02573,76.2,82.7,80.6,0.0,0.392,0.025,0,1.0853018372703411,-0.13443267529834046,0,medium
M02574,172.1,181.8,167.8,0.046,0.107,0.02,0,1.0563625798954097,-0.10757392300409274,0,high
M02575,75.7,80.5,68.7,0.02,0.172,0.046,0,1.0634081902245707,-0.15681565941307213,0,medium
M02576,109.4,106.3,99.0,0.074,0.153,0.142,0,0.9716636197440585,-0.17248882485461176,0,low
M02577,66.2,121.0,60.2,0.351,0.684,0.089,1,1.8277945619335347,0.0025789182681452694,1,high
M02578,124.3,129.9,126.4,0.006,0.249,0.059,0,1.0450522928399035,-0.16170799078258996,0,low
M02579,154.7,154.9,167.6,0.103,0.145,0.092,0,1.0012928248222368,-0.15610504909220396,0,medium
M02580,69.9,66.6,72.3,0.025,0.363,0.127,0,0.9527896995708153,-0.1653126605375433,0,low
M02581,67.0,69.0,57.2,0.115,0.119,0.069,0,1.0298507462686568,-0.14439187427111,0,medium
M02582,97.4,98.1,89.6,0.098,0.179,0.133,0,1.0071868583162216,-0.1757526929110932,0,low
M02583,58.0,142.1,59.0,0.473,0.686,0.122,1,2.4499999999999997,0.07266207085532217,1,high
M02584,83.9,75.7,77.3,0.076,0.306,0.086,0,0.902264600715137,-0.17775402474231888,0,low
M02585,139.4,136.8,147.7,0.05,0.373,0.041,0,0.981348637015782,-0.16798889408074957,0,low
M02586,194.1,198.9,201.5,0.011,0.389,0.138,0,1.0247295208655334,-0.09406697478255893,0,high
M02587,29.2,30.0,18.1,0.096,0.113,0.218,0,1.0273972602739727,-0.01922519279381585,0,high
M02588,55.9,61.1,70.9,0.046,0.384,0.02,0,1.0930232558139534,-0.12477597423180126,0,medium
M02589,173.1,171.0,177.1,0.061,0.243,0.033,0,0.9878682842287695,-0.15715424032558667,0,medium
M02590,71.9,74.6,61.1,0.115,0.351,0.06,0,1.0375521557719052,-0.16468397688953512,0,low
M02591,54.6,57.0,42.1,0.076,0.35,0.06,0,1.043956043956044,-0.14789557582213853,0,medium
M02592,238.9,235.5,235.6,0.108,0.168,0.048,0,0.9857681038091252,-0.04555817074389312,0,high
M02593,120.1,112.1,115.9,0.01,0.352,0.193,0,0.9333888426311407,-0.14150098293128271,0,medium
M02594,199.7,215.4,195.4,0.036,0.346,0.02,0,1.0786179268903355,-0.08333393469716588,0,high
M02595,94.3,177.3,85.5,0.486,0.623,0.151,1,1.8801696712619302,0.056862632874045804,1,high
M02596,81.7,80.5,81.5,0.039,0.359,0.269,0,0.9853121175030599,-0.09226636012222111,0,high
M02597,158.2,167.5,153.2,0.112,0.309,0.037,0,1.058786346396966,-0.15205337627957743,0,medium
M02598,126.7,123.9,126.2,0.045,0.119,0.098,0,0.9779005524861879,-0.16712658501328648,0,low
M02599,125.1,123.9,109.1,0.05,0.165,0.104,0,0.9904076738609113,-0.18271094001800098,0,low
M02600,83.7,91.3,82.1,0.085,0.19,0.02,0,1.090800477897252,-0.15577604907598508,0,medium
M02601,141.0,136.3,142.1,0.096,0.351,0.049,0,0.9666666666666668,-0.1730590527174991,0,low
M02602,193.8,205.4,192.5,0.084,0.138,0.022,0,1.0598555211558307,-0.10701671042944105,0,high
M02603,77.7,73.8,65.2,0.026,0.252,0.137,0,0.9498069498069497,-0.16380839424332594,0,low
M02604,141.1,142.4,135.2,0.077,0.348,0.183,0,1.0092133238837704,-0.15375875400045358,0,medium
M02605,109.2,120.6,99.1,0.009,0.286,0.117,0,1.1043956043956042,-0.1517867358137217,0,medium
M02606,107.8,110.0,98.6,0.061,0.274,0.244,0,1.0204081632653061,-0.1265047421065289,0,medium
M02607,113.8,104.0,115.5,0.112,0.314,0.023,0,0.913884007029877,-0.15252476540208815,0,medium
M02608,152.0,157.8,148.8,0.097,0.21,0.103,0,1.0381578947368422,-0.17203752880144824,0,low
M02609,106.7,106.5,99.3,0.055,0.186,0.025,0,0.9981255857544518,-0.17491708998625238,0,low
M02610,79.5,180.2,88.2,0.542,0.353,0.175,1,2.2666666666666666,0.06899341702691841,1,high
M02611,87.7,84.5,83.2,0.078,0.128,0.092,0,0.9635119726339795,-0.17304230433658008,0,low
M02612,45.8,44.8,41.9,0.047,0.221,0.02,0,0.9781659388646288,-0.12052910831444225,0,high
M02613,102.6,144.6,102.9,0.487,0.421,0.058,1,1.409356725146199,-0.01025881014373431,0,high
M02614,115.8,116.8,110.5,0.118,0.216,0.091,0,1.008635578583765,-0.17624471176218376,0,low
M02615,26.6,53.0,22.9,0.19,0.64,0.155,1,1.9924812030075187,0.04514331542893357,1,high
M02616,89.0,84.0,81.4,0.006,0.315,0.155,0,0.9438202247191011,-0.15406825773909427,0,medium
M02617,100.1,108.6,96.4,0.004,0.182,0.097,0,1.0849150849150848,-0.1540018122802102,0,medium
M02618,177.7,174.1,168.7,0.105,0.233,0.045,0,0.979741136747327,-0.1584607069154731,0,medium
M02619,148.0,147.0,138.4,0.076,0.16,0.081,0,0.9932432432432432,-0.17041883264537505,0,low
M02620,150.7,150.9,144.8,0.014,0.265,0.08,0,1.0013271400132715,-0.17041564309300838,0,low
M02621,212.6,211.6,226.0,0.068,0.396,0.218,0,0.9952963311382879,-0.04944728147990696,0,high
M02622,56.6,69.1,63.4,0.043,0.317,0.132,0,1.2208480565371023,-0.13147542573901932,0,medium
M02623,60.2,56.0,73.9,0.084,0.123,0.135,0,0.9302325581395349,-0.13956632412529713,0,medium
M02624,186.3,170.9,172.1,0.057,0.181,0.02,0,0.917337627482555,-0.12001507642830472,0,high
M02625,29.6,55.7,36.8,0.542,0.456,0.043,1,1.8817567567567568,0.04743190255656271,1,high
M02626,74.0,76.2,79.5,0.067,0.243,0.167,0,1.0297297297297299,-0.16827249770801306,0,low
M02627,136.7,134.6,139.8,0.091,0.207,0.204,0,0.9846378931967813,-0.15069695504940767,0,medium
M02628,125.2,133.7,121.3,0.077,0.292,0.075,0,1.067891373801917,-0.18595049780306966,0,low
M02629,66.3,120.6,67.2,0.273,0.489,0.141,1,1.8190045248868778,-0.03974843239148884,0,high
M02630,141.0,137.0,129.3,0.017,0.176,0.068,0,0.9716312056737588,-0.16377617204383016,0,low
M02631,126.5,126.4,117.1,0.033,0.235,0.055,0,0.9992094861660079,-0.18315121070253387,0,low
M02632,89.0,90.5,76.6,0.018,0.1,0.15,0,1.0168539325842696,-0.1411993999701428,0,medium
M02633,138.0,143.3,141.1,0.054,0.35,0.084,0,1.0384057971014493,-0.17373260273833185,0,low
M02634,36.4,33.3,36.1,0.089,0.14,0.025,0,0.9148351648351648,-0.08483200045552591,0,high
M02635,128.0,123.3,123.3,0.097,0.225,0.02,0,0.96328125,-0.1581607432690888,0,medium
M02636,254.1,243.2,257.4,0.031,0.182,0.13,0,0.957103502558048,-0.02815447504100488,0,high
M02637,122.3,165.1,114.1,0.273,0.606,0.077,1,1.349959116925593,0.005859072254802644,1,high
M02638,206.2,212.1,224.3,0.009,0.323,0.158,0,1.0286129970902038,-0.08710986237575713,0,high
M02639,34.9,44.2,36.7,0.064,0.131,0.089,0,1.2664756446991405,-0.06586887771659888,0,high
M02640,124.1,128.0,118.3,0.096,0.212,0.094,0,1.0314262691377922,-0.1809459688543023,0,low
M02641,128.2,120.4,127.0,0.106,0.228,0.113,0,0.9391575663026522,-0.16978610702475394,0,low
M02642,76.7,85.3,81.7,0.094,0.291,0.16,0,1.1121251629726205,-0.1692756179806058,0,low
M02643,84.9,93.3,80.4,0.1,0.318,0.029,0,1.0989399293286217,-0.17331009273814857,0,low
M02644,118.2,117.4,124.4,0.075,0.254,0.048,0,0.9932318104906938,-0.19022748910417137,0,low
M02645,116.6,126.9,109.4,0.119,0.216,0.025,0,1.0883361921097772,-0.15839246863927264,0,medium
M02646,128.5,125.8,135.4,0.046,0.23,0.096,0,0.978988326848249,-0.18485480202446802,0,low
M02647,131.2,125.8,125.4,0.042,0.377,0.128,0,0.9588414634146342,-0.17601832323727445,0,low
M02648,77.9,80.8,88.8,0.101,0.372,0.123,0,1.0372272143774068,-0.17676564893370345,0,low
M02649,188.2,191.4,180.6,0.098,0.264,0.154,0,1.0170031880977684,-0.1374391215138307,0,medium
M02650,96.1,83.7,88.8,0.103,0.15,0.224,0,0.870967741935484,-0.106734304800159,0,high
M02651,123.8,138.2,129.5,0.01,0.16,0.08,0,1.1163166397415185,-0.13220410031482732,0,medium
M02652,184.0,176.2,166.0,0.098,0.239,0.213,0,0.9576086956521739,-0.1024320780078864,0,high
M02653,188.8,194.4,195.4,0.007,0.227,0.057,0,1.0296610169491525,-0.12406033873445205,0,medium
M02654,60.8,45.8,56.6,0.022,0.143,0.12,0,0.7532894736842105,-0.07181217145020691,0,high
M02655,101.2,99.1,88.4,0.079,0.122,0.101,0,0.9792490118577074,-0.1735227827602046,0,low
M02656,76.6,62.3,61.9,0.059,0.221,0.09,0,0.8133159268929504,-0.13217781220950714,0,medium
M02657,145.3,155.4,143.2,0.024,0.181,0.037,0,1.069511355815554,-0.15606863606035037,0,medium
M02658,272.7,265.0,271.0,0.001,0.136,0.093,0,0.9717638430509719,0.012797657840907584,1,high
M02659,184.2,177.2,198.9,0.066,0.225,0.05,0,0.9619978284473398,-0.1401000380030868,0,medium
M02660,61.4,65.8,61.0,0.056,0.227,0.063,0,1.0716612377850163,-0.16645679158276372,0,low
M02661,197.9,197.3,200.9,0.027,0.279,0.037,0,0.9969681657402729,-0.11618898638733716,0,high
M02662,79.6,76.4,76.0,0.015,0.339,0.021,0,0.9597989949748745,-0.15156079507774345,0,medium
M02663,154.2,158.8,151.7,0.088,0.134,0.037,0,1.0298313878080416,-0.15134112537018524,0,medium
M02664,91.5,91.9,91.3,0.077,0.24,0.04,0,1.0043715846994536,-0.18774997388353426,0,low
M02665,55.9,59.9,57.6,0.081,0.373,0.053,0,1.071556350626118,-0.15097675248159553,0,medium
M02666,38.9,21.6,46.6,0.104,0.198,0.064,0,0.5552699228791774,-0.040135817467477075,0,high
M02667,43.2,113.9,34.5,0.166,0.563,0.113,1,2.636574074074074,0.0381778628840197,1,high
M02668,282.8,288.2,285.7,0.06,0.246,0.093,0,1.019094766619519,-0.00929922377783754,0,high
M02669,96.3,99.7,84.2,0.119,0.382,0.111,0,1.035306334371755,-0.1710004421358104,0,low
M02670,198.2,211.3,209.1,0.042,0.172,0.075,0,1.0660948536831485,-0.10783858123193901,0,high
M02671,102.7,112.4,101.1,0.026,0.165,0.039,0,1.0944498539435248,-0.16150629212105577,0,medium
M02672,61.1,60.9,72.2,0.087,0.349,0.151,0,0.9967266775777414,-0.16001532576397198,0,medium
M02673,119.7,121.2,115.4,0.006,0.122,0.055,0,1.012531328320802,-0.14788618611860482,0,medium
M02674,58.2,123.9,57.2,0.354,0.368,0.179,1,2.1288659793814433,-0.003085726247051279,0,high
M02675,88.5,80.1,89.2,0.003,0.36,0.122,0,0.9050847457627118,-0.1440647142263503,0,medium
M02676,66.9,72.6,76.6,0.115,0.338,0.134,0,1.085201793721973,-0.15988994323494166,0,medium
M02677,144.8,149.4,140.4,0.005,0.137,0.02,0,1.031767955801105,-0.1144986831041005,0,high
M02678,71.6,80.7,70.1,0.036,0.149,0.105,0,1.1270949720670391,-0.1527107372165153,0,medium
M02679,32.1,55.8,42.0,0.271,0.382,0.02,1,1.7383177570093455,-0.01572933562594836,0,high
M02680,83.5,81.1,94.1,0.016,0.114,0.165,0,0.97125748502994,-0.13230365814056844,0,medium
M02681,167.5,172.9,173.2,0.116,0.203,0.165,0,1.0322388059701493,-0.1355729444054155,0,medium
M02682,157.1,167.0,162.9,0.091,0.174,0.117,0,1.0630171865054105,-0.1574022466633716,0,medium
M02683,146.5,150.0,135.6,0.12,0.271,0.103,0,1.023890784982935,-0.1593882809542052,0,medium
M02684,64.2,68.4,63.8,0.084,0.231,0.096,0,1.0654205607476637,-0.17257622042191761,0,low
M02685,89.9,79.2,86.8,0.002,0.185,0.186,0,0.8809788654060067,-0.1166048318938544,0,high
M02686,63.2,67.4,56.8,0.05,0.276,0.091,0,1.0664556962025318,-0.1644666979159365,0,low
M02687,109.8,123.6,105.4,0.078,0.176,0.105,0,1.1256830601092895,-0.1545525399016246,0,medium
M02688,73.0,69.3,67.6,0.108,0.363,0.14,0,0.9493150684931506,-0.15638637139035255,0,medium
M02689,166.3,162.2,154.1,0.101,0.196,0.056,0,0.9753457606734816,-0.16230377882844782,0,low
M02690,56.8,58.0,55.4,0.07,0.176,0.094,0,1.0211267605633803,-0.15074536539710565,0,medium
M02691,31.9,30.6,13.1,0.077,0.37,0.193,0,0.9592476489028214,-0.057836732932116,0,high
M02692,85.4,92.2,90.8,0.095,0.144,0.044,0,1.0796252927400467,-0.1681274726255742,0,low
M02693,201.8,214.5,199.6,0.113,0.296,0.174,0,1.0629335976214074,-0.09580744690223836,0,high
M02694,52.8,48.9,48.8,0.086,0.358,0.077,0,0.9261363636363636,-0.13935692884066142,0,medium
M02695,94.5,101.1,95.1,0.015,0.247,0.05,0,1.0698412698412698,-0.1741037848120764,0,low
M02696,123.5,123.1,133.3,0.03,0.13,0.077,0,0.9967611336032388,-0.16458411863137512,0,low
M02697,183.1,183.5,187.8,0.053,0.179,0.028,0,1.0021845985800109,-0.13173361536747924,0,medium
M02698,64.0,67.2,47.8,0.071,0.322,0.02,0,1.05,-0.14485616988431155,0,medium
M02699,83.8,89.6,91.4,0.009,0.35,0.168,0,1.0692124105011933,-0.14987059947136605,0,medium
M02700,77.5,77.3,78.7,0.048,0.393,0.17,0,0.9974193548387097,-0.15432855665381656,0,medium
M02701,117.5,107.2,112.8,0.04,0.163,0.02,0,0.912340425531915,-0.14862186414201373,0,medium
M02702,157.5,163.8,172.2,0.111,0.22,0.107,0,1.04,-0.15199583752653378,0,medium
M02703,85.6,84.7,67.2,0.11,0.33,0.111,0,0.9894859813084114,-0.172940134561979,0,low
M02704,130.9,130.7,128.6,0.049,0.143,0.037,0,0.9984721161191749,-0.1679021530008829,0,low
M02705,74.7,64.2,86.4,0.007,0.398,0.118,0,0.8594377510040161,-0.11829868818171885,0,high
M02706,226.8,235.7,248.5,0.013,0.215,0.139,0,1.039241622574956,-0.04757021285294627,0,high
M02707,41.0,52.7,40.5,0.039,0.335,0.071,0,1.2853658536585366,-0.10297645068984979,0,high
M02708,116.3,206.8,104.2,0.497,0.664,0.099,1,1.778159931212382,0.08142742367785427,1,high
M02709,136.8,133.5,136.9,0.078,0.24,0.13,0,0.975877192982456,-0.18003939391655133,0,low
M02710,92.2,95.6,90.5,0.017,0.143,0.083,0,1.0368763557483731,-0.1684176971675193,0,low
M02711,363.3,381.3,362.3,0.111,0.219,0.079,0,1.0495458298926508,0.08066624204198125,1,high
M02712,159.9,162.7,169.0,0.061,0.363,0.156,0,1.0175109443402126,-0.1560489335996968,0,medium
M02713,76.8,85.5,83.6,0.069,0.286,0.131,0,1.11328125,-0.1706761359484808,0,low
M02714,78.9,71.2,89.6,0.093,0.181,0.153,0,0.9024081115335868,-0.1522311252637104,0,medium
M02715,161.6,161.7,162.7,0.06,0.254,0.125,0,1.000618811881188,-0.16640817427235088,0,low
M02716,80.8,93.0,94.8,0.012,0.223,0.102,0,1.1509900990099011,-0.14724583131164115,0,medium
M02717,82.7,73.8,75.6,0.043,0.106,0.107,0,0.8923821039903265,-0.13273276647482785,0,medium
M02718,58.5,70.4,50.0,0.05,0.101,0.049,0,1.2034188034188036,-0.09186709829720524,0,high
M02719,43.8,50.5,48.1,0.081,0.117,0.086,0,1.1529680365296804,-0.10451204888279969,0,high
M02720,73.5,66.2,52.6,0.0,0.107,0.156,0,0.9006802721088436,-0.08940028095774566,0,high
M02721,68.6,67.7,64.9,0.089,0.31,0.148,0,0.9868804664723033,-0.16862302973086185,0,low
M02722,212.9,221.9,228.0,0.021,0.313,0.02,0,1.0422733677782996,-0.06331560389044333,0,high
M02723,113.4,120.7,126.8,0.071,0.149,0.032,0,1.064373897707231,-0.17260217493161323,0,low
M02724,121.3,128.0,133.6,0.04,0.156,0.172,0,1.055234954657873,-0.15641251535033834,0,medium
M02725,147.9,150.8,151.8,0.106,0.115,0.123,0,1.0196078431372548,-0.14419533672274382,0,medium
M02726,204.8,200.7,220.6,0.036,0.196,0.088,0,0.9799804687499999,-0.11316741829279892,0,high
M02727,115.9,103.6,108.1,0.006,0.259,0.125,0,0.8938740293356341,-0.15126609032505517,0,medium
M02728,113.2,109.0,117.3,0.021,0.287,0.168,0,0.9628975265017667,-0.16487064402934665,0,low
M02729,129.9,126.3,130.4,0.108,0.297,0.091,0,0.9722863741339491,-0.18133339876189908,0,low
M02730,238.3,235.7,237.1,0.029,0.226,0.103,0,0.9890893831305076,-0.06594771257341947,0,high
M02731,70.6,67.1,78.0,0.086,0.372,0.075,0,0.9504249291784702,-0.1744718701798833,0,low
M02732,45.7,47.7,44.6,0.045,0.3,0.083,0,1.0437636761487965,-0.13608380595819297,0,medium
M02733,103.2,97.0,100.2,0.102,0.273,0.105,0,0.939922480620155,-0.18735689700555935,0,low
M02734,76.1,69.9,79.2,0.087,0.356,0.102,0,0.9185282522996059,-0.17105167291054824,0,low
M02735,191.6,206.9,205.3,0.097,0.276,0.1,0,1.0798538622129437,-0.11953926843242413,0,high
M02736,86.1,96.0,83.4,0.083,0.105,0.032,0,1.1149825783972127,-0.1262056405941187,0,medium
M02737,215.7,219.6,207.9,0.086,0.241,0.02,0,1.0180806675938805,-0.08311086805879087,0,high
M02738,205.8,214.9,202.2,0.041,0.185,0.195,0,1.0442176870748299,-0.0811997313324554,0,high
M02739,30.9,41.1,42.8,0.093,0.337,0.05,0,1.3300970873786409,-0.08228622860063506,0,high
M02740,61.1,56.1,58.0,0.105,0.129,0.143,0,0.9181669394435352,-0.1255150793348137,0,medium
M02741,45.3,88.5,53.9,0.342,0.595,0.037,1,1.9536423841059605,0.0011165279160242347,1,high
M02742,46.8,59.5,41.6,0.075,0.386,0.181,0,1.2713675213675215,-0.08294107458366606,0,high
M02743,117.5,121.2,107.0,0.11,0.303,0.212,0,1.0314893617021277,-0.14901608716348963,0,medium
M02744,15.3,28.0,21.2,0.273,0.457,0.137,1,1.8300653594771241,0.028012106711560403,1,high
M02745,80.7,82.8,81.1,0.016,0.122,0.139,0,1.0260223048327137,-0.14960452157224463,0,medium
M02746,158.4,151.8,146.5,0.079,0.151,0.172,0,0.9583333333333334,-0.150014422705659,0,medium
M02747,205.7,204.1,218.8,0.015,0.117,0.025,0,0.9922216820612543,-0.0676424227949074,0,high
M02748,58.5,77.5,55.1,0.24,0.455,0.044,1,1.3247863247863247,-0.06929995546372558,0,high
M02749,76.4,82.2,76.4,0.0,0.336,0.113,0,1.0759162303664922,-0.15571028072478132,0,medium
M02750,94.9,86.0,94.1,0.02,0.161,0.082,0,0.9062170706006322,-0.1568358812415726,0,medium
M02751,73.2,63.3,78.8,0.09,0.27,0.151,0,0.8647540983606556,-0.15285845130778664,0,medium
M02752,71.3,74.1,80.3,0.015,0.212,0.094,0,1.0392706872370265,-0.16409343642623136,0,low
M02753,192.8,193.6,196.5,0.001,0.341,0.135,0,1.004149377593361,-0.11039362303632183,0,high
M02754,47.4,61.5,42.8,0.101,0.13,0.171,0,1.2974683544303798,-0.06935689882600204,0,high
M02755,87.7,89.2,88.4,0.03,0.24,0.037,0,1.017103762827822,-0.17813049625565525,0,low
M02756,118.2,125.2,116.5,0.057,0.382,0.058,0,1.0592216582064298,-0.1781899162361429,0,low
M02757,86.1,88.4,83.5,0.006,0.17,0.153,0,1.0267131242741,-0.14477865832080022,0,medium
M02758,60.8,88.9,60.7,0.253,0.512,0.207,1,1.4621710526315792,-0.02807568704261265,0,high
M02759,108.0,113.7,101.5,0.066,0.246,0.138,0,1.0527777777777778,-0.18793382638519301,0,low
M02760,36.0,32.5,35.6,0.079,0.359,0.043,0,0.9027777777777778,-0.09111338360443338,0,high
M02761,109.7,110.8,88.1,0.105,0.394,0.123,0,1.0100273473108476,-0.16641634268113642,0,low
M02762,117.1,115.7,114.6,0.085,0.272,0.076,0,0.9880444064901794,-0.19460872808397406,0,low
M02763,100.6,104.8,100.8,0.102,0.134,0.07,0,1.0417495029821073,-0.18244657061686304,0,low
M02764,107.7,109.9,109.7,0.076,0.137,0.169,0,1.020427112349118,-0.16792044322449745,0,low
M02765,63.6,59.7,60.1,0.107,0.151,0.029,0,0.9386792452830189,-0.1421992964345941,0,medium
M02766,91.1,87.3,85.7,0.007,0.208,0.02,0,0.9582875960482986,-0.1367385354618077,0,medium
M02767,48.5,53.7,51.9,0.031,0.303,0.058,0,1.1072164948453609,-0.1408927064338596,0,medium
M02768,43.9,42.1,48.8,0.069,0.137,0.07,0,0.958997722095672,-0.12600172611736832,0,medium
M02769,267.5,262.4,252.1,0.1,0.149,0.02,0,0.9809345794392522,0.0028914018636304606,1,high
M02770,52.7,91.8,50.0,0.274,0.429,0.225,1,1.7419354838709675,-0.010677092735248417,0,high
M02771,177.4,170.2,168.6,0.066,0.13,0.036,0,0.9594137542277339,-0.13222515861462464,0,medium
M02772,117.0,122.2,116.0,0.109,0.39,0.35,0,1.0444444444444445,-0.0549537646341941,0,high
M02773,78.2,83.3,79.4,0.11,0.108,0.073,0,1.0652173913043477,-0.1543513597591855,0,medium
M02774,68.9,115.8,75.3,0.183,0.485,0.059,1,1.6806966618287371,-0.06165153727653938,0,high
M02775,96.1,95.0,100.3,0.037,0.277,0.037,0,0.9885535900104059,-0.18234837913945162,0,low
M02776,90.6,90.4,99.6,0.038,0.232,0.22,0,0.9977924944812363,-0.13494559748391732,0,medium
M02777,153.1,144.9,154.9,0.021,0.324,0.033,0,0.9464402351404312,-0.15323993844516703,0,medium
M02778,58.6,67.4,64.9,0.106,0.18,0.121,0,1.1501706484641638,-0.1348876699495427,0,medium
M02779,156.5,163.2,152.4,0.085,0.127,0.199,0,1.042811501597444,-0.12297821303351031,0,high
M02780,45.5,47.1,32.2,0.026,0.286,0.075,0,1.0351648351648353,-0.11605102600160877,0,high
M02781,137.0,146.2,139.5,0.02,0.266,0.114,0,1.0671532846715328,-0.1718258743293239,0,low
M02782,79.2,74.1,93.9,0.041,0.259,0.065,0,0.9356060606060606,-0.1732041186267383,0,low
M02783,167.6,172.1,162.0,0.082,0.336,0.063,0,1.0268496420047732,-0.1702541410135246,0,low
M02784,87.6,76.3,77.0,0.031,0.36,0.1,0,0.8710045662100457,-0.15591843536789463,0,medium
M02785,101.1,110.0,99.1,0.012,0.365,0.078,0,1.0880316518298714,-0.16756052511767816,0,low
M02786,133.2,135.8,148.0,0.093,0.32,0.17,0,1.0195195195195197,-0.16918825168299273,0,low
M02787,79.5,85.2,91.3,0.068,0.388,0.199,0,1.0716981132075472,-0.1429486027642904,0,medium
M02788,199.3,193.5,201.7,0.088,0.346,0.106,0,0.9708981435022579,-0.13427716097085624,0,medium
M02789,184.8,184.7,196.1,0.065,0.381,0.176,0,0.9994588744588744,-0.13165743217890052,0,medium
M02790,92.3,102.9,93.3,0.015,0.351,0.225,0,1.114842903575298,-0.11043631448460106,0,high
M02791,234.2,233.0,249.9,0.066,0.371,0.077,0,0.9948761742100769,-0.07332971183677384,0,high
M02792,132.0,129.3,131.0,0.031,0.313,0.156,0,0.9795454545454546,-0.176142492009072,0,low
M02793,248.8,244.3,250.8,0.049,0.282,0.047,0,0.9819131832797428,-0.05272890507278216,0,high
M02794,91.2,97.6,91.7,0.106,0.129,0.147,0,1.0701754385964912,-0.15858086196764049,0,medium
M02795,50.2,49.5,58.7,0.035,0.353,0.028,0,0.9860557768924302,-0.13734509906667552,0,medium
M02796,255.5,250.1,250.9,0.099,0.199,0.02,0,0.9788649706457926,-0.02644678054721572,0,high
M02797,178.0,176.4,188.3,0.002,0.178,0.04,0,0.9910112359550562,-0.11866590208364164,0,high
M02798,143.9,156.1,134.0,0.112,0.226,0.154,0,1.0847810979847115,-0.15037224040319047,0,medium
M02799,124.0,123.5,125.8,0.033,0.356,0.18,0,0.9959677419354839,-0.15545516154832462,0,medium
M02800,61.8,58.8,60.2,0.118,0.386,0.087,0,0.9514563106796117,-0.15047916327227012,0,medium
M02801,192.7,204.7,183.5,0.055,0.354,0.156,0,1.0622729631551635,-0.12363278095576552,0,high
M02802,96.0,132.0,95.2,0.439,0.357,0.083,1,1.375,-0.02631898548512146,0,high
M02803,178.8,180.3,175.5,0.011,0.124,0.142,0,1.0083892617449663,-0.12103737940711806,0,high
M02804,86.3,80.9,94.1,0.073,0.369,0.041,0,0.9374275782155274,-0.1733978049604183,0,low
M02805,91.2,90.8,83.3,0.07,0.367,0.034,0,0.9956140350877193,-0.1775158502542159,0,low
M02806,61.3,58.7,44.5,0.058,0.366,0.092,0,0.9575856443719414,-0.15205677080143337,0,medium
M02807,78.2,75.9,80.1,0.083,0.228,0.036,0,0.9705882352941176,-0.18079421148420133,0,low
M02808,74.9,105.4,66.1,0.404,0.683,0.096,1,1.4072096128170895,-0.008306036040200304,0,high
M02809,188.4,176.9,202.2,0.1,0.238,0.02,0,0.9389596602972399,-0.11827939172612395,0,high
M02810,109.0,107.0,100.9,0.101,0.383,0.033,0,0.981651376146789,-0.16837499461375732,0,low
M02811,107.8,122.4,111.2,0.006,0.189,0.049,0,1.1354359925788498,-0.13053679894591508,0,medium
M02812,137.0,141.4,136.8,0.055,0.276,0.04,0,1.032116788321168,-0.1763806879134377,0,low
M02813,201.4,199.0,204.1,0.052,0.26,0.168,0,0.9880834160873883,-0.11537321663769862,0,high
M02814,184.8,193.5,204.2,0.09,0.294,0.098,0,1.047077922077922,-0.13952582801792807,0,medium
M02815,118.8,117.3,115.9,0.071,0.328,0.124,0,0.9873737373737373,-0.1885422565710112,0,low
M02816,89.0,132.2,83.8,0.523,0.564,0.212,1,1.4853932584269662,0.03887561215316071,1,high
M02817,69.6,69.7,73.5,0.005,0.316,0.101,0,1.0014367816091956,-0.14992087554587147,0,medium
M02818,137.7,144.3,128.4,0.062,0.356,0.048,0,1.047930283224401,-0.1747843422783527,0,low
M02819,75.4,81.1,76.1,0.076,0.304,0.145,0,1.0755968169761272,-0.1773903120398871,0,low
M02820,220.7,214.9,212.0,0.119,0.386,0.09,0,0.9737199818758496,-0.08038183643663016,0,high
M02821,121.2,123.4,131.7,0.04,0.136,0.133,0,1.018151815181518,-0.16329961016508454,0,low
M02822,123.3,124.1,115.2,0.109,0.326,0.099,0,1.0064882400648825,-0.1802316865232484,0,low
M02823,93.4,92.5,105.5,0.072,0.384,0.35,0,0.9903640256959314,-0.05633132764677806,0,high
M02824,67.3,67.9,60.9,0.024,0.372,0.068,0,1.008915304606241,-0.15990894230146063,0,medium
M02825,125.6,121.7,127.4,0.099,0.205,0.151,0,0.9689490445859873,-0.17168113980474442,0,low
M02826,164.9,178.5,161.8,0.029,0.306,0.197,0,1.0824742268041236,-0.12211002245904606,0,high
M02827,57.8,56.4,58.3,0.099,0.295,0.04,0,0.9757785467128028,-0.1560974606594902,0,medium
M02828,55.5,49.0,47.7,0.086,0.167,0.036,0,0.8828828828828829,-0.12429622206153651,0,medium
M02829,155.8,153.2,167.1,0.018,0.146,0.078,0,0.9833119383825416,-0.15091964314198453,0,medium
M02830,93.5,91.7,82.7,0.08,0.214,0.074,0,0.9807486631016044,-0.19027475049069076,0,low
M02831,112.0,109.1,112.3,0.046,0.352,0.076,0,0.9741071428571428,-0.18405392358373068,0,low
M02832,71.4,118.8,78.1,0.201,0.374,0.049,1,1.6638655462184873,-0.06422208974629218,0,high
M02833,15.0,40.4,17.7,0.369,0.609,0.093,1,2.6933333333333334,0.09063467538915615,1,high
M02834,36.2,77.6,27.6,0.487,0.402,0.089,1,2.143646408839779,0.0300479894230683,1,high
M02835,69.6,79.3,57.9,0.072,0.136,0.153,0,1.139367816091954,-0.12623942561992824,0,medium
M02836,239.9,241.0,243.3,0.077,0.226,0.159,0,1.0045852438516047,-0.05436168096033123,0,high
M02837,192.2,194.7,185.1,0.004,0.288,0.057,0,1.0130072840790842,-0.120963589546701,0,high
M02838,82.9,89.1,95.9,0.078,0.174,0.032,0,1.074788902291918,-0.16826926839882972,0,low
M02839,87.1,89.6,91.9,0.097,0.174,0.199,0,1.0287026406429391,-0.14592967341509183,0,medium
M02840,152.0,144.5,144.5,0.006,0.299,0.02,0,0.9506578947368421,-0.1325072840685123,0,medium
M02841,150.4,147.2,142.4,0.015,0.155,0.098,0,0.978723404255319,-0.15573326931763948,0,medium
M02842,110.4,123.6,115.4,0.019,0.388,0.02,0,1.1195652173913042,-0.12053571967715548,0,high
M02843,76.5,77.3,79.6,0.028,0.348,0.151,0,1.0104575163398692,-0.17019323976674722,0,low
M02844,177.7,189.3,166.0,0.085,0.34,0.053,0,1.0652785593697245,-0.15416563368337133,0,medium
M02845,54.2,60.9,57.7,0.024,0.311,0.07,0,1.1236162361623616,-0.1415202478651183,0,medium
M02846,144.6,153.2,126.3,0.067,0.116,0.061,0,1.0594744121715076,-0.1524925834216197,0,medium
M02847,51.6,54.9,47.8,0.063,0.148,0.101,0,1.063953488372093,-0.14039772927082944,0,medium
M02848,111.5,119.6,109.1,0.054,0.332,0.029,0,1.0726457399103138,-0.18219427803931754,0,low
M02849,104.6,160.2,112.9,0.3,0.672,0.093,1,1.531548757170172,0.026546408922213938,1,high
M02850,85.9,88.8,86.5,0.106,0.397,0.191,0,1.0337601862630965,-0.14261041833321297,0,medium
M02851,147.0,150.8,142.9,0.006,0.333,0.221,0,1.0258503401360546,-0.12090796339710508,0,high
M02852,135.3,134.6,125.7,0.037,0.12,0.066,0,0.9948263118994825,-0.1611742678143101,0,medium
M02853,133.1,121.0,135.2,0.039,0.333,0.193,0,0.9090909090909092,-0.14389192188129646,0,medium
M02854,109.8,117.3,105.0,0.075,0.119,0.175,0,1.0683060109289617,-0.1534367754066786,0,medium
M02855,156.3,155.6,171.9,0.005,0.232,0.11,0,0.9955214331413946,-0.14641491787436395,0,medium
M02856,68.7,63.9,70.1,0.047,0.164,0.045,0,0.9301310043668122,-0.1612525067400306,0,medium
M02857,70.1,79.2,66.4,0.084,0.299,0.144,0,1.1298145506419401,-0.1608404265516618,0,medium
M02858,129.8,136.5,143.6,0.009,0.368,0.242,0,1.0516178736517718,-0.11131368370296724,0,high
M02859,95.2,94.1,94.0,0.031,0.178,0.236,0,0.9884453781512604,-0.12155084765558827,0,high
M02860,133.0,130.9,123.3,0.003,0.335,0.03,0,0.9842105263157895,-0.14843484892886327,0,medium
M02861,39.8,36.8,48.9,0.01,0.3,0.178,0,0.9246231155778895,-0.08281917248742782,0,high
M02862,121.3,123.6,127.8,0.096,0.276,0.053,0,1.0189612530915086,-0.18359135955101835,0,low
M02863,193.3,198.4,192.7,0.01,0.342,0.138,0,1.0263838592860837,-0.12262780873249629,0,high
M02864,220.8,217.5,224.8,0.118,0.233,0.113,0,0.9850543478260869,-0.08211477068674122,0,high
M02865,88.9,82.1,90.5,0.083,0.157,0.236,0,0.9235095613048367,-0.11974090978199081,0,high
M02866,80.5,81.7,83.2,0.056,0.329,0.058,0,1.0149068322981367,-0.18464817764101626,0,low
M02867,134.0,131.0,129.3,0.022,0.116,0.052,0,0.9776119402985075,-0.1463825759739873,0,medium
M02868,107.2,114.3,114.3,0.104,0.296,0.147,0,1.066231343283582,-0.18124132683252103,0,low
M02869,54.0,65.6,56.8,0.06,0.396,0.074,0,1.2148148148148148,-0.11658591276747848,0,high
M02870,161.4,164.0,143.4,0.097,0.134,0.02,0,1.0161090458488227,-0.12563628760169043,0,medium
M02871,120.5,126.5,121.9,0.061,0.248,0.02,0,1.049792531120332,-0.1740021834505593,0,low
M02872,58.3,66.6,65.8,0.1,0.332,0.152,0,1.1423670668953687,-0.14655190560366144,0,medium
M02873,118.4,120.8,114.3,0.045,0.209,0.226,0,1.0202702702702702,-0.1461435039201675,0,medium
M02874,114.3,108.1,119.7,0.098,0.368,0.265,0,0.9457567804024497,-0.10196441084742208,0,high
M02875,57.6,104.3,56.5,0.453,0.613,0.02,1,1.8107638888888888,0.032049749767433355,1,high
M02876,57.2,79.0,54.7,0.517,0.419,0.281,1,1.381118881118881,0.0484506192039309,1,high
M02877,219.0,212.1,217.8,0.018,0.152,0.042,0,0.9684931506849315,-0.06931327839497647,0,high
M02878,140.8,131.2,137.2,0.031,0.343,0.038,0,0.9318181818181817,-0.15911708845588957,0,medium
M02879,130.0,124.6,124.3,0.088,0.148,0.025,0,0.9584615384615384,-0.16420158344268365,0,low
M02880,182.5,176.0,187.2,0.02,0.375,0.084,0,0.9643835616438357,-0.13714536371455444,0,medium
M02881,84.5,87.6,86.7,0.041,0.317,0.062,0,1.0366863905325443,-0.18240304822174475,0,low
M02882,131.5,140.0,148.0,0.077,0.116,0.335,0,1.064638783269962,-0.03865934848010699,0,high
M02883,93.2,106.5,101.2,0.008,0.16,0.044,0,1.1427038626609443,-0.12825725417145512,0,medium
M02884,106.6,113.5,101.6,0.059,0.299,0.121,0,1.0647279549718576,-0.19183171672314858,0,low
M02885,129.6,115.5,143.8,0.074,0.129,0.06,0,0.8912037037037037,-0.13899497621784135,0,medium
M02886,116.3,123.2,108.3,0.117,0.266,0.085,0,1.05932932072227,-0.1772826053991694,0,low
M02887,179.5,197.3,173.8,0.04,0.188,0.063,0,1.0991643454038997,-0.12036715800360703,0,high
M02888,80.5,83.2,99.0,0.078,0.258,0.095,0,1.0335403726708075,-0.18764226580040033,0,low
M02889,121.9,119.8,115.4,0.085,0.242,0.089,0,0.9827727645611156,-0.19121058138170954,0,low
M02890,146.4,140.1,149.9,0.101,0.123,0.061,0,0.956967213114754,-0.150301033120256,0,medium
M02891,78.4,80.3,77.9,0.061,0.192,0.061,0,1.0242346938775508,-0.18582343592550932,0,low
M02892,92.3,95.5,103.9,0.012,0.223,0.078,0,1.0346695557963164,-0.1793271211760893,0,low
M02893,52.3,54.9,59.8,0.05,0.181,0.046,0,1.0497131931166348,-0.1514777781830277,0,medium
M02894,274.0,269.3,275.8,0.036,0.224,0.135,0,0.9828467153284672,-0.005540495508003396,0,high
M02895,143.6,139.5,146.8,0.038,0.275,0.101,0,0.9714484679665738,-0.1757765872734201,0,low
M02896,42.4,60.1,37.4,0.399,0.406,0.137,1,1.4174528301886793,-0.006719757884724453,0,high
M02897,32.6,30.0,26.8,0.107,0.247,0.03,0,0.920245398773006,-0.06888942667062159,0,high
M02898,30.2,26.0,35.4,0.09,0.279,0.083,0,0.8609271523178809,-0.09164318462355225,0,high
M02899,51.1,91.0,48.2,0.172,0.678,0.087,1,1.7808219178082192,-0.017268911053154756,0,high
M02900,45.0,64.6,53.7,0.363,0.671,0.134,1,1.4355555555555555,0.0037822519475162464,1,high
M02901,77.7,81.6,68.5,0.083,0.216,0.15,0,1.05019305019305,-0.16636234450968018,0,low
M02902,155.8,154.8,148.5,0.07,0.127,0.056,0,0.993581514762516,-0.15982968853849738,0,medium
M02903,227.1,232.1,227.1,0.12,0.249,0.031,0,1.0220167327168648,-0.06971620889647168,0,high
M02904,59.2,53.9,73.5,0.073,0.2,0.094,0,0.9104729729729729,-0.14531351673828174,0,medium
M02905,175.2,168.9,189.9,0.021,0.271,0.132,0,0.9640410958904111,-0.14218605112107674,0,medium
M02906,113.8,216.1,115.8,0.498,0.364,0.065,1,1.898945518453427,0.05231755235655444,1,high
M02907,125.1,114.2,129.5,0.033,0.115,0.067,0,0.9128697042366107,-0.1448660332658258,0,medium
M02908,177.7,189.1,172.8,0.051,0.18,0.055,0,1.064153066966798,-0.13885235931178957,0,medium
M02909,183.1,297.8,192.1,0.48,0.659,0.028,1,1.6264336428181323,0.09488704508755064,1,high
M02910,123.5,126.2,128.4,0.062,0.22,0.133,0,1.0218623481781377,-0.1816340755047195,0,low
M02911,94.2,94.2,96.7,0.076,0.233,0.023,0,1.0,-0.18010840942790174,0,low
M02912,115.6,112.6,105.9,0.093,0.229,0.177,0,0.9740484429065744,-0.17005546786773668,0,low
M02913,32.0,22.8,21.7,0.058,0.348,0.085,0,0.7125,-0.0382879008623761,0,high
M02914,143.7,161.9,138.5,0.013,0.249,0.221,0,1.1266527487821851,-0.09809286648292809,0,high
M02915,101.3,108.5,101.7,0.004,0.305,0.06,0,1.071076011846002,-0.1641035775860885,0,low
M02916,48.4,71.6,42.6,0.225,0.629,0.137,1,1.4793388429752066,-0.010288285324888458,0,high
M02917,147.1,162.9,140.1,0.0,0.286,0.047,0,1.1074099252209382,-0.1279332270646636,0,medium
M02918,25.0,58.8,25.4,0.259,0.582,0.02,1,2.352,0.07260097289783074,1,high
M02919,82.5,85.9,74.7,0.04,0.35,0.1,0,1.0412121212121213,-0.17486213523218824,0,low
M02920,218.9,206.8,225.9,0.107,0.235,0.145,0,0.9447236180904522,-0.0676669399181492,0,high
M02921,147.0,152.8,148.7,0.057,0.109,0.051,0,1.0394557823129253,-0.14403776229341625,0,medium
M02922,139.1,131.7,147.5,0.095,0.134,0.053,0,0.9468008626887131,-0.15183025739906242,0,medium
M02923,55.3,58.3,61.9,0.056,0.248,0.057,0,1.054249547920434,-0.16199748454672008,0,low
M02924,72.9,74.8,69.2,0.113,0.157,0.14,0,1.026063100137174,-0.14782717246270854,0,medium
M02925,123.9,126.5,122.2,0.082,0.245,0.074,0,1.0209846650524617,-0.19075074822113636,0,low
M02926,178.0,179.6,173.8,0.088,0.254,0.039,0,1.0089887640449438,-0.1586011022400884,0,medium
M02927,71.4,69.4,72.4,0.053,0.155,0.083,0,0.9719887955182073,-0.1748346702885044,0,low
M02928,90.9,94.6,88.1,0.071,0.312,0.101,0,1.0407040704070405,-0.1952363514931395,0,low
M02929,79.2,98.4,83.2,0.003,0.168,0.094,0,1.2424242424242424,-0.09933107700497168,0,high
M02930,146.1,139.4,140.4,0.025,0.25,0.07,0,0.9541409993155374,-0.17000275208339893,0,low
M02931,89.4,87.4,95.1,0.003,0.124,0.082,0,0.9776286353467561,-0.14566168870629426,0,medium
M02932,41.7,51.0,49.8,0.043,0.268,0.094,0,1.223021582733813,-0.09759230980499078,0,high
M02933,148.4,151.2,138.2,0.106,0.378,0.098,0,1.0188679245283017,-0.16744602551176901,0,low
M02934,45.6,54.1,49.6,0.102,0.155,0.082,0,1.1864035087719298,-0.10677875066675191,0,high
M02935,186.1,189.1,177.1,0.013,0.166,0.081,0,1.0161203653949489,-0.1282913243656434,0,medium
M02936,104.4,99.9,95.9,0.055,0.178,0.068,0,0.9568965517241379,-0.18264876640962419,0,low
M02937,90.0,93.4,89.0,0.062,0.25,0.046,0,1.037777777777778,-0.18997087658762862,0,low
M02938,151.9,148.2,151.2,0.035,0.395,0.152,0,0.9756418696510861,-0.15030832812003858,0,medium
M02939,78.0,79.6,86.3,0.004,0.33,0.037,0,1.0205128205128204,-0.15035457758188708,0,medium
M02940,282.7,280.8,293.5,0.052,0.267,0.035,0,0.9932790944464097,0.015996795289551113,1,high
M02941,111.8,108.3,119.6,0.113,0.282,0.048,0,0.9686940966010733,-0.17082719876573899,0,low
M02942,135.2,140.2,142.5,0.093,0.11,0.168,0,1.03698224852071,-0.13243108575475737,0,medium
M02943,92.4,88.3,80.0,0.029,0.394,0.16,0,0.9556277056277055,-0.1585244816552931,0,medium
M02944,204.1,205.5,210.7,0.095,0.104,0.158,0,1.006859382655561,-0.07385522166119973,0,high
M02945,140.9,130.7,149.0,0.015,0.13,0.07,0,0.9276082327892121,-0.14142642205455458,0,medium
M02946,102.4,108.9,98.7,0.097,0.298,0.055,0,1.0634765625,-0.18921328795226955,0,low
M02947,89.3,130.4,102.8,0.308,0.57,0.333,1,1.4602463605823068,0.0469319946446215,1,high
M02948,155.9,153.3,142.4,0.056,0.346,0.132,0,0.9833226427196922,-0.17043033787751444,0,low
M02949,99.0,104.3,104.8,0.064,0.252,0.037,0,1.0535353535353535,-0.1889860687813083,0,low
M02950,110.6,111.1,115.4,0.02,0.155,0.089,0,1.0045207956600362,-0.17319476234505998,0,low
M02951,96.1,84.2,112.6,0.088,0.328,0.026,0,0.8761706555671177,-0.15120973878177202,0,medium
M02952,150.5,151.1,154.3,0.001,0.14,0.2,0,1.003986710963455,-0.10734969862885363,0,high
M02953,67.3,120.5,58.8,0.432,0.397,0.024,1,1.7904903417533433,0.011147983305485276,1,high
M02954,196.3,199.5,190.3,0.009,0.139,0.043,0,1.0163015792154864,-0.10305738320384766,0,high
M02955,53.4,59.6,53.3,0.11,0.193,0.112,0,1.1161048689138577,-0.1306384222350731,0,medium
M02956,81.1,72.1,75.3,0.016,0.33,0.072,0,0.8890258939580764,-0.15377302731515752,0,medium
M02957,165.2,167.9,159.3,0.022,0.237,0.067,0,1.0163438256658597,-0.16818658490966237,0,low
M02958,193.5,195.2,195.9,0.117,0.206,0.077,0,1.0087855297157622,-0.12918245034031495,0,medium
M02959,70.2,68.4,77.5,0.079,0.185,0.08,0,0.9743589743589745,-0.18094712463244256,0,low
M02960,43.4,48.1,51.9,0.104,0.19,0.175,0,1.108294930875576,-0.10371624159380322,0,high
M02961,108.1,109.2,96.2,0.071,0.104,0.194,0,1.0101757631822388,-0.13649574854936175,0,medium
M02962,139.8,141.0,141.9,0.029,0.132,0.02,0,1.0085836909871244,-0.1328969925464379,0,medium
M02963,95.2,103.2,93.2,0.083,0.202,0.087,0,1.084033613445378,-0.1875130269922381,0,low
M02964,118.4,123.2,99.4,0.003,0.131,0.226,0,1.0405405405405406,-0.10278872406397349,0,high
M02965,109.1,104.1,117.4,0.021,0.118,0.288,0,0.9541704857928506,-0.06666208320676237,0,high
M02966,168.7,176.3,178.2,0.058,0.355,0.116,0,1.045050385299348,-0.1574017962776057,0,medium
M02967,135.3,204.7,126.7,0.173,0.504,0.143,1,1.5129342202512932,0.0028925186130448477,1,high
M02968,205.5,206.1,217.3,0.104,0.233,0.037,0,1.002919708029197,-0.1111256023324867,0,high
M02969,159.9,164.1,150.1,0.109,0.273,0.07,0,1.0262664165103188,-0.16583376481391826,0,low
M02970,91.9,101.0,72.7,0.024,0.382,0.086,0,1.0990206746463547,-0.16022854680854592,0,medium
M02971,115.5,111.7,101.6,0.026,0.253,0.035,0,0.9670995670995671,-0.17094806245271038,0,low
M02972,74.1,82.1,61.8,0.12,0.399,0.18,0,1.107962213225371,-0.12154261156383434,0,high
M02973,186.3,198.3,184.9,0.091,0.34,0.186,0,1.0644122383252819,-0.11572484658566573,0,high
M02974,129.2,138.0,126.5,0.034,0.183,0.02,0,1.0681114551083593,-0.15183400638474098,0,medium
M02975,154.5,156.9,147.5,0.062,0.137,0.023,0,1.0155339805825243,-0.14540001970947874,0,medium
M02976,116.1,109.0,117.9,0.081,0.213,0.057,0,0.9388458225667529,-0.18127285151485284,0,low
M02977,214.9,232.4,207.1,0.112,0.115,0.082,0,1.0814332247557004,-0.053770158944403845,0,high
M02978,120.5,111.8,111.9,0.049,0.168,0.072,0,0.9278008298755186,-0.1748453316296631,0,low
M02979,46.9,54.0,39.5,0.109,0.364,0.072,0,1.1513859275053304,-0.11848258391467315,0,high
M02980,273.5,265.4,269.7,0.036,0.108,0.032,0,0.9703839122486289,0.021913008162959824,1,high
M02981,151.7,154.1,144.7,0.017,0.261,0.096,0,1.015820698747528,-0.1765498417073038,0,low
M02982,114.5,115.1,116.9,0.097,0.2,0.02,0,1.005240174672489,-0.16509368426034848,0,low
M02983,156.1,141.0,162.7,0.059,0.353,0.078,0,0.903267136450993,-0.15460012841505189,0,medium
M02984,167.4,177.0,156.0,0.017,0.239,0.029,0,1.057347670250896,-0.14954656688211443,0,medium
M02985,139.3,126.4,131.1,0.076,0.32,0.051,0,0.9073941134242641,-0.1661642176412128,0,low
M02986,101.7,104.6,104.5,0.108,0.135,0.112,0,1.0285152409046214,-0.17491981966471482,0,low
M02987,91.7,93.1,100.5,0.047,0.276,0.068,0,1.0152671755725189,-0.19163032847777794,0,low
M02988,100.7,99.0,91.5,0.023,0.208,0.147,0,0.9831181727904668,-0.17163036323724412,0,low
M02989,79.4,110.4,81.4,0.44,0.59,0.117,1,1.3904282115869018,-0.01371775365321537,0,high
M02990,186.9,177.1,195.0,0.071,0.293,0.232,0,0.947565543071161,-0.08999874172994832,0,high
M02991,54.8,57.1,55.7,0.102,0.34,0.027,0,1.0419708029197081,-0.14648887059221433,0,medium
M02992,178.0,192.8,165.1,0.02,0.327,0.094,0,1.0831460674157305,-0.12915139151135752,0,medium
M02993,106.6,107.6,106.5,0.036,0.164,0.176,0,1.0093808630393997,-0.15985844172628405,0,medium
M02994,120.9,110.3,103.1,0.066,0.158,0.02,0,0.91232423490488,-0.14578716747066112,0,medium
M02995,101.7,107.6,90.0,0.046,0.152,0.145,0,1.0580137659783677,-0.17022128329949537,0,low
M02996,113.0,116.8,113.1,0.077,0.353,0.023,0,1.0336283185840707,-0.17508883375369533,0,low
M02997,170.2,170.4,168.2,0.014,0.249,0.197,0,1.00117508813161,-0.12809182607388359,0,medium
M02998,181.4,177.3,180.3,0.001,0.277,0.119,0,0.9773980154355016,-0.12793128487012756,0,medium
M02999,75.0,77.0,70.0,0.1,0.244,0.149,0,1.0266666666666666,-0.16721529822617798,0,low
M03000,169.0,177.9,176.4,0.028,0.266,0.075,0,1.0526627218934912,-0.15560892935996778,0,medium
