transformer_id,transformer_name,feeder_id,cnc,substation_id,substation_name,age_years,load_factor,maintenance_score,oil_quality_index,temperature_rise_c,failure_within_1yr,pole_id,gps_lat,gps_lon,capacity_kva,installation_year,previous_failures,last_serviced_date,last_oil_replacement_date
T0001,Tzaneen Substation 1 TX-001,F045,Tzaneen,SS-TZN-01,Tzaneen Substation 1,21.1,0.641,0.601,0.635,60.0,1,POLE-TZN-00001,-23.82622,30.1613,1000,2005,0,2026-04-02,2026-04-01
T0002,Xihoko Substation 1 TX-001,F387,Xihoko,SS-XHK-01,Xihoko Substation 1,5.6,0.662,0.752,0.611,61.2,0,POLE-XHK-00002,-23.78819,30.36618,315,2020,1,2026-06-21,2025-12-11
T0003,Bolobedu Substation 1 TX-001,F328,Bolobedu,SS-BLB-01,Bolobedu Substation 1,21.4,0.488,0.945,0.839,57.6,0,POLE-BLB-00003,-23.95708,30.35208,315,2005,0,2026-04-06,2026-03-27
T0004,Xihoko Substation 1 TX-002,F220,Xihoko,SS-XHK-01,Xihoko Substation 1,3.6,0.597,0.764,0.698,53.5,0,POLE-XHK-00004,-23.78633,30.37567,100,2022,0,2026-04-15,2026-05-12
T0005,Politsi Substation 1 TX-001,F217,Politsi,SS-PLT-01,Politsi Substation 1,3.1,0.777,0.298,0.262,54.1,0,POLE-PLT-00005,-23.79768,30.06277,800,2023,2,2026-03-19,2026-04-02
T0006,Lenyenye Substation 1 TX-001,F430,Lenyenye,SS-LNY-01,Lenyenye Substation 1,12.1,0.575,0.501,0.684,51.4,0,POLE-LNY-00006,-23.95526,30.27158,1600,2014,0,2026-06-03,2026-02-27
T0007,Nkowankowa Substation 1 TX-001,F043,Nkowankowa,SS-NKW-01,Nkowankowa Substation 1,11.1,0.544,0.718,0.699,53.7,0,POLE-NKW-00007,-23.89584,30.24826,800,2015,0,2026-06-11,2025-08-08
T0008,Politsi Substation 2 TX-001,F349,Politsi,SS-PLT-02,Politsi Substation 2,9.7,0.301,0.923,0.729,45.1,0,POLE-PLT-00008,-23.82949,30.02726,50,2016,1,2026-06-07,2023-09-12
T0009,Ga-Kgapane Substation 3 TX-001,F101,Ga-Kgapane,SS-GKG-03,Ga-Kgapane Substation 3,8.3,0.557,0.368,0.466,48.7,0,POLE-GKG-00009,-23.85989,30.38977,1600,2018,0,2026-05-17,2026-04-18
T0010,Xihoko Substation 2 TX-001,F048,Xihoko,SS-XHK-02,Xihoko Substation 2,15.3,0.233,0.925,0.69,51.7,0,POLE-XHK-00010,-23.80279,30.29814,2000,2011,2,2026-06-12,2026-01-02
T0011,Lenyenye Substation 3 TX-001,F264,Lenyenye,SS-LNY-03,Lenyenye Substation 3,12.2,0.413,0.433,0.348,61.5,0,POLE-LNY-00011,-23.95829,30.3065,1000,2014,0,2026-05-30,2025-12-01
T0012,Tzaneen Substation 1 TX-002,F488,Tzaneen,SS-TZN-01,Tzaneen Substation 1,18.9,0.381,0.633,0.58,53.8,0,POLE-TZN-00012,-23.83373,30.16835,50,2007,2,2026-03-20,2025-06-11
T0013,Ga-Kgapane Substation 3 TX-002,F368,Ga-Kgapane,SS-GKG-03,Ga-Kgapane Substation 3,20.1,0.256,0.623,0.583,57.1,0,POLE-GKG-00013,-23.87075,30.38013,500,2006,2,2026-06-29,2024-12-08
T0014,Haenertsburg Substation 2 TX-001,F381,Haenertsburg,SS-HBG-02,Haenertsburg Substation 2,14.1,0.57,0.758,0.666,65.2,0,POLE-HBG-00014,-23.97881,29.91931,200,2012,2,2026-02-17,2025-10-31
T0015,Xihoko Substation 3 TX-001,F359,Xihoko,SS-XHK-03,Xihoko Substation 3,6.9,0.588,0.745,0.77,56.8,0,POLE-XHK-00015,-23.71319,30.3707,800,2019,1,2026-06-06,2026-05-12
T0016,Politsi Substation 2 TX-002,F394,Politsi,SS-PLT-02,Politsi Substation 2,6.8,0.261,0.142,0.187,51.3,0,POLE-PLT-00016,-23.82878,30.01649,1000,2019,2,2026-01-05,2025-10-29
T0017,Nkowankowa Substation 3 TX-001,F257,Nkowankowa,SS-NKW-03,Nkowankowa Substation 3,8.5,0.435,0.606,0.64,43.7,0,POLE-NKW-00017,-23.93166,30.26435,1600,2017,1,2026-04-22,2025-08-27
T0018,Haenertsburg Substation 1 TX-001,F065,Haenertsburg,SS-HBG-01,Haenertsburg Substation 1,14.1,0.552,0.735,0.822,52.9,0,POLE-HBG-00018,-23.9469,29.95825,1600,2012,1,2026-07-06,2026-02-24
T0019,Haenertsburg Substation 3 TX-001,F420,Haenertsburg,SS-HBG-03,Haenertsburg Substation 3,18.1,0.365,0.804,0.611,65.6,0,POLE-HBG-00019,-24.0077,29.94307,2000,2008,3,2026-03-05,2026-04-11
T0020,Xihoko Substation 3 TX-002,F226,Xihoko,SS-XHK-03,Xihoko Substation 3,7.2,0.721,0.346,0.477,64.3,1,POLE-XHK-00020,-23.73312,30.37687,50,2019,1,2025-07-21,2025-10-22
T0021,Tzaneen Substation 2 TX-001,F251,Tzaneen,SS-TZN-02,Tzaneen Substation 2,26.0,0.78,0.5,0.469,70.3,1,POLE-TZN-00021,-23.80165,30.18809,100,2000,3,2026-04-27,2025-12-05
T0022,Ga-Kgapane Substation 2 TX-001,F186,Ga-Kgapane,SS-GKG-02,Ga-Kgapane Substation 2,9.6,0.505,0.498,0.531,61.1,0,POLE-GKG-00022,-23.84092,30.35469,1600,2016,0,2026-07-12,2025-09-09
T0023,Politsi Substation 2 TX-003,F092,Politsi,SS-PLT-02,Politsi Substation 2,1.3,0.579,0.806,0.574,55.0,0,POLE-PLT-00023,-23.83844,30.02946,1000,2025,0,2026-04-18,2025-05-25
T0024,Xihoko Substation 1 TX-003,F464,Xihoko,SS-XHK-01,Xihoko Substation 1,35.0,0.52,0.666,0.704,56.3,0,POLE-XHK-00024,-23.78272,30.36982,1000,1991,4,2026-04-24,2025-03-09
T0025,Politsi Substation 1 TX-002,F391,Politsi,SS-PLT-01,Politsi Substation 1,11.8,0.405,0.935,0.846,52.0,0,POLE-PLT-00025,-23.79511,30.06525,200,2014,2,2026-06-29,2024-12-10
T0026,Modjadjiskloof Substation 3 TX-001,F322,Modjadjiskloof,SS-MDK-03,Modjadjiskloof Substation 3,20.3,0.267,0.831,0.758,51.0,0,POLE-MDK-00026,-23.71059,30.11778,500,2006,0,2026-05-11,2024-03-31
T0027,Ga-Kgapane Substation 1 TX-001,F202,Ga-Kgapane,SS-GKG-01,Ga-Kgapane Substation 1,2.3,0.198,0.192,0.335,41.4,0,POLE-GKG-00027,-23.84281,30.30293,800,2024,1,2025-08-23,2026-04-30
T0028,Nkowankowa Substation 1 TX-002,F412,Nkowankowa,SS-NKW-01,Nkowankowa Substation 1,6.3,0.779,0.304,0.431,59.6,0,POLE-NKW-00028,-23.90884,30.24435,800,2020,1,2025-10-29,2025-07-15
T0029,Nkowankowa Substation 2 TX-001,F273,Nkowankowa,SS-NKW-02,Nkowankowa Substation 2,8.8,0.495,0.345,0.529,54.7,0,POLE-NKW-00029,-23.94896,30.25451,1600,2017,2,2026-04-27,2026-06-13
T0030,Tzaneen Substation 3 TX-001,F222,Tzaneen,SS-TZN-03,Tzaneen Substation 3,3.7,0.901,0.783,0.825,49.2,0,POLE-TZN-00030,-23.82305,30.19607,315,2022,0,2026-05-31,2025-12-15
T0031,Xihoko Substation 3 TX-003,F226,Xihoko,SS-XHK-03,Xihoko Substation 3,9.4,0.433,0.729,0.65,48.8,0,POLE-XHK-00031,-23.7119,30.37717,1600,2017,0,2026-06-22,2025-07-26
T0032,Xihoko Substation 2 TX-002,F114,Xihoko,SS-XHK-02,Xihoko Substation 2,8.1,0.331,0.589,0.463,48.1,0,POLE-XHK-00032,-23.80222,30.302,200,2018,0,2026-05-14,2026-05-04
T0033,Lenyenye Substation 3 TX-002,F047,Lenyenye,SS-LNY-03,Lenyenye Substation 3,24.2,0.574,0.773,0.609,66.1,0,POLE-LNY-00033,-23.95756,30.30226,1000,2002,1,2026-04-26,2024-05-10
T0034,Modjadjiskloof Substation 1 TX-001,F278,Modjadjiskloof,SS-MDK-01,Modjadjiskloof Substation 1,1.2,0.314,0.683,0.555,42.2,0,POLE-MDK-00034,-23.72668,30.12584,50,2025,0,2026-04-19,2026-05-06
T0035,Haenertsburg Substation 1 TX-002,F444,Haenertsburg,SS-HBG-01,Haenertsburg Substation 1,16.4,0.779,0.78,0.783,50.4,0,POLE-HBG-00035,-23.95559,29.95376,100,2010,1,2026-04-19,2026-05-05
T0036,Tzaneen Substation 2 TX-002,F032,Tzaneen,SS-TZN-02,Tzaneen Substation 2,21.3,0.604,0.778,0.826,55.0,0,POLE-TZN-00036,-23.79492,30.17943,50,2005,1,2026-04-20,2025-09-29
T0037,Lenyenye Substation 1 TX-002,F430,Lenyenye,SS-LNY-01,Lenyenye Substation 1,35.0,0.268,0.483,0.387,61.2,0,POLE-LNY-00037,-23.96529,30.25917,100,1991,3,2026-06-01,2025-06-27
T0038,Lenyenye Substation 2 TX-001,F414,Lenyenye,SS-LNY-02,Lenyenye Substation 2,18.5,0.259,0.755,0.661,44.4,0,POLE-LNY-00038,-23.93233,30.25233,500,2007,1,2026-02-25,2025-09-20
T0039,Tzaneen Substation 1 TX-003,F139,Tzaneen,SS-TZN-01,Tzaneen Substation 1,5.2,0.438,0.727,0.53,55.1,0,POLE-TZN-00039,-23.82772,30.16932,1600,2021,2,2026-01-31,2026-07-16
T0040,Tzaneen Substation 3 TX-002,F316,Tzaneen,SS-TZN-03,Tzaneen Substation 3,9.2,0.457,0.867,0.889,49.6,0,POLE-TZN-00040,-23.8333,30.19183,50,2017,0,2026-05-16,2025-11-24
T0041,Xihoko Substation 1 TX-004,F083,Xihoko,SS-XHK-01,Xihoko Substation 1,13.3,0.259,0.368,0.319,49.1,0,POLE-XHK-00041,-23.78259,30.37394,800,2013,0,2024-12-23,2025-06-22
T0042,Nkowankowa Substation 1 TX-003,F380,Nkowankowa,SS-NKW-01,Nkowankowa Substation 1,26.5,0.954,0.79,0.783,62.4,0,POLE-NKW-00042,-23.90149,30.24589,100,1999,1,2026-04-12,2026-03-21
T0043,Politsi Substation 2 TX-004,F351,Politsi,SS-PLT-02,Politsi Substation 2,2.0,0.27,0.432,0.548,42.8,0,POLE-PLT-00043,-23.8359,30.03316,100,2024,1,2026-06-22,2026-05-31
T0044,Xihoko Substation 2 TX-003,F178,Xihoko,SS-XHK-02,Xihoko Substation 2,16.4,0.523,0.414,0.323,54.9,0,POLE-XHK-00044,-23.7912,30.30814,50,2010,2,2026-04-27,2025-09-19
T0045,Tzaneen Substation 3 TX-003,F034,Tzaneen,SS-TZN-03,Tzaneen Substation 3,2.6,0.45,0.564,0.467,47.9,0,POLE-TZN-00045,-23.82505,30.1967,800,2023,2,2026-05-13,2025-04-02
T0046,Haenertsburg Substation 1 TX-003,F486,Haenertsburg,SS-HBG-01,Haenertsburg Substation 1,7.1,0.264,0.354,0.422,48.8,0,POLE-HBG-00046,-23.9504,29.96449,800,2019,1,2026-07-10,2024-11-14
T0047,Modjadjiskloof Substation 2 TX-001,F223,Modjadjiskloof,SS-MDK-02,Modjadjiskloof Substation 2,3.3,0.216,0.659,0.614,43.2,0,POLE-MDK-00047,-23.77658,30.13852,200,2023,2,2026-05-14,2026-01-17
T0048,Ga-Kgapane Substation 2 TX-002,F447,Ga-Kgapane,SS-GKG-02,Ga-Kgapane Substation 2,6.2,0.813,0.411,0.526,59.9,0,POLE-GKG-00048,-23.85553,30.36598,1000,2020,0,2025-12-30,2024-11-11
T0049,Nkowankowa Substation 2 TX-002,F339,Nkowankowa,SS-NKW-02,Nkowankowa Substation 2,19.2,0.403,0.526,0.539,52.8,0,POLE-NKW-00049,-23.94557,30.25088,315,2007,2,2025-12-27,2026-06-05
T0050,Modjadjiskloof Substation 3 TX-002,F390,Modjadjiskloof,SS-MDK-03,Modjadjiskloof Substation 3,8.3,0.336,0.782,0.632,47.3,0,POLE-MDK-00050,-23.71296,30.13033,1000,2018,0,2025-11-16,2025-06-08
T0051,Nkowankowa Substation 1 TX-004,F380,Nkowankowa,SS-NKW-01,Nkowankowa Substation 1,5.8,0.445,0.528,0.518,56.3,0,POLE-NKW-00051,-23.90488,30.23928,500,2020,1,2026-02-28,2025-11-14
T0052,Lenyenye Substation 2 TX-002,F098,Lenyenye,SS-LNY-02,Lenyenye Substation 2,5.1,0.766,0.43,0.466,47.1,0,POLE-LNY-00052,-23.93754,30.26041,2000,2021,1,2026-01-15,2026-06-05
T0053,Bolobedu Substation 3 TX-001,F182,Bolobedu,SS-BLB-03,Bolobedu Substation 3,4.1,0.358,0.289,0.415,50.5,1,POLE-BLB-00053,-23.98447,30.4592,1000,2022,0,2026-05-11,2024-11-24
T0054,Politsi Substation 3 TX-001,F234,Politsi,SS-PLT-03,Politsi Substation 3,18.3,0.519,0.394,0.439,54.6,1,POLE-PLT-00054,-23.82486,30.07134,2000,2008,0,2026-01-26,2025-10-22
T0055,Haenertsburg Substation 2 TX-002,F249,Haenertsburg,SS-HBG-02,Haenertsburg Substation 2,11.4,0.691,0.601,0.384,68.1,0,POLE-HBG-00055,-23.99252,29.9221,2000,2015,0,2026-03-20,2025-01-25
T0056,Tzaneen Substation 2 TX-003,F022,Tzaneen,SS-TZN-02,Tzaneen Substation 2,14.2,0.571,0.287,0.434,63.4,0,POLE-TZN-00056,-23.80553,30.18708,100,2012,3,2026-04-21,2025-11-11
T0057,Ga-Kgapane Substation 3 TX-003,F274,Ga-Kgapane,SS-GKG-03,Ga-Kgapane Substation 3,3.0,0.489,0.864,0.773,48.6,0,POLE-GKG-00057,-23.8663,30.3747,315,2023,2,2025-12-06,2026-01-30
T0058,Bolobedu Substation 2 TX-001,F078,Bolobedu,SS-BLB-02,Bolobedu Substation 2,11.4,0.808,0.931,0.79,52.2,0,POLE-BLB-00058,-23.95335,30.3632,315,2015,1,2026-07-09,2026-03-24
T0059,Nkowankowa Substation 3 TX-002,F372,Nkowankowa,SS-NKW-03,Nkowankowa Substation 3,1.1,0.225,0.446,0.585,42.4,0,POLE-NKW-00059,-23.91217,30.27052,800,2025,1,2026-03-30,2025-11-18
T0060,Modjadjiskloof Substation 1 TX-002,F342,Modjadjiskloof,SS-MDK-01,Modjadjiskloof Substation 1,24.1,0.357,0.684,0.629,58.8,0,POLE-MDK-00060,-23.73086,30.11621,800,2002,2,2025-12-20,2025-09-03
T0061,Bolobedu Substation 3 TX-002,F462,Bolobedu,SS-BLB-03,Bolobedu Substation 3,16.3,0.889,0.434,0.575,53.2,0,POLE-BLB-00061,-23.98789,30.44757,500,2010,0,2026-06-05,2025-12-05
T0062,Tzaneen Substation 3 TX-004,F373,Tzaneen,SS-TZN-03,Tzaneen Substation 3,10.2,0.714,0.655,0.69,56.2,0,POLE-TZN-00062,-23.82335,30.18739,50,2016,2,2026-05-29,2026-05-15
T0063,Nkowankowa Substation 2 TX-003,F184,Nkowankowa,SS-NKW-02,Nkowankowa Substation 2,0.9,0.437,0.701,0.715,46.3,0,POLE-NKW-00063,-23.94201,30.24224,500,2025,1,2026-02-25,2025-10-19
T0064,Bolobedu Substation 2 TX-002,F484,Bolobedu,SS-BLB-02,Bolobedu Substation 2,4.9,0.549,0.448,0.562,43.8,0,POLE-BLB-00064,-23.95616,30.36235,100,2021,3,2026-01-11,2025-08-30
T0065,Xihoko Substation 1 TX-005,F206,Xihoko,SS-XHK-01,Xihoko Substation 1,3.2,0.661,0.448,0.652,53.8,0,POLE-XHK-00065,-23.78216,30.37469,2000,2023,2,2026-04-17,2026-05-15
T0066,Ga-Kgapane Substation 2 TX-003,F163,Ga-Kgapane,SS-GKG-02,Ga-Kgapane Substation 2,9.8,0.839,0.751,0.788,56.7,0,POLE-GKG-00066,-23.8351,30.35545,1600,2016,1,2026-04-16,2026-04-04
T0067,Lenyenye Substation 2 TX-003,F453,Lenyenye,SS-LNY-02,Lenyenye Substation 2,14.6,0.584,0.971,0.717,61.6,0,POLE-LNY-00067,-23.92986,30.24439,100,2011,0,2026-05-26,2026-05-25
T0068,Ga-Kgapane Substation 2 TX-004,F186,Ga-Kgapane,SS-GKG-02,Ga-Kgapane Substation 2,14.0,0.462,0.574,0.637,51.1,0,POLE-GKG-00068,-23.84884,30.34968,315,2012,2,2026-01-19,2025-11-26
T0069,Modjadjiskloof Substation 2 TX-002,F039,Modjadjiskloof,SS-MDK-02,Modjadjiskloof Substation 2,29.8,0.309,0.405,0.571,61.3,0,POLE-MDK-00069,-23.7686,30.13405,800,1996,2,2025-12-12,2025-06-25
T0070,Ga-Kgapane Substation 1 TX-002,F235,Ga-Kgapane,SS-GKG-01,Ga-Kgapane Substation 1,10.8,0.818,0.913,0.683,59.9,0,POLE-GKG-00070,-23.8351,30.30415,500,2015,0,2026-02-03,2025-09-06
T0071,Politsi Substation 3 TX-002,F398,Politsi,SS-PLT-03,Politsi Substation 3,25.1,0.64,0.757,0.539,51.4,1,POLE-PLT-00071,-23.84446,30.08348,100,2001,2,2025-12-25,2026-05-31
T0072,Lenyenye Substation 2 TX-004,F095,Lenyenye,SS-LNY-02,Lenyenye Substation 2,8.8,0.865,0.562,0.558,58.5,0,POLE-LNY-00072,-23.93753,30.26203,1000,2017,0,2026-03-19,2025-11-17
T0073,Modjadjiskloof Substation 2 TX-003,F232,Modjadjiskloof,SS-MDK-02,Modjadjiskloof Substation 2,15.9,0.303,0.313,0.423,55.0,0,POLE-MDK-00073,-23.76686,30.13094,2000,2010,2,2026-06-10,2026-04-05
T0074,Haenertsburg Substation 1 TX-004,F065,Haenertsburg,SS-HBG-01,Haenertsburg Substation 1,9.5,0.558,0.545,0.549,42.3,0,POLE-HBG-00074,-23.94762,29.95339,1600,2016,1,2026-06-02,2026-05-16
T0075,Politsi Substation 2 TX-005,F344,Politsi,SS-PLT-02,Politsi Substation 2,13.7,0.739,0.703,0.718,60.9,0,POLE-PLT-00075,-23.82567,30.01765,315,2012,1,2026-06-04,2025-12-26
T0076,Modjadjiskloof Substation 1 TX-003,F238,Modjadjiskloof,SS-MDK-01,Modjadjiskloof Substation 1,10.9,0.799,0.776,0.692,58.1,0,POLE-MDK-00076,-23.72893,30.12358,1600,2015,1,2026-05-15,2026-03-04
T0077,Ga-Kgapane Substation 3 TX-004,F166,Ga-Kgapane,SS-GKG-03,Ga-Kgapane Substation 3,6.5,0.716,0.574,0.715,53.2,0,POLE-GKG-00077,-23.87226,30.37698,1600,2019,2,2026-04-07,2024-10-17
T0078,Xihoko Substation 2 TX-004,F114,Xihoko,SS-XHK-02,Xihoko Substation 2,14.1,0.543,0.63,0.462,61.7,0,POLE-XHK-00078,-23.78887,30.31735,2000,2012,3,2026-06-16,2024-02-14
T0079,Haenertsburg Substation 2 TX-003,F283,Haenertsburg,SS-HBG-02,Haenertsburg Substation 2,16.6,0.892,0.732,0.683,61.3,0,POLE-HBG-00079,-23.97465,29.92856,1600,2009,1,2026-07-18,2025-08-09
T0080,Haenertsburg Substation 2 TX-004,F335,Haenertsburg,SS-HBG-02,Haenertsburg Substation 2,18.7,0.62,0.258,0.476,62.5,1,POLE-HBG-00080,-23.97992,29.92956,200,2007,1,2026-01-14,2026-02-06
T0081,Ga-Kgapane Substation 1 TX-003,F471,Ga-Kgapane,SS-GKG-01,Ga-Kgapane Substation 1,12.9,0.776,0.831,0.873,59.4,0,POLE-GKG-00081,-23.83371,30.30125,500,2013,0,2026-05-15,2026-07-03
T0082,Xihoko Substation 3 TX-004,F219,Xihoko,SS-XHK-03,Xihoko Substation 3,0.9,0.828,0.474,0.517,55.7,0,POLE-XHK-00082,-23.72278,30.37797,800,2025,2,2025-07-17,2026-02-19
T0083,Lenyenye Substation 1 TX-003,F081,Lenyenye,SS-LNY-01,Lenyenye Substation 1,14.6,0.603,0.372,0.455,50.6,1,POLE-LNY-00083,-23.96764,30.27474,1600,2011,0,2026-05-16,2025-03-24
T0084,Haenertsburg Substation 2 TX-005,F417,Haenertsburg,SS-HBG-02,Haenertsburg Substation 2,3.9,0.764,0.577,0.552,55.5,0,POLE-HBG-00084,-23.97744,29.92213,100,2022,3,2025-09-27,2026-01-27
T0085,Politsi Substation 3 TX-003,F315,Politsi,SS-PLT-03,Politsi Substation 3,12.4,0.596,0.592,0.709,54.1,0,POLE-PLT-00085,-23.83093,30.07857,50,2014,0,2026-06-11,2026-06-10
T0086,Politsi Substation 2 TX-006,F351,Politsi,SS-PLT-02,Politsi Substation 2,13.7,0.742,0.746,0.698,62.5,0,POLE-PLT-00086,-23.83229,30.02595,2000,2012,4,2026-05-09,2024-12-19
T0087,Haenertsburg Substation 2 TX-006,F049,Haenertsburg,SS-HBG-02,Haenertsburg Substation 2,2.1,0.213,0.629,0.556,40.2,0,POLE-HBG-00087,-23.97852,29.91602,1000,2024,0,2026-04-20,2026-04-03
T0088,Bolobedu Substation 1 TX-002,F157,Bolobedu,SS-BLB-01,Bolobedu Substation 1,11.3,0.943,0.586,0.597,57.9,1,POLE-BLB-00088,-23.96468,30.35356,200,2015,0,2026-07-05,2026-03-26
T0089,Tzaneen Substation 3 TX-005,F384,Tzaneen,SS-TZN-03,Tzaneen Substation 3,3.0,0.288,0.828,0.867,33.6,0,POLE-TZN-00089,-23.82067,30.18492,2000,2023,0,2026-04-28,2025-06-17
T0090,Haenertsburg Substation 2 TX-007,F417,Haenertsburg,SS-HBG-02,Haenertsburg Substation 2,0.8,0.52,0.844,0.807,50.6,0,POLE-HBG-00090,-23.98599,29.93919,315,2025,1,2026-06-19,2025-12-16
T0091,Bolobedu Substation 1 TX-003,F218,Bolobedu,SS-BLB-01,Bolobedu Substation 1,2.9,0.935,0.476,0.473,61.2,0,POLE-BLB-00091,-23.96175,30.35561,800,2023,1,2025-11-25,2025-08-30
T0092,Ga-Kgapane Substation 1 TX-004,F403,Ga-Kgapane,SS-GKG-01,Ga-Kgapane Substation 1,10.3,0.409,0.342,0.47,59.6,0,POLE-GKG-00092,-23.83948,30.30722,2000,2016,1,2025-12-28,2025-08-23
T0093,Haenertsburg Substation 1 TX-005,F421,Haenertsburg,SS-HBG-01,Haenertsburg Substation 1,9.8,0.854,0.783,0.644,66.8,0,POLE-HBG-00093,-23.94484,29.96585,1600,2016,1,2026-04-12,2026-04-25
T0094,Tzaneen Substation 1 TX-004,F194,Tzaneen,SS-TZN-01,Tzaneen Substation 1,7.5,0.493,0.379,0.513,48.4,0,POLE-TZN-00094,-23.82541,30.16321,800,2018,1,2026-05-10,2025-06-20
T0095,Modjadjiskloof Substation 2 TX-004,F450,Modjadjiskloof,SS-MDK-02,Modjadjiskloof Substation 2,16.2,0.412,0.301,0.542,50.9,0,POLE-MDK-00095,-23.77133,30.13019,500,2010,1,2026-06-13,2025-03-07
T0096,Lenyenye Substation 2 TX-005,F145,Lenyenye,SS-LNY-02,Lenyenye Substation 2,9.4,0.621,0.598,0.641,53.1,0,POLE-LNY-00096,-23.93501,30.2704,200,2017,0,2025-10-14,2025-11-23
T0097,Tzaneen Substation 2 TX-004,F120,Tzaneen,SS-TZN-02,Tzaneen Substation 2,14.7,0.579,0.885,0.745,57.2,0,POLE-TZN-00097,-23.81053,30.1956,100,2011,1,2026-01-16,2026-02-01
T0098,Modjadjiskloof Substation 1 TX-004,F342,Modjadjiskloof,SS-MDK-01,Modjadjiskloof Substation 1,18.6,0.537,0.624,0.726,48.9,0,POLE-MDK-00098,-23.72648,30.11645,50,2007,1,2026-05-28,2025-03-03
T0099,Bolobedu Substation 1 TX-004,F319,Bolobedu,SS-BLB-01,Bolobedu Substation 1,35.0,0.525,0.51,0.595,70.1,0,POLE-BLB-00099,-23.96729,30.36221,50,1991,1,2026-01-03,2025-05-09
T0100,Politsi Substation 2 TX-007,F070,Politsi,SS-PLT-02,Politsi Substation 2,10.4,0.729,0.924,0.799,55.9,0,POLE-PLT-00100,-23.83967,30.02708,500,2016,3,2026-06-29,2026-04-27
T0101,Haenertsburg Substation 2 TX-008,F417,Haenertsburg,SS-HBG-02,Haenertsburg Substation 2,24.1,0.579,0.802,0.759,53.9,0,POLE-HBG-00101,-23.97569,29.92737,315,2002,3,2026-06-16,2025-08-20
T0102,Haenertsburg Substation 3 TX-002,F100,Haenertsburg,SS-HBG-03,Haenertsburg Substation 3,13.1,0.397,0.607,0.395,50.1,0,POLE-HBG-00102,-24.00656,29.94073,800,2013,3,2026-04-22,2025-11-10
T0103,Ga-Kgapane Substation 1 TX-005,F403,Ga-Kgapane,SS-GKG-01,Ga-Kgapane Substation 1,13.7,0.763,0.462,0.621,62.0,0,POLE-GKG-00103,-23.83655,30.28933,500,2012,1,2026-02-22,2025-10-12
T0104,Nkowankowa Substation 3 TX-003,F004,Nkowankowa,SS-NKW-03,Nkowankowa Substation 3,10.5,0.881,0.302,0.354,75.7,1,POLE-NKW-00104,-23.92882,30.26331,1000,2016,2,2026-06-16,2023-12-28
T0105,Bolobedu Substation 3 TX-003,F399,Bolobedu,SS-BLB-03,Bolobedu Substation 3,12.3,0.837,0.634,0.722,57.4,0,POLE-BLB-00105,-23.98947,30.44581,100,2014,0,2026-07-16,2026-06-12
T0106,Politsi Substation 2 TX-008,F394,Politsi,SS-PLT-02,Politsi Substation 2,9.4,0.443,0.397,0.596,52.3,0,POLE-PLT-00106,-23.83189,30.0322,100,2017,1,2026-05-27,2026-07-03
T0107,Politsi Substation 1 TX-003,F391,Politsi,SS-PLT-01,Politsi Substation 1,21.4,0.686,0.582,0.615,59.9,1,POLE-PLT-00107,-23.78974,30.06304,100,2005,1,2026-04-28,2026-03-09
T0108,Haenertsburg Substation 3 TX-003,F333,Haenertsburg,SS-HBG-03,Haenertsburg Substation 3,6.2,0.527,0.712,0.677,50.3,1,POLE-HBG-00108,-24.01497,29.92513,1000,2020,1,2026-07-02,2026-01-15
T0109,Bolobedu Substation 2 TX-003,F236,Bolobedu,SS-BLB-02,Bolobedu Substation 2,2.9,0.229,0.627,0.562,39.5,0,POLE-BLB-00109,-23.94105,30.37651,2000,2023,1,2026-05-23,2026-03-21
T0110,Modjadjiskloof Substation 3 TX-003,F353,Modjadjiskloof,SS-MDK-03,Modjadjiskloof Substation 3,7.3,0.338,0.695,0.628,45.2,0,POLE-MDK-00110,-23.70442,30.1258,315,2019,0,2026-05-26,2025-07-28
T0111,Tzaneen Substation 1 TX-005,F139,Tzaneen,SS-TZN-01,Tzaneen Substation 1,6.7,0.363,0.449,0.46,62.0,0,POLE-TZN-00111,-23.81958,30.16422,100,2019,0,2025-05-19,2025-07-08
T0112,Politsi Substation 1 TX-004,F391,Politsi,SS-PLT-01,Politsi Substation 1,7.3,0.586,0.298,0.404,56.5,0,POLE-PLT-00112,-23.78839,30.06654,2000,2019,2,2026-01-26,2025-10-03
T0113,Modjadjiskloof Substation 1 TX-005,F278,Modjadjiskloof,SS-MDK-01,Modjadjiskloof Substation 1,10.1,0.843,0.515,0.55,52.9,0,POLE-MDK-00113,-23.72259,30.11463,200,2016,0,2026-03-26,2025-09-04
T0114,Lenyenye Substation 2 TX-006,F230,Lenyenye,SS-LNY-02,Lenyenye Substation 2,7.4,0.375,0.305,0.429,54.2,0,POLE-LNY-00114,-23.94168,30.26221,800,2019,1,2026-04-17,2025-08-10
T0115,Ga-Kgapane Substation 2 TX-005,F253,Ga-Kgapane,SS-GKG-02,Ga-Kgapane Substation 2,10.0,0.726,0.302,0.338,67.5,0,POLE-GKG-00115,-23.84522,30.35307,1600,2016,3,2025-08-29,2024-06-03
T0116,Modjadjiskloof Substation 2 TX-005,F285,Modjadjiskloof,SS-MDK-02,Modjadjiskloof Substation 2,7.4,0.213,0.483,0.444,50.5,0,POLE-MDK-00116,-23.776,30.12092,2000,2019,1,2026-06-20,2026-03-29
T0117,Bolobedu Substation 2 TX-004,F019,Bolobedu,SS-BLB-02,Bolobedu Substation 2,14.9,0.817,0.254,0.29,66.8,1,POLE-BLB-00117,-23.95421,30.36033,200,2011,2,2025-12-27,2025-07-17
T0118,Politsi Substation 2 TX-009,F070,Politsi,SS-PLT-02,Politsi Substation 2,35.0,0.513,0.158,0.419,66.2,1,POLE-PLT-00118,-23.83125,30.02454,50,1991,2,2025-07-08,2024-10-19
T0119,Modjadjiskloof Substation 3 TX-004,F123,Modjadjiskloof,SS-MDK-03,Modjadjiskloof Substation 3,13.0,0.422,0.857,0.813,44.0,0,POLE-MDK-00119,-23.70461,30.12744,315,2013,0,2026-03-18,2026-02-21
T0120,Lenyenye Substation 1 TX-004,F058,Lenyenye,SS-LNY-01,Lenyenye Substation 1,7.6,0.52,0.394,0.444,53.1,0,POLE-LNY-00120,-23.95551,30.27308,2000,2018,1,2026-05-21,2025-10-18
T0121,Xihoko Substation 1 TX-006,F220,Xihoko,SS-XHK-01,Xihoko Substation 1,0.9,0.641,0.619,0.687,46.5,0,POLE-XHK-00121,-23.78058,30.36562,500,2025,1,2026-06-29,2025-06-27
T0122,Haenertsburg Substation 2 TX-009,F335,Haenertsburg,SS-HBG-02,Haenertsburg Substation 2,35.0,0.594,0.731,0.772,63.4,0,POLE-HBG-00122,-23.9944,29.94766,1600,1991,2,2026-02-17,2026-07-02
T0123,Bolobedu Substation 1 TX-005,F328,Bolobedu,SS-BLB-01,Bolobedu Substation 1,13.5,0.368,0.83,0.771,54.4,0,POLE-BLB-00123,-23.97189,30.34711,1600,2013,3,2026-03-28,2025-06-22
T0124,Bolobedu Substation 2 TX-005,F236,Bolobedu,SS-BLB-02,Bolobedu Substation 2,9.9,0.605,0.313,0.475,61.3,1,POLE-BLB-00124,-23.95102,30.37355,500,2016,4,2025-10-29,2025-08-02
T0125,Haenertsburg Substation 2 TX-010,F428,Haenertsburg,SS-HBG-02,Haenertsburg Substation 2,1.0,0.383,0.731,0.801,46.9,0,POLE-HBG-00125,-23.97591,29.92892,1600,2025,1,2026-03-03,2025-09-11
T0126,Haenertsburg Substation 2 TX-011,F283,Haenertsburg,SS-HBG-02,Haenertsburg Substation 2,10.3,0.232,0.894,0.839,38.2,0,POLE-HBG-00126,-23.98829,29.93937,2000,2016,0,2026-02-22,2025-10-11
T0127,Xihoko Substation 2 TX-005,F040,Xihoko,SS-XHK-02,Xihoko Substation 2,12.3,0.565,0.838,0.681,48.9,0,POLE-XHK-00127,-23.79509,30.30068,1000,2014,1,2026-05-31,2026-06-02
T0128,Nkowankowa Substation 2 TX-004,F383,Nkowankowa,SS-NKW-02,Nkowankowa Substation 2,7.4,0.591,0.366,0.37,57.2,0,POLE-NKW-00128,-23.93817,30.249,1000,2019,5,2026-03-21,2026-05-03
T0129,Bolobedu Substation 3 TX-004,F288,Bolobedu,SS-BLB-03,Bolobedu Substation 3,3.4,0.296,0.824,0.833,41.6,0,POLE-BLB-00129,-23.98796,30.45503,500,2023,1,2026-07-01,2026-07-15
T0130,Tzaneen Substation 3 TX-006,F318,Tzaneen,SS-TZN-03,Tzaneen Substation 3,3.2,0.553,0.835,0.834,45.4,0,POLE-TZN-00130,-23.83571,30.19004,2000,2023,0,2026-07-07,2026-06-12
T0131,Haenertsburg Substation 2 TX-012,F283,Haenertsburg,SS-HBG-02,Haenertsburg Substation 2,35.0,0.215,0.731,0.51,64.3,1,POLE-HBG-00131,-23.98866,29.93652,315,1991,0,2026-04-06,2026-04-13
T0132,Xihoko Substation 2 TX-006,F277,Xihoko,SS-XHK-02,Xihoko Substation 2,12.0,0.829,0.453,0.528,69.9,0,POLE-XHK-00132,-23.79103,30.3007,1000,2014,3,2026-05-18,2025-10-29
T0133,Bolobedu Substation 1 TX-006,F046,Bolobedu,SS-BLB-01,Bolobedu Substation 1,7.4,0.339,0.566,0.656,45.0,0,POLE-BLB-00133,-23.9666,30.33778,2000,2019,1,2025-10-19,2025-02-06
T0134,Ga-Kgapane Substation 2 TX-006,F280,Ga-Kgapane,SS-GKG-02,Ga-Kgapane Substation 2,11.5,0.506,0.793,0.669,56.0,0,POLE-GKG-00134,-23.83585,30.36643,2000,2014,2,2026-03-23,2026-02-02
T0135,Politsi Substation 3 TX-004,F398,Politsi,SS-PLT-03,Politsi Substation 3,10.9,0.522,0.809,0.82,51.9,0,POLE-PLT-00135,-23.82815,30.07384,1600,2015,2,2026-05-02,2026-01-26
T0136,Bolobedu Substation 2 TX-006,F152,Bolobedu,SS-BLB-02,Bolobedu Substation 2,3.1,0.871,0.715,0.7,54.9,0,POLE-BLB-00136,-23.94824,30.3684,100,2023,0,2026-07-09,2026-01-11
T0137,Haenertsburg Substation 1 TX-006,F302,Haenertsburg,SS-HBG-01,Haenertsburg Substation 1,20.5,0.176,0.339,0.556,56.0,0,POLE-HBG-00137,-23.94168,29.96688,2000,2006,3,2026-06-04,2025-08-02
T0138,Nkowankowa Substation 1 TX-005,F016,Nkowankowa,SS-NKW-01,Nkowankowa Substation 1,9.7,0.924,0.778,0.787,54.2,0,POLE-NKW-00138,-23.90588,30.23698,100,2016,0,2026-06-14,2026-04-04
T0139,Lenyenye Substation 3 TX-003,F174,Lenyenye,SS-LNY-03,Lenyenye Substation 3,12.1,0.782,0.318,0.446,57.6,0,POLE-LNY-00139,-23.94937,30.29776,200,2014,1,2026-04-24,2025-11-05
T0140,Xihoko Substation 3 TX-005,F219,Xihoko,SS-XHK-03,Xihoko Substation 3,28.2,0.567,0.153,0.452,69.4,1,POLE-XHK-00140,-23.72309,30.36384,500,1998,1,2025-10-18,2025-02-22
T0141,Ga-Kgapane Substation 3 TX-005,F492,Ga-Kgapane,SS-GKG-03,Ga-Kgapane Substation 3,3.5,0.62,0.445,0.323,47.8,0,POLE-GKG-00141,-23.86921,30.37814,100,2022,1,2026-06-26,2024-07-14
T0142,Politsi Substation 1 TX-005,F108,Politsi,SS-PLT-01,Politsi Substation 1,6.0,0.535,0.31,0.518,54.6,0,POLE-PLT-00142,-23.80145,30.06117,1000,2020,0,2025-04-01,2024-12-07
T0143,Tzaneen Substation 1 TX-006,F139,Tzaneen,SS-TZN-01,Tzaneen Substation 1,14.0,0.302,0.657,0.671,43.3,0,POLE-TZN-00143,-23.82863,30.16421,2000,2012,0,2026-02-13,2025-04-17
T0144,Haenertsburg Substation 3 TX-004,F205,Haenertsburg,SS-HBG-03,Haenertsburg Substation 3,20.2,0.65,0.65,0.729,66.9,0,POLE-HBG-00144,-23.99371,29.92042,200,2006,1,2026-06-23,2025-04-22
T0145,Politsi Substation 1 TX-006,F497,Politsi,SS-PLT-01,Politsi Substation 1,6.9,0.641,0.719,0.697,49.7,0,POLE-PLT-00145,-23.8014,30.06102,200,2019,0,2025-12-12,2025-12-16
T0146,Lenyenye Substation 2 TX-007,F427,Lenyenye,SS-LNY-02,Lenyenye Substation 2,7.2,0.742,0.238,0.437,66.0,0,POLE-LNY-00146,-23.93321,30.26631,315,2019,2,2025-12-26,2026-02-17
T0147,Xihoko Substation 3 TX-006,F018,Xihoko,SS-XHK-03,Xihoko Substation 3,17.2,0.874,0.441,0.448,66.4,0,POLE-XHK-00147,-23.72058,30.38052,50,2009,4,2026-05-19,2025-08-03
T0148,Politsi Substation 1 TX-007,F117,Politsi,SS-PLT-01,Politsi Substation 1,35.0,0.332,0.396,0.474,64.5,0,POLE-PLT-00148,-23.8028,30.06541,100,1991,4,2025-12-26,2025-07-10
T0149,Lenyenye Substation 2 TX-008,F411,Lenyenye,SS-LNY-02,Lenyenye Substation 2,11.8,0.715,0.505,0.521,63.8,0,POLE-LNY-00149,-23.93214,30.26059,2000,2014,0,2026-06-14,2025-12-29
T0150,Modjadjiskloof Substation 1 TX-006,F030,Modjadjiskloof,SS-MDK-01,Modjadjiskloof Substation 1,6.0,0.684,0.29,0.261,61.4,1,POLE-MDK-00150,-23.72334,30.12517,2000,2020,1,2026-03-11,2026-01-14
T0151,Haenertsburg Substation 2 TX-013,F428,Haenertsburg,SS-HBG-02,Haenertsburg Substation 2,4.6,0.254,0.377,0.58,43.6,0,POLE-HBG-00151,-23.98244,29.93915,500,2021,1,2026-01-28,2025-01-22
T0152,Xihoko Substation 2 TX-007,F141,Xihoko,SS-XHK-02,Xihoko Substation 2,10.1,0.339,0.857,0.864,41.9,0,POLE-XHK-00152,-23.78917,30.3081,1000,2016,0,2026-06-28,2026-02-02
T0153,Politsi Substation 2 TX-010,F459,Politsi,SS-PLT-02,Politsi Substation 2,19.6,0.17,0.556,0.609,48.6,0,POLE-PLT-00153,-23.83636,30.03,50,2006,2,2026-03-30,2026-01-24
T0154,Politsi Substation 1 TX-008,F147,Politsi,SS-PLT-01,Politsi Substation 1,35.0,0.302,0.633,0.475,76.9,1,POLE-PLT-00154,-23.79464,30.06062,50,1991,1,2026-03-19,2025-12-13
T0155,Bolobedu Substation 1 TX-007,F218,Bolobedu,SS-BLB-01,Bolobedu Substation 1,8.8,0.474,0.605,0.575,43.0,0,POLE-BLB-00155,-23.96284,30.35321,1600,2017,3,2026-05-17,2025-10-13
T0156,Bolobedu Substation 2 TX-007,F331,Bolobedu,SS-BLB-02,Bolobedu Substation 2,11.8,0.258,0.743,0.686,40.4,0,POLE-BLB-00156,-23.95102,30.37171,50,2014,1,2026-06-11,2026-03-22
T0157,Haenertsburg Substation 2 TX-014,F064,Haenertsburg,SS-HBG-02,Haenertsburg Substation 2,31.8,0.812,0.903,0.633,77.4,0,POLE-HBG-00157,-23.98768,29.91736,1000,1994,0,2026-05-15,2025-09-08
T0158,Ga-Kgapane Substation 1 TX-006,F279,Ga-Kgapane,SS-GKG-01,Ga-Kgapane Substation 1,13.8,0.176,0.277,0.39,56.6,0,POLE-GKG-00158,-23.83377,30.30092,2000,2012,1,2026-04-10,2026-07-17
T0159,Ga-Kgapane Substation 2 TX-007,F253,Ga-Kgapane,SS-GKG-02,Ga-Kgapane Substation 2,13.0,0.457,0.635,0.626,48.0,0,POLE-GKG-00159,-23.8444,30.36384,1600,2013,1,2025-10-23,2026-05-13
T0160,Ga-Kgapane Substation 1 TX-007,F392,Ga-Kgapane,SS-GKG-01,Ga-Kgapane Substation 1,28.0,0.29,0.802,0.853,45.0,0,POLE-GKG-00160,-23.83404,30.29692,315,1998,3,2026-04-01,2026-03-16
T0161,Bolobedu Substation 2 TX-008,F499,Bolobedu,SS-BLB-02,Bolobedu Substation 2,12.0,0.439,0.49,0.62,58.1,0,POLE-BLB-00161,-23.94977,30.35936,500,2014,0,2026-04-26,2025-08-17
T0162,Haenertsburg Substation 3 TX-005,F333,Haenertsburg,SS-HBG-03,Haenertsburg Substation 3,4.9,0.561,0.783,0.519,46.7,0,POLE-HBG-00162,-23.99972,29.92525,800,2021,0,2026-05-09,2026-01-12
T0163,Haenertsburg Substation 3 TX-006,F205,Haenertsburg,SS-HBG-03,Haenertsburg Substation 3,24.4,0.572,0.891,0.93,54.0,0,POLE-HBG-00163,-24.00515,29.92503,315,2002,1,2026-06-18,2025-09-14
T0164,Haenertsburg Substation 3 TX-007,F204,Haenertsburg,SS-HBG-03,Haenertsburg Substation 3,2.6,0.68,0.776,0.767,49.2,0,POLE-HBG-00164,-23.99783,29.93585,2000,2023,0,2026-01-31,2025-04-05
T0165,Tzaneen Substation 2 TX-005,F209,Tzaneen,SS-TZN-02,Tzaneen Substation 2,21.8,0.857,0.825,0.695,60.0,0,POLE-TZN-00165,-23.81206,30.21007,50,2004,2,2026-03-28,2026-01-09
T0166,Nkowankowa Substation 1 TX-006,F408,Nkowankowa,SS-NKW-01,Nkowankowa Substation 1,11.1,0.193,0.541,0.612,50.5,0,POLE-NKW-00166,-23.90843,30.24371,2000,2015,2,2025-09-12,2026-04-08
T0167,Tzaneen Substation 2 TX-006,F161,Tzaneen,SS-TZN-02,Tzaneen Substation 2,8.9,0.677,0.505,0.484,57.6,0,POLE-TZN-00167,-23.79591,30.18915,1600,2017,2,2026-03-24,2025-11-16
T0168,Ga-Kgapane Substation 1 TX-008,F084,Ga-Kgapane,SS-GKG-01,Ga-Kgapane Substation 1,8.7,0.817,0.258,0.221,60.8,1,POLE-GKG-00168,-23.83396,30.2935,50,2017,2,2026-04-02,2024-10-25
T0169,Modjadjiskloof Substation 1 TX-007,F168,Modjadjiskloof,SS-MDK-01,Modjadjiskloof Substation 1,10.0,0.396,0.522,0.448,48.7,0,POLE-MDK-00169,-23.70913,30.12758,800,2016,1,2026-03-23,2026-03-29
T0170,Modjadjiskloof Substation 1 TX-008,F012,Modjadjiskloof,SS-MDK-01,Modjadjiskloof Substation 1,7.9,0.415,0.462,0.434,58.6,0,POLE-MDK-00170,-23.71664,30.12573,800,2018,0,2025-08-28,2025-05-12
T0171,Nkowankowa Substation 1 TX-007,F054,Nkowankowa,SS-NKW-01,Nkowankowa Substation 1,15.2,0.456,0.596,0.631,52.4,0,POLE-NKW-00171,-23.90536,30.24981,2000,2011,0,2026-05-18,2025-12-31
T0172,Bolobedu Substation 1 TX-008,F046,Bolobedu,SS-BLB-01,Bolobedu Substation 1,8.2,0.52,0.652,0.491,56.6,0,POLE-BLB-00172,-23.95147,30.35037,2000,2018,1,2026-05-28,2025-05-13
T0173,Haenertsburg Substation 1 TX-007,F386,Haenertsburg,SS-HBG-01,Haenertsburg Substation 1,11.2,0.305,0.418,0.539,49.7,1,POLE-HBG-00173,-23.95759,29.96848,500,2015,2,2026-04-26,2025-08-09
T0174,Tzaneen Substation 2 TX-007,F362,Tzaneen,SS-TZN-02,Tzaneen Substation 2,1.6,0.559,0.925,0.871,34.8,0,POLE-TZN-00174,-23.80183,30.19532,100,2024,0,2026-06-21,2026-04-09
T0175,Politsi Substation 2 TX-011,F349,Politsi,SS-PLT-02,Politsi Substation 2,11.1,0.473,0.44,0.537,57.2,1,POLE-PLT-00175,-23.85003,30.02265,1600,2015,0,2026-03-05,2025-12-07
T0176,Modjadjiskloof Substation 2 TX-006,F231,Modjadjiskloof,SS-MDK-02,Modjadjiskloof Substation 2,7.8,0.768,0.909,0.753,59.4,0,POLE-MDK-00176,-23.76877,30.11637,800,2018,0,2026-06-09,2025-10-10
T0177,Xihoko Substation 3 TX-007,F359,Xihoko,SS-XHK-03,Xihoko Substation 3,20.7,0.53,0.711,0.613,68.3,0,POLE-XHK-00177,-23.72539,30.36925,500,2005,1,2025-12-19,2025-05-10
T0178,Lenyenye Substation 1 TX-005,F081,Lenyenye,SS-LNY-01,Lenyenye Substation 1,9.2,0.881,0.652,0.589,50.8,0,POLE-LNY-00178,-23.96272,30.26645,1000,2017,0,2026-06-24,2025-12-20
T0179,Haenertsburg Substation 2 TX-015,F451,Haenertsburg,SS-HBG-02,Haenertsburg Substation 2,18.8,0.377,0.767,0.776,35.8,0,POLE-HBG-00179,-23.98556,29.92566,50,2007,0,2026-03-16,2025-07-13
T0180,Tzaneen Substation 2 TX-008,F251,Tzaneen,SS-TZN-02,Tzaneen Substation 2,17.4,0.854,0.379,0.512,69.2,1,POLE-TZN-00180,-23.80308,30.19695,50,2009,3,2025-10-23,2024-02-25
T0181,Haenertsburg Substation 2 TX-016,F470,Haenertsburg,SS-HBG-02,Haenertsburg Substation 2,17.7,0.253,0.443,0.573,48.9,0,POLE-HBG-00181,-23.98087,29.92793,500,2008,2,2026-06-17,2025-03-18
T0182,Nkowankowa Substation 2 TX-005,F077,Nkowankowa,SS-NKW-02,Nkowankowa Substation 2,9.4,0.466,0.72,0.824,40.0,0,POLE-NKW-00182,-23.93415,30.24472,315,2017,1,2026-03-24,2026-01-21
T0183,Haenertsburg Substation 2 TX-017,F249,Haenertsburg,SS-HBG-02,Haenertsburg Substation 2,11.7,0.598,0.372,0.43,59.0,0,POLE-HBG-00183,-23.98371,29.92659,100,2014,2,2025-11-26,2025-10-23
T0184,Politsi Substation 2 TX-012,F349,Politsi,SS-PLT-02,Politsi Substation 2,15.0,0.359,0.634,0.544,50.8,0,POLE-PLT-00184,-23.84187,30.01841,100,2011,2,2026-07-08,2026-05-19
T0185,Politsi Substation 2 TX-013,F248,Politsi,SS-PLT-02,Politsi Substation 2,11.9,0.62,0.479,0.598,49.7,0,POLE-PLT-00185,-23.83762,30.0235,500,2014,1,2026-06-03,2025-12-30
T0186,Ga-Kgapane Substation 1 TX-009,F224,Ga-Kgapane,SS-GKG-01,Ga-Kgapane Substation 1,9.2,0.408,0.629,0.594,49.4,0,POLE-GKG-00186,-23.82909,30.29749,50,2017,1,2025-12-30,2025-07-08
T0187,Ga-Kgapane Substation 1 TX-010,F084,Ga-Kgapane,SS-GKG-01,Ga-Kgapane Substation 1,5.3,0.281,0.265,0.32,52.4,0,POLE-GKG-00187,-23.83266,30.29929,1000,2021,1,2025-10-10,2024-12-29
T0188,Tzaneen Substation 3 TX-007,F191,Tzaneen,SS-TZN-03,Tzaneen Substation 3,11.3,0.538,0.472,0.502,56.4,1,POLE-TZN-00188,-23.82504,30.19332,50,2015,2,2026-04-11,2026-04-10
T0189,Tzaneen Substation 2 TX-009,F120,Tzaneen,SS-TZN-02,Tzaneen Substation 2,2.9,0.238,0.826,0.772,40.0,0,POLE-TZN-00189,-23.80994,30.20346,1000,2023,2,2026-04-28,2025-10-30
T0190,Tzaneen Substation 2 TX-010,F151,Tzaneen,SS-TZN-02,Tzaneen Substation 2,1.4,0.521,0.725,0.74,47.2,0,POLE-TZN-00190,-23.81455,30.20033,315,2025,1,2026-03-14,2025-05-08
T0191,Modjadjiskloof Substation 1 TX-009,F342,Modjadjiskloof,SS-MDK-01,Modjadjiskloof Substation 1,4.3,0.424,0.731,0.532,39.9,0,POLE-MDK-00191,-23.71179,30.11201,100,2022,0,2026-02-10,2026-04-17
T0192,Tzaneen Substation 3 TX-008,F316,Tzaneen,SS-TZN-03,Tzaneen Substation 3,17.5,0.859,0.496,0.568,65.0,1,POLE-TZN-00192,-23.84025,30.19639,800,2008,0,2026-03-28,2025-09-24
T0193,Bolobedu Substation 1 TX-009,F304,Bolobedu,SS-BLB-01,Bolobedu Substation 1,13.2,0.536,0.944,0.901,50.7,0,POLE-BLB-00193,-23.96263,30.36004,800,2013,0,2026-03-24,2026-04-10
T0194,Ga-Kgapane Substation 1 TX-011,F181,Ga-Kgapane,SS-GKG-01,Ga-Kgapane Substation 1,17.7,0.786,0.509,0.495,63.1,1,POLE-GKG-00194,-23.84291,30.30531,2000,2008,0,2026-07-15,2026-05-01
T0195,Xihoko Substation 1 TX-007,F480,Xihoko,SS-XHK-01,Xihoko Substation 1,6.4,0.299,0.694,0.671,40.2,0,POLE-XHK-00195,-23.78041,30.36651,315,2020,0,2026-05-12,2026-01-04
T0196,Bolobedu Substation 3 TX-005,F044,Bolobedu,SS-BLB-03,Bolobedu Substation 3,22.1,0.856,0.783,0.726,61.3,1,POLE-BLB-00196,-23.99783,30.45804,2000,2004,1,2026-03-25,2026-06-08
T0197,Xihoko Substation 2 TX-008,F172,Xihoko,SS-XHK-02,Xihoko Substation 2,3.2,0.597,0.623,0.551,49.7,0,POLE-XHK-00197,-23.79057,30.29597,500,2023,0,2026-03-23,2026-02-17
T0198,Lenyenye Substation 2 TX-009,F060,Lenyenye,SS-LNY-02,Lenyenye Substation 2,4.5,0.375,0.507,0.505,52.4,0,POLE-LNY-00198,-23.92867,30.26998,1600,2022,1,2025-10-12,2025-10-22
T0199,Xihoko Substation 3 TX-008,F170,Xihoko,SS-XHK-03,Xihoko Substation 3,21.9,0.472,0.775,0.692,64.7,0,POLE-XHK-00199,-23.71295,30.37855,200,2004,2,2026-06-19,2025-06-14
T0200,Politsi Substation 1 TX-009,F481,Politsi,SS-PLT-01,Politsi Substation 1,12.5,0.593,0.59,0.54,63.5,1,POLE-PLT-00200,-23.80266,30.06814,1000,2013,0,2026-06-13,2026-04-09
T0201,Nkowankowa Substation 2 TX-006,F184,Nkowankowa,SS-NKW-02,Nkowankowa Substation 2,17.7,0.659,0.769,0.612,52.3,1,POLE-NKW-00201,-23.93983,30.23964,100,2008,3,2025-12-03,2026-01-12
T0202,Haenertsburg Substation 2 TX-018,F455,Haenertsburg,SS-HBG-02,Haenertsburg Substation 2,13.2,0.311,0.506,0.652,44.3,0,POLE-HBG-00202,-23.98079,29.9333,50,2013,1,2026-07-01,2025-05-21
T0203,Politsi Substation 2 TX-014,F248,Politsi,SS-PLT-02,Politsi Substation 2,7.2,0.867,0.414,0.569,62.4,0,POLE-PLT-00203,-23.83479,30.03193,100,2019,0,2026-01-03,2026-03-14
T0204,Ga-Kgapane Substation 3 TX-006,F350,Ga-Kgapane,SS-GKG-03,Ga-Kgapane Substation 3,4.0,0.353,0.314,0.47,54.2,0,POLE-GKG-00204,-23.85445,30.37963,315,2022,1,2026-01-01,2026-04-23
T0205,Ga-Kgapane Substation 3 TX-007,F229,Ga-Kgapane,SS-GKG-03,Ga-Kgapane Substation 3,1.9,0.221,0.635,0.651,35.5,0,POLE-GKG-00205,-23.86702,30.37885,100,2024,1,2026-05-24,2025-02-05
T0206,Lenyenye Substation 1 TX-006,F133,Lenyenye,SS-LNY-01,Lenyenye Substation 1,33.5,0.367,0.921,0.706,62.4,0,POLE-LNY-00206,-23.9568,30.26736,1600,1992,1,2026-01-20,2026-01-02
T0207,Nkowankowa Substation 2 TX-007,F383,Nkowankowa,SS-NKW-02,Nkowankowa Substation 2,2.5,0.929,0.663,0.584,51.7,0,POLE-NKW-00207,-23.95291,30.24727,50,2024,2,2026-04-26,2025-04-06
T0208,Bolobedu Substation 3 TX-006,F485,Bolobedu,SS-BLB-03,Bolobedu Substation 3,27.4,0.486,0.433,0.341,68.4,0,POLE-BLB-00208,-23.98714,30.44868,2000,1999,1,2026-03-25,2026-01-21
T0209,Nkowankowa Substation 1 TX-008,F132,Nkowankowa,SS-NKW-01,Nkowankowa Substation 1,12.1,0.456,0.348,0.406,52.7,0,POLE-NKW-00209,-23.8981,30.24997,315,2014,1,2026-05-26,2025-04-19
T0210,Modjadjiskloof Substation 3 TX-005,F390,Modjadjiskloof,SS-MDK-03,Modjadjiskloof Substation 3,13.5,0.621,0.401,0.415,61.2,0,POLE-MDK-00210,-23.71397,30.11689,500,2012,2,2026-05-22,2025-01-23
T0211,Tzaneen Substation 1 TX-007,F131,Tzaneen,SS-TZN-01,Tzaneen Substation 1,12.9,0.552,0.547,0.613,48.8,0,POLE-TZN-00211,-23.822,30.1683,1000,2013,2,2026-06-13,2026-02-18
T0212,Xihoko Substation 3 TX-009,F359,Xihoko,SS-XHK-03,Xihoko Substation 3,16.3,0.759,0.576,0.556,54.3,0,POLE-XHK-00212,-23.72408,30.35619,1000,2010,1,2026-03-01,2025-07-02
T0213,Politsi Substation 3 TX-005,F395,Politsi,SS-PLT-03,Politsi Substation 3,5.9,0.317,0.681,0.714,59.2,0,POLE-PLT-00213,-23.83201,30.06758,1600,2020,0,2026-03-20,2026-03-27
T0214,Xihoko Substation 3 TX-010,F225,Xihoko,SS-XHK-03,Xihoko Substation 3,1.2,0.848,0.278,0.341,59.6,1,POLE-XHK-00214,-23.72003,30.37661,2000,2025,0,2026-07-12,2024-08-22
T0215,Xihoko Substation 3 TX-011,F369,Xihoko,SS-XHK-03,Xihoko Substation 3,7.1,0.743,0.567,0.612,66.3,0,POLE-XHK-00215,-23.72247,30.37836,200,2019,0,2025-12-24,2026-03-12
T0216,Tzaneen Substation 1 TX-008,F137,Tzaneen,SS-TZN-01,Tzaneen Substation 1,15.3,0.116,0.225,0.331,59.3,1,POLE-TZN-00216,-23.8203,30.15927,800,2011,0,2026-03-24,2024-07-18
T0217,Xihoko Substation 2 TX-009,F040,Xihoko,SS-XHK-02,Xihoko Substation 2,4.5,0.62,0.435,0.505,45.1,0,POLE-XHK-00217,-23.78911,30.30306,1000,2022,1,2026-07-01,2025-08-05
T0218,Haenertsburg Substation 2 TX-019,F049,Haenertsburg,SS-HBG-02,Haenertsburg Substation 2,22.5,0.457,0.473,0.563,61.2,0,POLE-HBG-00218,-23.97587,29.93676,1600,2004,0,2025-09-29,2025-12-29
T0219,Ga-Kgapane Substation 1 TX-012,F224,Ga-Kgapane,SS-GKG-01,Ga-Kgapane Substation 1,10.2,0.646,0.423,0.628,48.5,0,POLE-GKG-00219,-23.85411,30.2959,200,2016,1,2026-04-28,2024-11-21
T0220,Xihoko Substation 3 TX-012,F452,Xihoko,SS-XHK-03,Xihoko Substation 3,4.1,0.292,0.755,0.776,39.4,0,POLE-XHK-00220,-23.72113,30.36227,2000,2022,0,2026-05-25,2026-03-22
T0221,Haenertsburg Substation 2 TX-020,F064,Haenertsburg,SS-HBG-02,Haenertsburg Substation 2,12.5,0.763,0.476,0.626,49.6,0,POLE-HBG-00221,-23.97471,29.92396,200,2014,3,2026-04-11,2024-06-04
T0222,Xihoko Substation 3 TX-013,F228,Xihoko,SS-XHK-03,Xihoko Substation 3,15.2,0.805,0.69,0.657,53.1,0,POLE-XHK-00222,-23.7202,30.36272,1000,2011,2,2026-01-31,2025-08-08
T0223,Modjadjiskloof Substation 3 TX-006,F353,Modjadjiskloof,SS-MDK-03,Modjadjiskloof Substation 3,15.9,0.355,0.242,0.451,51.0,1,POLE-MDK-00223,-23.71441,30.12532,1600,2010,1,2026-04-27,2026-04-14
T0224,Bolobedu Substation 2 TX-009,F102,Bolobedu,SS-BLB-02,Bolobedu Substation 2,21.9,0.58,0.554,0.508,60.0,1,POLE-BLB-00224,-23.94485,30.37081,100,2004,2,2025-11-23,2026-01-12
T0225,Haenertsburg Substation 1 TX-008,F361,Haenertsburg,SS-HBG-01,Haenertsburg Substation 1,3.0,0.645,0.558,0.659,50.3,0,POLE-HBG-00225,-23.94076,29.95605,500,2023,1,2026-06-14,2026-01-10
T0226,Modjadjiskloof Substation 3 TX-007,F153,Modjadjiskloof,SS-MDK-03,Modjadjiskloof Substation 3,21.9,0.403,0.383,0.5,53.8,1,POLE-MDK-00226,-23.70948,30.1157,2000,2004,1,2026-04-30,2024-02-06
T0227,Tzaneen Substation 3 TX-009,F405,Tzaneen,SS-TZN-03,Tzaneen Substation 3,23.2,0.496,0.857,0.819,56.9,0,POLE-TZN-00227,-23.84091,30.19757,100,2003,0,2026-07-24,2025-06-04
T0228,Haenertsburg Substation 1 TX-009,F290,Haenertsburg,SS-HBG-01,Haenertsburg Substation 1,4.0,0.545,0.538,0.558,56.0,0,POLE-HBG-00228,-23.95339,29.95735,1600,2022,1,2026-05-05,2025-04-11
T0229,Ga-Kgapane Substation 3 TX-008,F274,Ga-Kgapane,SS-GKG-03,Ga-Kgapane Substation 3,4.8,0.417,0.595,0.621,48.2,0,POLE-GKG-00229,-23.86205,30.38118,1600,2021,0,2026-06-29,2026-02-21
T0230,Lenyenye Substation 1 TX-007,F089,Lenyenye,SS-LNY-01,Lenyenye Substation 1,18.3,0.796,0.578,0.55,64.3,0,POLE-LNY-00230,-23.97336,30.26406,200,2008,0,2026-06-23,2025-12-02
T0231,Modjadjiskloof Substation 2 TX-007,F232,Modjadjiskloof,SS-MDK-02,Modjadjiskloof Substation 2,8.2,0.509,0.629,0.575,53.5,1,POLE-MDK-00231,-23.76797,30.12153,1000,2018,3,2026-06-29,2025-06-30
T0232,Tzaneen Substation 1 TX-009,F429,Tzaneen,SS-TZN-01,Tzaneen Substation 1,25.5,0.658,0.348,0.366,62.0,1,POLE-TZN-00232,-23.82487,30.17195,2000,2000,3,2026-03-25,2025-03-25
T0233,Xihoko Substation 3 TX-014,F010,Xihoko,SS-XHK-03,Xihoko Substation 3,30.2,0.599,0.352,0.46,73.8,1,POLE-XHK-00233,-23.72344,30.37275,315,1996,3,2026-03-29,2025-10-30
T0234,Nkowankowa Substation 1 TX-009,F380,Nkowankowa,SS-NKW-01,Nkowankowa Substation 1,4.1,0.33,0.725,0.655,37.9,0,POLE-NKW-00234,-23.90688,30.24372,50,2022,1,2026-03-02,2026-01-05
T0235,Tzaneen Substation 3 TX-010,F247,Tzaneen,SS-TZN-03,Tzaneen Substation 3,5.8,0.693,0.491,0.623,61.3,0,POLE-TZN-00235,-23.82474,30.1929,200,2020,2,2026-05-05,2025-07-16
T0236,Lenyenye Substation 1 TX-008,F360,Lenyenye,SS-LNY-01,Lenyenye Substation 1,12.0,0.483,0.983,0.674,55.5,0,POLE-LNY-00236,-23.96844,30.27545,2000,2014,1,2026-04-29,2024-12-17
T0237,Nkowankowa Substation 2 TX-008,F332,Nkowankowa,SS-NKW-02,Nkowankowa Substation 2,1.1,0.843,0.901,0.897,51.9,0,POLE-NKW-00237,-23.95398,30.25734,2000,2025,1,2026-05-15,2026-06-17
T0238,Politsi Substation 1 TX-010,F217,Politsi,SS-PLT-01,Politsi Substation 1,2.0,0.651,0.611,0.437,56.6,0,POLE-PLT-00238,-23.80194,30.05835,1600,2024,1,2026-05-28,2025-05-01
T0239,Bolobedu Substation 2 TX-010,F155,Bolobedu,SS-BLB-02,Bolobedu Substation 2,5.3,0.909,0.608,0.446,61.1,0,POLE-BLB-00239,-23.94869,30.36861,800,2021,0,2026-01-09,2026-01-06
T0240,Nkowankowa Substation 1 TX-010,F314,Nkowankowa,SS-NKW-01,Nkowankowa Substation 1,35.0,0.856,0.887,0.616,70.8,1,POLE-NKW-00240,-23.89408,30.23651,200,1991,1,2026-06-21,2026-03-29
T0241,Ga-Kgapane Substation 2 TX-008,F071,Ga-Kgapane,SS-GKG-02,Ga-Kgapane Substation 2,13.3,0.389,0.737,0.722,44.8,0,POLE-GKG-00241,-23.83843,30.35448,800,2013,0,2026-07-12,2026-05-25
T0242,Politsi Substation 3 TX-006,F293,Politsi,SS-PLT-03,Politsi Substation 3,6.6,0.424,0.6,0.387,61.1,0,POLE-PLT-00242,-23.83183,30.06832,1600,2019,0,2026-07-20,2026-02-15
T0243,Xihoko Substation 2 TX-010,F048,Xihoko,SS-XHK-02,Xihoko Substation 2,4.7,0.229,0.395,0.438,46.5,0,POLE-XHK-00243,-23.79397,30.29941,1600,2021,1,2026-05-10,2025-09-22
T0244,Politsi Substation 3 TX-007,F325,Politsi,SS-PLT-03,Politsi Substation 3,4.0,0.4,0.797,0.758,37.9,0,POLE-PLT-00244,-23.82712,30.06931,50,2022,1,2026-05-21,2026-01-25
T0245,Politsi Substation 3 TX-008,F315,Politsi,SS-PLT-03,Politsi Substation 3,7.0,0.567,0.216,0.455,57.1,0,POLE-PLT-00245,-23.82788,30.06899,1000,2019,2,2026-03-29,2025-10-27
T0246,Nkowankowa Substation 1 TX-011,F043,Nkowankowa,SS-NKW-01,Nkowankowa Substation 1,6.7,0.55,0.552,0.45,55.8,1,POLE-NKW-00246,-23.91551,30.25785,2000,2019,0,2026-07-21,2025-11-03
T0247,Tzaneen Substation 3 TX-011,F379,Tzaneen,SS-TZN-03,Tzaneen Substation 3,9.4,0.337,0.941,0.936,40.5,0,POLE-TZN-00247,-23.83386,30.17936,100,2017,0,2026-05-05,2025-12-02
T0248,Haenertsburg Substation 2 TX-021,F208,Haenertsburg,SS-HBG-02,Haenertsburg Substation 2,15.7,0.568,0.5,0.497,54.5,0,POLE-HBG-00248,-23.97502,29.9311,800,2010,2,2026-05-07,2025-06-01
T0249,Politsi Substation 2 TX-015,F394,Politsi,SS-PLT-02,Politsi Substation 2,10.5,0.655,0.894,0.641,58.8,0,POLE-PLT-00249,-23.8236,30.01788,800,2016,2,2026-04-05,2026-04-23
T0250,Modjadjiskloof Substation 1 TX-010,F021,Modjadjiskloof,SS-MDK-01,Modjadjiskloof Substation 1,19.1,0.521,0.831,0.756,60.0,0,POLE-MDK-00250,-23.71793,30.12231,500,2007,1,2026-05-14,2026-02-16
T0251,Xihoko Substation 2 TX-011,F090,Xihoko,SS-XHK-02,Xihoko Substation 2,8.9,0.339,0.517,0.605,49.5,0,POLE-XHK-00251,-23.78911,30.2928,1000,2017,2,2026-02-22,2024-06-13
T0252,Tzaneen Substation 3 TX-012,F247,Tzaneen,SS-TZN-03,Tzaneen Substation 3,31.7,0.749,0.572,0.537,72.2,1,POLE-TZN-00252,-23.82668,30.19058,2000,1994,4,2026-07-01,2026-04-08
T0253,Lenyenye Substation 2 TX-010,F095,Lenyenye,SS-LNY-02,Lenyenye Substation 2,18.8,0.635,0.362,0.365,60.8,0,POLE-LNY-00253,-23.93917,30.25913,800,2007,2,2026-01-06,2025-07-26
T0254,Politsi Substation 3 TX-009,F165,Politsi,SS-PLT-03,Politsi Substation 3,13.1,0.504,0.631,0.591,56.7,0,POLE-PLT-00254,-23.83722,30.07713,50,2013,1,2026-04-01,2025-06-06
T0255,Bolobedu Substation 2 TX-011,F331,Bolobedu,SS-BLB-02,Bolobedu Substation 2,15.7,0.375,0.911,0.899,44.3,0,POLE-BLB-00255,-23.94367,30.36126,500,2010,1,2026-06-22,2025-07-29
T0256,Politsi Substation 2 TX-016,F073,Politsi,SS-PLT-02,Politsi Substation 2,7.2,0.948,0.737,0.683,52.5,0,POLE-PLT-00256,-23.82368,30.01873,500,2019,1,2025-12-13,2025-09-08
T0257,Nkowankowa Substation 2 TX-009,F339,Nkowankowa,SS-NKW-02,Nkowankowa Substation 2,9.3,0.665,0.622,0.613,60.8,0,POLE-NKW-00257,-23.94497,30.24349,200,2017,0,2025-07-09,2026-01-10
T0258,Xihoko Substation 1 TX-008,F052,Xihoko,SS-XHK-01,Xihoko Substation 1,9.0,0.339,0.585,0.662,41.8,0,POLE-XHK-00258,-23.77371,30.3714,1000,2017,2,2026-06-01,2026-03-04
T0259,Nkowankowa Substation 2 TX-010,F088,Nkowankowa,SS-NKW-02,Nkowankowa Substation 2,6.0,0.575,0.319,0.454,44.6,0,POLE-NKW-00259,-23.94154,30.2516,800,2020,1,2025-12-18,2025-06-25
T0260,Modjadjiskloof Substation 3 TX-008,F294,Modjadjiskloof,SS-MDK-03,Modjadjiskloof Substation 3,3.3,0.605,0.731,0.683,55.6,0,POLE-MDK-00260,-23.72135,30.11924,100,2023,0,2026-05-08,2025-06-21
T0261,Haenertsburg Substation 3 TX-008,F397,Haenertsburg,SS-HBG-03,Haenertsburg Substation 3,16.3,0.513,0.668,0.669,46.3,0,POLE-HBG-00261,-24.00578,29.93298,1000,2010,3,2026-03-20,2025-01-02
T0262,Nkowankowa Substation 3 TX-004,F086,Nkowankowa,SS-NKW-03,Nkowankowa Substation 3,21.1,0.599,0.783,0.691,57.5,0,POLE-NKW-00262,-23.92396,30.25362,50,2005,1,2026-04-27,2025-03-13
T0263,Politsi Substation 3 TX-010,F150,Politsi,SS-PLT-03,Politsi Substation 3,14.7,0.311,0.418,0.564,46.1,0,POLE-PLT-00263,-23.82655,30.06917,1600,2011,1,2026-01-09,2025-04-03
T0264,Tzaneen Substation 2 TX-011,F463,Tzaneen,SS-TZN-02,Tzaneen Substation 2,10.5,0.445,0.241,0.405,51.2,1,POLE-TZN-00264,-23.80423,30.19406,800,2016,3,2026-07-12,2026-04-25
T0265,Nkowankowa Substation 1 TX-012,F495,Nkowankowa,SS-NKW-01,Nkowankowa Substation 1,35.0,0.639,0.489,0.469,83.7,1,POLE-NKW-00265,-23.90756,30.24375,2000,1991,2,2026-02-26,2026-04-03
T0266,Nkowankowa Substation 2 TX-011,F291,Nkowankowa,SS-NKW-02,Nkowankowa Substation 2,6.6,0.79,0.423,0.493,57.9,0,POLE-NKW-00266,-23.95029,30.25072,315,2019,1,2026-03-10,2023-05-23
T0267,Ga-Kgapane Substation 1 TX-013,F224,Ga-Kgapane,SS-GKG-01,Ga-Kgapane Substation 1,13.4,0.38,0.222,0.46,55.9,1,POLE-GKG-00267,-23.84167,30.30217,200,2013,0,2026-03-08,2025-10-30
T0268,Lenyenye Substation 3 TX-004,F174,Lenyenye,SS-LNY-03,Lenyenye Substation 3,23.2,0.712,0.53,0.492,70.7,1,POLE-LNY-00268,-23.94289,30.30582,500,2003,2,2025-12-04,2025-08-05
T0269,Modjadjiskloof Substation 2 TX-008,F307,Modjadjiskloof,SS-MDK-02,Modjadjiskloof Substation 2,4.3,0.75,0.306,0.524,52.4,0,POLE-MDK-00269,-23.78485,30.14028,1600,2022,3,2026-06-11,2026-06-28
T0270,Haenertsburg Substation 2 TX-022,F296,Haenertsburg,SS-HBG-02,Haenertsburg Substation 2,17.2,0.786,0.9,0.786,64.8,0,POLE-HBG-00270,-23.97541,29.93629,800,2009,3,2026-04-06,2025-07-02
T0271,Haenertsburg Substation 3 TX-009,F148,Haenertsburg,SS-HBG-03,Haenertsburg Substation 3,33.0,0.53,0.38,0.494,70.4,1,POLE-HBG-00271,-24.00247,29.92011,500,1993,4,2026-05-27,2025-09-27
T0272,Modjadjiskloof Substation 1 TX-011,F012,Modjadjiskloof,SS-MDK-01,Modjadjiskloof Substation 1,11.1,0.955,0.633,0.649,65.8,0,POLE-MDK-00272,-23.72363,30.12634,315,2015,0,2026-05-28,2025-11-17
T0273,Xihoko Substation 3 TX-015,F076,Xihoko,SS-XHK-03,Xihoko Substation 3,12.6,0.38,0.778,0.799,43.9,0,POLE-XHK-00273,-23.72428,30.37135,1600,2013,0,2026-06-13,2024-05-24
T0274,Xihoko Substation 1 TX-009,F480,Xihoko,SS-XHK-01,Xihoko Substation 1,6.6,0.534,0.49,0.572,53.7,0,POLE-XHK-00274,-23.7773,30.36571,100,2019,2,2026-04-07,2025-07-29
T0275,Nkowankowa Substation 1 TX-013,F210,Nkowankowa,SS-NKW-01,Nkowankowa Substation 1,15.6,0.397,0.326,0.5,55.0,0,POLE-NKW-00275,-23.90386,30.23401,50,2010,1,2025-12-29,2025-11-27
T0276,Ga-Kgapane Substation 2 TX-009,F242,Ga-Kgapane,SS-GKG-02,Ga-Kgapane Substation 2,5.9,0.521,0.778,0.674,54.5,0,POLE-GKG-00276,-23.84875,30.35164,200,2020,0,2026-05-13,2025-11-21
T0277,Politsi Substation 3 TX-011,F234,Politsi,SS-PLT-03,Politsi Substation 3,10.6,0.509,0.649,0.619,49.7,0,POLE-PLT-00277,-23.82638,30.07183,100,2015,0,2026-02-03,2026-02-16
T0278,Ga-Kgapane Substation 1 TX-014,F392,Ga-Kgapane,SS-GKG-01,Ga-Kgapane Substation 1,2.9,0.509,0.408,0.449,61.0,0,POLE-GKG-00278,-23.82916,30.30517,100,2023,2,2026-05-04,2026-03-21
T0279,Lenyenye Substation 2 TX-011,F033,Lenyenye,SS-LNY-02,Lenyenye Substation 2,0.5,0.868,0.289,0.473,58.6,0,POLE-LNY-00279,-23.92945,30.25689,200,2025,1,2026-06-29,2025-11-06
T0280,Politsi Substation 2 TX-017,F042,Politsi,SS-PLT-02,Politsi Substation 2,7.7,0.59,0.302,0.505,53.9,1,POLE-PLT-00280,-23.83402,30.02435,1000,2018,1,2026-03-02,2026-05-18
T0281,Tzaneen Substation 1 TX-010,F138,Tzaneen,SS-TZN-01,Tzaneen Substation 1,7.6,0.405,0.538,0.526,48.8,0,POLE-TZN-00281,-23.84597,30.16289,200,2018,4,2026-05-03,2026-01-03
T0282,Ga-Kgapane Substation 2 TX-010,F244,Ga-Kgapane,SS-GKG-02,Ga-Kgapane Substation 2,8.3,0.731,0.716,0.538,57.3,0,POLE-GKG-00282,-23.84716,30.34999,100,2018,1,2025-12-11,2026-07-06
T0283,Modjadjiskloof Substation 2 TX-009,F336,Modjadjiskloof,SS-MDK-02,Modjadjiskloof Substation 2,18.4,0.476,0.391,0.502,55.3,0,POLE-MDK-00283,-23.78383,30.11947,315,2008,0,2026-06-09,2025-02-26
T0284,Politsi Substation 3 TX-012,F246,Politsi,SS-PLT-03,Politsi Substation 3,21.5,0.717,0.95,0.897,61.9,0,POLE-PLT-00284,-23.83043,30.06427,2000,2004,3,2026-05-07,2024-12-13
T0285,Haenertsburg Substation 3 TX-010,F221,Haenertsburg,SS-HBG-03,Haenertsburg Substation 3,13.8,0.395,0.612,0.739,49.6,0,POLE-HBG-00285,-24.00816,29.92735,2000,2012,1,2026-04-26,2026-01-09
T0286,Tzaneen Substation 2 TX-012,F469,Tzaneen,SS-TZN-02,Tzaneen Substation 2,17.5,0.456,0.443,0.486,67.5,0,POLE-TZN-00286,-23.80852,30.19796,50,2008,0,2026-06-30,2026-03-13
T0287,Lenyenye Substation 1 TX-009,F081,Lenyenye,SS-LNY-01,Lenyenye Substation 1,6.0,0.369,0.476,0.586,45.0,0,POLE-LNY-00287,-23.95442,30.26813,50,2020,1,2026-07-10,2025-09-30
T0288,Lenyenye Substation 2 TX-012,F286,Lenyenye,SS-LNY-02,Lenyenye Substation 2,4.9,0.611,0.634,0.606,50.9,0,POLE-LNY-00288,-23.93826,30.25632,200,2021,1,2026-07-12,2025-03-02
T0289,Politsi Substation 1 TX-011,F272,Politsi,SS-PLT-01,Politsi Substation 1,15.8,0.527,0.484,0.541,55.2,0,POLE-PLT-00289,-23.79761,30.06349,100,2010,2,2026-01-25,2026-02-24
T0290,Haenertsburg Substation 3 TX-011,F237,Haenertsburg,SS-HBG-03,Haenertsburg Substation 3,4.3,0.533,0.102,0.204,66.0,0,POLE-HBG-00290,-24.0032,29.92171,1600,2022,2,2026-03-10,2025-01-28
T0291,Lenyenye Substation 2 TX-013,F404,Lenyenye,SS-LNY-02,Lenyenye Substation 2,3.9,0.712,0.407,0.433,49.0,0,POLE-LNY-00291,-23.94324,30.26796,100,2022,2,2026-02-08,2026-05-05
T0292,Xihoko Substation 3 TX-016,F134,Xihoko,SS-XHK-03,Xihoko Substation 3,35.0,0.485,0.41,0.406,70.8,0,POLE-XHK-00292,-23.72125,30.38124,50,1991,1,2026-02-03,2025-08-12
T0293,Politsi Substation 3 TX-013,F477,Politsi,SS-PLT-03,Politsi Substation 3,11.6,0.45,0.678,0.585,53.9,0,POLE-PLT-00293,-23.83743,30.07122,200,2014,0,2025-11-05,2025-06-05
T0294,Ga-Kgapane Substation 3 TX-009,F166,Ga-Kgapane,SS-GKG-03,Ga-Kgapane Substation 3,7.6,0.542,0.499,0.387,49.9,0,POLE-GKG-00294,-23.86067,30.3833,800,2018,0,2025-12-28,2026-05-20
T0295,Nkowankowa Substation 2 TX-012,F273,Nkowankowa,SS-NKW-02,Nkowankowa Substation 2,7.0,0.744,0.27,0.443,71.8,1,POLE-NKW-00295,-23.94105,30.24607,100,2019,1,2026-03-28,2025-04-02
T0296,Ga-Kgapane Substation 2 TX-011,F261,Ga-Kgapane,SS-GKG-02,Ga-Kgapane Substation 2,3.0,0.867,0.497,0.608,51.3,0,POLE-GKG-00296,-23.83332,30.35479,200,2023,0,2026-03-01,2025-12-27
T0297,Modjadjiskloof Substation 2 TX-010,F425,Modjadjiskloof,SS-MDK-02,Modjadjiskloof Substation 2,13.6,0.378,0.336,0.534,53.0,1,POLE-MDK-00297,-23.78761,30.12823,500,2012,0,2026-06-17,2024-08-10
T0298,Xihoko Substation 1 TX-010,F220,Xihoko,SS-XHK-01,Xihoko Substation 1,8.9,0.939,0.709,0.717,67.5,0,POLE-XHK-00298,-23.77504,30.37492,2000,2017,1,2026-07-05,2025-11-15
T0299,Politsi Substation 2 TX-018,F143,Politsi,SS-PLT-02,Politsi Substation 2,21.1,0.668,0.423,0.424,63.9,1,POLE-PLT-00299,-23.84531,30.02308,1600,2005,1,2026-04-21,2025-03-04
T0300,Haenertsburg Substation 3 TX-012,F011,Haenertsburg,SS-HBG-03,Haenertsburg Substation 3,16.1,0.399,0.406,0.503,56.1,0,POLE-HBG-00300,-24.01203,29.92846,100,2010,0,2026-05-26,2024-03-20
T0301,Bolobedu Substation 3 TX-007,F182,Bolobedu,SS-BLB-03,Bolobedu Substation 3,8.6,0.545,0.812,0.672,49.4,0,POLE-BLB-00301,-24.00044,30.44233,200,2017,2,2026-05-14,2026-01-10
T0302,Lenyenye Substation 2 TX-014,F414,Lenyenye,SS-LNY-02,Lenyenye Substation 2,1.6,0.287,0.579,0.687,40.6,0,POLE-LNY-00302,-23.93648,30.26711,50,2024,3,2026-05-23,2026-06-23
T0303,Xihoko Substation 1 TX-011,F005,Xihoko,SS-XHK-01,Xihoko Substation 1,11.7,0.475,0.636,0.734,55.7,0,POLE-XHK-00303,-23.77922,30.36508,200,2014,0,2026-02-03,2026-04-14
T0304,Ga-Kgapane Substation 1 TX-015,F449,Ga-Kgapane,SS-GKG-01,Ga-Kgapane Substation 1,10.9,0.737,0.703,0.538,57.0,1,POLE-GKG-00304,-23.84085,30.2985,800,2015,2,2026-04-01,2025-10-25
T0305,Politsi Substation 1 TX-012,F272,Politsi,SS-PLT-01,Politsi Substation 1,1.2,0.827,0.177,0.215,47.8,1,POLE-PLT-00305,-23.80909,30.05943,500,2025,2,2026-05-09,2022-05-29
T0306,Ga-Kgapane Substation 2 TX-012,F071,Ga-Kgapane,SS-GKG-02,Ga-Kgapane Substation 2,14.9,0.275,0.844,0.73,47.7,0,POLE-GKG-00306,-23.84893,30.35199,315,2011,0,2026-04-08,2024-12-29
T0307,Bolobedu Substation 2 TX-012,F152,Bolobedu,SS-BLB-02,Bolobedu Substation 2,4.2,0.233,0.853,0.86,38.5,0,POLE-BLB-00307,-23.94968,30.37417,50,2022,0,2026-07-04,2026-04-11
T0308,Modjadjiskloof Substation 1 TX-012,F278,Modjadjiskloof,SS-MDK-01,Modjadjiskloof Substation 1,21.8,0.502,0.798,0.772,57.2,0,POLE-MDK-00308,-23.72581,30.12315,2000,2004,1,2026-05-18,2026-02-05
T0309,Tzaneen Substation 2 TX-013,F158,Tzaneen,SS-TZN-02,Tzaneen Substation 2,10.4,0.496,0.65,0.71,49.5,0,POLE-TZN-00309,-23.8068,30.20156,315,2016,1,2026-02-03,2025-08-06
T0310,Xihoko Substation 1 TX-012,F055,Xihoko,SS-XHK-01,Xihoko Substation 1,6.8,0.717,0.495,0.537,51.9,0,POLE-XHK-00310,-23.77438,30.36492,2000,2019,3,2026-07-15,2024-11-19
T0311,Haenertsburg Substation 3 TX-013,F333,Haenertsburg,SS-HBG-03,Haenertsburg Substation 3,12.9,0.235,0.773,0.644,46.1,0,POLE-HBG-00311,-24.0095,29.92891,1000,2013,1,2026-01-22,2026-05-31
T0312,Ga-Kgapane Substation 2 TX-013,F337,Ga-Kgapane,SS-GKG-02,Ga-Kgapane Substation 2,12.3,0.638,0.686,0.712,63.4,0,POLE-GKG-00312,-23.85225,30.36001,1600,2014,0,2026-05-28,2025-08-03
T0313,Lenyenye Substation 2 TX-015,F060,Lenyenye,SS-LNY-02,Lenyenye Substation 2,12.0,0.789,0.544,0.557,60.3,0,POLE-LNY-00313,-23.93738,30.25758,315,2014,0,2026-01-11,2025-10-27
T0314,Xihoko Substation 2 TX-012,F141,Xihoko,SS-XHK-02,Xihoko Substation 2,20.0,0.947,0.753,0.54,72.4,1,POLE-XHK-00314,-23.78478,30.30821,100,2006,2,2026-06-02,2026-06-08
T0315,Modjadjiskloof Substation 3 TX-009,F122,Modjadjiskloof,SS-MDK-03,Modjadjiskloof Substation 3,13.4,0.68,0.553,0.616,52.8,0,POLE-MDK-00315,-23.71004,30.12992,200,2013,2,2026-07-08,2026-01-26
T0316,Modjadjiskloof Substation 2 TX-011,F330,Modjadjiskloof,SS-MDK-02,Modjadjiskloof Substation 2,6.3,0.306,0.585,0.456,46.9,0,POLE-MDK-00316,-23.78687,30.12174,800,2020,1,2026-05-30,2026-01-29
T0317,Bolobedu Substation 1 TX-010,F366,Bolobedu,SS-BLB-01,Bolobedu Substation 1,9.1,0.414,0.904,0.813,40.9,0,POLE-BLB-00317,-23.95453,30.36784,800,2017,0,2026-03-03,2026-03-30
T0318,Haenertsburg Substation 3 TX-014,F364,Haenertsburg,SS-HBG-03,Haenertsburg Substation 3,27.1,0.381,0.74,0.558,67.0,0,POLE-HBG-00318,-24.00854,29.92728,50,1999,0,2026-04-28,2024-12-02
T0319,Haenertsburg Substation 2 TX-023,F470,Haenertsburg,SS-HBG-02,Haenertsburg Substation 2,5.8,0.573,0.401,0.533,44.7,0,POLE-HBG-00319,-23.98116,29.92165,1600,2020,0,2025-12-11,2025-08-04
T0320,Nkowankowa Substation 2 TX-013,F385,Nkowankowa,SS-NKW-02,Nkowankowa Substation 2,14.7,0.904,0.325,0.545,66.8,1,POLE-NKW-00320,-23.95017,30.24353,50,2011,1,2026-05-01,2026-01-10
T0321,Tzaneen Substation 2 TX-014,F161,Tzaneen,SS-TZN-02,Tzaneen Substation 2,20.5,0.396,0.775,0.67,56.6,0,POLE-TZN-00321,-23.80574,30.19302,500,2006,0,2026-06-21,2026-03-06
T0322,Nkowankowa Substation 1 TX-014,F054,Nkowankowa,SS-NKW-01,Nkowankowa Substation 1,15.7,0.501,0.357,0.408,60.5,0,POLE-NKW-00322,-23.91541,30.24,100,2010,2,2025-12-13,2025-08-03
T0323,Xihoko Substation 1 TX-013,F308,Xihoko,SS-XHK-01,Xihoko Substation 1,11.7,0.117,0.826,0.761,30.2,0,POLE-XHK-00323,-23.78762,30.36417,100,2014,1,2026-05-19,2026-03-01
T0324,Politsi Substation 2 TX-019,F459,Politsi,SS-PLT-02,Politsi Substation 2,13.1,0.296,0.514,0.534,40.6,0,POLE-PLT-00324,-23.83114,30.01918,500,2013,1,2026-03-20,2025-05-10
T0325,Tzaneen Substation 1 TX-011,F488,Tzaneen,SS-TZN-01,Tzaneen Substation 1,16.4,0.408,0.25,0.423,57.8,0,POLE-TZN-00325,-23.82493,30.15721,200,2010,2,2026-02-05,2025-11-08
T0326,Tzaneen Substation 1 TX-012,F116,Tzaneen,SS-TZN-01,Tzaneen Substation 1,5.8,0.77,0.689,0.782,47.7,0,POLE-TZN-00326,-23.83021,30.17555,500,2020,1,2026-07-19,2026-06-30
T0327,Ga-Kgapane Substation 1 TX-016,F119,Ga-Kgapane,SS-GKG-01,Ga-Kgapane Substation 1,11.0,0.732,0.661,0.641,53.9,0,POLE-GKG-00327,-23.84008,30.30258,2000,2015,2,2026-03-07,2026-05-28
T0328,Bolobedu Substation 2 TX-013,F019,Bolobedu,SS-BLB-02,Bolobedu Substation 2,35.0,0.805,0.58,0.442,74.6,1,POLE-BLB-00328,-23.94628,30.37596,1000,1991,2,2026-06-24,2026-02-18
T0329,Ga-Kgapane Substation 2 TX-014,F071,Ga-Kgapane,SS-GKG-02,Ga-Kgapane Substation 2,15.0,0.373,0.803,0.746,44.5,0,POLE-GKG-00329,-23.84343,30.34757,200,2011,1,2026-07-17,2026-01-22
T0330,Modjadjiskloof Substation 1 TX-013,F278,Modjadjiskloof,SS-MDK-01,Modjadjiskloof Substation 1,12.0,0.712,0.155,0.235,58.5,1,POLE-MDK-00330,-23.71635,30.11872,500,2014,0,2026-04-30,2025-04-26
T0331,Ga-Kgapane Substation 3 TX-010,F274,Ga-Kgapane,SS-GKG-03,Ga-Kgapane Substation 3,8.4,0.613,0.703,0.564,54.4,0,POLE-GKG-00331,-23.87154,30.37296,315,2018,2,2026-05-18,2025-09-03
T0332,Ga-Kgapane Substation 2 TX-015,F186,Ga-Kgapane,SS-GKG-02,Ga-Kgapane Substation 2,5.8,0.636,0.678,0.612,43.0,0,POLE-GKG-00332,-23.84998,30.35021,200,2020,0,2025-12-16,2024-08-24
T0333,Bolobedu Substation 2 TX-014,F155,Bolobedu,SS-BLB-02,Bolobedu Substation 2,13.4,0.259,0.642,0.741,43.9,0,POLE-BLB-00333,-23.93885,30.37635,500,2013,0,2026-02-26,2026-07-17
T0334,Bolobedu Substation 3 TX-008,F415,Bolobedu,SS-BLB-03,Bolobedu Substation 3,14.0,0.677,0.656,0.652,54.2,0,POLE-BLB-00334,-23.98995,30.44637,100,2012,1,2026-07-15,2026-07-17
T0335,Modjadjiskloof Substation 2 TX-012,F231,Modjadjiskloof,SS-MDK-02,Modjadjiskloof Substation 2,10.4,0.938,0.548,0.561,62.7,0,POLE-MDK-00335,-23.78057,30.1278,200,2016,1,2026-03-25,2026-06-02
T0336,Tzaneen Substation 3 TX-013,F405,Tzaneen,SS-TZN-03,Tzaneen Substation 3,35.0,0.394,0.4,0.509,78.4,0,POLE-TZN-00336,-23.83124,30.18674,800,1991,2,2026-04-10,2026-03-30
T0337,Politsi Substation 2 TX-020,F482,Politsi,SS-PLT-02,Politsi Substation 2,6.3,0.264,0.343,0.387,43.7,0,POLE-PLT-00337,-23.83347,30.0313,1000,2020,1,2026-06-08,2025-02-20
T0338,Ga-Kgapane Substation 3 TX-011,F159,Ga-Kgapane,SS-GKG-03,Ga-Kgapane Substation 3,5.1,0.978,0.712,0.639,61.1,0,POLE-GKG-00338,-23.87039,30.37568,1000,2021,1,2026-03-20,2025-10-15
T0339,Bolobedu Substation 2 TX-015,F102,Bolobedu,SS-BLB-02,Bolobedu Substation 2,8.5,0.687,0.438,0.387,60.3,1,POLE-BLB-00339,-23.9654,30.37761,2000,2018,0,2025-10-19,2026-05-22
T0340,Politsi Substation 3 TX-014,F477,Politsi,SS-PLT-03,Politsi Substation 3,10.7,0.745,0.286,0.444,63.6,1,POLE-PLT-00340,-23.83114,30.06839,100,2015,1,2026-03-21,2026-03-20
T0341,Tzaneen Substation 3 TX-014,F318,Tzaneen,SS-TZN-03,Tzaneen Substation 3,5.6,0.866,0.257,0.46,59.1,1,POLE-TZN-00341,-23.8321,30.20557,100,2020,1,2026-04-26,2026-03-14
T0342,Lenyenye Substation 2 TX-016,F146,Lenyenye,SS-LNY-02,Lenyenye Substation 2,13.1,0.82,0.35,0.317,73.4,1,POLE-LNY-00342,-23.94751,30.27077,800,2013,0,2026-03-22,2026-03-27
T0343,Lenyenye Substation 3 TX-005,F311,Lenyenye,SS-LNY-03,Lenyenye Substation 3,14.2,0.41,0.454,0.555,57.0,0,POLE-LNY-00343,-23.95059,30.30292,800,2012,0,2026-03-13,2026-01-22
T0344,Xihoko Substation 1 TX-014,F258,Xihoko,SS-XHK-01,Xihoko Substation 1,17.7,0.28,0.522,0.508,57.1,0,POLE-XHK-00344,-23.77885,30.36963,1600,2008,1,2025-07-31,2026-02-20
T0345,Lenyenye Substation 2 TX-017,F453,Lenyenye,SS-LNY-02,Lenyenye Substation 2,7.4,0.812,0.78,0.612,50.2,1,POLE-LNY-00345,-23.93105,30.2718,100,2019,0,2026-06-18,2026-02-25
T0346,Ga-Kgapane Substation 3 TX-012,F128,Ga-Kgapane,SS-GKG-03,Ga-Kgapane Substation 3,25.6,0.42,0.237,0.38,64.3,1,POLE-GKG-00346,-23.871,30.3813,200,2000,1,2026-05-17,2026-05-16
T0347,Bolobedu Substation 1 TX-011,F496,Bolobedu,SS-BLB-01,Bolobedu Substation 1,16.9,0.328,0.917,0.796,46.5,0,POLE-BLB-00347,-23.96047,30.35714,315,2009,0,2026-03-29,2025-11-03
T0348,Tzaneen Substation 2 TX-015,F469,Tzaneen,SS-TZN-02,Tzaneen Substation 2,6.2,0.849,0.567,0.559,54.0,1,POLE-TZN-00348,-23.80332,30.20695,1600,2020,0,2026-05-24,2025-12-03
T0349,Nkowankowa Substation 3 TX-005,F091,Nkowankowa,SS-NKW-03,Nkowankowa Substation 3,5.6,0.343,0.8,0.836,38.7,0,POLE-NKW-00349,-23.91168,30.26855,100,2020,1,2026-07-22,2026-04-17
T0350,Xihoko Substation 1 TX-015,F083,Xihoko,SS-XHK-01,Xihoko Substation 1,8.9,0.473,0.611,0.512,52.3,0,POLE-XHK-00350,-23.77575,30.35661,2000,2017,3,2025-11-28,2026-05-06
T0351,Politsi Substation 2 TX-021,F267,Politsi,SS-PLT-02,Politsi Substation 2,14.2,0.852,0.835,0.627,64.2,0,POLE-PLT-00351,-23.82845,30.02797,50,2012,1,2026-01-30,2026-02-16
T0352,Xihoko Substation 2 TX-013,F023,Xihoko,SS-XHK-02,Xihoko Substation 2,15.6,0.216,0.755,0.612,54.0,0,POLE-XHK-00352,-23.79476,30.3084,2000,2010,2,2026-07-05,2026-06-22
T0353,Politsi Substation 3 TX-015,F150,Politsi,SS-PLT-03,Politsi Substation 3,16.9,0.919,0.538,0.649,69.4,0,POLE-PLT-00353,-23.83192,30.07262,1000,2009,1,2026-04-15,2025-10-14
T0354,Bolobedu Substation 1 TX-012,F218,Bolobedu,SS-BLB-01,Bolobedu Substation 1,35.0,0.217,0.575,0.715,60.4,1,POLE-BLB-00354,-23.95505,30.34659,100,1991,2,2026-07-13,2025-10-17
T0355,Bolobedu Substation 3 TX-009,F485,Bolobedu,SS-BLB-03,Bolobedu Substation 3,2.1,0.436,0.896,0.636,45.7,0,POLE-BLB-00355,-23.99519,30.44874,2000,2024,0,2026-04-02,2025-12-30
T0356,Politsi Substation 1 TX-013,F497,Politsi,SS-PLT-01,Politsi Substation 1,10.2,0.273,0.63,0.689,44.1,0,POLE-PLT-00356,-23.78683,30.07404,50,2016,2,2026-02-21,2024-11-08
T0357,Xihoko Substation 3 TX-017,F076,Xihoko,SS-XHK-03,Xihoko Substation 3,35.0,0.492,0.606,0.572,66.3,0,POLE-XHK-00357,-23.71447,30.36382,315,1991,2,2026-04-28,2025-08-24
T0358,Lenyenye Substation 3 TX-006,F446,Lenyenye,SS-LNY-03,Lenyenye Substation 3,18.3,0.593,0.613,0.503,57.0,0,POLE-LNY-00358,-23.95421,30.29291,1000,2008,1,2026-01-14,2025-05-13
T0359,Bolobedu Substation 1 TX-013,F046,Bolobedu,SS-BLB-01,Bolobedu Substation 1,4.8,0.324,0.352,0.565,43.7,0,POLE-BLB-00359,-23.97221,30.34852,315,2021,2,2026-07-06,2025-09-07
T0360,Bolobedu Substation 3 TX-010,F375,Bolobedu,SS-BLB-03,Bolobedu Substation 3,12.7,0.511,0.391,0.533,57.0,1,POLE-BLB-00360,-23.98799,30.45613,315,2013,0,2026-03-15,2025-08-25
T0361,Modjadjiskloof Substation 1 TX-014,F423,Modjadjiskloof,SS-MDK-01,Modjadjiskloof Substation 1,9.8,0.337,0.93,0.874,51.3,0,POLE-MDK-00361,-23.72413,30.1091,200,2016,1,2026-07-23,2026-01-23
T0362,Lenyenye Substation 3 TX-007,F446,Lenyenye,SS-LNY-03,Lenyenye Substation 3,9.5,0.53,0.39,0.53,53.1,0,POLE-LNY-00362,-23.96169,30.30396,100,2016,0,2026-06-11,2025-06-05
T0363,Bolobedu Substation 1 TX-014,F112,Bolobedu,SS-BLB-01,Bolobedu Substation 1,7.3,0.328,0.693,0.751,40.1,0,POLE-BLB-00363,-23.9661,30.35652,800,2019,0,2026-07-15,2026-01-05
T0364,Ga-Kgapane Substation 2 TX-016,F447,Ga-Kgapane,SS-GKG-02,Ga-Kgapane Substation 2,12.0,0.563,0.925,0.705,57.7,0,POLE-GKG-00364,-23.84031,30.3535,500,2014,0,2026-01-28,2026-05-14
T0365,Lenyenye Substation 1 TX-010,F058,Lenyenye,SS-LNY-01,Lenyenye Substation 1,22.6,0.311,0.372,0.489,47.6,1,POLE-LNY-00365,-23.96094,30.26071,1600,2003,0,2025-12-03,2025-04-09
T0366,Politsi Substation 1 TX-014,F260,Politsi,SS-PLT-01,Politsi Substation 1,7.9,0.555,0.772,0.612,57.1,0,POLE-PLT-00366,-23.79743,30.06592,500,2018,0,2026-07-20,2025-09-28
T0367,Ga-Kgapane Substation 1 TX-017,F235,Ga-Kgapane,SS-GKG-01,Ga-Kgapane Substation 1,17.0,0.3,0.646,0.552,45.7,0,POLE-GKG-00367,-23.84833,30.29422,500,2009,1,2026-04-08,2026-04-23
T0368,Tzaneen Substation 2 TX-016,F158,Tzaneen,SS-TZN-02,Tzaneen Substation 2,19.0,0.432,0.557,0.549,60.3,0,POLE-TZN-00368,-23.80772,30.19514,100,2007,4,2026-07-17,2025-12-21
T0369,Modjadjiskloof Substation 1 TX-015,F012,Modjadjiskloof,SS-MDK-01,Modjadjiskloof Substation 1,25.5,0.616,0.564,0.507,63.3,0,POLE-MDK-00369,-23.71088,30.11605,200,2001,0,2026-02-20,2026-06-07
T0370,Xihoko Substation 1 TX-016,F387,Xihoko,SS-XHK-01,Xihoko Substation 1,5.5,0.33,0.371,0.399,51.0,0,POLE-XHK-00370,-23.78063,30.37121,50,2021,1,2025-12-21,2024-09-17
T0371,Modjadjiskloof Substation 1 TX-016,F168,Modjadjiskloof,SS-MDK-01,Modjadjiskloof Substation 1,11.3,0.166,0.351,0.26,62.2,0,POLE-MDK-00371,-23.72249,30.12109,2000,2015,1,2026-01-16,2025-07-01
T0372,Bolobedu Substation 2 TX-016,F331,Bolobedu,SS-BLB-02,Bolobedu Substation 2,6.7,0.156,0.408,0.34,43.1,0,POLE-BLB-00372,-23.94597,30.36267,1600,2019,1,2026-03-11,2026-05-03
T0373,Xihoko Substation 1 TX-017,F206,Xihoko,SS-XHK-01,Xihoko Substation 1,12.0,0.625,0.375,0.364,55.4,1,POLE-XHK-00373,-23.77327,30.37253,200,2014,2,2026-04-21,2025-12-05
T0374,Modjadjiskloof Substation 2 TX-013,F187,Modjadjiskloof,SS-MDK-02,Modjadjiskloof Substation 2,11.9,0.738,0.605,0.432,62.0,0,POLE-MDK-00374,-23.76953,30.12781,500,2014,1,2026-04-09,2026-04-19
T0375,Haenertsburg Substation 1 TX-010,F444,Haenertsburg,SS-HBG-01,Haenertsburg Substation 1,4.4,0.856,0.19,0.237,70.8,0,POLE-HBG-00375,-23.94461,29.9606,800,2022,0,2026-06-01,2026-01-12
T0376,Xihoko Substation 2 TX-014,F048,Xihoko,SS-XHK-02,Xihoko Substation 2,12.5,0.734,0.6,0.626,59.3,1,POLE-XHK-00376,-23.80552,30.30254,200,2014,2,2026-04-02,2025-09-23
T0377,Xihoko Substation 3 TX-018,F369,Xihoko,SS-XHK-03,Xihoko Substation 3,35.0,0.488,0.763,0.792,63.7,1,POLE-XHK-00377,-23.71327,30.37834,100,1991,0,2026-05-31,2025-08-25
T0378,Modjadjiskloof Substation 3 TX-010,F374,Modjadjiskloof,SS-MDK-03,Modjadjiskloof Substation 3,15.7,0.113,0.602,0.689,46.3,0,POLE-MDK-00378,-23.71542,30.12456,2000,2010,0,2026-07-14,2026-05-23
T0379,Xihoko Substation 2 TX-015,F190,Xihoko,SS-XHK-02,Xihoko Substation 2,3.6,0.297,0.343,0.443,41.7,0,POLE-XHK-00379,-23.79883,30.30379,315,2022,2,2026-06-15,2024-10-11
T0380,Nkowankowa Substation 1 TX-015,F132,Nkowankowa,SS-NKW-01,Nkowankowa Substation 1,5.2,0.595,0.964,0.722,50.1,0,POLE-NKW-00380,-23.90953,30.23136,1000,2021,2,2026-04-08,2025-05-26
T0381,Lenyenye Substation 1 TX-011,F003,Lenyenye,SS-LNY-01,Lenyenye Substation 1,10.9,0.34,0.824,0.772,44.2,0,POLE-LNY-00381,-23.95763,30.26697,800,2015,1,2026-07-16,2026-03-18
T0382,Tzaneen Substation 2 TX-017,F469,Tzaneen,SS-TZN-02,Tzaneen Substation 2,5.3,0.639,0.424,0.465,61.5,1,POLE-TZN-00382,-23.80089,30.17844,315,2021,0,2026-03-28,2026-03-13
T0383,Xihoko Substation 3 TX-019,F474,Xihoko,SS-XHK-03,Xihoko Substation 3,24.6,0.607,0.486,0.634,66.7,1,POLE-XHK-00383,-23.72323,30.36332,800,2001,0,2026-05-15,2025-07-27
T0384,Bolobedu Substation 1 TX-015,F121,Bolobedu,SS-BLB-01,Bolobedu Substation 1,3.2,0.639,0.262,0.339,49.3,0,POLE-BLB-00384,-23.95881,30.35981,200,2023,2,2026-06-13,2023-02-27
T0385,Nkowankowa Substation 1 TX-016,F016,Nkowankowa,SS-NKW-01,Nkowankowa Substation 1,15.7,0.439,0.786,0.692,51.2,0,POLE-NKW-00385,-23.89709,30.23927,200,2010,1,2026-02-15,2026-01-04
T0386,Bolobedu Substation 1 TX-016,F062,Bolobedu,SS-BLB-01,Bolobedu Substation 1,2.6,0.831,0.894,0.818,53.8,0,POLE-BLB-00386,-23.96047,30.35966,1000,2023,0,2026-02-20,2026-04-03
T0387,Tzaneen Substation 3 TX-015,F034,Tzaneen,SS-TZN-03,Tzaneen Substation 3,10.8,0.435,0.72,0.7,44.5,0,POLE-TZN-00387,-23.83198,30.18556,1000,2015,0,2026-07-12,2026-03-29
T0388,Tzaneen Substation 3 TX-016,F416,Tzaneen,SS-TZN-03,Tzaneen Substation 3,4.7,0.84,0.603,0.695,49.4,0,POLE-TZN-00388,-23.83289,30.18945,1000,2021,1,2026-04-14,2026-07-17
T0389,Lenyenye Substation 3 TX-008,F446,Lenyenye,SS-LNY-03,Lenyenye Substation 3,17.7,0.314,0.28,0.408,53.9,0,POLE-LNY-00389,-23.95613,30.30337,1000,2008,2,2026-04-19,2026-03-23
T0390,Nkowankowa Substation 2 TX-014,F077,Nkowankowa,SS-NKW-02,Nkowankowa Substation 2,22.0,0.813,0.872,0.784,64.7,0,POLE-NKW-00390,-23.93787,30.25896,1600,2004,2,2026-05-16,2026-07-17
T0391,Modjadjiskloof Substation 3 TX-011,F374,Modjadjiskloof,SS-MDK-03,Modjadjiskloof Substation 3,14.1,0.619,0.759,0.592,62.6,1,POLE-MDK-00391,-23.70623,30.12638,200,2012,0,2025-06-27,2025-05-17
T0392,Xihoko Substation 2 TX-016,F090,Xihoko,SS-XHK-02,Xihoko Substation 2,22.7,0.309,0.591,0.671,55.5,0,POLE-XHK-00392,-23.79488,30.29764,50,2003,4,2026-05-22,2025-03-25
T0393,Nkowankowa Substation 2 TX-015,F184,Nkowankowa,SS-NKW-02,Nkowankowa Substation 2,0.8,0.184,0.226,0.335,56.8,0,POLE-NKW-00393,-23.94511,30.24675,200,2025,2,2026-05-26,2026-01-09
T0394,Modjadjiskloof Substation 1 TX-017,F300,Modjadjiskloof,SS-MDK-01,Modjadjiskloof Substation 1,12.4,0.729,0.218,0.484,57.4,0,POLE-MDK-00394,-23.71737,30.12181,800,2014,1,2026-03-31,2025-12-09
T0395,Lenyenye Substation 1 TX-012,F360,Lenyenye,SS-LNY-01,Lenyenye Substation 1,15.6,0.426,0.865,0.784,54.3,0,POLE-LNY-00395,-23.9663,30.28322,800,2010,1,2026-04-30,2026-05-02
T0396,Xihoko Substation 1 TX-018,F438,Xihoko,SS-XHK-01,Xihoko Substation 1,17.0,0.46,0.698,0.558,50.7,1,POLE-XHK-00396,-23.77332,30.36903,200,2009,2,2026-06-01,2026-03-31
T0397,Xihoko Substation 2 TX-017,F023,Xihoko,SS-XHK-02,Xihoko Substation 2,15.0,0.586,0.561,0.433,68.1,0,POLE-XHK-00397,-23.78882,30.29579,1600,2011,1,2025-04-21,2025-11-21
T0398,Xihoko Substation 2 TX-018,F099,Xihoko,SS-XHK-02,Xihoko Substation 2,17.2,0.415,0.607,0.645,60.6,0,POLE-XHK-00398,-23.79269,30.29608,2000,2009,0,2026-06-16,2025-11-05
T0399,Xihoko Substation 2 TX-019,F141,Xihoko,SS-XHK-02,Xihoko Substation 2,12.3,0.791,0.49,0.559,64.2,0,POLE-XHK-00399,-23.79824,30.29964,100,2014,0,2026-02-06,2024-07-15
T0400,Politsi Substation 1 TX-015,F156,Politsi,SS-PLT-01,Politsi Substation 1,3.7,0.585,0.51,0.611,41.4,0,POLE-PLT-00400,-23.79713,30.06644,50,2022,2,2025-10-21,2026-06-09
T0401,Modjadjiskloof Substation 1 TX-018,F500,Modjadjiskloof,SS-MDK-01,Modjadjiskloof Substation 1,7.3,0.85,0.316,0.416,65.1,1,POLE-MDK-00401,-23.73076,30.11535,1000,2019,0,2026-07-24,2025-12-11
T0402,Bolobedu Substation 3 TX-011,F389,Bolobedu,SS-BLB-03,Bolobedu Substation 3,24.7,0.325,0.628,0.755,50.3,0,POLE-BLB-00402,-23.99217,30.45435,500,2001,1,2026-03-23,2025-12-15
T0403,Tzaneen Substation 2 TX-018,F161,Tzaneen,SS-TZN-02,Tzaneen Substation 2,22.9,0.491,0.711,0.74,59.5,0,POLE-TZN-00403,-23.80222,30.18974,1000,2003,0,2026-06-19,2026-02-28
T0404,Haenertsburg Substation 1 TX-011,F486,Haenertsburg,SS-HBG-01,Haenertsburg Substation 1,15.4,0.483,0.284,0.532,49.0,1,POLE-HBG-00404,-23.95132,29.96589,1000,2011,1,2026-06-13,2025-08-06
T0405,Politsi Substation 3 TX-016,F250,Politsi,SS-PLT-03,Politsi Substation 3,17.9,0.257,0.092,0.239,59.5,0,POLE-PLT-00405,-23.81489,30.0717,50,2008,0,2026-03-28,2024-11-10
T0406,Tzaneen Substation 2 TX-019,F251,Tzaneen,SS-TZN-02,Tzaneen Substation 2,21.2,0.825,0.762,0.748,61.6,0,POLE-TZN-00406,-23.80961,30.19169,1000,2005,0,2026-01-05,2026-02-27
T0407,Politsi Substation 1 TX-016,F217,Politsi,SS-PLT-01,Politsi Substation 1,15.3,0.56,0.618,0.594,52.9,0,POLE-PLT-00407,-23.80155,30.04768,100,2011,2,2026-01-30,2026-01-06
T0408,Tzaneen Substation 3 TX-017,F072,Tzaneen,SS-TZN-03,Tzaneen Substation 3,24.2,0.402,0.537,0.484,63.6,1,POLE-TZN-00408,-23.82996,30.18833,800,2002,0,2026-07-13,2026-02-21
T0409,Haenertsburg Substation 2 TX-024,F468,Haenertsburg,SS-HBG-02,Haenertsburg Substation 2,23.7,0.314,0.753,0.598,56.1,0,POLE-HBG-00409,-23.97747,29.93163,2000,2002,2,2026-02-24,2025-08-15
T0410,Politsi Substation 1 TX-017,F007,Politsi,SS-PLT-01,Politsi Substation 1,35.0,0.536,0.734,0.606,66.9,0,POLE-PLT-00410,-23.78779,30.06495,500,1991,1,2026-06-21,2026-04-22
T0411,Nkowankowa Substation 2 TX-016,F088,Nkowankowa,SS-NKW-02,Nkowankowa Substation 2,7.5,0.161,0.469,0.573,47.4,0,POLE-NKW-00411,-23.94398,30.25349,315,2018,3,2025-11-24,2025-05-10
T0412,Nkowankowa Substation 1 TX-017,F115,Nkowankowa,SS-NKW-01,Nkowankowa Substation 1,7.6,0.515,0.467,0.456,63.2,0,POLE-NKW-00412,-23.90902,30.23998,2000,2018,1,2026-07-20,2026-03-08
T0413,Bolobedu Substation 3 TX-012,F140,Bolobedu,SS-BLB-03,Bolobedu Substation 3,14.5,0.338,0.682,0.602,52.7,0,POLE-BLB-00413,-23.99107,30.45239,315,2011,0,2026-03-23,2025-10-10
T0414,Ga-Kgapane Substation 1 TX-018,F066,Ga-Kgapane,SS-GKG-01,Ga-Kgapane Substation 1,35.0,0.45,0.752,0.754,54.3,0,POLE-GKG-00414,-23.8317,30.29485,800,1991,1,2026-06-26,2025-11-27
T0415,Modjadjiskloof Substation 1 TX-019,F009,Modjadjiskloof,SS-MDK-01,Modjadjiskloof Substation 1,25.5,0.355,0.659,0.754,47.7,0,POLE-MDK-00415,-23.71047,30.12697,100,2001,0,2026-02-08,2025-03-20
T0416,Nkowankowa Substation 2 TX-017,F339,Nkowankowa,SS-NKW-02,Nkowankowa Substation 2,19.4,0.774,0.373,0.315,69.4,1,POLE-NKW-00416,-23.94602,30.25609,500,2007,3,2025-08-05,2026-06-07
T0417,Bolobedu Substation 3 TX-013,F485,Bolobedu,SS-BLB-03,Bolobedu Substation 3,26.6,0.691,0.252,0.462,74.0,1,POLE-BLB-00417,-23.98847,30.45083,50,1999,0,2026-04-09,2025-02-14
T0418,Lenyenye Substation 1 TX-013,F061,Lenyenye,SS-LNY-01,Lenyenye Substation 1,15.8,0.711,0.727,0.716,58.9,0,POLE-LNY-00418,-23.95258,30.27383,1600,2010,0,2026-06-10,2026-05-01
T0419,Tzaneen Substation 1 TX-013,F149,Tzaneen,SS-TZN-01,Tzaneen Substation 1,9.0,0.419,0.586,0.568,53.0,0,POLE-TZN-00419,-23.82128,30.1638,800,2017,1,2026-05-16,2025-04-16
T0420,Tzaneen Substation 3 TX-018,F254,Tzaneen,SS-TZN-03,Tzaneen Substation 3,35.0,0.575,0.647,0.599,68.6,1,POLE-TZN-00420,-23.83551,30.18962,315,1991,2,2026-05-06,2026-05-02
T0421,Xihoko Substation 1 TX-019,F464,Xihoko,SS-XHK-01,Xihoko Substation 1,15.0,0.279,0.197,0.303,60.5,1,POLE-XHK-00421,-23.78798,30.36745,1000,2011,3,2026-01-17,2025-09-25
T0422,Ga-Kgapane Substation 2 TX-017,F348,Ga-Kgapane,SS-GKG-02,Ga-Kgapane Substation 2,23.4,0.492,0.624,0.744,60.6,0,POLE-GKG-00422,-23.84979,30.36095,800,2003,1,2026-07-12,2026-03-22
T0423,Tzaneen Substation 3 TX-019,F384,Tzaneen,SS-TZN-03,Tzaneen Substation 3,0.8,0.945,0.407,0.418,54.7,0,POLE-TZN-00423,-23.82704,30.1919,315,2025,0,2026-06-22,2025-03-11
T0424,Nkowankowa Substation 2 TX-018,F291,Nkowankowa,SS-NKW-02,Nkowankowa Substation 2,1.1,0.605,0.882,0.674,50.1,0,POLE-NKW-00424,-23.95156,30.24551,200,2025,0,2026-05-18,2026-05-14
T0425,Tzaneen Substation 2 TX-020,F209,Tzaneen,SS-TZN-02,Tzaneen Substation 2,12.6,0.894,0.459,0.401,58.3,1,POLE-TZN-00425,-23.80557,30.19359,50,2013,1,2026-04-17,2026-05-25
T0426,Haenertsburg Substation 3 TX-015,F100,Haenertsburg,SS-HBG-03,Haenertsburg Substation 3,5.3,0.207,0.464,0.635,44.6,0,POLE-HBG-00426,-24.00842,29.92606,100,2021,1,2026-06-27,2025-11-11
T0427,Tzaneen Substation 3 TX-020,F433,Tzaneen,SS-TZN-03,Tzaneen Substation 3,13.5,0.341,0.831,0.797,45.8,0,POLE-TZN-00427,-23.83653,30.19178,315,2013,1,2026-02-18,2026-05-15
T0428,Ga-Kgapane Substation 1 TX-019,F403,Ga-Kgapane,SS-GKG-01,Ga-Kgapane Substation 1,7.6,0.594,0.22,0.403,57.2,0,POLE-GKG-00428,-23.842,30.29945,500,2018,2,2026-05-20,2025-07-13
T0429,Lenyenye Substation 1 TX-014,F013,Lenyenye,SS-LNY-01,Lenyenye Substation 1,35.0,0.443,0.35,0.443,70.4,1,POLE-LNY-00429,-23.95579,30.26116,2000,1991,0,2025-06-06,2025-08-24
T0430,Lenyenye Substation 3 TX-009,F358,Lenyenye,SS-LNY-03,Lenyenye Substation 3,22.2,0.804,0.917,0.682,66.1,0,POLE-LNY-00430,-23.94916,30.29648,315,2004,2,2026-04-30,2026-01-05
T0431,Nkowankowa Substation 1 TX-018,F043,Nkowankowa,SS-NKW-01,Nkowankowa Substation 1,28.2,0.719,0.541,0.596,75.1,0,POLE-NKW-00431,-23.89764,30.24023,500,1998,1,2026-01-29,2025-12-07
T0432,Modjadjiskloof Substation 3 TX-012,F370,Modjadjiskloof,SS-MDK-03,Modjadjiskloof Substation 3,1.4,0.56,0.814,0.743,46.0,0,POLE-MDK-00432,-23.71811,30.12907,50,2025,0,2026-05-03,2025-11-01
T0433,Lenyenye Substation 1 TX-015,F413,Lenyenye,SS-LNY-01,Lenyenye Substation 1,19.3,0.453,0.337,0.52,59.1,0,POLE-LNY-00433,-23.97111,30.25831,50,2007,3,2026-05-17,2025-12-17
T0434,Ga-Kgapane Substation 1 TX-020,F066,Ga-Kgapane,SS-GKG-01,Ga-Kgapane Substation 1,9.8,0.439,0.422,0.566,58.0,1,POLE-GKG-00434,-23.83798,30.30285,500,2016,2,2026-03-23,2026-03-11
T0435,Politsi Substation 1 TX-018,F217,Politsi,SS-PLT-01,Politsi Substation 1,28.6,0.481,0.469,0.434,75.4,1,POLE-PLT-00435,-23.79622,30.07449,315,1997,2,2026-05-01,2025-12-10
T0436,Bolobedu Substation 1 TX-017,F062,Bolobedu,SS-BLB-01,Bolobedu Substation 1,17.4,0.749,0.52,0.66,61.0,0,POLE-BLB-00436,-23.96578,30.35933,800,2009,1,2026-07-05,2026-01-26
T0437,Haenertsburg Substation 2 TX-025,F284,Haenertsburg,SS-HBG-02,Haenertsburg Substation 2,10.9,0.212,0.544,0.595,43.9,0,POLE-HBG-00437,-23.9918,29.93194,1600,2015,1,2026-07-05,2025-11-30
T0438,Xihoko Substation 1 TX-020,F464,Xihoko,SS-XHK-01,Xihoko Substation 1,4.0,0.35,0.781,0.76,40.1,0,POLE-XHK-00438,-23.77585,30.36786,50,2022,2,2026-06-04,2024-08-16
T0439,Haenertsburg Substation 3 TX-016,F041,Haenertsburg,SS-HBG-03,Haenertsburg Substation 3,12.5,0.233,0.212,0.243,56.5,1,POLE-HBG-00439,-24.02393,29.93309,100,2014,0,2026-01-16,2025-11-06
T0440,Ga-Kgapane Substation 3 TX-013,F199,Ga-Kgapane,SS-GKG-03,Ga-Kgapane Substation 3,24.3,0.409,0.19,0.317,62.9,0,POLE-GKG-00440,-23.86031,30.38839,800,2002,3,2026-04-23,2024-07-21
T0441,Politsi Substation 2 TX-022,F487,Politsi,SS-PLT-02,Politsi Substation 2,29.6,0.291,0.452,0.533,51.8,0,POLE-PLT-00441,-23.83096,30.03124,50,1996,1,2026-05-09,2025-03-19
T0442,Tzaneen Substation 2 TX-021,F151,Tzaneen,SS-TZN-02,Tzaneen Substation 2,8.6,0.578,0.517,0.56,59.4,0,POLE-TZN-00442,-23.80317,30.19538,200,2017,2,2026-02-24,2026-04-14
T0443,Tzaneen Substation 1 TX-014,F067,Tzaneen,SS-TZN-01,Tzaneen Substation 1,35.0,0.454,0.972,0.743,67.7,0,POLE-TZN-00443,-23.82625,30.17321,1000,1991,4,2026-06-18,2026-05-20
T0444,Xihoko Substation 3 TX-020,F245,Xihoko,SS-XHK-03,Xihoko Substation 3,23.1,0.394,0.796,0.876,58.5,0,POLE-XHK-00444,-23.73304,30.3734,50,2003,5,2025-08-24,2026-01-18
T0445,Modjadjiskloof Substation 3 TX-013,F255,Modjadjiskloof,SS-MDK-03,Modjadjiskloof Substation 3,5.4,0.211,0.951,0.784,46.5,0,POLE-MDK-00445,-23.72288,30.12166,800,2021,0,2026-06-27,2025-07-22
T0446,Nkowankowa Substation 2 TX-019,F332,Nkowankowa,SS-NKW-02,Nkowankowa Substation 2,4.4,0.355,0.607,0.564,47.2,0,POLE-NKW-00446,-23.94763,30.25424,50,2022,0,2026-01-31,2025-12-21
T0447,Bolobedu Substation 1 TX-018,F157,Bolobedu,SS-BLB-01,Bolobedu Substation 1,10.3,0.872,0.938,0.899,56.5,0,POLE-BLB-00447,-23.95175,30.34971,1000,2016,0,2026-05-24,2026-01-22
T0448,Lenyenye Substation 2 TX-018,F478,Lenyenye,SS-LNY-02,Lenyenye Substation 2,8.5,0.448,0.937,0.866,50.4,0,POLE-LNY-00448,-23.93133,30.28152,1000,2017,1,2025-06-22,2026-01-22
T0449,Ga-Kgapane Substation 2 TX-018,F261,Ga-Kgapane,SS-GKG-02,Ga-Kgapane Substation 2,15.9,0.8,0.701,0.594,56.4,0,POLE-GKG-00449,-23.847,30.35444,50,2010,1,2026-06-03,2024-09-23
T0450,Bolobedu Substation 2 TX-017,F144,Bolobedu,SS-BLB-02,Bolobedu Substation 2,11.6,0.531,0.321,0.485,54.1,0,POLE-BLB-00450,-23.95432,30.36914,500,2014,1,2026-01-05,2025-04-05
T0451,Politsi Substation 1 TX-019,F481,Politsi,SS-PLT-01,Politsi Substation 1,9.1,0.777,0.202,0.288,63.1,1,POLE-PLT-00451,-23.79536,30.07021,500,2017,2,2026-03-25,2026-01-05
T0452,Tzaneen Substation 2 TX-022,F463,Tzaneen,SS-TZN-02,Tzaneen Substation 2,2.7,0.439,0.718,0.784,47.8,0,POLE-TZN-00452,-23.80173,30.20085,2000,2023,0,2026-07-24,2026-06-13
T0453,Politsi Substation 3 TX-017,F250,Politsi,SS-PLT-03,Politsi Substation 3,17.8,0.685,0.51,0.531,59.5,0,POLE-PLT-00453,-23.82758,30.06662,50,2008,1,2026-04-15,2025-11-30
T0454,Lenyenye Substation 1 TX-016,F013,Lenyenye,SS-LNY-01,Lenyenye Substation 1,2.5,0.257,0.595,0.614,38.5,0,POLE-LNY-00454,-23.9694,30.25935,1000,2023,0,2026-05-27,2025-12-31
T0455,Modjadjiskloof Substation 3 TX-014,F299,Modjadjiskloof,SS-MDK-03,Modjadjiskloof Substation 3,23.2,0.724,0.405,0.345,67.4,1,POLE-MDK-00455,-23.70464,30.11912,500,2003,1,2026-03-11,2022-09-26
T0456,Modjadjiskloof Substation 1 TX-020,F278,Modjadjiskloof,SS-MDK-01,Modjadjiskloof Substation 1,1.6,0.727,0.901,0.843,50.1,0,POLE-MDK-00456,-23.71761,30.1231,2000,2024,0,2026-06-27,2026-01-29
T0457,Bolobedu Substation 2 TX-018,F075,Bolobedu,SS-BLB-02,Bolobedu Substation 2,2.4,0.86,0.657,0.573,55.7,0,POLE-BLB-00457,-23.95367,30.3658,1000,2024,0,2026-07-26,2025-11-20
T0458,Bolobedu Substation 2 TX-019,F317,Bolobedu,SS-BLB-02,Bolobedu Substation 2,5.4,0.342,0.441,0.511,40.3,0,POLE-BLB-00458,-23.94852,30.3701,200,2021,0,2025-09-11,2026-01-15
T0459,Haenertsburg Substation 1 TX-012,F421,Haenertsburg,SS-HBG-01,Haenertsburg Substation 1,8.0,0.698,0.547,0.608,48.9,0,POLE-HBG-00459,-23.93957,29.95792,50,2018,1,2026-06-03,2026-02-09
T0460,Nkowankowa Substation 1 TX-019,F053,Nkowankowa,SS-NKW-01,Nkowankowa Substation 1,6.7,0.521,0.59,0.727,49.1,0,POLE-NKW-00460,-23.90155,30.23297,800,2019,2,2026-02-02,2025-07-20
T0461,Tzaneen Substation 2 TX-023,F362,Tzaneen,SS-TZN-02,Tzaneen Substation 2,7.9,0.375,0.574,0.653,48.1,0,POLE-TZN-00461,-23.80416,30.19824,1600,2018,1,2026-05-04,2025-07-16
T0462,Ga-Kgapane Substation 2 TX-019,F071,Ga-Kgapane,SS-GKG-02,Ga-Kgapane Substation 2,13.7,0.654,0.892,0.772,54.8,1,POLE-GKG-00462,-23.83671,30.35888,800,2012,1,2026-05-09,2026-02-16
T0463,Bolobedu Substation 3 TX-014,F375,Bolobedu,SS-BLB-03,Bolobedu Substation 3,5.5,0.39,0.491,0.648,43.9,0,POLE-BLB-00463,-23.99149,30.45043,800,2021,1,2026-04-01,2025-08-25
T0464,Nkowankowa Substation 1 TX-020,F210,Nkowankowa,SS-NKW-01,Nkowankowa Substation 1,13.8,0.569,0.656,0.492,61.9,0,POLE-NKW-00464,-23.9096,30.24511,500,2012,1,2026-05-27,2025-10-18
T0465,Nkowankowa Substation 3 TX-006,F004,Nkowankowa,SS-NKW-03,Nkowankowa Substation 3,0.8,0.169,0.333,0.266,47.3,0,POLE-NKW-00465,-23.92337,30.26339,315,2025,1,2026-03-27,2025-07-31
T0466,Bolobedu Substation 2 TX-020,F484,Bolobedu,SS-BLB-02,Bolobedu Substation 2,5.3,0.759,0.321,0.276,62.6,1,POLE-BLB-00466,-23.94541,30.36953,2000,2021,0,2025-12-26,2026-03-05
T0467,Xihoko Substation 1 TX-021,F083,Xihoko,SS-XHK-01,Xihoko Substation 1,2.2,0.515,0.749,0.751,47.0,0,POLE-XHK-00467,-23.77511,30.37326,100,2024,0,2026-05-05,2025-09-12
T0468,Modjadjiskloof Substation 3 TX-015,F299,Modjadjiskloof,SS-MDK-03,Modjadjiskloof Substation 3,23.0,0.477,0.956,0.834,63.3,0,POLE-MDK-00468,-23.7121,30.11291,500,2003,1,2026-03-28,2026-03-02
T0469,Nkowankowa Substation 3 TX-007,F091,Nkowankowa,SS-NKW-03,Nkowankowa Substation 3,6.1,0.619,0.791,0.867,42.6,0,POLE-NKW-00469,-23.92563,30.26118,1600,2020,1,2026-06-09,2025-07-04
T0470,Tzaneen Substation 1 TX-015,F467,Tzaneen,SS-TZN-01,Tzaneen Substation 1,17.0,0.776,0.814,0.667,59.2,1,POLE-TZN-00470,-23.81501,30.15739,200,2009,0,2026-05-21,2026-05-27
T0471,Modjadjiskloof Substation 3 TX-016,F370,Modjadjiskloof,SS-MDK-03,Modjadjiskloof Substation 3,1.8,0.248,0.692,0.737,37.6,0,POLE-MDK-00471,-23.72004,30.13121,315,2024,0,2026-07-01,2026-02-22
T0472,Ga-Kgapane Substation 1 TX-021,F403,Ga-Kgapane,SS-GKG-01,Ga-Kgapane Substation 1,29.3,0.674,0.406,0.575,74.3,1,POLE-GKG-00472,-23.84167,30.2991,1000,1997,2,2026-03-04,2026-05-16
T0473,Politsi Substation 1 TX-020,F217,Politsi,SS-PLT-01,Politsi Substation 1,12.0,0.371,0.54,0.596,48.8,0,POLE-PLT-00473,-23.80021,30.07376,100,2014,0,2026-05-02,2025-05-06
T0474,Politsi Substation 3 TX-018,F234,Politsi,SS-PLT-03,Politsi Substation 3,11.1,0.583,0.595,0.489,52.7,0,POLE-PLT-00474,-23.82284,30.07029,200,2015,2,2026-04-14,2025-08-30
T0475,Tzaneen Substation 3 TX-021,F318,Tzaneen,SS-TZN-03,Tzaneen Substation 3,2.8,0.477,0.866,0.712,44.8,0,POLE-TZN-00475,-23.83304,30.20179,1000,2023,1,2026-01-16,2026-05-30
T0476,Ga-Kgapane Substation 1 TX-022,F393,Ga-Kgapane,SS-GKG-01,Ga-Kgapane Substation 1,4.8,0.226,0.5,0.578,44.0,0,POLE-GKG-00476,-23.82905,30.30815,50,2021,0,2026-04-27,2025-11-08
T0477,Politsi Substation 3 TX-019,F424,Politsi,SS-PLT-03,Politsi Substation 3,9.3,0.42,0.782,0.829,51.9,0,POLE-PLT-00477,-23.82441,30.06662,315,2017,2,2026-01-11,2026-02-27
T0478,Modjadjiskloof Substation 1 TX-021,F009,Modjadjiskloof,SS-MDK-01,Modjadjiskloof Substation 1,4.9,0.361,0.632,0.743,41.6,0,POLE-MDK-00478,-23.72591,30.12207,800,2021,1,2026-06-17,2026-02-27
T0479,Nkowankowa Substation 2 TX-020,F332,Nkowankowa,SS-NKW-02,Nkowankowa Substation 2,21.5,0.681,0.199,0.306,65.0,0,POLE-NKW-00479,-23.94434,30.24441,1600,2004,3,2026-05-22,2025-09-28
T0480,Xihoko Substation 1 TX-022,F055,Xihoko,SS-XHK-01,Xihoko Substation 1,11.8,0.393,0.537,0.521,47.8,0,POLE-XHK-00480,-23.78406,30.37319,100,2014,0,2026-06-11,2024-04-19
T0481,Bolobedu Substation 2 TX-021,F144,Bolobedu,SS-BLB-02,Bolobedu Substation 2,5.0,0.795,0.458,0.659,52.9,1,POLE-BLB-00481,-23.94216,30.37672,500,2021,1,2026-06-28,2024-07-26
T0482,Bolobedu Substation 3 TX-015,F415,Bolobedu,SS-BLB-03,Bolobedu Substation 3,19.3,0.552,0.704,0.549,72.7,0,POLE-BLB-00482,-23.98249,30.46053,1000,2007,1,2026-04-30,2025-10-27
T0483,Bolobedu Substation 1 TX-019,F126,Bolobedu,SS-BLB-01,Bolobedu Substation 1,8.4,0.471,0.603,0.582,52.8,0,POLE-BLB-00483,-23.97219,30.36181,315,2018,1,2026-03-13,2025-12-30
T0484,Bolobedu Substation 3 TX-016,F399,Bolobedu,SS-BLB-03,Bolobedu Substation 3,18.8,0.842,0.788,0.654,67.0,0,POLE-BLB-00484,-23.98442,30.45185,315,2007,0,2025-10-20,2026-06-01
T0485,Modjadjiskloof Substation 2 TX-014,F232,Modjadjiskloof,SS-MDK-02,Modjadjiskloof Substation 2,7.4,0.253,0.491,0.429,48.3,0,POLE-MDK-00485,-23.77819,30.13081,500,2019,2,2026-04-29,2025-09-16
T0486,Politsi Substation 1 TX-021,F117,Politsi,SS-PLT-01,Politsi Substation 1,16.2,0.618,0.346,0.5,61.0,1,POLE-PLT-00486,-23.80363,30.06366,1600,2010,1,2025-09-08,2024-03-08
T0487,Modjadjiskloof Substation 1 TX-022,F168,Modjadjiskloof,SS-MDK-01,Modjadjiskloof Substation 1,8.2,0.33,0.734,0.626,50.8,0,POLE-MDK-00487,-23.72528,30.13233,800,2018,3,2026-07-01,2025-09-20
T0488,Haenertsburg Substation 2 TX-026,F266,Haenertsburg,SS-HBG-02,Haenertsburg Substation 2,21.5,0.561,0.863,0.799,59.7,0,POLE-HBG-00488,-23.98106,29.92691,315,2004,0,2026-06-23,2026-03-01
T0489,Nkowankowa Substation 2 TX-021,F383,Nkowankowa,SS-NKW-02,Nkowankowa Substation 2,1.9,0.732,0.915,0.792,50.7,0,POLE-NKW-00489,-23.95572,30.2442,50,2024,1,2026-06-06,2026-05-08
T0490,Bolobedu Substation 1 TX-020,F304,Bolobedu,SS-BLB-01,Bolobedu Substation 1,3.7,0.538,0.876,0.703,47.5,0,POLE-BLB-00490,-23.96134,30.34696,315,2022,0,2026-07-05,2025-12-25
T0491,Tzaneen Substation 1 TX-016,F467,Tzaneen,SS-TZN-01,Tzaneen Substation 1,10.0,0.62,0.221,0.436,56.0,0,POLE-TZN-00491,-23.82518,30.1724,1600,2016,2,2026-02-27,2024-03-28
T0492,Politsi Substation 1 TX-022,F434,Politsi,SS-PLT-01,Politsi Substation 1,6.4,0.238,0.705,0.659,45.3,0,POLE-PLT-00492,-23.79751,30.07092,315,2020,2,2026-07-07,2026-01-24
T0493,Lenyenye Substation 3 TX-010,F377,Lenyenye,SS-LNY-03,Lenyenye Substation 3,8.0,0.573,0.815,0.619,52.7,0,POLE-LNY-00493,-23.95197,30.3059,315,2018,0,2026-05-17,2025-03-11
T0494,Haenertsburg Substation 1 TX-013,F302,Haenertsburg,SS-HBG-01,Haenertsburg Substation 1,17.5,0.769,0.501,0.655,72.3,0,POLE-HBG-00494,-23.94804,29.96057,1000,2008,0,2026-04-22,2026-01-09
T0495,Lenyenye Substation 2 TX-019,F145,Lenyenye,SS-LNY-02,Lenyenye Substation 2,7.8,0.486,0.899,0.87,51.0,0,POLE-LNY-00495,-23.94363,30.25648,2000,2018,0,2026-05-05,2026-07-04
T0496,Nkowankowa Substation 2 TX-022,F207,Nkowankowa,SS-NKW-02,Nkowankowa Substation 2,14.1,0.6,0.701,0.743,50.9,0,POLE-NKW-00496,-23.94628,30.25206,100,2012,1,2025-12-23,2026-06-15
T0497,Lenyenye Substation 2 TX-020,F060,Lenyenye,SS-LNY-02,Lenyenye Substation 2,5.3,0.529,0.451,0.51,45.8,0,POLE-LNY-00497,-23.94155,30.27098,2000,2021,1,2026-05-31,2025-06-10
T0498,Nkowankowa Substation 3 TX-008,F188,Nkowankowa,SS-NKW-03,Nkowankowa Substation 3,1.4,0.83,0.819,0.815,48.4,0,POLE-NKW-00498,-23.91677,30.26082,315,2025,0,2025-12-02,2026-01-09
T0499,Xihoko Substation 1 TX-023,F464,Xihoko,SS-XHK-01,Xihoko Substation 1,18.7,0.227,0.662,0.746,43.3,0,POLE-XHK-00499,-23.78725,30.3619,800,2007,0,2026-01-28,2025-06-17
T0500,Politsi Substation 3 TX-020,F213,Politsi,SS-PLT-03,Politsi Substation 3,33.7,0.719,0.519,0.507,70.6,1,POLE-PLT-00500,-23.83253,30.0726,200,1992,0,2026-03-19,2025-11-25
T0501,Modjadjiskloof Substation 1 TX-023,F057,Modjadjiskloof,SS-MDK-01,Modjadjiskloof Substation 1,13.1,0.862,0.667,0.683,55.7,0,POLE-MDK-00501,-23.72016,30.12599,50,2013,0,2026-07-05,2025-04-23
T0502,Xihoko Substation 2 TX-020,F326,Xihoko,SS-XHK-02,Xihoko Substation 2,10.4,0.48,0.694,0.676,49.0,0,POLE-XHK-00502,-23.80481,30.30625,315,2016,0,2026-04-22,2025-08-30
T0503,Politsi Substation 2 TX-023,F482,Politsi,SS-PLT-02,Politsi Substation 2,12.1,0.544,0.719,0.692,51.2,0,POLE-PLT-00503,-23.83752,30.03419,1600,2014,0,2026-07-02,2026-05-23
T0504,Politsi Substation 1 TX-023,F434,Politsi,SS-PLT-01,Politsi Substation 1,26.7,0.505,0.874,0.76,60.2,0,POLE-PLT-00504,-23.79584,30.0661,2000,1999,0,2026-04-13,2026-02-17
T0505,Tzaneen Substation 1 TX-017,F138,Tzaneen,SS-TZN-01,Tzaneen Substation 1,13.2,0.736,0.649,0.457,60.8,0,POLE-TZN-00505,-23.82476,30.15601,315,2013,1,2026-05-30,2026-02-13
T0506,Bolobedu Substation 2 TX-022,F227,Bolobedu,SS-BLB-02,Bolobedu Substation 2,19.3,0.699,0.683,0.75,54.9,0,POLE-BLB-00506,-23.94843,30.37335,800,2007,0,2026-01-05,2026-05-07
T0507,Haenertsburg Substation 2 TX-027,F266,Haenertsburg,SS-HBG-02,Haenertsburg Substation 2,18.7,0.677,0.609,0.603,67.4,0,POLE-HBG-00507,-23.9844,29.93922,1000,2007,0,2025-12-14,2025-12-28
T0508,Nkowankowa Substation 3 TX-009,F124,Nkowankowa,SS-NKW-03,Nkowankowa Substation 3,22.7,0.726,0.613,0.689,65.2,1,POLE-NKW-00508,-23.92718,30.26358,500,2003,0,2026-02-24,2025-04-30
T0509,Modjadjiskloof Substation 2 TX-015,F135,Modjadjiskloof,SS-MDK-02,Modjadjiskloof Substation 2,10.2,0.306,0.64,0.6,45.3,0,POLE-MDK-00509,-23.78069,30.12787,1600,2016,1,2026-06-24,2026-02-23
T0510,Ga-Kgapane Substation 1 TX-023,F119,Ga-Kgapane,SS-GKG-01,Ga-Kgapane Substation 1,7.3,0.296,0.757,0.593,41.8,0,POLE-GKG-00510,-23.83782,30.2877,100,2019,1,2026-05-30,2026-04-30
T0511,Modjadjiskloof Substation 1 TX-024,F498,Modjadjiskloof,SS-MDK-01,Modjadjiskloof Substation 1,16.4,0.785,0.267,0.258,61.1,1,POLE-MDK-00511,-23.72213,30.11971,2000,2010,0,2025-09-24,2024-12-14
T0512,Modjadjiskloof Substation 3 TX-017,F374,Modjadjiskloof,SS-MDK-03,Modjadjiskloof Substation 3,21.7,0.668,0.763,0.654,54.2,0,POLE-MDK-00512,-23.71984,30.1307,800,2004,1,2025-07-24,2025-11-27
T0513,Haenertsburg Substation 1 TX-014,F421,Haenertsburg,SS-HBG-01,Haenertsburg Substation 1,24.4,0.134,0.487,0.631,57.5,0,POLE-HBG-00513,-23.93346,29.95602,100,2002,2,2026-05-23,2026-06-19
T0514,Haenertsburg Substation 1 TX-015,F409,Haenertsburg,SS-HBG-01,Haenertsburg Substation 1,28.9,0.597,0.896,0.846,65.9,0,POLE-HBG-00514,-23.95149,29.95235,1600,1997,2,2026-05-14,2025-11-18
T0515,Xihoko Substation 1 TX-024,F480,Xihoko,SS-XHK-01,Xihoko Substation 1,20.4,0.355,0.941,0.85,47.8,0,POLE-XHK-00515,-23.78888,30.38098,2000,2006,1,2026-06-20,2025-11-15
T0516,Nkowankowa Substation 1 TX-021,F053,Nkowankowa,SS-NKW-01,Nkowankowa Substation 1,7.0,0.235,0.862,0.742,48.8,0,POLE-NKW-00516,-23.90792,30.24647,315,2019,0,2026-07-01,2026-01-17
T0517,Politsi Substation 3 TX-021,F441,Politsi,SS-PLT-03,Politsi Substation 3,13.1,0.435,0.809,0.626,55.2,0,POLE-PLT-00517,-23.82403,30.07359,500,2013,0,2026-06-22,2026-05-24
T0518,Tzaneen Substation 3 TX-022,F034,Tzaneen,SS-TZN-03,Tzaneen Substation 3,12.2,0.88,0.364,0.406,66.4,0,POLE-TZN-00518,-23.82856,30.19197,2000,2014,1,2026-04-07,2026-02-12
T0519,Modjadjiskloof Substation 1 TX-025,F238,Modjadjiskloof,SS-MDK-01,Modjadjiskloof Substation 1,11.3,0.257,0.515,0.563,52.6,0,POLE-MDK-00519,-23.70961,30.11734,500,2015,2,2026-07-11,2026-01-27
T0520,Nkowankowa Substation 1 TX-022,F298,Nkowankowa,SS-NKW-01,Nkowankowa Substation 1,16.4,0.458,0.391,0.498,60.0,0,POLE-NKW-00520,-23.90976,30.2412,315,2010,3,2025-11-28,2025-11-20
T0521,Tzaneen Substation 2 TX-024,F179,Tzaneen,SS-TZN-02,Tzaneen Substation 2,9.5,0.423,0.348,0.46,53.5,0,POLE-TZN-00521,-23.80844,30.20424,800,2016,2,2026-04-23,2026-04-19
T0522,Nkowankowa Substation 1 TX-023,F074,Nkowankowa,SS-NKW-01,Nkowankowa Substation 1,9.5,0.617,0.966,0.744,50.7,0,POLE-NKW-00522,-23.89761,30.23866,100,2016,1,2026-05-18,2025-08-21
T0523,Tzaneen Substation 3 TX-023,F097,Tzaneen,SS-TZN-03,Tzaneen Substation 3,35.0,0.189,0.726,0.725,57.6,0,POLE-TZN-00523,-23.83828,30.19922,315,1991,5,2026-04-22,2024-08-23
T0524,Lenyenye Substation 1 TX-017,F413,Lenyenye,SS-LNY-01,Lenyenye Substation 1,10.6,0.453,0.319,0.442,46.4,0,POLE-LNY-00524,-23.95392,30.27169,1600,2015,2,2026-04-19,2026-03-27
T0525,Modjadjiskloof Substation 1 TX-026,F160,Modjadjiskloof,SS-MDK-01,Modjadjiskloof Substation 1,22.6,0.724,0.411,0.341,65.4,1,POLE-MDK-00525,-23.72011,30.12352,50,2003,2,2026-05-20,2026-02-04
T0526,Politsi Substation 1 TX-024,F156,Politsi,SS-PLT-01,Politsi Substation 1,23.5,0.43,0.699,0.67,66.5,0,POLE-PLT-00526,-23.80077,30.05512,800,2003,2,2026-06-12,2026-03-31
T0527,Bolobedu Substation 3 TX-017,F462,Bolobedu,SS-BLB-03,Bolobedu Substation 3,13.3,0.766,0.745,0.668,54.7,1,POLE-BLB-00527,-23.99787,30.4518,1000,2013,0,2026-02-15,2023-06-26
T0528,Tzaneen Substation 3 TX-024,F072,Tzaneen,SS-TZN-03,Tzaneen Substation 3,9.8,0.566,0.898,0.846,39.9,0,POLE-TZN-00528,-23.82885,30.19064,500,2016,1,2026-07-12,2025-12-24
T0529,Nkowankowa Substation 3 TX-010,F458,Nkowankowa,SS-NKW-03,Nkowankowa Substation 3,5.5,0.482,0.506,0.364,57.9,1,POLE-NKW-00529,-23.91169,30.25763,315,2021,1,2026-02-08,2024-10-31
T0530,Modjadjiskloof Substation 1 TX-027,F461,Modjadjiskloof,SS-MDK-01,Modjadjiskloof Substation 1,2.5,0.335,0.713,0.58,45.7,0,POLE-MDK-00530,-23.71828,30.12164,2000,2024,0,2026-03-07,2025-09-11
T0531,Modjadjiskloof Substation 1 TX-028,F300,Modjadjiskloof,SS-MDK-01,Modjadjiskloof Substation 1,17.2,0.772,0.774,0.834,59.8,0,POLE-MDK-00531,-23.71794,30.11884,1600,2009,0,2026-06-17,2026-06-02
T0532,Xihoko Substation 1 TX-025,F083,Xihoko,SS-XHK-01,Xihoko Substation 1,14.9,0.644,0.43,0.363,61.8,0,POLE-XHK-00532,-23.77928,30.37081,1600,2011,2,2026-05-12,2026-03-25
T0533,Bolobedu Substation 2 TX-023,F078,Bolobedu,SS-BLB-02,Bolobedu Substation 2,19.0,0.697,0.69,0.569,67.0,1,POLE-BLB-00533,-23.94493,30.36513,50,2007,0,2026-04-11,2026-03-19
T0534,Politsi Substation 2 TX-024,F143,Politsi,SS-PLT-02,Politsi Substation 2,7.7,0.372,0.516,0.637,55.0,1,POLE-PLT-00534,-23.82743,30.02084,2000,2018,0,2026-03-28,2026-03-15
T0535,Nkowankowa Substation 1 TX-024,F289,Nkowankowa,SS-NKW-01,Nkowankowa Substation 1,35.0,0.239,0.759,0.67,57.6,0,POLE-NKW-00535,-23.921,30.24335,500,1991,1,2026-02-19,2025-07-18
T0536,Nkowankowa Substation 2 TX-023,F077,Nkowankowa,SS-NKW-02,Nkowankowa Substation 2,15.8,0.408,0.878,0.789,53.4,0,POLE-NKW-00536,-23.94436,30.24806,1000,2010,0,2026-04-01,2024-04-14
T0537,Xihoko Substation 3 TX-021,F228,Xihoko,SS-XHK-03,Xihoko Substation 3,10.3,0.479,0.455,0.577,57.9,0,POLE-XHK-00537,-23.72293,30.37031,315,2016,1,2026-06-05,2026-01-05
T0538,Lenyenye Substation 1 TX-018,F058,Lenyenye,SS-LNY-01,Lenyenye Substation 1,1.3,0.497,0.901,0.816,40.1,0,POLE-LNY-00538,-23.95975,30.26228,800,2025,0,2026-02-23,2026-01-06
T0539,Haenertsburg Substation 2 TX-028,F271,Haenertsburg,SS-HBG-02,Haenertsburg Substation 2,8.4,0.668,0.308,0.469,64.8,1,POLE-HBG-00539,-23.98214,29.93175,1000,2018,1,2026-05-07,2025-11-10
T0540,Haenertsburg Substation 3 TX-017,F011,Haenertsburg,SS-HBG-03,Haenertsburg Substation 3,19.6,0.449,0.941,0.764,59.4,0,POLE-HBG-00540,-24.00339,29.93309,500,2006,0,2026-07-14,2026-06-10
T0541,Politsi Substation 1 TX-025,F355,Politsi,SS-PLT-01,Politsi Substation 1,28.4,0.931,0.509,0.629,66.0,1,POLE-PLT-00541,-23.79398,30.06679,800,1998,1,2026-07-10,2024-12-17
T0542,Nkowankowa Substation 2 TX-024,F028,Nkowankowa,SS-NKW-02,Nkowankowa Substation 2,11.6,0.905,0.545,0.65,69.1,0,POLE-NKW-00542,-23.95394,30.24822,315,2014,1,2026-02-18,2025-08-15
T0543,Lenyenye Substation 2 TX-021,F098,Lenyenye,SS-LNY-02,Lenyenye Substation 2,31.4,0.463,0.627,0.55,59.2,0,POLE-LNY-00543,-23.94995,30.25373,2000,1995,2,2025-07-31,2025-12-20
T0544,Nkowankowa Substation 2 TX-025,F088,Nkowankowa,SS-NKW-02,Nkowankowa Substation 2,5.1,0.37,0.83,0.819,39.0,0,POLE-NKW-00544,-23.9379,30.24532,100,2021,0,2026-06-26,2024-09-11
T0545,Tzaneen Substation 3 TX-025,F416,Tzaneen,SS-TZN-03,Tzaneen Substation 3,15.2,0.165,0.789,0.792,47.9,0,POLE-TZN-00545,-23.83697,30.18656,315,2011,1,2026-07-18,2026-06-24
T0546,Modjadjiskloof Substation 3 TX-018,F027,Modjadjiskloof,SS-MDK-03,Modjadjiskloof Substation 3,15.5,0.643,0.475,0.557,64.6,1,POLE-MDK-00546,-23.70276,30.12614,1600,2010,0,2026-02-19,2025-05-14
T0547,Politsi Substation 3 TX-022,F215,Politsi,SS-PLT-03,Politsi Substation 3,17.3,0.453,0.616,0.622,55.6,0,POLE-PLT-00547,-23.8241,30.07555,500,2009,1,2026-06-25,2025-12-23
T0548,Haenertsburg Substation 2 TX-029,F296,Haenertsburg,SS-HBG-02,Haenertsburg Substation 2,12.8,0.75,0.799,0.761,53.3,0,POLE-HBG-00548,-23.99049,29.93396,50,2013,1,2026-03-10,2026-03-10
T0549,Xihoko Substation 1 TX-026,F258,Xihoko,SS-XHK-01,Xihoko Substation 1,14.6,0.63,0.702,0.74,54.0,0,POLE-XHK-00549,-23.78564,30.36714,50,2011,2,2026-05-20,2026-03-16
T0550,Nkowankowa Substation 2 TX-026,F341,Nkowankowa,SS-NKW-02,Nkowankowa Substation 2,5.0,0.367,0.632,0.625,43.9,0,POLE-NKW-00550,-23.941,30.25825,1600,2021,0,2026-06-14,2026-01-12
T0551,Modjadjiskloof Substation 2 TX-016,F402,Modjadjiskloof,SS-MDK-02,Modjadjiskloof Substation 2,26.6,0.386,0.548,0.624,63.5,0,POLE-MDK-00551,-23.78049,30.13246,2000,1999,2,2026-05-04,2026-01-29
T0552,Bolobedu Substation 2 TX-024,F197,Bolobedu,SS-BLB-02,Bolobedu Substation 2,21.2,0.525,0.294,0.398,61.0,0,POLE-BLB-00552,-23.9515,30.3578,200,2005,1,2025-08-23,2025-06-25
T0553,Bolobedu Substation 3 TX-018,F415,Bolobedu,SS-BLB-03,Bolobedu Substation 3,14.2,0.295,0.643,0.526,48.3,0,POLE-BLB-00553,-23.99422,30.45874,100,2012,1,2026-07-16,2025-09-28
T0554,Ga-Kgapane Substation 3 TX-014,F159,Ga-Kgapane,SS-GKG-03,Ga-Kgapane Substation 3,21.5,0.16,0.329,0.379,48.2,1,POLE-GKG-00554,-23.86234,30.37837,200,2005,1,2025-12-09,2024-08-26
T0555,Bolobedu Substation 3 TX-019,F493,Bolobedu,SS-BLB-03,Bolobedu Substation 3,27.2,0.815,0.747,0.541,67.5,0,POLE-BLB-00555,-23.98745,30.45489,2000,1999,2,2026-02-13,2026-01-15
T0556,Ga-Kgapane Substation 2 TX-020,F253,Ga-Kgapane,SS-GKG-02,Ga-Kgapane Substation 2,17.1,0.834,0.407,0.519,64.7,1,POLE-GKG-00556,-23.8412,30.35631,50,2009,1,2026-05-13,2024-06-14
T0557,Xihoko Substation 3 TX-022,F369,Xihoko,SS-XHK-03,Xihoko Substation 3,35.0,0.328,0.805,0.625,57.3,1,POLE-XHK-00557,-23.71951,30.36459,50,1991,1,2026-04-03,2024-10-15
T0558,Xihoko Substation 1 TX-027,F438,Xihoko,SS-XHK-01,Xihoko Substation 1,18.1,0.682,0.287,0.4,56.0,1,POLE-XHK-00558,-23.78463,30.36642,315,2008,1,2026-02-21,2026-01-22
T0559,Haenertsburg Substation 3 TX-018,F397,Haenertsburg,SS-HBG-03,Haenertsburg Substation 3,5.7,0.811,0.884,0.678,60.0,0,POLE-HBG-00559,-24.00524,29.91768,2000,2020,0,2026-03-13,2026-04-10
T0560,Politsi Substation 2 TX-025,F426,Politsi,SS-PLT-02,Politsi Substation 2,13.7,0.405,0.866,0.823,43.3,0,POLE-PLT-00560,-23.83261,30.02229,50,2012,0,2026-05-30,2025-09-02
T0561,Xihoko Substation 1 TX-028,F269,Xihoko,SS-XHK-01,Xihoko Substation 1,22.0,0.413,0.654,0.693,49.3,0,POLE-XHK-00561,-23.78085,30.37007,200,2004,3,2026-07-07,2025-10-12
T0562,Tzaneen Substation 2 TX-025,F022,Tzaneen,SS-TZN-02,Tzaneen Substation 2,27.2,0.709,0.283,0.33,79.8,0,POLE-TZN-00562,-23.79926,30.19468,100,1999,6,2025-09-23,2026-01-24
T0563,Tzaneen Substation 3 TX-026,F247,Tzaneen,SS-TZN-03,Tzaneen Substation 3,13.0,0.104,0.713,0.746,46.9,0,POLE-TZN-00563,-23.83849,30.18701,200,2013,1,2026-06-15,2025-10-29
T0564,Nkowankowa Substation 3 TX-011,F091,Nkowankowa,SS-NKW-03,Nkowankowa Substation 3,5.3,0.898,0.376,0.403,66.8,1,POLE-NKW-00564,-23.9151,30.26579,1000,2021,0,2026-05-12,2026-02-06
T0565,Bolobedu Substation 3 TX-020,F445,Bolobedu,SS-BLB-03,Bolobedu Substation 3,9.7,0.152,0.697,0.59,47.0,0,POLE-BLB-00565,-23.99489,30.44991,100,2016,3,2026-05-22,2025-10-14
T0566,Ga-Kgapane Substation 1 TX-024,F119,Ga-Kgapane,SS-GKG-01,Ga-Kgapane Substation 1,3.4,0.594,0.492,0.442,59.7,0,POLE-GKG-00566,-23.835,30.30479,315,2023,0,2025-12-05,2025-10-07
T0567,Nkowankowa Substation 1 TX-025,F115,Nkowankowa,SS-NKW-01,Nkowankowa Substation 1,19.4,0.923,0.74,0.677,70.2,0,POLE-NKW-00567,-23.91602,30.23902,100,2007,0,2025-10-15,2026-03-01
T0568,Ga-Kgapane Substation 2 TX-021,F125,Ga-Kgapane,SS-GKG-02,Ga-Kgapane Substation 2,8.3,0.635,0.396,0.508,54.1,0,POLE-GKG-00568,-23.84752,30.35259,50,2018,2,2026-05-06,2024-05-16
T0569,Modjadjiskloof Substation 3 TX-019,F322,Modjadjiskloof,SS-MDK-03,Modjadjiskloof Substation 3,6.5,0.544,0.259,0.398,49.4,1,POLE-MDK-00569,-23.70735,30.11359,500,2019,0,2026-04-23,2024-01-14
T0570,Lenyenye Substation 2 TX-022,F286,Lenyenye,SS-LNY-02,Lenyenye Substation 2,20.7,0.526,0.445,0.568,53.3,0,POLE-LNY-00570,-23.93938,30.25627,200,2005,1,2026-03-17,2026-01-12
T0571,Lenyenye Substation 3 TX-011,F475,Lenyenye,SS-LNY-03,Lenyenye Substation 3,31.0,0.239,0.562,0.645,57.6,0,POLE-LNY-00571,-23.95281,30.31001,1000,1995,3,2026-06-20,2024-12-09
T0572,Tzaneen Substation 2 TX-026,F209,Tzaneen,SS-TZN-02,Tzaneen Substation 2,6.5,0.788,0.54,0.654,50.0,1,POLE-TZN-00572,-23.80505,30.20344,50,2020,1,2026-02-28,2026-03-23
T0573,Tzaneen Substation 2 TX-027,F142,Tzaneen,SS-TZN-02,Tzaneen Substation 2,13.0,0.585,0.628,0.679,50.5,0,POLE-TZN-00573,-23.82065,30.1955,50,2013,1,2026-03-11,2026-06-20
T0574,Haenertsburg Substation 3 TX-019,F025,Haenertsburg,SS-HBG-03,Haenertsburg Substation 3,10.0,0.917,0.81,0.818,56.7,0,POLE-HBG-00574,-24.00437,29.92729,2000,2016,0,2026-04-27,2026-02-12
T0575,Nkowankowa Substation 3 TX-012,F004,Nkowankowa,SS-NKW-03,Nkowankowa Substation 3,28.0,0.256,0.536,0.589,64.8,0,POLE-NKW-00575,-23.92637,30.26448,315,1998,1,2026-07-02,2026-01-06
T0576,Modjadjiskloof Substation 2 TX-017,F187,Modjadjiskloof,SS-MDK-02,Modjadjiskloof Substation 2,10.9,0.624,0.512,0.499,49.7,0,POLE-MDK-00576,-23.77227,30.13601,1600,2015,0,2025-08-08,2026-05-01
T0577,Tzaneen Substation 2 TX-028,F463,Tzaneen,SS-TZN-02,Tzaneen Substation 2,4.9,0.612,0.706,0.695,50.0,0,POLE-TZN-00577,-23.80738,30.17094,50,2021,0,2026-03-15,2026-03-27
T0578,Haenertsburg Substation 1 TX-016,F262,Haenertsburg,SS-HBG-01,Haenertsburg Substation 1,11.2,0.587,0.545,0.542,49.7,0,POLE-HBG-00578,-23.94522,29.97233,315,2015,0,2025-09-20,2024-09-14
T0579,Ga-Kgapane Substation 2 TX-022,F447,Ga-Kgapane,SS-GKG-02,Ga-Kgapane Substation 2,24.3,0.359,0.28,0.481,57.0,1,POLE-GKG-00579,-23.85306,30.35397,1000,2002,2,2026-06-19,2025-09-30
T0580,Haenertsburg Substation 3 TX-020,F051,Haenertsburg,SS-HBG-03,Haenertsburg Substation 3,9.5,0.791,0.222,0.485,65.0,1,POLE-HBG-00580,-24.00148,29.91398,200,2016,1,2026-05-30,2024-07-12
T0581,Lenyenye Substation 3 TX-012,F047,Lenyenye,SS-LNY-03,Lenyenye Substation 3,7.1,0.395,0.612,0.653,42.9,0,POLE-LNY-00581,-23.95261,30.31799,100,2019,0,2026-06-07,2025-09-17
T0582,Haenertsburg Substation 2 TX-030,F417,Haenertsburg,SS-HBG-02,Haenertsburg Substation 2,10.5,0.42,0.517,0.611,49.2,0,POLE-HBG-00582,-23.98907,29.91767,50,2016,0,2025-07-29,2025-06-20
T0583,Nkowankowa Substation 1 TX-026,F054,Nkowankowa,SS-NKW-01,Nkowankowa Substation 1,5.0,0.697,0.753,0.596,54.3,0,POLE-NKW-00583,-23.90704,30.22924,315,2021,1,2026-04-26,2025-08-20
T0584,Xihoko Substation 1 TX-029,F026,Xihoko,SS-XHK-01,Xihoko Substation 1,10.0,0.604,0.519,0.474,60.2,0,POLE-XHK-00584,-23.77714,30.36384,1000,2016,0,2026-04-18,2025-08-17
T0585,Nkowankowa Substation 2 TX-027,F203,Nkowankowa,SS-NKW-02,Nkowankowa Substation 2,7.5,0.699,0.786,0.65,51.4,0,POLE-NKW-00585,-23.94194,30.24948,200,2019,1,2026-07-25,2026-01-26
T0586,Tzaneen Substation 2 TX-029,F463,Tzaneen,SS-TZN-02,Tzaneen Substation 2,35.0,0.589,0.631,0.542,76.5,1,POLE-TZN-00586,-23.80268,30.20148,100,1991,2,2026-05-21,2025-07-01
T0587,Nkowankowa Substation 2 TX-028,F345,Nkowankowa,SS-NKW-02,Nkowankowa Substation 2,1.7,0.176,0.945,0.927,32.0,0,POLE-NKW-00587,-23.94494,30.24836,800,2024,0,2026-06-06,2025-11-11
T0588,Xihoko Substation 2 TX-021,F050,Xihoko,SS-XHK-02,Xihoko Substation 2,5.7,0.386,0.295,0.501,51.3,0,POLE-XHK-00588,-23.78873,30.29653,1000,2020,3,2026-02-19,2025-03-03
T0589,Haenertsburg Substation 1 TX-017,F419,Haenertsburg,SS-HBG-01,Haenertsburg Substation 1,7.1,0.294,0.609,0.536,46.1,0,POLE-HBG-00589,-23.93855,29.95684,315,2019,0,2025-08-26,2025-01-08
T0590,Tzaneen Substation 1 TX-018,F422,Tzaneen,SS-TZN-01,Tzaneen Substation 1,5.1,0.83,0.524,0.63,59.7,0,POLE-TZN-00590,-23.83654,30.16407,200,2021,1,2025-10-27,2024-09-22
T0591,Modjadjiskloof Substation 2 TX-018,F401,Modjadjiskloof,SS-MDK-02,Modjadjiskloof Substation 2,15.3,0.133,0.672,0.681,56.0,0,POLE-MDK-00591,-23.7746,30.13732,1000,2011,0,2026-05-17,2025-10-12
T0592,Xihoko Substation 3 TX-023,F452,Xihoko,SS-XHK-03,Xihoko Substation 3,6.4,0.629,0.551,0.544,52.5,0,POLE-XHK-00592,-23.71047,30.37866,1000,2020,2,2026-06-16,2025-07-26
T0593,Tzaneen Substation 2 TX-030,F120,Tzaneen,SS-TZN-02,Tzaneen Substation 2,3.1,0.169,0.936,0.848,36.2,0,POLE-TZN-00593,-23.80409,30.19065,800,2023,0,2026-06-09,2025-12-19
T0594,Haenertsburg Substation 2 TX-031,F490,Haenertsburg,SS-HBG-02,Haenertsburg Substation 2,12.2,0.368,0.766,0.677,47.1,0,POLE-HBG-00594,-23.98033,29.93002,315,2014,0,2026-05-04,2024-11-10
T0595,Tzaneen Substation 2 TX-031,F161,Tzaneen,SS-TZN-02,Tzaneen Substation 2,9.1,0.313,0.712,0.659,43.6,0,POLE-TZN-00595,-23.81491,30.18311,500,2017,2,2026-03-20,2025-09-27
T0596,Modjadjiskloof Substation 2 TX-019,F402,Modjadjiskloof,SS-MDK-02,Modjadjiskloof Substation 2,6.6,0.645,0.377,0.579,50.2,0,POLE-MDK-00596,-23.78,30.13248,100,2019,2,2026-07-28,2025-09-03
T0597,Haenertsburg Substation 1 TX-018,F290,Haenertsburg,SS-HBG-01,Haenertsburg Substation 1,27.6,0.532,0.246,0.235,69.9,1,POLE-HBG-00597,-23.95006,29.95838,50,1998,1,2026-04-13,2025-03-22
T0598,Modjadjiskloof Substation 3 TX-020,F390,Modjadjiskloof,SS-MDK-03,Modjadjiskloof Substation 3,15.7,0.857,0.741,0.793,56.1,0,POLE-MDK-00598,-23.70811,30.12344,200,2010,0,2026-05-19,2025-10-12
T0599,Nkowankowa Substation 1 TX-027,F314,Nkowankowa,SS-NKW-01,Nkowankowa Substation 1,14.5,0.372,0.947,0.774,45.2,0,POLE-NKW-00599,-23.89804,30.24657,500,2012,0,2026-06-10,2025-11-26
T0600,Modjadjiskloof Substation 3 TX-021,F322,Modjadjiskloof,SS-MDK-03,Modjadjiskloof Substation 3,15.9,0.52,0.744,0.721,38.2,0,POLE-MDK-00600,-23.71439,30.13045,1000,2010,1,2025-10-12,2026-03-08
T0601,Bolobedu Substation 1 TX-021,F309,Bolobedu,SS-BLB-01,Bolobedu Substation 1,15.3,0.302,0.689,0.723,55.8,0,POLE-BLB-00601,-23.96869,30.3512,200,2011,2,2026-05-11,2026-03-10
T0602,Modjadjiskloof Substation 3 TX-022,F390,Modjadjiskloof,SS-MDK-03,Modjadjiskloof Substation 3,9.5,0.895,0.513,0.554,69.6,0,POLE-MDK-00602,-23.72616,30.12143,1000,2017,0,2026-04-14,2026-05-05
T0603,Modjadjiskloof Substation 3 TX-023,F370,Modjadjiskloof,SS-MDK-03,Modjadjiskloof Substation 3,6.4,0.739,0.588,0.556,59.4,0,POLE-MDK-00603,-23.70986,30.13051,200,2020,1,2025-09-16,2025-12-12
T0604,Nkowankowa Substation 3 TX-013,F068,Nkowankowa,SS-NKW-03,Nkowankowa Substation 3,12.4,0.838,0.652,0.66,55.6,1,POLE-NKW-00604,-23.91785,30.26627,800,2014,1,2025-12-01,2026-05-18
T0605,Lenyenye Substation 2 TX-023,F414,Lenyenye,SS-LNY-02,Lenyenye Substation 2,9.3,0.464,0.588,0.605,44.6,0,POLE-LNY-00605,-23.94974,30.26304,50,2017,1,2025-12-10,2026-06-26
T0606,Xihoko Substation 1 TX-030,F269,Xihoko,SS-XHK-01,Xihoko Substation 1,1.7,0.578,0.592,0.638,40.4,0,POLE-XHK-00606,-23.77806,30.38506,200,2024,0,2026-04-01,2025-03-29
T0607,Haenertsburg Substation 1 TX-019,F162,Haenertsburg,SS-HBG-01,Haenertsburg Substation 1,4.7,0.857,0.55,0.593,60.2,0,POLE-HBG-00607,-23.94177,29.95842,100,2021,0,2026-05-19,2026-02-15
T0608,Xihoko Substation 1 TX-031,F258,Xihoko,SS-XHK-01,Xihoko Substation 1,8.5,0.938,0.341,0.334,72.0,1,POLE-XHK-00608,-23.7977,30.37963,800,2018,2,2026-06-08,2026-07-08
T0609,Bolobedu Substation 2 TX-025,F484,Bolobedu,SS-BLB-02,Bolobedu Substation 2,21.0,0.744,0.311,0.439,67.9,1,POLE-BLB-00609,-23.95683,30.3669,1000,2005,1,2025-11-19,2024-11-03
T0610,Tzaneen Substation 1 TX-019,F429,Tzaneen,SS-TZN-01,Tzaneen Substation 1,12.4,0.988,0.567,0.664,67.5,0,POLE-TZN-00610,-23.81109,30.16323,50,2014,1,2025-09-28,2026-04-16
T0611,Haenertsburg Substation 2 TX-032,F417,Haenertsburg,SS-HBG-02,Haenertsburg Substation 2,5.5,0.781,0.56,0.621,57.5,0,POLE-HBG-00611,-23.97962,29.92005,315,2020,2,2026-02-25,2026-01-02
T0612,Modjadjiskloof Substation 2 TX-020,F232,Modjadjiskloof,SS-MDK-02,Modjadjiskloof Substation 2,4.3,0.448,0.54,0.418,47.1,0,POLE-MDK-00612,-23.76433,30.13236,800,2022,0,2026-06-23,2024-12-20
T0613,Ga-Kgapane Substation 1 TX-025,F393,Ga-Kgapane,SS-GKG-01,Ga-Kgapane Substation 1,24.0,0.451,0.872,0.766,61.6,1,POLE-GKG-00613,-23.83776,30.30506,1000,2002,0,2026-05-10,2025-09-17
T0614,Ga-Kgapane Substation 1 TX-026,F193,Ga-Kgapane,SS-GKG-01,Ga-Kgapane Substation 1,9.8,0.321,0.835,0.631,52.3,0,POLE-GKG-00614,-23.83247,30.3013,1600,2016,0,2026-02-09,2026-05-28
T0615,Politsi Substation 2 TX-026,F344,Politsi,SS-PLT-02,Politsi Substation 2,0.3,0.546,0.803,0.789,39.1,0,POLE-PLT-00615,-23.83678,30.02968,1000,2026,1,2026-06-24,2026-05-21
T0616,Ga-Kgapane Substation 3 TX-015,F320,Ga-Kgapane,SS-GKG-03,Ga-Kgapane Substation 3,10.3,0.531,0.601,0.55,58.0,0,POLE-GKG-00616,-23.86856,30.38459,100,2016,1,2026-06-13,2025-11-04
T0617,Ga-Kgapane Substation 2 TX-023,F125,Ga-Kgapane,SS-GKG-02,Ga-Kgapane Substation 2,18.0,0.474,0.745,0.73,53.4,0,POLE-GKG-00617,-23.85545,30.3446,800,2008,1,2026-03-31,2026-05-05
T0618,Xihoko Substation 3 TX-024,F134,Xihoko,SS-XHK-03,Xihoko Substation 3,4.2,0.573,0.617,0.561,49.7,0,POLE-XHK-00618,-23.7161,30.37275,1600,2022,2,2026-03-04,2025-08-22
T0619,Lenyenye Substation 3 TX-013,F031,Lenyenye,SS-LNY-03,Lenyenye Substation 3,11.8,0.595,0.75,0.562,58.0,0,POLE-LNY-00619,-23.9574,30.31318,800,2014,1,2026-04-05,2025-10-16
T0620,Politsi Substation 2 TX-027,F070,Politsi,SS-PLT-02,Politsi Substation 2,12.6,0.57,0.784,0.649,56.2,0,POLE-PLT-00620,-23.84065,30.02523,2000,2013,0,2026-01-12,2024-08-11
T0621,Politsi Substation 1 TX-026,F217,Politsi,SS-PLT-01,Politsi Substation 1,4.4,0.376,0.559,0.568,51.2,0,POLE-PLT-00621,-23.80544,30.05688,1600,2022,0,2026-04-20,2025-10-23
T0622,Tzaneen Substation 1 TX-020,F239,Tzaneen,SS-TZN-01,Tzaneen Substation 1,25.5,0.766,0.444,0.519,64.5,0,POLE-TZN-00622,-23.82557,30.17244,2000,2001,1,2026-05-17,2026-02-12
T0623,Xihoko Substation 1 TX-032,F083,Xihoko,SS-XHK-01,Xihoko Substation 1,12.7,0.206,0.604,0.738,47.7,0,POLE-XHK-00623,-23.77636,30.37011,2000,2013,3,2026-01-27,2026-04-15
T0624,Tzaneen Substation 2 TX-032,F209,Tzaneen,SS-TZN-02,Tzaneen Substation 2,8.4,0.942,0.728,0.752,52.5,0,POLE-TZN-00624,-23.80812,30.19411,50,2018,2,2025-08-25,2026-03-25
T0625,Tzaneen Substation 2 TX-033,F303,Tzaneen,SS-TZN-02,Tzaneen Substation 2,9.9,0.619,0.77,0.812,50.0,0,POLE-TZN-00625,-23.80864,30.19183,315,2016,0,2026-06-04,2025-05-19
T0626,Politsi Substation 1 TX-027,F117,Politsi,SS-PLT-01,Politsi Substation 1,3.7,0.369,0.505,0.408,48.4,0,POLE-PLT-00626,-23.78685,30.07066,2000,2022,1,2026-01-27,2025-09-20
T0627,Xihoko Substation 3 TX-025,F170,Xihoko,SS-XHK-03,Xihoko Substation 3,3.6,0.364,0.438,0.504,51.9,0,POLE-XHK-00627,-23.72895,30.36903,50,2022,2,2025-09-25,2025-12-09
T0628,Nkowankowa Substation 2 TX-029,F184,Nkowankowa,SS-NKW-02,Nkowankowa Substation 2,7.8,0.37,0.643,0.562,48.8,0,POLE-NKW-00628,-23.93162,30.25911,50,2018,1,2026-03-31,2025-09-10
T0629,Ga-Kgapane Substation 2 TX-024,F253,Ga-Kgapane,SS-GKG-02,Ga-Kgapane Substation 2,8.2,0.634,0.86,0.861,48.1,0,POLE-GKG-00629,-23.85386,30.354,200,2018,2,2026-07-03,2026-06-06
T0630,Nkowankowa Substation 2 TX-030,F184,Nkowankowa,SS-NKW-02,Nkowankowa Substation 2,9.4,0.514,0.624,0.507,60.9,0,POLE-NKW-00630,-23.94318,30.25651,315,2017,0,2026-03-26,2025-08-13
T0631,Xihoko Substation 3 TX-026,F369,Xihoko,SS-XHK-03,Xihoko Substation 3,26.9,0.618,0.323,0.367,67.0,1,POLE-XHK-00631,-23.71703,30.37771,800,1999,6,2026-01-26,2025-11-01
T0632,Lenyenye Substation 3 TX-014,F164,Lenyenye,SS-LNY-03,Lenyenye Substation 3,17.4,0.238,0.857,0.61,48.3,0,POLE-LNY-00632,-23.94633,30.29614,500,2009,0,2026-05-31,2026-01-12
T0633,Politsi Substation 1 TX-028,F217,Politsi,SS-PLT-01,Politsi Substation 1,2.0,0.693,0.528,0.595,42.4,0,POLE-PLT-00633,-23.80559,30.06801,1000,2024,1,2026-05-06,2024-09-19
T0634,Xihoko Substation 2 TX-022,F190,Xihoko,SS-XHK-02,Xihoko Substation 2,23.7,0.818,0.974,0.752,63.6,0,POLE-XHK-00634,-23.79469,30.29975,100,2002,2,2026-07-13,2026-02-08
T0635,Politsi Substation 2 TX-028,F092,Politsi,SS-PLT-02,Politsi Substation 2,7.8,0.76,0.592,0.684,50.4,1,POLE-PLT-00635,-23.83849,30.03087,500,2018,0,2026-06-05,2025-12-29
T0636,Xihoko Substation 3 TX-027,F343,Xihoko,SS-XHK-03,Xihoko Substation 3,18.5,0.824,0.308,0.504,64.9,1,POLE-XHK-00636,-23.71326,30.37197,315,2007,2,2026-05-11,2026-02-23
T0637,Bolobedu Substation 2 TX-026,F118,Bolobedu,SS-BLB-02,Bolobedu Substation 2,8.3,0.349,0.749,0.66,48.0,0,POLE-BLB-00637,-23.95424,30.35895,2000,2018,0,2026-06-20,2025-07-11
T0638,Tzaneen Substation 1 TX-021,F149,Tzaneen,SS-TZN-01,Tzaneen Substation 1,12.2,0.306,0.353,0.508,45.5,0,POLE-TZN-00638,-23.83733,30.17069,2000,2014,3,2026-04-05,2023-02-16
T0639,Haenertsburg Substation 3 TX-021,F397,Haenertsburg,SS-HBG-03,Haenertsburg Substation 3,4.0,0.818,0.488,0.536,52.6,0,POLE-HBG-00639,-24.00387,29.91585,1600,2022,1,2025-12-14,2026-04-21
T0640,Lenyenye Substation 3 TX-015,F475,Lenyenye,SS-LNY-03,Lenyenye Substation 3,14.1,0.811,0.491,0.634,52.9,1,POLE-LNY-00640,-23.95239,30.30408,100,2012,0,2026-05-25,2025-12-15
T0641,Modjadjiskloof Substation 2 TX-021,F336,Modjadjiskloof,SS-MDK-02,Modjadjiskloof Substation 2,20.0,0.151,0.49,0.657,46.9,0,POLE-MDK-00641,-23.76717,30.14006,50,2006,0,2025-09-22,2026-03-27
T0642,Politsi Substation 2 TX-029,F459,Politsi,SS-PLT-02,Politsi Substation 2,2.5,0.612,0.599,0.557,46.2,0,POLE-PLT-00642,-23.82902,30.03534,500,2024,2,2026-03-13,2025-02-08
T0643,Haenertsburg Substation 2 TX-033,F428,Haenertsburg,SS-HBG-02,Haenertsburg Substation 2,20.2,0.884,0.824,0.565,78.1,0,POLE-HBG-00643,-23.98504,29.9345,1000,2006,0,2025-07-26,2025-01-31
T0644,Haenertsburg Substation 1 TX-020,F241,Haenertsburg,SS-HBG-01,Haenertsburg Substation 1,6.4,0.714,0.541,0.452,64.9,0,POLE-HBG-00644,-23.94085,29.95562,1600,2020,0,2026-02-01,2026-01-17
T0645,Haenertsburg Substation 1 TX-021,F386,Haenertsburg,SS-HBG-01,Haenertsburg Substation 1,32.6,0.62,0.845,0.672,73.8,0,POLE-HBG-00645,-23.9461,29.95831,1600,1993,1,2026-07-14,2025-10-15
T0646,Politsi Substation 3 TX-023,F165,Politsi,SS-PLT-03,Politsi Substation 3,18.8,0.628,0.158,0.353,58.3,1,POLE-PLT-00646,-23.82494,30.07704,200,2007,1,2025-08-08,2025-09-24
T0647,Modjadjiskloof Substation 2 TX-022,F231,Modjadjiskloof,SS-MDK-02,Modjadjiskloof Substation 2,16.6,0.65,0.806,0.758,55.7,1,POLE-MDK-00647,-23.78236,30.12395,315,2009,1,2026-07-20,2026-02-25
T0648,Bolobedu Substation 1 TX-022,F268,Bolobedu,SS-BLB-01,Bolobedu Substation 1,9.9,0.611,0.49,0.562,49.2,0,POLE-BLB-00648,-23.96495,30.35605,2000,2016,0,2026-07-10,2025-04-20
T0649,Politsi Substation 1 TX-029,F481,Politsi,SS-PLT-01,Politsi Substation 1,35.0,0.236,0.335,0.424,73.8,0,POLE-PLT-00649,-23.79208,30.06003,1000,1991,1,2025-11-12,2026-01-22
T0650,Modjadjiskloof Substation 2 TX-023,F425,Modjadjiskloof,SS-MDK-02,Modjadjiskloof Substation 2,7.8,0.47,0.668,0.573,54.9,0,POLE-MDK-00650,-23.77343,30.127,2000,2018,1,2025-08-31,2025-08-19
T0651,Xihoko Substation 3 TX-028,F245,Xihoko,SS-XHK-03,Xihoko Substation 3,4.8,0.503,0.619,0.635,43.3,0,POLE-XHK-00651,-23.73186,30.3695,100,2021,1,2025-08-12,2026-04-13
T0652,Modjadjiskloof Substation 3 TX-024,F327,Modjadjiskloof,SS-MDK-03,Modjadjiskloof Substation 3,6.6,0.682,0.504,0.579,56.4,0,POLE-MDK-00652,-23.7096,30.1236,200,2019,0,2026-03-10,2023-11-14
T0653,Bolobedu Substation 2 TX-027,F102,Bolobedu,SS-BLB-02,Bolobedu Substation 2,22.4,0.876,0.116,0.141,68.8,1,POLE-BLB-00653,-23.95553,30.37354,800,2004,4,2026-04-04,2025-07-30
T0654,Ga-Kgapane Substation 1 TX-027,F403,Ga-Kgapane,SS-GKG-01,Ga-Kgapane Substation 1,12.0,0.455,0.975,0.84,47.4,0,POLE-GKG-00654,-23.83751,30.31368,500,2014,1,2026-06-01,2026-03-24
T0655,Xihoko Substation 2 TX-023,F277,Xihoko,SS-XHK-02,Xihoko Substation 2,10.7,0.755,0.484,0.486,59.4,0,POLE-XHK-00655,-23.8056,30.30044,2000,2015,0,2026-04-13,2026-01-13
T0656,Politsi Substation 2 TX-030,F267,Politsi,SS-PLT-02,Politsi Substation 2,7.9,0.633,0.658,0.763,54.6,0,POLE-PLT-00656,-23.82949,30.02887,50,2018,0,2026-04-17,2026-01-20
T0657,Tzaneen Substation 3 TX-027,F384,Tzaneen,SS-TZN-03,Tzaneen Substation 3,10.3,0.462,0.667,0.695,54.8,0,POLE-TZN-00657,-23.82793,30.19808,800,2016,0,2026-06-11,2026-01-08
T0658,Bolobedu Substation 2 TX-028,F317,Bolobedu,SS-BLB-02,Bolobedu Substation 2,7.5,0.581,0.459,0.648,51.7,0,POLE-BLB-00658,-23.95541,30.3701,2000,2019,0,2026-03-31,2026-05-27
T0659,Haenertsburg Substation 1 TX-022,F037,Haenertsburg,SS-HBG-01,Haenertsburg Substation 1,17.7,0.795,0.481,0.629,61.7,0,POLE-HBG-00659,-23.94427,29.95927,500,2008,2,2026-05-15,2025-03-05
T0660,Lenyenye Substation 2 TX-024,F145,Lenyenye,SS-LNY-02,Lenyenye Substation 2,9.2,0.586,0.816,0.829,33.3,0,POLE-LNY-00660,-23.93711,30.26724,100,2017,1,2026-06-23,2026-03-23
T0661,Lenyenye Substation 1 TX-019,F089,Lenyenye,SS-LNY-01,Lenyenye Substation 1,6.7,0.66,0.617,0.485,63.6,0,POLE-LNY-00661,-23.95725,30.26554,50,2019,0,2025-10-21,2024-01-17
T0662,Ga-Kgapane Substation 3 TX-016,F368,Ga-Kgapane,SS-GKG-03,Ga-Kgapane Substation 3,21.2,0.798,0.966,0.843,57.8,0,POLE-GKG-00662,-23.87271,30.38055,315,2005,1,2026-04-26,2025-12-01
T0663,Xihoko Substation 3 TX-029,F018,Xihoko,SS-XHK-03,Xihoko Substation 3,4.9,0.354,0.524,0.475,48.7,1,POLE-XHK-00663,-23.7265,30.36746,1000,2021,0,2026-02-20,2026-02-04
T0664,Bolobedu Substation 2 TX-029,F102,Bolobedu,SS-BLB-02,Bolobedu Substation 2,12.1,0.574,0.696,0.602,66.4,1,POLE-BLB-00664,-23.95485,30.36834,1000,2014,1,2026-04-20,2025-07-01
T0665,Modjadjiskloof Substation 3 TX-025,F299,Modjadjiskloof,SS-MDK-03,Modjadjiskloof Substation 3,1.7,0.686,0.527,0.558,46.1,0,POLE-MDK-00665,-23.71338,30.13399,50,2024,0,2026-06-04,2025-11-08
T0666,Ga-Kgapane Substation 2 TX-025,F348,Ga-Kgapane,SS-GKG-02,Ga-Kgapane Substation 2,3.3,0.211,0.755,0.763,39.0,0,POLE-GKG-00666,-23.83594,30.35262,800,2023,0,2026-05-03,2024-08-25
T0667,Tzaneen Substation 1 TX-022,F252,Tzaneen,SS-TZN-01,Tzaneen Substation 1,8.5,0.288,0.316,0.514,50.7,0,POLE-TZN-00667,-23.82466,30.16728,2000,2018,2,2025-05-07,2025-08-22
T0668,Xihoko Substation 1 TX-033,F431,Xihoko,SS-XHK-01,Xihoko Substation 1,7.4,0.691,0.972,0.833,56.1,0,POLE-XHK-00668,-23.77519,30.35334,800,2019,0,2026-04-27,2025-06-28
T0669,Haenertsburg Substation 1 TX-023,F460,Haenertsburg,SS-HBG-01,Haenertsburg Substation 1,7.4,0.324,0.395,0.492,48.7,0,POLE-HBG-00669,-23.95194,29.96133,200,2019,2,2026-04-10,2025-05-18
T0670,Tzaneen Substation 1 TX-023,F067,Tzaneen,SS-TZN-01,Tzaneen Substation 1,18.9,0.8,0.56,0.565,70.7,1,POLE-TZN-00670,-23.82912,30.17781,50,2007,1,2026-03-11,2026-03-30
T0671,Politsi Substation 3 TX-024,F477,Politsi,SS-PLT-03,Politsi Substation 3,19.6,0.736,0.918,0.908,55.5,0,POLE-PLT-00671,-23.83327,30.06564,800,2006,0,2026-06-08,2025-01-15
T0672,Xihoko Substation 1 TX-034,F308,Xihoko,SS-XHK-01,Xihoko Substation 1,13.8,0.264,0.551,0.635,51.4,0,POLE-XHK-00672,-23.78205,30.37572,1000,2012,1,2026-05-13,2026-05-16
T0673,Bolobedu Substation 1 TX-023,F319,Bolobedu,SS-BLB-01,Bolobedu Substation 1,4.7,0.187,0.483,0.461,46.7,0,POLE-BLB-00673,-23.95867,30.34982,1600,2021,0,2025-12-04,2025-11-06
T0674,Xihoko Substation 2 TX-024,F048,Xihoko,SS-XHK-02,Xihoko Substation 2,10.3,0.79,0.699,0.641,57.5,0,POLE-XHK-00674,-23.79768,30.29143,1000,2016,1,2026-04-20,2025-09-17
T0675,Lenyenye Substation 3 TX-016,F311,Lenyenye,SS-LNY-03,Lenyenye Substation 3,35.0,0.216,0.641,0.578,63.0,1,POLE-LNY-00675,-23.95401,30.3006,500,1991,4,2026-03-03,2026-06-28
T0676,Haenertsburg Substation 3 TX-022,F363,Haenertsburg,SS-HBG-03,Haenertsburg Substation 3,35.0,0.84,0.544,0.469,72.7,0,POLE-HBG-00676,-24.00258,29.92514,500,1991,1,2026-04-07,2026-02-08
T0677,Nkowankowa Substation 2 TX-031,F291,Nkowankowa,SS-NKW-02,Nkowankowa Substation 2,21.3,0.576,0.337,0.386,63.0,1,POLE-NKW-00677,-23.94548,30.25112,100,2005,4,2025-12-15,2025-07-31
T0678,Nkowankowa Substation 1 TX-028,F043,Nkowankowa,SS-NKW-01,Nkowankowa Substation 1,4.9,0.47,0.783,0.735,39.6,0,POLE-NKW-00678,-23.90834,30.24096,1000,2021,1,2026-05-31,2025-11-03
T0679,Haenertsburg Substation 1 TX-024,F262,Haenertsburg,SS-HBG-01,Haenertsburg Substation 1,10.3,0.281,0.652,0.688,43.8,0,POLE-HBG-00679,-23.94869,29.9527,800,2016,1,2026-05-11,2024-04-19
T0680,Haenertsburg Substation 2 TX-034,F468,Haenertsburg,SS-HBG-02,Haenertsburg Substation 2,13.2,0.412,0.604,0.644,57.1,1,POLE-HBG-00680,-23.96881,29.93529,50,2013,1,2025-09-07,2025-02-02
T0681,Tzaneen Substation 2 TX-034,F362,Tzaneen,SS-TZN-02,Tzaneen Substation 2,11.8,0.261,0.661,0.674,48.8,0,POLE-TZN-00681,-23.80135,30.20131,200,2014,0,2026-07-13,2026-02-16
T0682,Modjadjiskloof Substation 1 TX-029,F069,Modjadjiskloof,SS-MDK-01,Modjadjiskloof Substation 1,22.8,0.7,0.636,0.608,65.7,0,POLE-MDK-00682,-23.70893,30.12529,100,2003,1,2026-02-10,2026-06-29
T0683,Xihoko Substation 1 TX-035,F480,Xihoko,SS-XHK-01,Xihoko Substation 1,18.3,0.946,0.634,0.663,57.9,0,POLE-XHK-00683,-23.78867,30.37029,2000,2008,2,2026-04-04,2026-06-04
T0684,Xihoko Substation 1 TX-036,F480,Xihoko,SS-XHK-01,Xihoko Substation 1,4.6,0.431,0.666,0.682,47.6,0,POLE-XHK-00684,-23.77852,30.36876,50,2021,1,2026-05-09,2025-12-13
T0685,Bolobedu Substation 1 TX-024,F085,Bolobedu,SS-BLB-01,Bolobedu Substation 1,6.8,0.345,0.448,0.537,47.7,0,POLE-BLB-00685,-23.9649,30.35705,500,2019,4,2026-05-28,2025-05-03
T0686,Modjadjiskloof Substation 2 TX-024,F401,Modjadjiskloof,SS-MDK-02,Modjadjiskloof Substation 2,21.3,0.348,0.359,0.518,59.8,0,POLE-MDK-00686,-23.77969,30.12539,200,2005,5,2025-10-07,2026-02-27
T0687,Haenertsburg Substation 3 TX-023,F204,Haenertsburg,SS-HBG-03,Haenertsburg Substation 3,27.5,0.332,0.779,0.848,61.5,0,POLE-HBG-00687,-24.0153,29.93429,2000,1998,2,2025-10-12,2024-09-28
T0688,Tzaneen Substation 1 TX-024,F297,Tzaneen,SS-TZN-01,Tzaneen Substation 1,13.3,0.314,0.618,0.484,50.1,0,POLE-TZN-00688,-23.81789,30.15826,100,2013,0,2026-05-09,2025-10-13
T0689,Modjadjiskloof Substation 2 TX-025,F223,Modjadjiskloof,SS-MDK-02,Modjadjiskloof Substation 2,29.7,0.521,0.386,0.526,64.2,1,POLE-MDK-00689,-23.78754,30.11822,2000,1996,1,2026-01-11,2025-12-12
T0690,Ga-Kgapane Substation 1 TX-028,F392,Ga-Kgapane,SS-GKG-01,Ga-Kgapane Substation 1,12.3,0.321,0.772,0.804,50.5,0,POLE-GKG-00690,-23.83358,30.30444,100,2014,1,2026-03-20,2024-06-16
T0691,Bolobedu Substation 2 TX-030,F499,Bolobedu,SS-BLB-02,Bolobedu Substation 2,5.4,0.842,0.274,0.496,55.8,0,POLE-BLB-00691,-23.95282,30.36381,50,2021,0,2025-12-18,2024-01-04
T0692,Politsi Substation 3 TX-025,F398,Politsi,SS-PLT-03,Politsi Substation 3,17.2,0.569,0.303,0.245,64.9,1,POLE-PLT-00692,-23.83468,30.0662,315,2009,3,2026-06-16,2024-08-06
T0693,Lenyenye Substation 3 TX-017,F466,Lenyenye,SS-LNY-03,Lenyenye Substation 3,35.0,0.284,0.725,0.745,49.8,0,POLE-LNY-00693,-23.95792,30.297,500,1991,3,2026-01-17,2026-02-14
T0694,Xihoko Substation 3 TX-030,F474,Xihoko,SS-XHK-03,Xihoko Substation 3,3.7,0.777,0.525,0.497,54.8,0,POLE-XHK-00694,-23.71892,30.37591,800,2022,2,2026-07-04,2023-10-30
T0695,Bolobedu Substation 1 TX-025,F046,Bolobedu,SS-BLB-01,Bolobedu Substation 1,29.0,0.487,0.736,0.647,69.0,0,POLE-BLB-00695,-23.96487,30.34876,500,1997,2,2026-03-16,2025-01-19
T0696,Modjadjiskloof Substation 2 TX-026,F127,Modjadjiskloof,SS-MDK-02,Modjadjiskloof Substation 2,16.6,0.649,0.133,0.36,65.4,1,POLE-MDK-00696,-23.77778,30.13703,500,2009,2,2025-07-19,2025-09-21
T0697,Haenertsburg Substation 1 TX-025,F361,Haenertsburg,SS-HBG-01,Haenertsburg Substation 1,6.5,0.313,0.794,0.741,48.0,0,POLE-HBG-00697,-23.95859,29.9633,200,2019,1,2026-06-04,2024-10-25
T0698,Haenertsburg Substation 2 TX-035,F296,Haenertsburg,SS-HBG-02,Haenertsburg Substation 2,1.7,0.342,0.666,0.624,48.1,0,POLE-HBG-00698,-23.99215,29.93368,1600,2024,0,2026-04-10,2026-02-01
T0699,Xihoko Substation 1 TX-037,F026,Xihoko,SS-XHK-01,Xihoko Substation 1,1.0,0.744,0.739,0.598,59.0,0,POLE-XHK-00699,-23.79178,30.37882,500,2025,0,2026-02-23,2026-05-13
T0700,Xihoko Substation 2 TX-025,F048,Xihoko,SS-XHK-02,Xihoko Substation 2,7.3,0.568,0.82,0.838,46.1,0,POLE-XHK-00700,-23.79086,30.29575,315,2019,1,2026-05-24,2026-02-26
T0701,Ga-Kgapane Substation 2 TX-026,F261,Ga-Kgapane,SS-GKG-02,Ga-Kgapane Substation 2,14.8,0.234,0.5,0.588,54.1,0,POLE-GKG-00701,-23.83704,30.35427,50,2011,1,2026-06-05,2026-05-20
T0702,Bolobedu Substation 1 TX-026,F309,Bolobedu,SS-BLB-01,Bolobedu Substation 1,20.2,0.661,0.355,0.359,77.5,1,POLE-BLB-00702,-23.96425,30.3398,315,2006,1,2026-01-02,2025-09-04
T0703,Ga-Kgapane Substation 1 TX-029,F084,Ga-Kgapane,SS-GKG-01,Ga-Kgapane Substation 1,23.4,0.515,0.637,0.63,59.9,1,POLE-GKG-00703,-23.83446,30.29759,315,2003,1,2026-06-21,2025-11-28
T0704,Nkowankowa Substation 3 TX-014,F086,Nkowankowa,SS-NKW-03,Nkowankowa Substation 3,13.9,0.839,0.518,0.437,58.3,0,POLE-NKW-00704,-23.91847,30.25941,50,2012,0,2026-07-15,2026-01-29
T0705,Haenertsburg Substation 1 TX-026,F065,Haenertsburg,SS-HBG-01,Haenertsburg Substation 1,12.4,0.719,0.819,0.8,51.9,0,POLE-HBG-00705,-23.93967,29.96415,1600,2014,1,2026-05-02,2025-04-23
T0706,Haenertsburg Substation 2 TX-036,F283,Haenertsburg,SS-HBG-02,Haenertsburg Substation 2,8.7,0.704,0.566,0.651,57.3,0,POLE-HBG-00706,-23.97253,29.93965,1000,2017,2,2026-05-01,2025-09-27
T0707,Nkowankowa Substation 3 TX-015,F004,Nkowankowa,SS-NKW-03,Nkowankowa Substation 3,15.0,0.407,0.434,0.414,48.2,0,POLE-NKW-00707,-23.92797,30.26568,200,2011,4,2026-01-13,2026-01-03
T0708,Politsi Substation 3 TX-026,F287,Politsi,SS-PLT-03,Politsi Substation 3,6.6,0.788,0.942,0.66,51.6,0,POLE-PLT-00708,-23.82805,30.08444,800,2019,0,2026-05-12,2026-01-08
T0709,Modjadjiskloof Substation 1 TX-030,F238,Modjadjiskloof,SS-MDK-01,Modjadjiskloof Substation 1,3.9,0.207,0.207,0.388,44.3,0,POLE-MDK-00709,-23.71518,30.11632,100,2022,2,2025-01-27,2025-01-27
T0710,Bolobedu Substation 3 TX-021,F233,Bolobedu,SS-BLB-03,Bolobedu Substation 3,11.9,0.771,0.387,0.511,61.4,0,POLE-BLB-00710,-23.98241,30.44212,100,2014,1,2025-10-07,2024-11-27
T0711,Nkowankowa Substation 3 TX-016,F340,Nkowankowa,SS-NKW-03,Nkowankowa Substation 3,19.2,0.302,0.761,0.728,60.1,0,POLE-NKW-00711,-23.91595,30.26407,1000,2007,1,2026-04-11,2025-11-09
T0712,Haenertsburg Substation 1 TX-027,F262,Haenertsburg,SS-HBG-01,Haenertsburg Substation 1,3.2,0.636,0.797,0.584,54.8,0,POLE-HBG-00712,-23.94688,29.96098,100,2023,0,2026-01-31,2026-03-20
T0713,Haenertsburg Substation 3 TX-024,F364,Haenertsburg,SS-HBG-03,Haenertsburg Substation 3,7.3,0.342,0.674,0.745,39.0,0,POLE-HBG-00713,-24.002,29.93492,2000,2019,0,2025-11-22,2026-01-16
T0714,Xihoko Substation 2 TX-026,F382,Xihoko,SS-XHK-02,Xihoko Substation 2,11.5,0.849,0.55,0.619,79.8,0,POLE-XHK-00714,-23.80419,30.30612,100,2014,1,2025-10-20,2025-06-16
T0715,Modjadjiskloof Substation 1 TX-031,F461,Modjadjiskloof,SS-MDK-01,Modjadjiskloof Substation 1,11.4,0.782,0.564,0.7,57.3,0,POLE-MDK-00715,-23.72855,30.11936,800,2015,0,2026-06-14,2024-12-18
T0716,Tzaneen Substation 2 TX-035,F400,Tzaneen,SS-TZN-02,Tzaneen Substation 2,16.3,0.909,0.656,0.645,55.8,1,POLE-TZN-00716,-23.79758,30.20101,315,2010,2,2026-06-09,2026-01-23
T0717,Xihoko Substation 3 TX-031,F259,Xihoko,SS-XHK-03,Xihoko Substation 3,34.9,0.848,0.779,0.667,68.4,0,POLE-XHK-00717,-23.71269,30.36922,50,1991,4,2025-11-24,2026-04-14
T0718,Tzaneen Substation 3 TX-028,F247,Tzaneen,SS-TZN-03,Tzaneen Substation 3,1.1,0.23,0.919,0.772,32.6,0,POLE-TZN-00718,-23.82248,30.20848,50,2025,0,2026-05-12,2025-07-01
T0719,Bolobedu Substation 2 TX-031,F118,Bolobedu,SS-BLB-02,Bolobedu Substation 2,35.0,0.602,0.663,0.705,60.8,0,POLE-BLB-00719,-23.95138,30.3767,100,1991,1,2026-04-06,2025-01-08
T0720,Modjadjiskloof Substation 1 TX-032,F300,Modjadjiskloof,SS-MDK-01,Modjadjiskloof Substation 1,33.9,0.562,0.38,0.362,74.8,1,POLE-MDK-00720,-23.72619,30.1093,1600,1992,0,2026-01-23,2025-08-10
T0721,Politsi Substation 2 TX-031,F070,Politsi,SS-PLT-02,Politsi Substation 2,20.5,0.85,0.749,0.731,50.5,0,POLE-PLT-00721,-23.83591,30.02401,2000,2006,1,2026-05-08,2026-03-26
T0722,Lenyenye Substation 3 TX-018,F466,Lenyenye,SS-LNY-03,Lenyenye Substation 3,13.1,0.576,0.402,0.581,61.0,0,POLE-LNY-00722,-23.94056,30.29869,200,2013,1,2025-07-08,2026-01-07
T0723,Modjadjiskloof Substation 1 TX-033,F423,Modjadjiskloof,SS-MDK-01,Modjadjiskloof Substation 1,6.7,0.587,0.343,0.403,59.8,0,POLE-MDK-00723,-23.72535,30.13411,200,2019,0,2026-02-04,2025-08-07
T0724,Lenyenye Substation 2 TX-025,F060,Lenyenye,SS-LNY-02,Lenyenye Substation 2,20.3,0.348,0.911,0.784,49.5,0,POLE-LNY-00724,-23.93793,30.25799,2000,2006,1,2026-03-09,2026-03-15
T0725,Ga-Kgapane Substation 1 TX-030,F393,Ga-Kgapane,SS-GKG-01,Ga-Kgapane Substation 1,13.6,0.856,0.908,0.883,61.7,0,POLE-GKG-00725,-23.83161,30.28725,315,2012,2,2026-06-05,2026-05-26
T0726,Xihoko Substation 2 TX-027,F059,Xihoko,SS-XHK-02,Xihoko Substation 2,8.8,0.135,0.443,0.579,38.4,0,POLE-XHK-00726,-23.79519,30.30746,200,2017,2,2026-04-16,2026-02-11
T0727,Haenertsburg Substation 1 TX-028,F361,Haenertsburg,SS-HBG-01,Haenertsburg Substation 1,19.9,0.551,0.763,0.521,56.5,0,POLE-HBG-00727,-23.94901,29.94144,500,2006,3,2026-06-16,2025-12-27
T0728,Bolobedu Substation 3 TX-022,F044,Bolobedu,SS-BLB-03,Bolobedu Substation 3,22.3,0.324,0.454,0.403,62.0,1,POLE-BLB-00728,-23.98304,30.44716,315,2004,3,2025-12-23,2025-12-06
T0729,Xihoko Substation 3 TX-032,F245,Xihoko,SS-XHK-03,Xihoko Substation 3,27.4,0.553,0.66,0.522,64.2,0,POLE-XHK-00729,-23.72208,30.37722,200,1999,2,2026-04-24,2026-07-03
T0730,Lenyenye Substation 3 TX-019,F329,Lenyenye,SS-LNY-03,Lenyenye Substation 3,6.1,0.307,0.518,0.623,42.1,0,POLE-LNY-00730,-23.94933,30.30097,2000,2020,3,2026-01-04,2022-08-10
T0731,Haenertsburg Substation 1 TX-029,F365,Haenertsburg,SS-HBG-01,Haenertsburg Substation 1,25.1,0.293,0.66,0.77,53.1,0,POLE-HBG-00731,-23.96117,29.9673,1000,2001,0,2026-02-13,2026-03-11
T0732,Nkowankowa Substation 1 TX-029,F210,Nkowankowa,SS-NKW-01,Nkowankowa Substation 1,9.0,0.435,0.529,0.504,58.5,0,POLE-NKW-00732,-23.9142,30.24521,100,2017,2,2026-06-08,2026-04-04
T0733,Modjadjiskloof Substation 1 TX-034,F461,Modjadjiskloof,SS-MDK-01,Modjadjiskloof Substation 1,13.2,0.665,0.596,0.679,62.7,0,POLE-MDK-00733,-23.72172,30.11599,800,2013,4,2026-04-27,2026-01-12
T0734,Bolobedu Substation 3 TX-023,F388,Bolobedu,SS-BLB-03,Bolobedu Substation 3,15.0,0.638,0.779,0.632,59.8,0,POLE-BLB-00734,-23.97956,30.45063,1600,2011,1,2026-06-25,2024-12-28
T0735,Nkowankowa Substation 2 TX-032,F105,Nkowankowa,SS-NKW-02,Nkowankowa Substation 2,23.8,0.535,0.594,0.593,59.6,1,POLE-NKW-00735,-23.94342,30.26098,500,2002,1,2026-06-11,2024-12-24
T0736,Modjadjiskloof Substation 2 TX-027,F336,Modjadjiskloof,SS-MDK-02,Modjadjiskloof Substation 2,18.6,0.466,0.934,0.874,54.3,0,POLE-MDK-00736,-23.77812,30.13024,100,2007,0,2026-07-04,2025-07-24
T0737,Bolobedu Substation 1 TX-027,F366,Bolobedu,SS-BLB-01,Bolobedu Substation 1,8.7,0.766,0.294,0.401,56.6,0,POLE-BLB-00737,-23.96117,30.35679,500,2017,0,2026-05-17,2024-01-12
T0738,Nkowankowa Substation 2 TX-033,F167,Nkowankowa,SS-NKW-02,Nkowankowa Substation 2,1.2,0.484,0.611,0.678,51.0,0,POLE-NKW-00738,-23.94491,30.25331,500,2025,2,2026-05-26,2026-04-01
T0739,Modjadjiskloof Substation 3 TX-026,F370,Modjadjiskloof,SS-MDK-03,Modjadjiskloof Substation 3,16.1,0.786,0.903,0.762,64.0,0,POLE-MDK-00739,-23.72272,30.11686,100,2010,0,2025-09-18,2026-05-12
T0740,Modjadjiskloof Substation 2 TX-028,F450,Modjadjiskloof,SS-MDK-02,Modjadjiskloof Substation 2,12.8,0.407,0.676,0.678,60.1,0,POLE-MDK-00740,-23.77368,30.11881,1600,2013,0,2026-05-12,2025-07-11
T0741,Haenertsburg Substation 1 TX-030,F409,Haenertsburg,SS-HBG-01,Haenertsburg Substation 1,3.7,0.715,0.404,0.526,50.5,0,POLE-HBG-00741,-23.94509,29.9611,50,2022,2,2025-12-04,2026-01-07
T0742,Xihoko Substation 2 TX-028,F382,Xihoko,SS-XHK-02,Xihoko Substation 2,13.9,0.373,0.587,0.659,46.1,1,POLE-XHK-00742,-23.79361,30.31017,100,2012,2,2026-02-16,2025-04-19
T0743,Tzaneen Substation 3 TX-029,F318,Tzaneen,SS-TZN-03,Tzaneen Substation 3,11.4,0.819,0.762,0.604,62.7,0,POLE-TZN-00743,-23.83867,30.1947,50,2015,1,2026-04-05,2025-01-18
T0744,Tzaneen Substation 1 TX-025,F136,Tzaneen,SS-TZN-01,Tzaneen Substation 1,27.2,0.699,0.433,0.471,67.8,1,POLE-TZN-00744,-23.81653,30.15797,50,1999,2,2025-11-19,2025-07-23
T0745,Politsi Substation 3 TX-027,F398,Politsi,SS-PLT-03,Politsi Substation 3,35.0,0.747,0.486,0.489,79.6,1,POLE-PLT-00745,-23.83179,30.07337,200,1991,2,2026-03-05,2025-11-03
T0746,Modjadjiskloof Substation 1 TX-035,F183,Modjadjiskloof,SS-MDK-01,Modjadjiskloof Substation 1,21.9,0.339,0.51,0.591,62.6,0,POLE-MDK-00746,-23.71174,30.12715,200,2004,2,2026-06-03,2024-08-17
T0747,Politsi Substation 2 TX-032,F267,Politsi,SS-PLT-02,Politsi Substation 2,10.9,0.397,0.707,0.677,57.6,0,POLE-PLT-00747,-23.84745,30.03419,1600,2015,1,2026-03-18,2025-10-18
T0748,Tzaneen Substation 2 TX-036,F158,Tzaneen,SS-TZN-02,Tzaneen Substation 2,12.2,0.375,0.357,0.574,51.5,1,POLE-TZN-00748,-23.80919,30.19809,200,2014,0,2025-12-21,2026-01-31
T0749,Bolobedu Substation 1 TX-028,F157,Bolobedu,SS-BLB-01,Bolobedu Substation 1,5.9,0.25,0.62,0.742,46.1,0,POLE-BLB-00749,-23.95353,30.35519,200,2020,0,2026-06-19,2025-12-30
T0750,Nkowankowa Substation 1 TX-030,F079,Nkowankowa,SS-NKW-01,Nkowankowa Substation 1,6.9,0.307,0.551,0.637,42.8,0,POLE-NKW-00750,-23.90454,30.23907,315,2019,0,2026-03-16,2025-10-25
T0751,Politsi Substation 1 TX-030,F481,Politsi,SS-PLT-01,Politsi Substation 1,10.5,0.536,0.506,0.499,56.2,0,POLE-PLT-00751,-23.81071,30.06415,50,2016,1,2025-12-13,2026-06-15
T0752,Nkowankowa Substation 1 TX-031,F074,Nkowankowa,SS-NKW-01,Nkowankowa Substation 1,9.7,0.433,0.701,0.617,50.0,0,POLE-NKW-00752,-23.90945,30.24889,1000,2016,1,2026-04-23,2024-05-13
T0753,Bolobedu Substation 3 TX-024,F044,Bolobedu,SS-BLB-03,Bolobedu Substation 3,3.5,0.474,0.94,0.87,42.3,0,POLE-BLB-00753,-23.98589,30.4443,1600,2023,0,2025-12-02,2026-04-16
T0754,Tzaneen Substation 2 TX-037,F469,Tzaneen,SS-TZN-02,Tzaneen Substation 2,27.4,0.403,0.547,0.574,70.1,0,POLE-TZN-00754,-23.79802,30.18909,50,1999,2,2026-05-19,2026-05-29
T0755,Modjadjiskloof Substation 1 TX-036,F278,Modjadjiskloof,SS-MDK-01,Modjadjiskloof Substation 1,29.9,0.45,0.441,0.591,56.5,1,POLE-MDK-00755,-23.72205,30.1258,800,1996,4,2026-04-19,2025-09-27
T0756,Xihoko Substation 3 TX-033,F219,Xihoko,SS-XHK-03,Xihoko Substation 3,26.8,0.611,0.728,0.614,64.4,1,POLE-XHK-00756,-23.71265,30.37472,800,1999,3,2026-03-17,2025-08-29
T0757,Xihoko Substation 3 TX-034,F369,Xihoko,SS-XHK-03,Xihoko Substation 3,30.5,0.364,0.439,0.473,64.1,1,POLE-XHK-00757,-23.71685,30.38123,2000,1995,0,2026-05-06,2026-02-11
T0758,Modjadjiskloof Substation 3 TX-027,F192,Modjadjiskloof,SS-MDK-03,Modjadjiskloof Substation 3,35.0,0.529,0.556,0.452,73.7,1,POLE-MDK-00758,-23.71554,30.12668,1000,1991,3,2026-05-16,2025-12-15
T0759,Haenertsburg Substation 2 TX-037,F064,Haenertsburg,SS-HBG-02,Haenertsburg Substation 2,6.0,0.269,0.617,0.56,40.0,0,POLE-HBG-00759,-23.97504,29.92889,2000,2020,1,2025-11-21,2025-09-17
T0760,Haenertsburg Substation 1 TX-031,F365,Haenertsburg,SS-HBG-01,Haenertsburg Substation 1,35.0,0.36,0.493,0.591,62.8,0,POLE-HBG-00760,-23.94092,29.96809,1600,1991,2,2026-04-22,2025-10-07
T0761,Nkowankowa Substation 2 TX-034,F088,Nkowankowa,SS-NKW-02,Nkowankowa Substation 2,8.7,0.685,0.809,0.708,50.6,0,POLE-NKW-00761,-23.94416,30.25238,800,2017,0,2026-02-13,2025-05-24
T0762,Xihoko Substation 2 TX-029,F277,Xihoko,SS-XHK-02,Xihoko Substation 2,17.8,0.445,0.395,0.29,50.0,0,POLE-XHK-00762,-23.79999,30.30572,2000,2008,1,2026-06-03,2025-06-23
T0763,Lenyenye Substation 3 TX-020,F475,Lenyenye,SS-LNY-03,Lenyenye Substation 3,2.7,0.227,0.685,0.603,47.6,0,POLE-LNY-00763,-23.96189,30.30125,800,2023,0,2026-05-11,2026-06-08
T0764,Tzaneen Substation 2 TX-038,F469,Tzaneen,SS-TZN-02,Tzaneen Substation 2,7.8,0.782,0.642,0.662,48.6,0,POLE-TZN-00764,-23.80412,30.19748,1600,2018,1,2026-05-10,2025-12-16
T0765,Ga-Kgapane Substation 1 TX-031,F181,Ga-Kgapane,SS-GKG-01,Ga-Kgapane Substation 1,22.3,0.754,0.075,0.289,62.8,1,POLE-GKG-00765,-23.84238,30.29778,500,2004,3,2026-03-15,2025-02-23
T0766,Politsi Substation 1 TX-031,F391,Politsi,SS-PLT-01,Politsi Substation 1,18.4,0.737,0.531,0.42,70.4,1,POLE-PLT-00766,-23.79285,30.05254,50,2008,1,2026-06-09,2026-01-17
T0767,Modjadjiskloof Substation 2 TX-029,F307,Modjadjiskloof,SS-MDK-02,Modjadjiskloof Substation 2,8.5,0.851,0.702,0.565,58.0,0,POLE-MDK-00767,-23.77605,30.13975,800,2017,1,2026-05-20,2025-12-01
T0768,Ga-Kgapane Substation 1 TX-032,F240,Ga-Kgapane,SS-GKG-01,Ga-Kgapane Substation 1,12.2,0.844,0.89,0.896,54.3,0,POLE-GKG-00768,-23.83681,30.29572,100,2014,0,2026-05-14,2025-09-13
T0769,Politsi Substation 2 TX-033,F070,Politsi,SS-PLT-02,Politsi Substation 2,7.2,0.827,0.898,0.596,56.4,0,POLE-PLT-00769,-23.83578,30.02374,500,2019,1,2026-07-17,2025-10-06
T0770,Nkowankowa Substation 3 TX-017,F189,Nkowankowa,SS-NKW-03,Nkowankowa Substation 3,22.3,0.527,0.413,0.363,69.8,1,POLE-NKW-00770,-23.9282,30.26374,1000,2004,0,2026-05-08,2025-03-31
T0771,Xihoko Substation 2 TX-030,F326,Xihoko,SS-XHK-02,Xihoko Substation 2,28.6,0.677,0.452,0.367,68.7,1,POLE-XHK-00771,-23.79283,30.31245,1600,1997,1,2026-02-03,2025-06-19
T0772,Modjadjiskloof Substation 3 TX-028,F494,Modjadjiskloof,SS-MDK-03,Modjadjiskloof Substation 3,6.0,0.389,0.599,0.65,49.4,0,POLE-MDK-00772,-23.70804,30.12421,100,2020,1,2026-05-30,2025-12-31
T0773,Lenyenye Substation 1 TX-020,F003,Lenyenye,SS-LNY-01,Lenyenye Substation 1,11.3,0.663,0.624,0.508,52.5,0,POLE-LNY-00773,-23.94693,30.2736,2000,2015,1,2026-03-28,2023-08-10
T0774,Xihoko Substation 3 TX-035,F359,Xihoko,SS-XHK-03,Xihoko Substation 3,3.3,0.665,0.83,0.739,51.0,0,POLE-XHK-00774,-23.72278,30.37833,200,2023,2,2026-06-16,2026-04-19
T0775,Politsi Substation 3 TX-028,F424,Politsi,SS-PLT-03,Politsi Substation 3,13.6,0.192,0.648,0.465,54.5,0,POLE-PLT-00775,-23.83549,30.07547,1600,2012,0,2026-04-24,2026-05-17
T0776,Tzaneen Substation 2 TX-039,F476,Tzaneen,SS-TZN-02,Tzaneen Substation 2,16.6,0.304,0.5,0.453,61.5,0,POLE-TZN-00776,-23.81363,30.1958,1600,2009,2,2026-07-15,2025-09-22
T0777,Haenertsburg Substation 3 TX-025,F212,Haenertsburg,SS-HBG-03,Haenertsburg Substation 3,14.4,0.199,0.46,0.468,42.8,0,POLE-HBG-00777,-24.00636,29.93058,800,2012,1,2026-02-08,2025-11-17
T0778,Lenyenye Substation 2 TX-026,F060,Lenyenye,SS-LNY-02,Lenyenye Substation 2,15.7,0.3,0.747,0.543,50.8,0,POLE-LNY-00778,-23.93207,30.27278,500,2010,0,2026-05-30,2025-10-16
T0779,Tzaneen Substation 1 TX-026,F136,Tzaneen,SS-TZN-01,Tzaneen Substation 1,10.4,0.667,0.941,0.763,61.2,0,POLE-TZN-00779,-23.82034,30.15889,800,2016,1,2026-03-24,2025-05-17
T0780,Politsi Substation 2 TX-034,F426,Politsi,SS-PLT-02,Politsi Substation 2,10.6,0.743,0.706,0.75,59.8,0,POLE-PLT-00780,-23.82538,30.02183,315,2015,0,2026-05-08,2026-04-05
T0781,Ga-Kgapane Substation 3 TX-017,F439,Ga-Kgapane,SS-GKG-03,Ga-Kgapane Substation 3,10.3,0.64,0.144,0.294,60.0,1,POLE-GKG-00781,-23.8621,30.38344,50,2016,5,2026-04-09,2026-06-27
T0782,Bolobedu Substation 1 TX-029,F319,Bolobedu,SS-BLB-01,Bolobedu Substation 1,7.6,0.35,0.791,0.669,46.3,0,POLE-BLB-00782,-23.96987,30.35573,500,2018,0,2026-06-09,2023-03-26
T0783,Bolobedu Substation 1 TX-030,F062,Bolobedu,SS-BLB-01,Bolobedu Substation 1,8.4,0.592,0.161,0.292,60.3,1,POLE-BLB-00783,-23.96123,30.35166,50,2018,2,2026-04-18,2025-10-03
T0784,Lenyenye Substation 1 TX-021,F061,Lenyenye,SS-LNY-01,Lenyenye Substation 1,16.1,0.172,0.606,0.735,44.3,0,POLE-LNY-00784,-23.97347,30.28407,200,2010,1,2026-05-23,2025-08-31
T0785,Ga-Kgapane Substation 1 TX-033,F240,Ga-Kgapane,SS-GKG-01,Ga-Kgapane Substation 1,27.4,0.594,0.567,0.643,66.7,0,POLE-GKG-00785,-23.841,30.29384,2000,1999,2,2026-06-02,2025-12-14
T0786,Nkowankowa Substation 3 TX-018,F295,Nkowankowa,SS-NKW-03,Nkowankowa Substation 3,5.2,0.592,0.745,0.64,53.0,0,POLE-NKW-00786,-23.9231,30.26779,50,2021,2,2026-06-09,2026-01-22
T0787,Lenyenye Substation 3 TX-021,F017,Lenyenye,SS-LNY-03,Lenyenye Substation 3,10.6,0.784,0.707,0.743,50.7,0,POLE-LNY-00787,-23.94943,30.3051,50,2015,0,2025-09-23,2026-01-05
T0788,Politsi Substation 2 TX-035,F344,Politsi,SS-PLT-02,Politsi Substation 2,4.2,0.222,0.953,0.892,34.9,0,POLE-PLT-00788,-23.83215,30.02466,2000,2022,1,2026-05-30,2025-10-20
T0789,Nkowankowa Substation 2 TX-035,F273,Nkowankowa,SS-NKW-02,Nkowankowa Substation 2,7.7,0.684,0.487,0.481,54.8,0,POLE-NKW-00789,-23.94688,30.24659,1000,2018,1,2026-07-07,2025-01-08
T0790,Politsi Substation 1 TX-032,F007,Politsi,SS-PLT-01,Politsi Substation 1,8.8,0.488,0.49,0.548,50.9,0,POLE-PLT-00790,-23.80024,30.06346,200,2017,2,2026-07-07,2024-07-30
T0791,Xihoko Substation 2 TX-031,F048,Xihoko,SS-XHK-02,Xihoko Substation 2,12.9,0.753,0.68,0.713,58.8,0,POLE-XHK-00791,-23.79528,30.31106,100,2013,0,2025-09-08,2025-07-10
T0792,Xihoko Substation 3 TX-036,F228,Xihoko,SS-XHK-03,Xihoko Substation 3,12.7,0.48,0.52,0.533,55.5,0,POLE-XHK-00792,-23.71636,30.37019,500,2013,3,2026-04-21,2025-11-24
T0793,Tzaneen Substation 2 TX-040,F362,Tzaneen,SS-TZN-02,Tzaneen Substation 2,11.2,0.752,0.346,0.496,56.7,0,POLE-TZN-00793,-23.80222,30.19676,2000,2015,2,2026-06-11,2023-08-25
T0794,Lenyenye Substation 1 TX-022,F413,Lenyenye,SS-LNY-01,Lenyenye Substation 1,15.2,0.211,0.796,0.634,55.0,0,POLE-LNY-00794,-23.96379,30.2661,50,2011,1,2026-02-11,2025-07-12
T0795,Bolobedu Substation 1 TX-031,F216,Bolobedu,SS-BLB-01,Bolobedu Substation 1,5.6,0.667,0.672,0.675,51.9,0,POLE-BLB-00795,-23.96296,30.35795,2000,2020,1,2026-06-03,2025-06-15
T0796,Haenertsburg Substation 3 TX-026,F148,Haenertsburg,SS-HBG-03,Haenertsburg Substation 3,13.0,0.517,0.382,0.534,62.9,0,POLE-HBG-00796,-24.01231,29.93584,100,2013,1,2026-03-23,2024-07-13
T0797,Bolobedu Substation 3 TX-025,F485,Bolobedu,SS-BLB-03,Bolobedu Substation 3,18.8,0.634,0.689,0.6,67.6,0,POLE-BLB-00797,-23.99374,30.44823,2000,2007,3,2026-04-13,2025-11-05
T0798,Lenyenye Substation 2 TX-027,F230,Lenyenye,SS-LNY-02,Lenyenye Substation 2,5.5,0.964,0.496,0.422,57.6,0,POLE-LNY-00798,-23.94849,30.26783,50,2020,3,2026-06-14,2024-06-12
T0799,Tzaneen Substation 2 TX-041,F158,Tzaneen,SS-TZN-02,Tzaneen Substation 2,2.2,0.608,0.514,0.61,47.2,0,POLE-TZN-00799,-23.81043,30.19361,200,2024,0,2026-05-22,2026-05-28
T0800,Tzaneen Substation 3 TX-030,F222,Tzaneen,SS-TZN-03,Tzaneen Substation 3,22.2,0.611,0.847,0.618,59.5,0,POLE-TZN-00800,-23.82431,30.19132,50,2004,3,2026-03-26,2025-11-30
T0801,Politsi Substation 1 TX-033,F007,Politsi,SS-PLT-01,Politsi Substation 1,4.3,0.792,0.557,0.519,58.3,0,POLE-PLT-00801,-23.78748,30.06787,315,2022,0,2025-11-03,2024-05-06
T0802,Tzaneen Substation 2 TX-042,F151,Tzaneen,SS-TZN-02,Tzaneen Substation 2,7.4,0.606,0.464,0.6,56.6,0,POLE-TZN-00802,-23.80323,30.19618,800,2019,0,2026-01-06,2025-01-04
T0803,Xihoko Substation 1 TX-038,F258,Xihoko,SS-XHK-01,Xihoko Substation 1,18.4,0.37,0.222,0.289,60.7,1,POLE-XHK-00803,-23.77483,30.37065,100,2008,1,2026-01-28,2025-04-25
T0804,Haenertsburg Substation 1 TX-032,F460,Haenertsburg,SS-HBG-01,Haenertsburg Substation 1,5.3,0.361,0.614,0.459,46.1,0,POLE-HBG-00804,-23.94182,29.94986,50,2021,2,2026-05-16,2026-04-06
T0805,Modjadjiskloof Substation 3 TX-029,F370,Modjadjiskloof,SS-MDK-03,Modjadjiskloof Substation 3,21.2,0.917,0.625,0.675,75.0,0,POLE-MDK-00805,-23.71203,30.1137,100,2005,0,2026-03-11,2026-06-18
T0806,Politsi Substation 1 TX-034,F391,Politsi,SS-PLT-01,Politsi Substation 1,6.6,0.48,0.831,0.653,46.6,0,POLE-PLT-00806,-23.8106,30.05477,500,2019,0,2026-03-26,2025-11-28
T0807,Nkowankowa Substation 2 TX-036,F273,Nkowankowa,SS-NKW-02,Nkowankowa Substation 2,5.9,0.415,0.512,0.528,52.9,0,POLE-NKW-00807,-23.92885,30.24202,500,2020,1,2025-10-28,2025-11-17
T0808,Ga-Kgapane Substation 2 TX-027,F056,Ga-Kgapane,SS-GKG-02,Ga-Kgapane Substation 2,4.2,0.808,0.575,0.707,53.4,0,POLE-GKG-00808,-23.84697,30.35625,800,2022,1,2026-04-17,2025-05-09
T0809,Politsi Substation 2 TX-036,F196,Politsi,SS-PLT-02,Politsi Substation 2,6.6,0.928,0.805,0.628,58.8,0,POLE-PLT-00809,-23.83606,30.02481,2000,2019,1,2025-08-21,2025-10-09
T0810,Bolobedu Substation 2 TX-032,F499,Bolobedu,SS-BLB-02,Bolobedu Substation 2,16.8,0.402,0.513,0.495,59.4,0,POLE-BLB-00810,-23.9417,30.36646,315,2009,3,2025-12-25,2024-11-26
T0811,Xihoko Substation 2 TX-032,F023,Xihoko,SS-XHK-02,Xihoko Substation 2,7.4,0.698,0.449,0.516,64.3,0,POLE-XHK-00811,-23.79471,30.31218,800,2019,1,2026-04-12,2025-07-28
T0812,Xihoko Substation 1 TX-039,F440,Xihoko,SS-XHK-01,Xihoko Substation 1,22.2,0.815,0.382,0.35,72.5,1,POLE-XHK-00812,-23.76575,30.37643,100,2004,4,2025-10-28,2026-03-01
T0813,Xihoko Substation 3 TX-037,F343,Xihoko,SS-XHK-03,Xihoko Substation 3,11.6,0.335,0.359,0.394,50.8,0,POLE-XHK-00813,-23.72421,30.36279,315,2014,1,2026-04-23,2025-04-30
T0814,Tzaneen Substation 2 TX-043,F142,Tzaneen,SS-TZN-02,Tzaneen Substation 2,12.3,0.498,0.677,0.715,58.9,0,POLE-TZN-00814,-23.80041,30.18906,200,2014,0,2026-06-03,2025-11-21
T0815,Bolobedu Substation 3 TX-026,F389,Bolobedu,SS-BLB-03,Bolobedu Substation 3,5.8,0.404,0.345,0.399,53.6,0,POLE-BLB-00815,-23.98904,30.44356,100,2020,1,2026-07-03,2025-09-19
T0816,Haenertsburg Substation 1 TX-033,F419,Haenertsburg,SS-HBG-01,Haenertsburg Substation 1,24.4,0.324,0.401,0.544,58.8,0,POLE-HBG-00816,-23.94608,29.95906,100,2002,0,2025-06-13,2025-09-22
T0817,Tzaneen Substation 2 TX-044,F022,Tzaneen,SS-TZN-02,Tzaneen Substation 2,18.9,0.893,0.55,0.597,71.4,0,POLE-TZN-00817,-23.81191,30.18652,50,2007,0,2026-05-10,2025-08-14
T0818,Nkowankowa Substation 1 TX-032,F054,Nkowankowa,SS-NKW-01,Nkowankowa Substation 1,18.5,0.111,0.549,0.646,49.6,0,POLE-NKW-00818,-23.90747,30.23869,200,2007,0,2026-02-09,2025-11-14
T0819,Haenertsburg Substation 3 TX-027,F333,Haenertsburg,SS-HBG-03,Haenertsburg Substation 3,10.0,0.875,0.787,0.761,69.8,0,POLE-HBG-00819,-23.99832,29.93175,50,2016,0,2026-02-17,2026-06-01
T0820,Modjadjiskloof Substation 1 TX-037,F500,Modjadjiskloof,SS-MDK-01,Modjadjiskloof Substation 1,3.8,0.792,0.583,0.504,56.6,0,POLE-MDK-00820,-23.71721,30.12059,315,2022,1,2026-05-10,2026-04-26
T0821,Modjadjiskloof Substation 1 TX-038,F012,Modjadjiskloof,SS-MDK-01,Modjadjiskloof Substation 1,12.8,0.253,0.945,0.833,50.0,0,POLE-MDK-00821,-23.71778,30.11353,50,2013,1,2026-06-05,2026-03-02
T0822,Haenertsburg Substation 3 TX-028,F333,Haenertsburg,SS-HBG-03,Haenertsburg Substation 3,16.3,0.552,0.776,0.732,56.9,0,POLE-HBG-00822,-24.01585,29.92985,315,2010,0,2026-07-13,2025-02-04
T0823,Modjadjiskloof Substation 1 TX-039,F069,Modjadjiskloof,SS-MDK-01,Modjadjiskloof Substation 1,16.4,0.361,0.748,0.574,55.7,0,POLE-MDK-00823,-23.72995,30.12217,1600,2010,0,2026-06-23,2025-09-11
T0824,Xihoko Substation 2 TX-033,F326,Xihoko,SS-XHK-02,Xihoko Substation 2,14.9,0.678,0.323,0.415,60.6,1,POLE-XHK-00824,-23.80121,30.30265,200,2011,0,2026-06-24,2025-09-19
T0825,Politsi Substation 1 TX-035,F312,Politsi,SS-PLT-01,Politsi Substation 1,14.5,0.917,0.311,0.331,67.1,1,POLE-PLT-00825,-23.79836,30.05669,50,2011,2,2025-02-28,2023-04-13
T0826,Bolobedu Substation 1 TX-032,F046,Bolobedu,SS-BLB-01,Bolobedu Substation 1,6.6,0.412,0.398,0.537,51.8,0,POLE-BLB-00826,-23.96329,30.35943,200,2019,3,2026-04-12,2025-08-04
T0827,Nkowankowa Substation 2 TX-037,F341,Nkowankowa,SS-NKW-02,Nkowankowa Substation 2,6.8,0.71,0.575,0.675,49.2,0,POLE-NKW-00827,-23.94054,30.24745,315,2019,0,2026-05-29,2025-11-21
T0828,Ga-Kgapane Substation 1 TX-034,F449,Ga-Kgapane,SS-GKG-01,Ga-Kgapane Substation 1,4.3,0.55,0.725,0.696,45.3,0,POLE-GKG-00828,-23.83279,30.29385,800,2022,0,2026-05-27,2026-01-20
T0829,Bolobedu Substation 3 TX-027,F432,Bolobedu,SS-BLB-03,Bolobedu Substation 3,22.4,0.411,0.678,0.671,56.5,0,POLE-BLB-00829,-23.97875,30.44967,800,2004,2,2026-04-25,2026-02-06
T0830,Ga-Kgapane Substation 3 TX-018,F015,Ga-Kgapane,SS-GKG-03,Ga-Kgapane Substation 3,35.0,0.408,0.442,0.357,75.7,1,POLE-GKG-00830,-23.86324,30.38332,50,1991,1,2026-05-30,2026-05-21
T0831,Modjadjiskloof Substation 3 TX-030,F123,Modjadjiskloof,SS-MDK-03,Modjadjiskloof Substation 3,35.0,0.699,0.802,0.671,70.7,0,POLE-MDK-00831,-23.71815,30.12469,2000,1991,2,2026-03-25,2025-11-24
T0832,Bolobedu Substation 1 TX-033,F121,Bolobedu,SS-BLB-01,Bolobedu Substation 1,13.4,0.848,0.777,0.813,58.4,0,POLE-BLB-00832,-23.95829,30.36126,315,2013,0,2026-02-14,2026-05-17
T0833,Bolobedu Substation 2 TX-033,F227,Bolobedu,SS-BLB-02,Bolobedu Substation 2,14.5,0.251,0.582,0.589,44.4,0,POLE-BLB-00833,-23.94935,30.36644,200,2011,0,2026-04-28,2026-03-10
T0834,Tzaneen Substation 3 TX-031,F072,Tzaneen,SS-TZN-03,Tzaneen Substation 3,10.3,0.716,0.919,0.702,63.8,0,POLE-TZN-00834,-23.82918,30.18131,2000,2016,1,2026-06-16,2026-05-09
T0835,Haenertsburg Substation 2 TX-038,F428,Haenertsburg,SS-HBG-02,Haenertsburg Substation 2,13.3,0.29,0.151,0.31,60.3,1,POLE-HBG-00835,-23.97252,29.93012,100,2013,4,2026-04-07,2023-05-25
T0836,Bolobedu Substation 3 TX-028,F389,Bolobedu,SS-BLB-03,Bolobedu Substation 3,5.3,0.533,0.511,0.419,59.4,0,POLE-BLB-00836,-23.9899,30.43229,1000,2021,1,2026-06-10,2025-07-06
T0837,Tzaneen Substation 3 TX-032,F405,Tzaneen,SS-TZN-03,Tzaneen Substation 3,10.1,0.399,0.325,0.494,44.7,0,POLE-TZN-00837,-23.82324,30.18603,2000,2016,0,2026-04-11,2024-08-09
T0838,Haenertsburg Substation 3 TX-029,F100,Haenertsburg,SS-HBG-03,Haenertsburg Substation 3,6.0,0.96,0.888,0.858,57.0,0,POLE-HBG-00838,-24.01461,29.92723,200,2020,1,2026-03-31,2025-08-10
T0839,Tzaneen Substation 1 TX-027,F008,Tzaneen,SS-TZN-01,Tzaneen Substation 1,9.2,0.391,0.57,0.658,43.6,0,POLE-TZN-00839,-23.82132,30.16299,315,2017,1,2025-09-29,2025-12-29
T0840,Bolobedu Substation 3 TX-029,F456,Bolobedu,SS-BLB-03,Bolobedu Substation 3,6.4,0.736,0.94,0.767,56.1,0,POLE-BLB-00840,-23.99147,30.45231,500,2020,0,2026-05-04,2026-03-19
T0841,Lenyenye Substation 2 TX-028,F145,Lenyenye,SS-LNY-02,Lenyenye Substation 2,16.3,0.903,0.244,0.371,70.6,1,POLE-LNY-00841,-23.93554,30.26345,1600,2010,3,2025-12-14,2025-10-28
T0842,Lenyenye Substation 3 TX-022,F329,Lenyenye,SS-LNY-03,Lenyenye Substation 3,17.7,0.875,0.343,0.516,69.2,1,POLE-LNY-00842,-23.95022,30.30592,2000,2008,2,2026-04-04,2026-03-16
T0843,Haenertsburg Substation 2 TX-039,F455,Haenertsburg,SS-HBG-02,Haenertsburg Substation 2,14.2,0.844,0.767,0.749,56.0,0,POLE-HBG-00843,-23.98186,29.93378,800,2012,2,2026-01-31,2026-07-08
T0844,Bolobedu Substation 2 TX-034,F019,Bolobedu,SS-BLB-02,Bolobedu Substation 2,6.8,0.758,0.485,0.636,50.1,1,POLE-BLB-00844,-23.95431,30.36134,1000,2019,2,2026-05-29,2026-05-31
T0845,Lenyenye Substation 1 TX-023,F003,Lenyenye,SS-LNY-01,Lenyenye Substation 1,4.0,0.684,0.586,0.719,47.3,0,POLE-LNY-00845,-23.96598,30.27321,1600,2022,1,2026-06-25,2025-07-26
T0846,Lenyenye Substation 1 TX-024,F003,Lenyenye,SS-LNY-01,Lenyenye Substation 1,17.8,0.652,0.835,0.697,60.0,0,POLE-LNY-00846,-23.95916,30.26636,800,2008,0,2026-05-23,2026-05-28
T0847,Nkowankowa Substation 1 TX-033,F079,Nkowankowa,SS-NKW-01,Nkowankowa Substation 1,11.5,0.685,0.702,0.59,56.2,0,POLE-NKW-00847,-23.89988,30.24407,1600,2014,2,2026-03-23,2026-03-10
T0848,Xihoko Substation 1 TX-040,F026,Xihoko,SS-XHK-01,Xihoko Substation 1,2.1,0.384,0.315,0.43,49.2,0,POLE-XHK-00848,-23.76994,30.37199,800,2024,0,2026-06-18,2025-11-21
T0849,Ga-Kgapane Substation 3 TX-019,F410,Ga-Kgapane,SS-GKG-03,Ga-Kgapane Substation 3,12.7,0.17,0.726,0.69,39.8,0,POLE-GKG-00849,-23.86595,30.37457,500,2013,1,2025-10-15,2026-05-03
T0850,Tzaneen Substation 2 TX-045,F303,Tzaneen,SS-TZN-02,Tzaneen Substation 2,14.6,0.84,0.565,0.556,63.2,0,POLE-TZN-00850,-23.81584,30.19012,2000,2011,2,2026-06-11,2025-06-17
T0851,Modjadjiskloof Substation 3 TX-031,F491,Modjadjiskloof,SS-MDK-03,Modjadjiskloof Substation 3,2.9,0.585,0.319,0.404,60.3,0,POLE-MDK-00851,-23.71024,30.12131,315,2023,2,2026-04-28,2024-10-22
T0852,Modjadjiskloof Substation 2 TX-030,F401,Modjadjiskloof,SS-MDK-02,Modjadjiskloof Substation 2,16.5,0.773,0.577,0.654,62.8,0,POLE-MDK-00852,-23.78825,30.1258,100,2010,0,2026-03-05,2026-05-22
T0853,Politsi Substation 2 TX-037,F482,Politsi,SS-PLT-02,Politsi Substation 2,3.3,0.719,0.848,0.845,50.6,0,POLE-PLT-00853,-23.82518,30.03725,1000,2023,0,2026-04-24,2026-06-10
T0854,Tzaneen Substation 2 TX-046,F120,Tzaneen,SS-TZN-02,Tzaneen Substation 2,6.3,0.462,0.787,0.788,47.7,0,POLE-TZN-00854,-23.80208,30.19433,800,2020,1,2026-02-01,2026-03-17
T0855,Bolobedu Substation 2 TX-035,F144,Bolobedu,SS-BLB-02,Bolobedu Substation 2,3.3,0.633,0.625,0.703,46.7,0,POLE-BLB-00855,-23.95651,30.36328,800,2023,1,2026-02-10,2025-06-29
T0856,Modjadjiskloof Substation 2 TX-031,F425,Modjadjiskloof,SS-MDK-02,Modjadjiskloof Substation 2,5.7,0.243,0.795,0.748,49.5,0,POLE-MDK-00856,-23.78732,30.1412,315,2020,0,2026-06-22,2025-07-26
T0857,Modjadjiskloof Substation 3 TX-032,F123,Modjadjiskloof,SS-MDK-03,Modjadjiskloof Substation 3,4.0,0.78,0.453,0.381,60.5,1,POLE-MDK-00857,-23.71824,30.12322,1000,2022,0,2026-05-05,2026-05-17
T0858,Lenyenye Substation 3 TX-023,F029,Lenyenye,SS-LNY-03,Lenyenye Substation 3,22.3,0.708,0.337,0.371,69.2,1,POLE-LNY-00858,-23.949,30.30301,500,2004,4,2026-01-17,2025-05-22
T0859,Haenertsburg Substation 2 TX-040,F335,Haenertsburg,SS-HBG-02,Haenertsburg Substation 2,9.6,0.605,0.839,0.572,58.2,1,POLE-HBG-00859,-23.98438,29.9412,800,2016,1,2026-05-21,2025-12-13
T0860,Modjadjiskloof Substation 2 TX-032,F401,Modjadjiskloof,SS-MDK-02,Modjadjiskloof Substation 2,8.1,0.491,0.252,0.389,59.4,1,POLE-MDK-00860,-23.77335,30.13054,50,2018,2,2026-05-27,2024-08-13
T0861,Bolobedu Substation 3 TX-030,F485,Bolobedu,SS-BLB-03,Bolobedu Substation 3,23.7,0.547,0.669,0.666,54.0,0,POLE-BLB-00861,-23.98194,30.44876,2000,2002,3,2026-07-17,2026-04-13
T0862,Xihoko Substation 1 TX-041,F464,Xihoko,SS-XHK-01,Xihoko Substation 1,22.9,0.308,0.907,0.66,54.9,0,POLE-XHK-00862,-23.78429,30.35962,1600,2003,2,2026-02-03,2026-05-03
T0863,Lenyenye Substation 1 TX-025,F061,Lenyenye,SS-LNY-01,Lenyenye Substation 1,8.6,0.836,0.403,0.343,74.6,1,POLE-LNY-00863,-23.95558,30.25585,500,2017,1,2026-05-05,2025-01-04
T0864,Xihoko Substation 1 TX-042,F387,Xihoko,SS-XHK-01,Xihoko Substation 1,14.0,0.984,0.408,0.545,74.5,1,POLE-XHK-00864,-23.77361,30.37654,100,2012,3,2026-01-30,2026-05-26
T0865,Politsi Substation 3 TX-029,F424,Politsi,SS-PLT-03,Politsi Substation 3,7.3,0.61,0.675,0.656,51.4,0,POLE-PLT-00865,-23.82582,30.07253,2000,2019,0,2026-06-14,2025-11-01
T0866,Ga-Kgapane Substation 3 TX-020,F350,Ga-Kgapane,SS-GKG-03,Ga-Kgapane Substation 3,10.7,0.554,0.749,0.642,56.7,0,POLE-GKG-00866,-23.86114,30.37813,800,2015,0,2026-04-08,2025-12-14
T0867,Ga-Kgapane Substation 3 TX-021,F410,Ga-Kgapane,SS-GKG-03,Ga-Kgapane Substation 3,4.7,0.712,0.367,0.58,52.4,0,POLE-GKG-00867,-23.86778,30.37849,500,2021,0,2026-07-08,2026-02-05
T0868,Haenertsburg Substation 1 TX-034,F419,Haenertsburg,SS-HBG-01,Haenertsburg Substation 1,15.5,0.786,0.293,0.382,67.5,0,POLE-HBG-00868,-23.9345,29.96053,2000,2011,4,2026-05-26,2025-11-28
T0869,Ga-Kgapane Substation 1 TX-035,F224,Ga-Kgapane,SS-GKG-01,Ga-Kgapane Substation 1,24.3,0.207,0.751,0.623,51.6,1,POLE-GKG-00869,-23.84481,30.30457,2000,2002,1,2026-05-23,2025-10-23
T0870,Modjadjiskloof Substation 1 TX-040,F021,Modjadjiskloof,SS-MDK-01,Modjadjiskloof Substation 1,21.6,0.54,0.755,0.664,56.5,0,POLE-MDK-00870,-23.72298,30.11672,200,2004,1,2026-06-13,2026-06-30
T0871,Ga-Kgapane Substation 3 TX-022,F229,Ga-Kgapane,SS-GKG-03,Ga-Kgapane Substation 3,11.9,0.718,0.327,0.244,61.6,1,POLE-GKG-00871,-23.85878,30.3805,1000,2014,3,2026-05-11,2026-02-19
T0872,Ga-Kgapane Substation 3 TX-023,F101,Ga-Kgapane,SS-GKG-03,Ga-Kgapane Substation 3,1.9,0.34,0.844,0.601,52.2,0,POLE-GKG-00872,-23.86667,30.3825,200,2024,0,2026-03-17,2026-06-18
T0873,Modjadjiskloof Substation 1 TX-041,F057,Modjadjiskloof,SS-MDK-01,Modjadjiskloof Substation 1,7.0,0.461,0.382,0.621,46.8,0,POLE-MDK-00873,-23.72212,30.11838,50,2019,1,2026-05-04,2026-07-16
T0874,Politsi Substation 1 TX-036,F063,Politsi,SS-PLT-01,Politsi Substation 1,10.7,0.452,0.692,0.689,55.7,0,POLE-PLT-00874,-23.80415,30.05179,315,2015,0,2026-06-22,2026-06-09
T0875,Politsi Substation 2 TX-038,F349,Politsi,SS-PLT-02,Politsi Substation 2,3.6,0.471,0.4,0.599,45.6,0,POLE-PLT-00875,-23.83761,30.02231,200,2022,1,2026-05-04,2025-12-11
T0876,Ga-Kgapane Substation 2 TX-028,F253,Ga-Kgapane,SS-GKG-02,Ga-Kgapane Substation 2,3.0,0.354,0.57,0.703,40.2,0,POLE-GKG-00876,-23.83124,30.34567,500,2023,0,2026-07-17,2025-08-12
T0877,Tzaneen Substation 2 TX-047,F270,Tzaneen,SS-TZN-02,Tzaneen Substation 2,28.7,0.31,0.494,0.676,59.8,0,POLE-TZN-00877,-23.80879,30.20138,315,1997,0,2026-04-29,2025-03-21
T0878,Tzaneen Substation 3 TX-033,F373,Tzaneen,SS-TZN-03,Tzaneen Substation 3,19.9,0.566,0.797,0.861,48.4,0,POLE-TZN-00878,-23.82431,30.18526,200,2006,0,2026-05-29,2025-07-19
T0879,Tzaneen Substation 3 TX-034,F275,Tzaneen,SS-TZN-03,Tzaneen Substation 3,16.3,0.671,0.405,0.486,65.1,0,POLE-TZN-00879,-23.83498,30.18505,500,2010,2,2026-04-22,2025-09-06
T0880,Tzaneen Substation 3 TX-035,F316,Tzaneen,SS-TZN-03,Tzaneen Substation 3,18.4,0.902,0.467,0.483,67.5,1,POLE-TZN-00880,-23.83837,30.18714,1000,2008,1,2026-06-27,2026-07-01
T0881,Bolobedu Substation 3 TX-031,F044,Bolobedu,SS-BLB-03,Bolobedu Substation 3,4.2,0.498,0.628,0.544,46.9,0,POLE-BLB-00881,-23.99225,30.45426,800,2022,0,2026-04-05,2026-05-30
T0882,Politsi Substation 2 TX-039,F426,Politsi,SS-PLT-02,Politsi Substation 2,5.6,0.616,0.723,0.768,45.2,0,POLE-PLT-00882,-23.83044,30.0322,800,2020,0,2026-05-14,2025-09-14
T0883,Xihoko Substation 3 TX-038,F225,Xihoko,SS-XHK-03,Xihoko Substation 3,13.5,0.541,0.693,0.718,62.9,0,POLE-XHK-00883,-23.73231,30.3675,100,2013,0,2025-12-15,2026-04-29
T0884,Bolobedu Substation 2 TX-036,F078,Bolobedu,SS-BLB-02,Bolobedu Substation 2,14.2,0.303,0.804,0.628,49.7,0,POLE-BLB-00884,-23.94023,30.36755,50,2012,2,2026-03-02,2025-03-10
T0885,Politsi Substation 1 TX-037,F407,Politsi,SS-PLT-01,Politsi Substation 1,3.4,0.679,0.612,0.567,52.4,0,POLE-PLT-00885,-23.79312,30.06408,800,2023,0,2026-06-10,2026-03-14
T0886,Ga-Kgapane Substation 3 TX-024,F368,Ga-Kgapane,SS-GKG-03,Ga-Kgapane Substation 3,12.8,0.631,0.47,0.536,62.3,0,POLE-GKG-00886,-23.86665,30.38769,500,2013,2,2026-06-04,2025-07-09
T0887,Modjadjiskloof Substation 3 TX-033,F027,Modjadjiskloof,SS-MDK-03,Modjadjiskloof Substation 3,10.8,0.533,0.552,0.657,48.2,0,POLE-MDK-00887,-23.71783,30.1088,800,2015,3,2026-01-08,2025-08-30
T0888,Tzaneen Substation 3 TX-036,F097,Tzaneen,SS-TZN-03,Tzaneen Substation 3,21.1,0.253,0.225,0.397,62.8,0,POLE-TZN-00888,-23.83511,30.18251,315,2005,1,2026-05-31,2024-07-14
T0889,Tzaneen Substation 1 TX-028,F008,Tzaneen,SS-TZN-01,Tzaneen Substation 1,14.2,0.289,0.858,0.806,46.2,0,POLE-TZN-00889,-23.81879,30.18054,50,2012,0,2026-06-26,2026-01-17
T0890,Tzaneen Substation 1 TX-029,F136,Tzaneen,SS-TZN-01,Tzaneen Substation 1,30.8,0.418,0.4,0.624,55.5,1,POLE-TZN-00890,-23.83516,30.17302,315,1995,2,2026-02-28,2025-12-02
T0891,Xihoko Substation 2 TX-034,F050,Xihoko,SS-XHK-02,Xihoko Substation 2,8.7,0.858,0.769,0.721,54.4,0,POLE-XHK-00891,-23.796,30.29242,800,2017,0,2026-06-08,2025-12-04
T0892,Politsi Substation 1 TX-038,F355,Politsi,SS-PLT-01,Politsi Substation 1,4.4,0.845,0.412,0.449,53.7,1,POLE-PLT-00892,-23.78921,30.08395,2000,2022,0,2026-03-01,2024-12-21
T0893,Haenertsburg Substation 1 TX-035,F262,Haenertsburg,SS-HBG-01,Haenertsburg Substation 1,30.3,0.534,0.269,0.324,70.5,1,POLE-HBG-00893,-23.95884,29.96252,800,1996,3,2026-07-04,2026-03-09
T0894,Modjadjiskloof Substation 3 TX-034,F491,Modjadjiskloof,SS-MDK-03,Modjadjiskloof Substation 3,14.8,0.235,0.855,0.847,40.8,0,POLE-MDK-00894,-23.71684,30.12179,315,2011,0,2026-06-07,2026-02-27
T0895,Bolobedu Substation 3 TX-032,F375,Bolobedu,SS-BLB-03,Bolobedu Substation 3,10.9,0.504,0.755,0.748,45.6,0,POLE-BLB-00895,-23.99665,30.45812,315,2015,1,2026-02-05,2025-12-28
T0896,Lenyenye Substation 1 TX-026,F306,Lenyenye,SS-LNY-01,Lenyenye Substation 1,5.7,0.521,0.478,0.644,50.8,0,POLE-LNY-00896,-23.96861,30.26436,50,2020,1,2026-06-06,2026-06-01
T0897,Modjadjiskloof Substation 3 TX-035,F255,Modjadjiskloof,SS-MDK-03,Modjadjiskloof Substation 3,8.7,0.696,0.602,0.676,54.6,0,POLE-MDK-00897,-23.71177,30.1182,100,2017,1,2026-05-27,2026-02-08
T0898,Nkowankowa Substation 2 TX-038,F028,Nkowankowa,SS-NKW-02,Nkowankowa Substation 2,8.4,0.734,0.854,0.857,57.8,0,POLE-NKW-00898,-23.93854,30.25089,315,2018,3,2026-05-30,2025-11-11
T0899,Haenertsburg Substation 3 TX-030,F036,Haenertsburg,SS-HBG-03,Haenertsburg Substation 3,4.2,0.352,0.328,0.398,54.9,0,POLE-HBG-00899,-24.00852,29.93227,800,2022,1,2026-05-05,2026-04-26
T0900,Bolobedu Substation 1 TX-034,F309,Bolobedu,SS-BLB-01,Bolobedu Substation 1,1.3,0.258,0.742,0.657,40.9,0,POLE-BLB-00900,-23.97167,30.35557,800,2025,1,2026-07-14,2025-06-13
T0901,Lenyenye Substation 1 TX-027,F003,Lenyenye,SS-LNY-01,Lenyenye Substation 1,8.2,0.747,0.311,0.507,60.7,0,POLE-LNY-00901,-23.96607,30.27083,200,2018,0,2025-11-19,2025-10-08
T0902,Tzaneen Substation 2 TX-048,F022,Tzaneen,SS-TZN-02,Tzaneen Substation 2,18.8,0.657,0.224,0.46,56.4,0,POLE-TZN-00902,-23.80425,30.19189,500,2007,3,2026-04-01,2024-10-19
T0903,Ga-Kgapane Substation 1 TX-036,F110,Ga-Kgapane,SS-GKG-01,Ga-Kgapane Substation 1,25.7,0.732,0.445,0.634,69.6,1,POLE-GKG-00903,-23.83913,30.30288,200,2000,2,2026-02-25,2025-01-31
T0904,Lenyenye Substation 3 TX-024,F443,Lenyenye,SS-LNY-03,Lenyenye Substation 3,21.7,0.18,0.416,0.537,55.4,0,POLE-LNY-00904,-23.95927,30.30484,50,2004,1,2025-11-16,2024-06-13
T0905,Lenyenye Substation 2 TX-029,F230,Lenyenye,SS-LNY-02,Lenyenye Substation 2,22.5,0.434,0.809,0.627,62.5,0,POLE-LNY-00905,-23.93982,30.26352,200,2003,2,2026-06-10,2025-11-09
T0906,Politsi Substation 1 TX-039,F355,Politsi,SS-PLT-01,Politsi Substation 1,4.7,0.306,0.492,0.474,45.5,0,POLE-PLT-00906,-23.7913,30.06355,100,2021,1,2026-03-18,2025-05-06
T0907,Xihoko Substation 1 TX-043,F206,Xihoko,SS-XHK-01,Xihoko Substation 1,13.6,0.392,0.4,0.568,51.1,0,POLE-XHK-00907,-23.77965,30.3661,500,2012,1,2026-07-27,2025-10-01
T0908,Lenyenye Substation 3 TX-025,F087,Lenyenye,SS-LNY-03,Lenyenye Substation 3,16.4,0.322,0.632,0.562,51.3,0,POLE-LNY-00908,-23.95846,30.29445,1000,2010,2,2026-07-23,2025-12-29
T0909,Ga-Kgapane Substation 2 TX-029,F186,Ga-Kgapane,SS-GKG-02,Ga-Kgapane Substation 2,17.1,0.604,0.906,0.76,63.0,0,POLE-GKG-00909,-23.8442,30.36203,100,2009,1,2026-05-25,2026-01-16
T0910,Bolobedu Substation 1 TX-035,F046,Bolobedu,SS-BLB-01,Bolobedu Substation 1,10.7,0.17,0.757,0.605,46.7,0,POLE-BLB-00910,-23.96604,30.35804,50,2015,1,2026-07-09,2026-02-22
T0911,Haenertsburg Substation 1 TX-036,F386,Haenertsburg,SS-HBG-01,Haenertsburg Substation 1,12.5,0.703,0.302,0.521,52.1,0,POLE-HBG-00911,-23.95056,29.96473,50,2014,3,2026-02-03,2026-04-22
T0912,Politsi Substation 2 TX-040,F092,Politsi,SS-PLT-02,Politsi Substation 2,21.3,0.499,0.632,0.674,60.8,0,POLE-PLT-00912,-23.834,30.01998,200,2005,3,2026-03-02,2025-12-08
T0913,Nkowankowa Substation 3 TX-019,F189,Nkowankowa,SS-NKW-03,Nkowankowa Substation 3,16.0,0.398,0.504,0.618,50.9,0,POLE-NKW-00913,-23.92714,30.26431,100,2010,1,2026-05-31,2025-09-29
T0914,Modjadjiskloof Substation 3 TX-036,F491,Modjadjiskloof,SS-MDK-03,Modjadjiskloof Substation 3,18.0,0.86,0.35,0.373,74.4,1,POLE-MDK-00914,-23.71571,30.12069,2000,2008,1,2026-01-26,2026-01-04
T0915,Haenertsburg Substation 2 TX-041,F296,Haenertsburg,SS-HBG-02,Haenertsburg Substation 2,7.9,0.361,0.338,0.554,51.4,0,POLE-HBG-00915,-23.97348,29.93423,200,2018,2,2026-04-24,2026-01-29
T0916,Lenyenye Substation 2 TX-030,F230,Lenyenye,SS-LNY-02,Lenyenye Substation 2,17.4,0.44,0.867,0.897,56.2,0,POLE-LNY-00916,-23.92207,30.25896,800,2009,0,2026-02-04,2025-02-23
T0917,Politsi Substation 1 TX-040,F272,Politsi,SS-PLT-01,Politsi Substation 1,12.4,0.415,0.595,0.661,55.8,0,POLE-PLT-00917,-23.80626,30.07554,1000,2014,1,2026-06-29,2026-01-25
T0918,Ga-Kgapane Substation 1 TX-037,F393,Ga-Kgapane,SS-GKG-01,Ga-Kgapane Substation 1,19.9,0.982,0.579,0.651,72.5,1,POLE-GKG-00918,-23.84419,30.30604,200,2006,2,2026-05-03,2026-05-26
T0919,Ga-Kgapane Substation 3 TX-025,F128,Ga-Kgapane,SS-GKG-03,Ga-Kgapane Substation 3,6.6,0.399,0.567,0.562,54.3,0,POLE-GKG-00919,-23.85763,30.38043,100,2019,0,2026-04-02,2025-11-13
T0920,Bolobedu Substation 1 TX-036,F319,Bolobedu,SS-BLB-01,Bolobedu Substation 1,18.8,0.615,0.883,0.789,60.7,0,POLE-BLB-00920,-23.9702,30.35536,100,2007,1,2026-03-29,2026-01-18
T0921,Nkowankowa Substation 3 TX-020,F437,Nkowankowa,SS-NKW-03,Nkowankowa Substation 3,8.8,0.325,0.892,0.72,42.0,0,POLE-NKW-00921,-23.92132,30.26598,1600,2017,0,2026-04-07,2026-01-01
T0922,Politsi Substation 3 TX-030,F287,Politsi,SS-PLT-03,Politsi Substation 3,18.9,0.35,0.57,0.569,49.1,0,POLE-PLT-00922,-23.81843,30.06664,315,2007,1,2026-05-20,2025-10-29
T0923,Ga-Kgapane Substation 1 TX-038,F224,Ga-Kgapane,SS-GKG-01,Ga-Kgapane Substation 1,13.7,0.215,0.345,0.476,46.2,0,POLE-GKG-00923,-23.84329,30.28629,50,2012,2,2026-04-22,2026-01-05
T0924,Politsi Substation 2 TX-041,F073,Politsi,SS-PLT-02,Politsi Substation 2,11.7,0.322,0.245,0.278,58.8,1,POLE-PLT-00924,-23.8363,30.03219,800,2014,1,2026-05-27,2026-02-06
T0925,Ga-Kgapane Substation 2 TX-030,F125,Ga-Kgapane,SS-GKG-02,Ga-Kgapane Substation 2,9.2,0.201,0.671,0.653,33.1,0,POLE-GKG-00925,-23.85346,30.35384,315,2017,0,2026-01-04,2026-06-29
T0926,Xihoko Substation 3 TX-039,F474,Xihoko,SS-XHK-03,Xihoko Substation 3,10.9,0.428,0.485,0.553,51.9,0,POLE-XHK-00926,-23.7151,30.37943,100,2015,1,2025-09-10,2026-04-29
T0927,Haenertsburg Substation 2 TX-042,F271,Haenertsburg,SS-HBG-02,Haenertsburg Substation 2,8.2,0.165,0.521,0.618,42.1,0,POLE-HBG-00927,-23.99049,29.93558,100,2018,1,2026-07-13,2025-08-10
T0928,Tzaneen Substation 2 TX-049,F151,Tzaneen,SS-TZN-02,Tzaneen Substation 2,9.0,0.548,0.35,0.498,60.6,0,POLE-TZN-00928,-23.81078,30.1941,1000,2017,0,2025-12-03,2024-05-18
T0929,Nkowankowa Substation 1 TX-034,F210,Nkowankowa,SS-NKW-01,Nkowankowa Substation 1,15.7,0.884,0.523,0.502,65.2,1,POLE-NKW-00929,-23.91148,30.24332,200,2010,2,2026-02-13,2026-03-08
T0930,Haenertsburg Substation 1 TX-037,F290,Haenertsburg,SS-HBG-01,Haenertsburg Substation 1,2.5,0.587,0.384,0.458,50.3,0,POLE-HBG-00930,-23.94861,29.95428,50,2024,0,2026-07-22,2026-01-05
T0931,Xihoko Substation 1 TX-044,F269,Xihoko,SS-XHK-01,Xihoko Substation 1,18.7,0.243,0.402,0.423,61.5,1,POLE-XHK-00931,-23.76973,30.36205,1000,2007,2,2025-12-26,2025-10-14
T0932,Ga-Kgapane Substation 3 TX-026,F350,Ga-Kgapane,SS-GKG-03,Ga-Kgapane Substation 3,18.9,0.476,0.309,0.314,61.7,1,POLE-GKG-00932,-23.86209,30.3734,100,2007,0,2025-09-11,2023-06-02
T0933,Xihoko Substation 2 TX-035,F129,Xihoko,SS-XHK-02,Xihoko Substation 2,9.4,0.294,0.49,0.603,46.0,0,POLE-XHK-00933,-23.79424,30.2956,2000,2017,2,2026-01-24,2025-11-30
T0934,Politsi Substation 3 TX-031,F325,Politsi,SS-PLT-03,Politsi Substation 3,12.7,0.266,0.248,0.282,52.0,0,POLE-PLT-00934,-23.82744,30.06957,800,2013,1,2026-05-31,2023-02-13
T0935,Tzaneen Substation 3 TX-037,F222,Tzaneen,SS-TZN-03,Tzaneen Substation 3,5.2,0.655,0.345,0.393,57.9,0,POLE-TZN-00935,-23.83212,30.19573,500,2021,0,2025-06-19,2026-06-20
T0936,Ga-Kgapane Substation 1 TX-039,F471,Ga-Kgapane,SS-GKG-01,Ga-Kgapane Substation 1,15.0,0.328,0.199,0.374,53.8,0,POLE-GKG-00936,-23.83122,30.30487,1000,2011,0,2025-10-23,2026-06-08
T0937,Nkowankowa Substation 1 TX-035,F079,Nkowankowa,SS-NKW-01,Nkowankowa Substation 1,5.8,0.422,0.943,0.721,44.2,0,POLE-NKW-00937,-23.89905,30.23367,100,2020,0,2026-06-30,2024-12-22
T0938,Bolobedu Substation 2 TX-037,F075,Bolobedu,SS-BLB-02,Bolobedu Substation 2,0.4,0.899,0.742,0.688,60.9,0,POLE-BLB-00938,-23.95827,30.37541,1000,2026,0,2026-04-02,2026-05-04
T0939,Modjadjiskloof Substation 2 TX-033,F231,Modjadjiskloof,SS-MDK-02,Modjadjiskloof Substation 2,25.0,0.18,0.139,0.328,59.3,1,POLE-MDK-00939,-23.77196,30.12954,100,2001,2,2026-01-15,2025-11-06
T0940,Modjadjiskloof Substation 3 TX-037,F255,Modjadjiskloof,SS-MDK-03,Modjadjiskloof Substation 3,4.7,0.775,0.821,0.653,51.9,0,POLE-MDK-00940,-23.71166,30.12531,200,2021,1,2026-07-07,2026-01-23
T0941,Lenyenye Substation 2 TX-031,F346,Lenyenye,SS-LNY-02,Lenyenye Substation 2,10.7,0.637,0.915,0.81,46.9,0,POLE-LNY-00941,-23.93416,30.26667,800,2015,0,2026-05-19,2026-06-18
T0942,Nkowankowa Substation 2 TX-039,F203,Nkowankowa,SS-NKW-02,Nkowankowa Substation 2,13.1,0.793,0.521,0.64,60.8,1,POLE-NKW-00942,-23.95449,30.24038,315,2013,1,2026-03-13,2026-01-05
T0943,Lenyenye Substation 1 TX-028,F457,Lenyenye,SS-LNY-01,Lenyenye Substation 1,15.7,0.583,0.533,0.556,55.4,0,POLE-LNY-00943,-23.96088,30.27079,2000,2010,1,2026-05-20,2023-05-27
T0944,Modjadjiskloof Substation 1 TX-042,F238,Modjadjiskloof,SS-MDK-01,Modjadjiskloof Substation 1,11.4,0.896,0.802,0.791,56.5,0,POLE-MDK-00944,-23.72115,30.13022,50,2015,0,2025-12-28,2025-06-26
T0945,Haenertsburg Substation 1 TX-038,F065,Haenertsburg,SS-HBG-01,Haenertsburg Substation 1,13.9,0.335,0.458,0.496,48.5,1,POLE-HBG-00945,-23.95084,29.95157,50,2012,2,2026-04-27,2026-05-20
T0946,Lenyenye Substation 2 TX-032,F060,Lenyenye,SS-LNY-02,Lenyenye Substation 2,9.2,0.732,0.905,0.898,52.5,0,POLE-LNY-00946,-23.93045,30.25803,50,2017,1,2026-04-19,2026-06-27
T0947,Politsi Substation 2 TX-042,F487,Politsi,SS-PLT-02,Politsi Substation 2,2.9,0.521,0.924,0.788,38.5,0,POLE-PLT-00947,-23.8446,30.01499,2000,2023,0,2026-05-22,2025-09-27
T0948,Nkowankowa Substation 3 TX-021,F068,Nkowankowa,SS-NKW-03,Nkowankowa Substation 3,11.1,0.12,0.736,0.809,42.8,0,POLE-NKW-00948,-23.90239,30.26461,315,2015,0,2026-06-14,2024-12-06
T0949,Xihoko Substation 3 TX-040,F474,Xihoko,SS-XHK-03,Xihoko Substation 3,17.1,0.321,0.821,0.872,44.9,0,POLE-XHK-00949,-23.72593,30.3635,1600,2009,1,2026-04-27,2024-09-16
T0950,Bolobedu Substation 3 TX-033,F140,Bolobedu,SS-BLB-03,Bolobedu Substation 3,5.0,0.602,0.362,0.441,57.9,0,POLE-BLB-00950,-23.98475,30.44409,500,2021,3,2026-04-05,2025-06-23
T0951,Lenyenye Substation 3 TX-026,F047,Lenyenye,SS-LNY-03,Lenyenye Substation 3,13.2,0.83,0.708,0.789,60.4,0,POLE-LNY-00951,-23.9509,30.30471,1600,2013,0,2025-10-18,2026-06-09
T0952,Modjadjiskloof Substation 3 TX-038,F153,Modjadjiskloof,SS-MDK-03,Modjadjiskloof Substation 3,34.7,0.938,0.746,0.617,76.9,1,POLE-MDK-00952,-23.70606,30.126,1600,1991,1,2026-02-16,2025-08-26
T0953,Xihoko Substation 1 TX-045,F308,Xihoko,SS-XHK-01,Xihoko Substation 1,10.6,0.687,0.488,0.497,62.8,0,POLE-XHK-00953,-23.77083,30.35758,50,2015,1,2026-07-05,2026-04-15
T0954,Haenertsburg Substation 1 TX-039,F214,Haenertsburg,SS-HBG-01,Haenertsburg Substation 1,11.0,0.58,0.462,0.436,65.3,0,POLE-HBG-00954,-23.94929,29.95593,2000,2015,1,2026-05-31,2025-08-03
T0955,Ga-Kgapane Substation 1 TX-040,F393,Ga-Kgapane,SS-GKG-01,Ga-Kgapane Substation 1,2.7,0.247,0.282,0.341,53.2,0,POLE-GKG-00955,-23.83787,30.29936,500,2023,2,2026-05-31,2025-02-01
T0956,Lenyenye Substation 1 TX-029,F306,Lenyenye,SS-LNY-01,Lenyenye Substation 1,4.5,0.171,0.8,0.707,33.2,0,POLE-LNY-00956,-23.96344,30.26882,800,2021,1,2026-07-26,2026-03-31
T0957,Haenertsburg Substation 1 TX-040,F201,Haenertsburg,SS-HBG-01,Haenertsburg Substation 1,5.9,0.602,0.451,0.628,48.4,0,POLE-HBG-00957,-23.95248,29.96349,200,2020,1,2026-01-29,2024-12-02
T0958,Tzaneen Substation 3 TX-038,F318,Tzaneen,SS-TZN-03,Tzaneen Substation 3,16.7,0.514,0.802,0.829,50.0,0,POLE-TZN-00958,-23.83178,30.19584,1600,2009,1,2026-04-12,2026-02-11
T0959,Haenertsburg Substation 1 TX-041,F486,Haenertsburg,SS-HBG-01,Haenertsburg Substation 1,5.3,0.526,0.365,0.304,58.5,1,POLE-HBG-00959,-23.94684,29.964,50,2021,0,2026-06-14,2025-11-07
T0960,Xihoko Substation 1 TX-046,F206,Xihoko,SS-XHK-01,Xihoko Substation 1,1.8,0.652,0.632,0.624,47.6,0,POLE-XHK-00960,-23.78079,30.37068,100,2024,2,2026-06-23,2026-03-24
T0961,Nkowankowa Substation 2 TX-040,F077,Nkowankowa,SS-NKW-02,Nkowankowa Substation 2,14.8,0.738,0.706,0.546,58.5,0,POLE-NKW-00961,-23.94471,30.24892,200,2011,0,2026-07-20,2025-07-09
T0962,Haenertsburg Substation 3 TX-031,F205,Haenertsburg,SS-HBG-03,Haenertsburg Substation 3,6.3,0.167,0.17,0.36,43.3,0,POLE-HBG-00962,-24.00402,29.92618,1600,2020,1,2026-05-21,2025-03-06
T0963,Haenertsburg Substation 1 TX-042,F421,Haenertsburg,SS-HBG-01,Haenertsburg Substation 1,2.8,0.608,0.801,0.645,50.9,0,POLE-HBG-00963,-23.94199,29.96231,1600,2023,1,2026-04-16,2024-11-16
T0964,Nkowankowa Substation 2 TX-041,F109,Nkowankowa,SS-NKW-02,Nkowankowa Substation 2,18.1,0.765,0.424,0.481,68.2,1,POLE-NKW-00964,-23.94968,30.24538,200,2008,2,2025-06-19,2025-12-25
T0965,Lenyenye Substation 3 TX-027,F475,Lenyenye,SS-LNY-03,Lenyenye Substation 3,8.5,0.255,0.758,0.727,37.6,0,POLE-LNY-00965,-23.94849,30.29822,500,2018,2,2026-07-11,2025-11-11
T0966,Nkowankowa Substation 3 TX-022,F295,Nkowankowa,SS-NKW-03,Nkowankowa Substation 3,15.8,0.137,0.389,0.565,45.7,0,POLE-NKW-00966,-23.91118,30.2703,315,2010,0,2026-03-02,2025-12-29
T0967,Politsi Substation 2 TX-043,F301,Politsi,SS-PLT-02,Politsi Substation 2,2.7,0.684,0.642,0.471,44.7,0,POLE-PLT-00967,-23.84244,30.03142,500,2023,1,2025-08-02,2025-07-20
T0968,Ga-Kgapane Substation 3 TX-027,F159,Ga-Kgapane,SS-GKG-03,Ga-Kgapane Substation 3,1.1,0.786,0.952,0.821,37.2,0,POLE-GKG-00968,-23.86348,30.37935,50,2025,0,2026-06-04,2025-08-15
T0969,Modjadjiskloof Substation 1 TX-043,F461,Modjadjiskloof,SS-MDK-01,Modjadjiskloof Substation 1,12.3,0.473,0.779,0.734,53.0,0,POLE-MDK-00969,-23.71759,30.1252,315,2014,0,2026-05-21,2025-12-26
T0970,Bolobedu Substation 2 TX-038,F019,Bolobedu,SS-BLB-02,Bolobedu Substation 2,4.4,0.427,0.774,0.726,46.5,0,POLE-BLB-00970,-23.94576,30.36864,500,2022,1,2026-05-08,2026-02-07
T0971,Politsi Substation 3 TX-032,F150,Politsi,SS-PLT-03,Politsi Substation 3,12.2,0.655,0.25,0.447,60.5,1,POLE-PLT-00971,-23.82383,30.06984,50,2014,1,2026-03-28,2025-10-29
T0972,Nkowankowa Substation 1 TX-036,F210,Nkowankowa,SS-NKW-01,Nkowankowa Substation 1,12.4,0.419,0.618,0.59,60.0,0,POLE-NKW-00972,-23.89646,30.24498,800,2014,0,2026-02-19,2025-08-23
T0973,Tzaneen Substation 1 TX-030,F239,Tzaneen,SS-TZN-01,Tzaneen Substation 1,11.3,0.504,0.629,0.752,41.9,0,POLE-TZN-00973,-23.82487,30.16124,315,2015,2,2025-05-11,2025-12-28
T0974,Modjadjiskloof Substation 1 TX-044,F238,Modjadjiskloof,SS-MDK-01,Modjadjiskloof Substation 1,22.4,0.175,0.544,0.477,44.3,0,POLE-MDK-00974,-23.7263,30.1257,200,2004,0,2026-06-03,2025-07-25
T0975,Nkowankowa Substation 1 TX-037,F074,Nkowankowa,SS-NKW-01,Nkowankowa Substation 1,35.0,0.302,0.422,0.55,58.1,1,POLE-NKW-00975,-23.90584,30.24133,1600,1991,4,2026-06-27,2025-09-27
T0976,Nkowankowa Substation 3 TX-023,F113,Nkowankowa,SS-NKW-03,Nkowankowa Substation 3,14.6,0.771,0.356,0.568,50.9,0,POLE-NKW-00976,-23.91189,30.26625,1600,2011,2,2026-06-10,2025-11-15
T0977,Xihoko Substation 2 TX-036,F048,Xihoko,SS-XHK-02,Xihoko Substation 2,34.7,0.481,0.706,0.63,63.0,1,POLE-XHK-00977,-23.80095,30.30189,200,1991,1,2026-02-26,2025-12-11
T0978,Politsi Substation 3 TX-033,F287,Politsi,SS-PLT-03,Politsi Substation 3,8.6,0.721,0.452,0.402,62.7,0,POLE-PLT-00978,-23.8261,30.07572,2000,2017,2,2026-03-21,2025-10-15
T0979,Xihoko Substation 2 TX-037,F176,Xihoko,SS-XHK-02,Xihoko Substation 2,3.6,0.473,0.152,0.309,54.5,1,POLE-XHK-00979,-23.7906,30.28812,50,2022,3,2025-10-21,2025-11-19
T0980,Haenertsburg Substation 2 TX-043,F283,Haenertsburg,SS-HBG-02,Haenertsburg Substation 2,6.7,0.252,0.75,0.622,49.5,0,POLE-HBG-00980,-23.97609,29.92449,800,2019,0,2026-07-17,2026-03-13
T0981,Nkowankowa Substation 3 TX-024,F295,Nkowankowa,SS-NKW-03,Nkowankowa Substation 3,9.0,0.46,0.824,0.764,49.6,0,POLE-NKW-00981,-23.91497,30.27347,1000,2017,2,2026-05-27,2026-02-08
T0982,Haenertsburg Substation 2 TX-044,F352,Haenertsburg,SS-HBG-02,Haenertsburg Substation 2,35.0,0.597,0.773,0.695,65.6,1,POLE-HBG-00982,-23.97995,29.93502,200,1991,2,2026-03-20,2025-12-19
T0983,Ga-Kgapane Substation 3 TX-028,F274,Ga-Kgapane,SS-GKG-03,Ga-Kgapane Substation 3,11.7,0.617,0.946,0.819,49.2,1,POLE-GKG-00983,-23.86502,30.3767,315,2014,2,2026-07-21,2025-09-16
T0984,Bolobedu Substation 2 TX-039,F324,Bolobedu,SS-BLB-02,Bolobedu Substation 2,22.9,0.942,0.677,0.733,69.5,1,POLE-BLB-00984,-23.93956,30.37066,1000,2003,0,2026-04-08,2025-07-24
T0985,Modjadjiskloof Substation 3 TX-039,F294,Modjadjiskloof,SS-MDK-03,Modjadjiskloof Substation 3,8.1,0.891,0.132,0.399,55.6,1,POLE-MDK-00985,-23.70124,30.12469,315,2018,0,2026-03-26,2024-04-12
T0986,Modjadjiskloof Substation 3 TX-040,F327,Modjadjiskloof,SS-MDK-03,Modjadjiskloof Substation 3,7.3,0.814,0.609,0.708,39.7,0,POLE-MDK-00986,-23.70439,30.13043,200,2019,2,2025-10-15,2025-10-17
T0987,Bolobedu Substation 1 TX-037,F309,Bolobedu,SS-BLB-01,Bolobedu Substation 1,2.6,0.843,0.51,0.619,56.9,0,POLE-BLB-00987,-23.95937,30.35102,800,2023,3,2026-07-02,2026-07-05
T0988,Ga-Kgapane Substation 3 TX-029,F159,Ga-Kgapane,SS-GKG-03,Ga-Kgapane Substation 3,35.0,0.879,0.724,0.797,73.2,0,POLE-GKG-00988,-23.86787,30.38724,100,1991,1,2026-01-31,2026-01-31
T0989,Nkowankowa Substation 3 TX-025,F124,Nkowankowa,SS-NKW-03,Nkowankowa Substation 3,28.0,0.821,0.641,0.684,76.4,1,POLE-NKW-00989,-23.91973,30.27072,800,1998,0,2026-05-26,2025-12-28
T0990,Politsi Substation 2 TX-044,F394,Politsi,SS-PLT-02,Politsi Substation 2,13.3,0.415,0.634,0.639,55.1,0,POLE-PLT-00990,-23.83557,30.02139,200,2013,1,2026-07-16,2026-01-30
T0991,Xihoko Substation 2 TX-038,F172,Xihoko,SS-XHK-02,Xihoko Substation 2,9.4,0.422,0.4,0.395,55.4,0,POLE-XHK-00991,-23.78907,30.29771,200,2017,0,2026-05-23,2026-06-27
T0992,Tzaneen Substation 3 TX-039,F275,Tzaneen,SS-TZN-03,Tzaneen Substation 3,12.1,0.595,0.352,0.59,54.1,0,POLE-TZN-00992,-23.82964,30.19829,315,2014,0,2025-12-06,2025-06-09
T0993,Xihoko Substation 2 TX-039,F099,Xihoko,SS-XHK-02,Xihoko Substation 2,3.5,0.63,0.332,0.498,48.9,0,POLE-XHK-00993,-23.79217,30.30985,1000,2022,1,2025-12-17,2025-09-11
T0994,Bolobedu Substation 1 TX-038,F216,Bolobedu,SS-BLB-01,Bolobedu Substation 1,15.7,0.813,0.783,0.694,59.4,0,POLE-BLB-00994,-23.96287,30.35325,200,2010,2,2026-04-01,2026-02-18
T0995,Lenyenye Substation 1 TX-030,F265,Lenyenye,SS-LNY-01,Lenyenye Substation 1,26.5,0.57,0.417,0.46,70.9,1,POLE-LNY-00995,-23.97585,30.2762,1000,2000,4,2026-06-13,2026-04-13
T0996,Nkowankowa Substation 1 TX-038,F314,Nkowankowa,SS-NKW-01,Nkowankowa Substation 1,27.4,0.452,0.671,0.571,64.4,1,POLE-NKW-00996,-23.89582,30.24491,315,1999,3,2025-10-29,2025-11-22
T0997,Lenyenye Substation 3 TX-028,F264,Lenyenye,SS-LNY-03,Lenyenye Substation 3,2.7,0.328,0.807,0.728,46.4,0,POLE-LNY-00997,-23.95258,30.30283,2000,2023,0,2026-05-12,2024-01-20
T0998,Ga-Kgapane Substation 1 TX-041,F181,Ga-Kgapane,SS-GKG-01,Ga-Kgapane Substation 1,22.8,0.58,0.854,0.7,60.4,0,POLE-GKG-00998,-23.83311,30.3019,315,2003,1,2026-05-30,2025-11-10
T0999,Politsi Substation 1 TX-041,F481,Politsi,SS-PLT-01,Politsi Substation 1,3.5,0.362,0.548,0.514,42.3,0,POLE-PLT-00999,-23.79801,30.05677,315,2022,0,2026-04-17,2025-10-21
T1000,Nkowankowa Substation 3 TX-026,F257,Nkowankowa,SS-NKW-03,Nkowankowa Substation 3,1.2,0.393,0.5,0.462,52.9,0,POLE-NKW-01000,-23.91082,30.26568,1000,2025,0,2026-06-28,2026-04-10
T1001,Tzaneen Substation 3 TX-040,F405,Tzaneen,SS-TZN-03,Tzaneen Substation 3,23.4,0.47,0.623,0.534,66.1,0,POLE-TZN-01001,-23.83519,30.18788,50,2003,0,2026-07-15,2025-07-17
T1002,Xihoko Substation 3 TX-041,F369,Xihoko,SS-XHK-03,Xihoko Substation 3,7.6,0.327,0.984,0.769,44.8,0,POLE-XHK-01002,-23.71965,30.37834,1600,2018,0,2026-06-07,2026-03-18
T1003,Ga-Kgapane Substation 2 TX-031,F280,Ga-Kgapane,SS-GKG-02,Ga-Kgapane Substation 2,21.2,0.426,0.411,0.529,61.4,0,POLE-GKG-01003,-23.84563,30.35499,200,2005,1,2026-07-17,2025-07-04
T1004,Haenertsburg Substation 1 TX-043,F444,Haenertsburg,SS-HBG-01,Haenertsburg Substation 1,20.0,0.527,0.697,0.621,60.9,0,POLE-HBG-01004,-23.95573,29.95727,1600,2006,0,2026-02-15,2026-06-20
T1005,Haenertsburg Substation 1 TX-044,F065,Haenertsburg,SS-HBG-01,Haenertsburg Substation 1,18.3,0.402,0.501,0.574,53.2,1,POLE-HBG-01005,-23.94422,29.96537,315,2008,4,2025-10-19,2026-04-07
T1006,Modjadjiskloof Substation 1 TX-045,F461,Modjadjiskloof,SS-MDK-01,Modjadjiskloof Substation 1,11.9,0.858,0.484,0.677,58.6,0,POLE-MDK-01006,-23.71536,30.11232,100,2014,1,2025-03-26,2026-03-07
T1007,Politsi Substation 2 TX-045,F426,Politsi,SS-PLT-02,Politsi Substation 2,3.9,0.721,0.682,0.642,48.1,0,POLE-PLT-01007,-23.83227,30.02121,50,2022,1,2026-06-12,2026-01-18
T1008,Tzaneen Substation 1 TX-031,F252,Tzaneen,SS-TZN-01,Tzaneen Substation 1,9.0,0.612,0.712,0.649,51.9,0,POLE-TZN-01008,-23.81179,30.17353,1600,2017,0,2026-02-23,2024-11-01
T1009,Nkowankowa Substation 1 TX-039,F367,Nkowankowa,SS-NKW-01,Nkowankowa Substation 1,27.6,0.553,0.929,0.745,66.5,0,POLE-NKW-01009,-23.90904,30.24663,50,1998,0,2026-04-07,2025-04-16
T1010,Ga-Kgapane Substation 2 TX-032,F261,Ga-Kgapane,SS-GKG-02,Ga-Kgapane Substation 2,21.6,0.252,0.695,0.666,56.7,0,POLE-GKG-01010,-23.85608,30.34399,800,2004,1,2026-05-11,2025-10-01
T1011,Modjadjiskloof Substation 2 TX-034,F135,Modjadjiskloof,SS-MDK-02,Modjadjiskloof Substation 2,9.4,0.617,0.883,0.61,57.0,0,POLE-MDK-01011,-23.78496,30.13,800,2017,0,2026-04-20,2026-04-24
T1012,Tzaneen Substation 2 TX-050,F400,Tzaneen,SS-TZN-02,Tzaneen Substation 2,9.3,0.777,0.542,0.693,61.0,0,POLE-TZN-01012,-23.80613,30.18667,200,2017,2,2025-11-26,2026-04-29
T1013,Modjadjiskloof Substation 3 TX-041,F123,Modjadjiskloof,SS-MDK-03,Modjadjiskloof Substation 3,17.3,0.323,0.389,0.481,53.0,1,POLE-MDK-01013,-23.70588,30.11855,1000,2009,1,2026-05-03,2025-01-04
T1014,Tzaneen Substation 2 TX-051,F158,Tzaneen,SS-TZN-02,Tzaneen Substation 2,12.6,0.264,0.621,0.67,41.4,0,POLE-TZN-01014,-23.80558,30.19702,315,2013,1,2026-03-04,2026-02-03
T1015,Politsi Substation 1 TX-042,F260,Politsi,SS-PLT-01,Politsi Substation 1,9.8,0.45,0.685,0.761,47.3,0,POLE-PLT-01015,-23.79894,30.06494,1600,2016,1,2026-03-26,2026-04-05
T1016,Haenertsburg Substation 1 TX-045,F419,Haenertsburg,SS-HBG-01,Haenertsburg Substation 1,16.3,0.31,0.73,0.695,49.7,0,POLE-HBG-01016,-23.9377,29.95828,315,2010,1,2026-04-19,2026-02-23
T1017,Modjadjiskloof Substation 3 TX-042,F192,Modjadjiskloof,SS-MDK-03,Modjadjiskloof Substation 3,15.9,0.658,0.517,0.499,64.4,0,POLE-MDK-01017,-23.71376,30.11617,1600,2010,1,2026-06-10,2025-11-25
T1018,Politsi Substation 2 TX-046,F248,Politsi,SS-PLT-02,Politsi Substation 2,6.8,0.477,0.132,0.15,60.4,0,POLE-PLT-01018,-23.84303,30.03385,315,2019,4,2026-06-04,2025-05-15
T1019,Modjadjiskloof Substation 1 TX-046,F021,Modjadjiskloof,SS-MDK-01,Modjadjiskloof Substation 1,14.4,0.694,0.465,0.551,65.0,0,POLE-MDK-01019,-23.71433,30.12437,500,2012,3,2026-05-08,2025-12-15
T1020,Lenyenye Substation 1 TX-031,F058,Lenyenye,SS-LNY-01,Lenyenye Substation 1,15.3,0.148,0.739,0.55,38.5,0,POLE-LNY-01020,-23.95701,30.26477,1600,2011,1,2026-02-22,2026-06-30
T1021,Nkowankowa Substation 2 TX-042,F028,Nkowankowa,SS-NKW-02,Nkowankowa Substation 2,11.3,0.829,0.872,0.701,54.4,0,POLE-NKW-01021,-23.94101,30.25116,50,2015,0,2026-05-05,2025-12-01
T1022,Haenertsburg Substation 1 TX-046,F037,Haenertsburg,SS-HBG-01,Haenertsburg Substation 1,6.2,0.593,0.357,0.484,53.6,0,POLE-HBG-01022,-23.93695,29.95683,315,2020,2,2026-01-26,2025-08-09
T1023,Nkowankowa Substation 2 TX-043,F435,Nkowankowa,SS-NKW-02,Nkowankowa Substation 2,8.8,0.543,0.708,0.642,54.1,0,POLE-NKW-01023,-23.94307,30.24714,50,2017,0,2026-03-27,2025-10-06
T1024,Haenertsburg Substation 1 TX-047,F421,Haenertsburg,SS-HBG-01,Haenertsburg Substation 1,5.2,0.717,0.715,0.643,63.8,0,POLE-HBG-01024,-23.945,29.95956,50,2021,0,2025-07-25,2026-01-02
T1025,Lenyenye Substation 2 TX-033,F411,Lenyenye,SS-LNY-02,Lenyenye Substation 2,14.7,0.27,0.51,0.636,44.4,0,POLE-LNY-01025,-23.94274,30.27361,100,2011,0,2026-01-24,2026-05-03
T1026,Nkowankowa Substation 2 TX-044,F028,Nkowankowa,SS-NKW-02,Nkowankowa Substation 2,2.7,0.689,0.446,0.581,48.8,0,POLE-NKW-01026,-23.94666,30.24523,1000,2023,1,2026-06-07,2026-05-27
T1027,Modjadjiskloof Substation 2 TX-035,F039,Modjadjiskloof,SS-MDK-02,Modjadjiskloof Substation 2,29.5,0.519,0.532,0.663,61.0,1,POLE-MDK-01027,-23.78065,30.13206,1600,1997,1,2026-04-28,2026-02-18
T1028,Xihoko Substation 2 TX-040,F141,Xihoko,SS-XHK-02,Xihoko Substation 2,25.7,0.606,0.355,0.282,65.9,1,POLE-XHK-01028,-23.79151,30.30649,1600,2000,1,2025-11-27,2025-01-29
T1029,Haenertsburg Substation 2 TX-045,F283,Haenertsburg,SS-HBG-02,Haenertsburg Substation 2,15.5,0.359,0.215,0.247,54.3,0,POLE-HBG-01029,-23.98382,29.93502,2000,2010,2,2026-07-12,2026-01-20
T1030,Modjadjiskloof Substation 1 TX-047,F168,Modjadjiskloof,SS-MDK-01,Modjadjiskloof Substation 1,20.8,0.386,0.457,0.593,56.5,1,POLE-MDK-01030,-23.7209,30.12687,800,2005,2,2026-04-11,2022-08-20
T1031,Ga-Kgapane Substation 2 TX-033,F244,Ga-Kgapane,SS-GKG-02,Ga-Kgapane Substation 2,19.9,0.241,0.727,0.661,56.2,0,POLE-GKG-01031,-23.84707,30.35308,100,2006,1,2026-05-30,2025-05-14
T1032,Lenyenye Substation 3 TX-029,F087,Lenyenye,SS-LNY-03,Lenyenye Substation 3,12.7,0.449,0.617,0.694,51.6,0,POLE-LNY-01032,-23.95251,30.30618,500,2013,1,2026-06-20,2026-02-14
T1033,Bolobedu Substation 1 TX-039,F366,Bolobedu,SS-BLB-01,Bolobedu Substation 1,10.0,0.203,0.586,0.608,41.2,0,POLE-BLB-01033,-23.96726,30.35428,500,2016,3,2026-06-21,2026-02-13
T1034,Bolobedu Substation 1 TX-040,F157,Bolobedu,SS-BLB-01,Bolobedu Substation 1,9.2,0.733,0.714,0.576,56.3,0,POLE-BLB-01034,-23.96391,30.34584,1000,2017,0,2026-03-05,2026-01-05
T1035,Tzaneen Substation 3 TX-041,F034,Tzaneen,SS-TZN-03,Tzaneen Substation 3,30.2,0.371,0.772,0.714,54.2,0,POLE-TZN-01035,-23.8389,30.18478,500,1996,1,2026-02-28,2025-12-24
T1036,Nkowankowa Substation 3 TX-027,F372,Nkowankowa,SS-NKW-03,Nkowankowa Substation 3,6.0,0.741,0.525,0.378,64.1,0,POLE-NKW-01036,-23.92079,30.27364,50,2020,0,2026-05-14,2026-04-23
T1037,Xihoko Substation 3 TX-042,F452,Xihoko,SS-XHK-03,Xihoko Substation 3,6.1,0.56,0.682,0.675,57.2,0,POLE-XHK-01037,-23.71939,30.36958,1600,2020,0,2026-05-20,2026-03-11
T1038,Tzaneen Substation 1 TX-032,F008,Tzaneen,SS-TZN-01,Tzaneen Substation 1,22.0,0.789,0.581,0.697,56.0,0,POLE-TZN-01038,-23.82525,30.164,800,2004,2,2026-04-29,2024-12-07
T1039,Xihoko Substation 3 TX-043,F219,Xihoko,SS-XHK-03,Xihoko Substation 3,20.6,0.216,0.584,0.624,53.1,0,POLE-XHK-01039,-23.71586,30.37692,50,2005,2,2026-07-26,2025-08-22
T1040,Lenyenye Substation 2 TX-034,F414,Lenyenye,SS-LNY-02,Lenyenye Substation 2,9.6,0.528,0.615,0.659,47.6,0,POLE-LNY-01040,-23.92603,30.26284,2000,2016,0,2025-09-12,2026-01-26
T1041,Tzaneen Substation 3 TX-042,F354,Tzaneen,SS-TZN-03,Tzaneen Substation 3,16.7,0.375,0.793,0.598,53.8,0,POLE-TZN-01041,-23.84193,30.19529,500,2009,5,2026-03-24,2025-09-16
T1042,Tzaneen Substation 1 TX-033,F429,Tzaneen,SS-TZN-01,Tzaneen Substation 1,18.2,0.513,0.884,0.668,55.7,0,POLE-TZN-01042,-23.82792,30.16531,1600,2008,1,2026-03-12,2026-01-19
T1043,Haenertsburg Substation 2 TX-046,F208,Haenertsburg,SS-HBG-02,Haenertsburg Substation 2,3.7,0.432,0.851,0.543,41.3,0,POLE-HBG-01043,-23.98524,29.92591,1000,2022,0,2026-06-06,2025-04-18
T1044,Modjadjiskloof Substation 2 TX-036,F187,Modjadjiskloof,SS-MDK-02,Modjadjiskloof Substation 2,26.8,0.531,0.774,0.806,65.3,1,POLE-MDK-01044,-23.77594,30.13479,200,1999,1,2026-03-22,2024-10-15
T1045,Politsi Substation 1 TX-043,F355,Politsi,SS-PLT-01,Politsi Substation 1,18.2,0.398,0.49,0.685,52.6,0,POLE-PLT-01045,-23.79173,30.0602,2000,2008,3,2026-06-26,2025-12-20
T1046,Nkowankowa Substation 2 TX-045,F077,Nkowankowa,SS-NKW-02,Nkowankowa Substation 2,15.7,0.539,0.841,0.637,53.5,0,POLE-NKW-01046,-23.94972,30.258,2000,2010,1,2026-04-07,2026-05-11
T1047,Tzaneen Substation 2 TX-052,F120,Tzaneen,SS-TZN-02,Tzaneen Substation 2,18.3,0.879,0.567,0.628,65.6,0,POLE-TZN-01047,-23.80472,30.19771,2000,2008,1,2026-04-16,2026-04-26
T1048,Politsi Substation 2 TX-047,F301,Politsi,SS-PLT-02,Politsi Substation 2,14.4,0.594,0.938,0.756,49.8,0,POLE-PLT-01048,-23.8296,30.0238,100,2012,0,2026-07-10,2025-05-28
T1049,Haenertsburg Substation 2 TX-047,F335,Haenertsburg,SS-HBG-02,Haenertsburg Substation 2,10.8,0.673,0.65,0.571,56.1,0,POLE-HBG-01049,-23.97721,29.93566,100,2015,1,2025-11-02,2024-04-26
T1050,Lenyenye Substation 2 TX-035,F060,Lenyenye,SS-LNY-02,Lenyenye Substation 2,12.8,0.341,0.769,0.618,40.9,0,POLE-LNY-01050,-23.93892,30.26079,500,2013,1,2026-03-17,2026-03-11
T1051,Modjadjiskloof Substation 3 TX-043,F255,Modjadjiskloof,SS-MDK-03,Modjadjiskloof Substation 3,3.4,0.778,0.354,0.303,47.9,0,POLE-MDK-01051,-23.70901,30.11652,200,2023,2,2025-01-21,2026-01-31
T1052,Modjadjiskloof Substation 1 TX-048,F183,Modjadjiskloof,SS-MDK-01,Modjadjiskloof Substation 1,35.0,0.661,0.804,0.566,66.5,0,POLE-MDK-01052,-23.72185,30.12266,800,1991,1,2026-06-24,2025-07-26
T1053,Tzaneen Substation 2 TX-053,F251,Tzaneen,SS-TZN-02,Tzaneen Substation 2,10.7,0.757,0.601,0.649,54.7,0,POLE-TZN-01053,-23.8012,30.19894,1000,2015,0,2026-05-07,2026-05-18
T1054,Xihoko Substation 1 TX-047,F480,Xihoko,SS-XHK-01,Xihoko Substation 1,35.0,0.671,0.818,0.685,60.6,0,POLE-XHK-01054,-23.77874,30.37088,50,1991,3,2026-03-23,2025-09-07
T1055,Modjadjiskloof Substation 2 TX-037,F039,Modjadjiskloof,SS-MDK-02,Modjadjiskloof Substation 2,12.9,0.332,0.465,0.561,48.5,0,POLE-MDK-01055,-23.77894,30.12427,1000,2013,0,2026-07-19,2025-06-19
T1056,Modjadjiskloof Substation 1 TX-049,F498,Modjadjiskloof,SS-MDK-01,Modjadjiskloof Substation 1,7.3,0.522,0.568,0.649,47.5,0,POLE-MDK-01056,-23.72787,30.1133,100,2019,0,2026-03-27,2026-03-29
T1057,Xihoko Substation 3 TX-044,F225,Xihoko,SS-XHK-03,Xihoko Substation 3,26.3,0.672,0.773,0.619,65.1,0,POLE-XHK-01057,-23.71912,30.37127,800,2000,3,2026-03-14,2026-06-18
T1058,Xihoko Substation 1 TX-048,F387,Xihoko,SS-XHK-01,Xihoko Substation 1,15.3,0.617,0.592,0.559,61.8,1,POLE-XHK-01058,-23.78729,30.36265,500,2011,4,2026-06-21,2026-03-20
T1059,Politsi Substation 3 TX-034,F213,Politsi,SS-PLT-03,Politsi Substation 3,35.0,0.878,0.39,0.554,84.9,1,POLE-PLT-01059,-23.83573,30.07014,50,1991,2,2026-03-26,2025-05-18
T1060,Politsi Substation 1 TX-044,F156,Politsi,SS-PLT-01,Politsi Substation 1,7.1,0.321,0.521,0.673,47.4,0,POLE-PLT-01060,-23.79807,30.06493,100,2019,1,2026-06-01,2025-09-25
T1061,Haenertsburg Substation 1 TX-048,F386,Haenertsburg,SS-HBG-01,Haenertsburg Substation 1,27.0,0.393,0.703,0.686,53.6,0,POLE-HBG-01061,-23.94714,29.96296,500,1999,2,2026-04-03,2026-01-09
T1062,Politsi Substation 2 TX-048,F344,Politsi,SS-PLT-02,Politsi Substation 2,27.9,0.222,0.787,0.809,56.4,0,POLE-PLT-01062,-23.84196,30.03081,315,1998,2,2026-03-26,2025-06-08
T1063,Politsi Substation 2 TX-049,F073,Politsi,SS-PLT-02,Politsi Substation 2,19.2,0.593,0.776,0.724,64.5,0,POLE-PLT-01063,-23.83578,30.03282,500,2007,0,2026-05-09,2025-10-29
T1064,Modjadjiskloof Substation 3 TX-044,F353,Modjadjiskloof,SS-MDK-03,Modjadjiskloof Substation 3,28.1,0.228,0.423,0.413,54.8,1,POLE-MDK-01064,-23.7145,30.121,1000,1998,1,2025-12-28,2025-08-23
T1065,Lenyenye Substation 3 TX-030,F377,Lenyenye,SS-LNY-03,Lenyenye Substation 3,10.9,0.38,0.836,0.709,42.8,0,POLE-LNY-01065,-23.95579,30.30082,1000,2015,0,2026-07-07,2026-06-04
T1066,Tzaneen Substation 1 TX-034,F194,Tzaneen,SS-TZN-01,Tzaneen Substation 1,6.0,0.673,0.581,0.496,48.4,0,POLE-TZN-01066,-23.82723,30.16859,800,2020,2,2026-01-21,2025-08-03
T1067,Tzaneen Substation 2 TX-054,F463,Tzaneen,SS-TZN-02,Tzaneen Substation 2,7.8,0.349,0.336,0.408,48.2,0,POLE-TZN-01067,-23.80276,30.19681,1000,2018,1,2025-06-13,2025-03-21
T1068,Xihoko Substation 3 TX-045,F321,Xihoko,SS-XHK-03,Xihoko Substation 3,12.3,0.224,0.806,0.78,46.2,0,POLE-XHK-01068,-23.72155,30.3746,1600,2014,0,2026-07-02,2024-10-25
T1069,Nkowankowa Substation 2 TX-046,F167,Nkowankowa,SS-NKW-02,Nkowankowa Substation 2,19.9,0.395,0.473,0.427,66.3,0,POLE-NKW-01069,-23.93895,30.26189,100,2006,1,2026-06-22,2026-02-05
T1070,Modjadjiskloof Substation 2 TX-038,F006,Modjadjiskloof,SS-MDK-02,Modjadjiskloof Substation 2,6.4,0.754,0.843,0.793,56.6,0,POLE-MDK-01070,-23.77829,30.13268,2000,2020,1,2026-01-14,2026-02-01
T1071,Tzaneen Substation 1 TX-035,F338,Tzaneen,SS-TZN-01,Tzaneen Substation 1,9.2,0.351,0.736,0.679,48.9,0,POLE-TZN-01071,-23.81958,30.17305,500,2017,2,2026-04-19,2025-01-30
T1072,Nkowankowa Substation 2 TX-047,F105,Nkowankowa,SS-NKW-02,Nkowankowa Substation 2,6.8,0.474,0.865,0.795,46.4,0,POLE-NKW-01072,-23.93757,30.24393,2000,2019,1,2026-03-27,2025-09-22
T1073,Tzaneen Substation 3 TX-043,F379,Tzaneen,SS-TZN-03,Tzaneen Substation 3,22.2,0.39,0.745,0.802,55.4,0,POLE-TZN-01073,-23.83325,30.18519,800,2004,1,2026-06-12,2025-10-12
T1074,Lenyenye Substation 3 TX-031,F263,Lenyenye,SS-LNY-03,Lenyenye Substation 3,35.0,0.837,0.845,0.756,74.1,0,POLE-LNY-01074,-23.95627,30.29859,315,1991,1,2026-06-09,2026-05-03
T1075,Politsi Substation 3 TX-035,F234,Politsi,SS-PLT-03,Politsi Substation 3,5.2,0.621,0.372,0.556,59.3,0,POLE-PLT-01075,-23.8263,30.07082,50,2021,1,2025-10-27,2025-12-09
T1076,Modjadjiskloof Substation 1 TX-050,F082,Modjadjiskloof,SS-MDK-01,Modjadjiskloof Substation 1,17.2,0.861,0.725,0.587,64.6,1,POLE-MDK-01076,-23.72347,30.12053,100,2009,0,2026-05-23,2025-06-15
T1077,Ga-Kgapane Substation 3 TX-030,F356,Ga-Kgapane,SS-GKG-03,Ga-Kgapane Substation 3,24.1,0.698,0.856,0.603,66.3,0,POLE-GKG-01077,-23.87381,30.38092,800,2002,1,2026-06-14,2026-03-26
T1078,Xihoko Substation 1 TX-049,F083,Xihoko,SS-XHK-01,Xihoko Substation 1,10.2,0.334,0.358,0.436,49.6,0,POLE-XHK-01078,-23.77645,30.37914,1000,2016,2,2026-07-11,2025-09-21
T1079,Tzaneen Substation 2 TX-055,F209,Tzaneen,SS-TZN-02,Tzaneen Substation 2,3.6,0.396,0.784,0.771,43.6,0,POLE-TZN-01079,-23.8103,30.19373,100,2022,1,2026-06-05,2026-02-04
T1080,Haenertsburg Substation 1 TX-049,F419,Haenertsburg,SS-HBG-01,Haenertsburg Substation 1,26.1,0.961,0.388,0.37,74.9,1,POLE-HBG-01080,-23.9591,29.96159,2000,2000,2,2026-06-19,2025-04-20
T1081,Modjadjiskloof Substation 1 TX-051,F461,Modjadjiskloof,SS-MDK-01,Modjadjiskloof Substation 1,3.4,0.552,0.426,0.479,45.6,0,POLE-MDK-01081,-23.72078,30.12185,200,2023,0,2026-06-12,2025-08-12
T1082,Nkowankowa Substation 1 TX-040,F495,Nkowankowa,SS-NKW-01,Nkowankowa Substation 1,31.1,0.633,0.824,0.662,71.1,0,POLE-NKW-01082,-23.89807,30.24927,1000,1995,2,2026-06-21,2026-07-01
T1083,Xihoko Substation 1 TX-050,F480,Xihoko,SS-XHK-01,Xihoko Substation 1,6.7,0.803,0.789,0.757,61.5,0,POLE-XHK-01083,-23.7844,30.37304,1000,2019,0,2026-02-23,2026-01-29
T1084,Modjadjiskloof Substation 1 TX-052,F278,Modjadjiskloof,SS-MDK-01,Modjadjiskloof Substation 1,2.9,0.857,0.692,0.65,54.7,0,POLE-MDK-01084,-23.72241,30.12109,1000,2023,2,2026-07-18,2024-09-14
T1085,Ga-Kgapane Substation 3 TX-031,F101,Ga-Kgapane,SS-GKG-03,Ga-Kgapane Substation 3,8.3,0.418,0.122,0.3,56.4,0,POLE-GKG-01085,-23.86142,30.38511,2000,2018,3,2026-02-19,2024-11-09
T1086,Haenertsburg Substation 3 TX-032,F420,Haenertsburg,SS-HBG-03,Haenertsburg Substation 3,11.6,0.503,0.843,0.672,56.3,0,POLE-HBG-01086,-24.00879,29.9329,1600,2014,5,2026-06-07,2026-01-18
T1087,Modjadjiskloof Substation 2 TX-039,F401,Modjadjiskloof,SS-MDK-02,Modjadjiskloof Substation 2,13.4,0.679,0.948,0.631,56.9,0,POLE-MDK-01087,-23.77843,30.13387,100,2013,1,2026-05-10,2025-06-01
T1088,Bolobedu Substation 1 TX-041,F496,Bolobedu,SS-BLB-01,Bolobedu Substation 1,18.2,0.223,0.445,0.486,54.0,0,POLE-BLB-01088,-23.9573,30.35381,315,2008,2,2026-02-18,2026-01-10
T1089,Xihoko Substation 2 TX-041,F326,Xihoko,SS-XHK-02,Xihoko Substation 2,14.3,0.489,0.396,0.521,54.9,0,POLE-XHK-01089,-23.79161,30.30535,800,2012,1,2026-05-30,2025-06-18
T1090,Ga-Kgapane Substation 2 TX-034,F071,Ga-Kgapane,SS-GKG-02,Ga-Kgapane Substation 2,35.0,0.516,0.72,0.59,65.0,1,POLE-GKG-01090,-23.84437,30.35213,500,1991,3,2026-02-04,2026-03-07
T1091,Tzaneen Substation 1 TX-036,F252,Tzaneen,SS-TZN-01,Tzaneen Substation 1,11.2,0.65,0.809,0.861,54.2,0,POLE-TZN-01091,-23.83569,30.15985,500,2015,0,2025-11-06,2024-11-08
T1092,Xihoko Substation 3 TX-046,F225,Xihoko,SS-XHK-03,Xihoko Substation 3,14.8,0.527,0.549,0.525,59.6,0,POLE-XHK-01092,-23.71572,30.36958,100,2011,1,2026-06-27,2025-12-11
T1093,Tzaneen Substation 1 TX-037,F422,Tzaneen,SS-TZN-01,Tzaneen Substation 1,14.0,0.683,0.774,0.661,62.1,0,POLE-TZN-01093,-23.82806,30.16962,2000,2012,1,2026-03-20,2025-11-26
T1094,Bolobedu Substation 2 TX-040,F197,Bolobedu,SS-BLB-02,Bolobedu Substation 2,2.6,0.626,0.754,0.575,51.0,0,POLE-BLB-01094,-23.94752,30.37345,1000,2023,2,2026-05-15,2025-02-05
T1095,Politsi Substation 3 TX-036,F165,Politsi,SS-PLT-03,Politsi Substation 3,4.4,0.835,0.676,0.663,49.1,0,POLE-PLT-01095,-23.83831,30.06661,1600,2022,0,2026-04-27,2025-12-01
T1096,Haenertsburg Substation 3 TX-033,F041,Haenertsburg,SS-HBG-03,Haenertsburg Substation 3,12.4,0.313,0.88,0.898,49.7,0,POLE-HBG-01096,-24.00043,29.9375,315,2014,1,2026-03-05,2026-01-07
T1097,Ga-Kgapane Substation 3 TX-032,F418,Ga-Kgapane,SS-GKG-03,Ga-Kgapane Substation 3,16.1,0.405,0.788,0.618,49.8,0,POLE-GKG-01097,-23.86945,30.37338,800,2010,0,2026-03-23,2025-10-20
T1098,Bolobedu Substation 1 TX-042,F378,Bolobedu,SS-BLB-01,Bolobedu Substation 1,1.7,0.594,0.377,0.501,47.3,0,POLE-BLB-01098,-23.96008,30.35453,200,2024,0,2026-04-27,2025-08-03
T1099,Modjadjiskloof Substation 1 TX-053,F021,Modjadjiskloof,SS-MDK-01,Modjadjiskloof Substation 1,35.0,0.821,0.775,0.683,70.1,1,POLE-MDK-01099,-23.71472,30.11891,800,1991,3,2026-01-28,2026-04-28
T1100,Politsi Substation 1 TX-045,F217,Politsi,SS-PLT-01,Politsi Substation 1,17.0,0.17,0.607,0.507,42.1,0,POLE-PLT-01100,-23.79364,30.06631,200,2009,1,2026-04-30,2025-07-13
T1101,Ga-Kgapane Substation 1 TX-042,F240,Ga-Kgapane,SS-GKG-01,Ga-Kgapane Substation 1,11.9,0.626,0.359,0.449,57.7,0,POLE-GKG-01101,-23.8366,30.29325,2000,2014,1,2026-05-27,2026-01-14
T1102,Ga-Kgapane Substation 1 TX-043,F235,Ga-Kgapane,SS-GKG-01,Ga-Kgapane Substation 1,16.5,0.515,0.555,0.678,58.1,1,POLE-GKG-01102,-23.83839,30.29076,500,2010,0,2026-04-02,2026-03-11
T1103,Haenertsburg Substation 1 TX-050,F460,Haenertsburg,SS-HBG-01,Haenertsburg Substation 1,7.9,0.545,0.218,0.354,54.2,1,POLE-HBG-01103,-23.954,29.95504,500,2018,1,2025-08-28,2025-11-19
T1104,Xihoko Substation 3 TX-047,F076,Xihoko,SS-XHK-03,Xihoko Substation 3,13.5,0.372,0.679,0.667,57.0,0,POLE-XHK-01104,-23.71127,30.37641,500,2012,0,2026-07-10,2026-05-19
T1105,Xihoko Substation 3 TX-048,F154,Xihoko,SS-XHK-03,Xihoko Substation 3,15.1,0.64,0.703,0.751,62.0,0,POLE-XHK-01105,-23.71265,30.37345,200,2011,1,2026-03-17,2026-02-10
T1106,Nkowankowa Substation 3 TX-028,F091,Nkowankowa,SS-NKW-03,Nkowankowa Substation 3,26.3,0.433,0.459,0.402,68.5,1,POLE-NKW-01106,-23.92285,30.25918,1600,2000,0,2026-07-17,2026-04-07
T1107,Modjadjiskloof Substation 3 TX-045,F123,Modjadjiskloof,SS-MDK-03,Modjadjiskloof Substation 3,10.5,0.407,0.531,0.523,42.2,0,POLE-MDK-01107,-23.73364,30.12692,200,2015,1,2026-01-29,2026-06-30
T1108,Xihoko Substation 1 TX-051,F454,Xihoko,SS-XHK-01,Xihoko Substation 1,3.5,0.35,0.437,0.477,54.4,0,POLE-XHK-01108,-23.77482,30.37055,2000,2023,2,2026-02-25,2025-03-30
T1109,Ga-Kgapane Substation 1 TX-044,F471,Ga-Kgapane,SS-GKG-01,Ga-Kgapane Substation 1,5.9,0.586,0.582,0.609,50.3,0,POLE-GKG-01109,-23.84984,30.30528,1600,2020,0,2025-10-20,2026-01-13
T1110,Xihoko Substation 2 TX-042,F023,Xihoko,SS-XHK-02,Xihoko Substation 2,9.9,0.527,0.545,0.603,61.1,0,POLE-XHK-01110,-23.79248,30.29933,200,2016,0,2026-07-01,2025-10-01
T1111,Bolobedu Substation 2 TX-041,F317,Bolobedu,SS-BLB-02,Bolobedu Substation 2,3.9,0.259,0.369,0.514,41.7,0,POLE-BLB-01111,-23.95483,30.35949,500,2022,1,2026-03-02,2025-06-08
T1112,Politsi Substation 1 TX-046,F117,Politsi,SS-PLT-01,Politsi Substation 1,5.4,0.282,0.702,0.625,43.5,0,POLE-PLT-01112,-23.7931,30.07407,200,2021,0,2026-06-16,2024-12-17
T1113,Tzaneen Substation 3 TX-044,F097,Tzaneen,SS-TZN-03,Tzaneen Substation 3,5.9,0.316,0.297,0.391,49.9,1,POLE-TZN-01113,-23.83802,30.19,100,2020,0,2026-04-25,2025-11-25
T1114,Politsi Substation 1 TX-047,F147,Politsi,SS-PLT-01,Politsi Substation 1,9.4,0.514,0.613,0.509,49.1,0,POLE-PLT-01114,-23.79595,30.07107,200,2017,2,2025-09-26,2025-10-27
T1115,Lenyenye Substation 2 TX-036,F098,Lenyenye,SS-LNY-02,Lenyenye Substation 2,16.8,0.61,0.511,0.557,51.4,0,POLE-LNY-01115,-23.94713,30.26127,1600,2009,0,2026-03-14,2025-07-15
T1116,Politsi Substation 3 TX-037,F246,Politsi,SS-PLT-03,Politsi Substation 3,9.1,0.866,0.975,0.878,42.7,0,POLE-PLT-01116,-23.82912,30.07129,200,2017,1,2026-04-28,2026-06-19
T1117,Modjadjiskloof Substation 1 TX-054,F498,Modjadjiskloof,SS-MDK-01,Modjadjiskloof Substation 1,17.6,0.875,0.614,0.582,80.1,1,POLE-MDK-01117,-23.72035,30.11163,2000,2008,1,2026-05-21,2026-01-25
T1118,Modjadjiskloof Substation 3 TX-046,F294,Modjadjiskloof,SS-MDK-03,Modjadjiskloof Substation 3,11.9,0.428,0.059,0.229,50.1,1,POLE-MDK-01118,-23.70876,30.11614,1000,2014,1,2026-02-28,2025-08-28
T1119,Tzaneen Substation 2 TX-056,F362,Tzaneen,SS-TZN-02,Tzaneen Substation 2,5.5,0.361,0.677,0.663,37.0,0,POLE-TZN-01119,-23.8095,30.20316,500,2020,1,2026-01-19,2026-03-06
T1120,Tzaneen Substation 3 TX-045,F247,Tzaneen,SS-TZN-03,Tzaneen Substation 3,15.3,0.74,0.439,0.643,62.7,0,POLE-TZN-01120,-23.83028,30.19627,800,2011,1,2025-09-11,2026-03-02
T1121,Politsi Substation 1 TX-048,F007,Politsi,SS-PLT-01,Politsi Substation 1,13.7,0.706,0.682,0.646,51.0,0,POLE-PLT-01121,-23.79836,30.07225,1600,2012,2,2026-04-30,2026-03-29
T1122,Nkowankowa Substation 1 TX-041,F043,Nkowankowa,SS-NKW-01,Nkowankowa Substation 1,17.9,0.741,0.397,0.418,57.5,1,POLE-NKW-01122,-23.90097,30.2457,50,2008,0,2025-10-13,2022-05-11
T1123,Modjadjiskloof Substation 2 TX-040,F135,Modjadjiskloof,SS-MDK-02,Modjadjiskloof Substation 2,20.5,0.842,0.406,0.369,55.8,0,POLE-MDK-01123,-23.77546,30.1302,1600,2006,2,2026-04-05,2025-10-02
T1124,Modjadjiskloof Substation 3 TX-047,F122,Modjadjiskloof,SS-MDK-03,Modjadjiskloof Substation 3,26.9,0.428,0.661,0.758,59.3,0,POLE-MDK-01124,-23.70779,30.12684,800,1999,2,2026-06-11,2026-04-19
T1125,Haenertsburg Substation 1 TX-051,F421,Haenertsburg,SS-HBG-01,Haenertsburg Substation 1,17.2,0.453,0.866,0.679,48.7,1,POLE-HBG-01125,-23.95372,29.96418,2000,2009,2,2026-05-06,2026-01-20
T1126,Tzaneen Substation 1 TX-038,F422,Tzaneen,SS-TZN-01,Tzaneen Substation 1,13.3,0.868,0.361,0.451,68.2,0,POLE-TZN-01126,-23.82624,30.16776,1600,2013,3,2026-05-31,2026-03-21
T1127,Haenertsburg Substation 2 TX-048,F428,Haenertsburg,SS-HBG-02,Haenertsburg Substation 2,18.0,0.34,0.907,0.757,50.3,0,POLE-HBG-01127,-23.97806,29.93266,2000,2008,1,2026-05-06,2025-12-22
T1128,Bolobedu Substation 1 TX-043,F319,Bolobedu,SS-BLB-01,Bolobedu Substation 1,8.4,0.579,0.933,0.727,51.1,0,POLE-BLB-01128,-23.95175,30.35929,50,2018,0,2026-07-10,2025-11-07
T1129,Ga-Kgapane Substation 1 TX-045,F279,Ga-Kgapane,SS-GKG-01,Ga-Kgapane Substation 1,7.9,0.9,0.527,0.511,59.1,0,POLE-GKG-01129,-23.82702,30.29454,500,2018,0,2026-02-04,2024-10-01
T1130,Politsi Substation 3 TX-038,F325,Politsi,SS-PLT-03,Politsi Substation 3,29.2,0.561,0.565,0.542,64.8,0,POLE-PLT-01130,-23.83737,30.06893,2000,1997,1,2026-06-25,2026-05-19
T1131,Haenertsburg Substation 3 TX-034,F204,Haenertsburg,SS-HBG-03,Haenertsburg Substation 3,7.7,0.594,0.715,0.727,46.2,0,POLE-HBG-01131,-24.00975,29.92087,200,2018,1,2026-06-13,2025-06-06
T1132,Modjadjiskloof Substation 2 TX-041,F336,Modjadjiskloof,SS-MDK-02,Modjadjiskloof Substation 2,6.1,0.5,0.27,0.239,52.3,1,POLE-MDK-01132,-23.7928,30.12298,200,2020,2,2026-05-09,2025-08-16
T1133,Politsi Substation 3 TX-039,F398,Politsi,SS-PLT-03,Politsi Substation 3,17.2,0.62,0.698,0.674,52.4,0,POLE-PLT-01133,-23.81603,30.07199,1000,2009,0,2026-06-26,2025-07-07
T1134,Xihoko Substation 2 TX-043,F382,Xihoko,SS-XHK-02,Xihoko Substation 2,8.5,0.605,0.625,0.74,58.6,0,POLE-XHK-01134,-23.79376,30.30601,200,2018,0,2026-04-28,2025-05-30
T1135,Modjadjiskloof Substation 2 TX-042,F307,Modjadjiskloof,SS-MDK-02,Modjadjiskloof Substation 2,20.3,0.346,0.924,0.808,49.3,0,POLE-MDK-01135,-23.77433,30.13964,800,2006,2,2026-07-28,2025-05-09
T1136,Modjadjiskloof Substation 1 TX-055,F030,Modjadjiskloof,SS-MDK-01,Modjadjiskloof Substation 1,25.6,0.585,0.797,0.678,50.7,1,POLE-MDK-01136,-23.72222,30.12072,315,2000,2,2026-05-22,2026-05-07
T1137,Haenertsburg Substation 3 TX-035,F363,Haenertsburg,SS-HBG-03,Haenertsburg Substation 3,6.8,0.566,0.621,0.666,51.8,0,POLE-HBG-01137,-24.00608,29.92682,500,2019,1,2026-07-28,2025-08-09
T1138,Nkowankowa Substation 2 TX-048,F184,Nkowankowa,SS-NKW-02,Nkowankowa Substation 2,18.6,0.34,0.311,0.423,53.0,0,POLE-NKW-01138,-23.93566,30.24999,100,2007,2,2026-02-16,2026-03-05
T1139,Nkowankowa Substation 3 TX-029,F372,Nkowankowa,SS-NKW-03,Nkowankowa Substation 3,7.6,0.796,0.61,0.623,56.6,0,POLE-NKW-01139,-23.92683,30.26876,1600,2018,1,2026-06-30,2026-04-03
T1140,Tzaneen Substation 2 TX-057,F270,Tzaneen,SS-TZN-02,Tzaneen Substation 2,10.1,0.153,0.435,0.549,44.2,0,POLE-TZN-01140,-23.8134,30.20508,50,2016,2,2026-02-22,2025-08-11
T1141,Politsi Substation 3 TX-040,F441,Politsi,SS-PLT-03,Politsi Substation 3,14.8,0.359,0.61,0.713,57.4,0,POLE-PLT-01141,-23.83065,30.07078,100,2011,1,2025-12-10,2025-09-25
T1142,Xihoko Substation 3 TX-049,F170,Xihoko,SS-XHK-03,Xihoko Substation 3,7.9,0.684,0.332,0.4,56.7,1,POLE-XHK-01142,-23.71916,30.36576,200,2018,1,2026-05-12,2025-04-03
T1143,Lenyenye Substation 3 TX-032,F466,Lenyenye,SS-LNY-03,Lenyenye Substation 3,13.9,0.579,0.754,0.715,58.3,0,POLE-LNY-01143,-23.94886,30.30555,200,2012,2,2026-05-03,2026-03-01
T1144,Modjadjiskloof Substation 1 TX-056,F423,Modjadjiskloof,SS-MDK-01,Modjadjiskloof Substation 1,10.7,0.244,0.67,0.714,48.5,0,POLE-MDK-01144,-23.7202,30.1219,50,2015,3,2026-07-07,2025-10-31
T1145,Ga-Kgapane Substation 3 TX-033,F166,Ga-Kgapane,SS-GKG-03,Ga-Kgapane Substation 3,20.6,0.292,0.878,0.67,45.9,0,POLE-GKG-01145,-23.86948,30.37911,2000,2005,1,2026-04-23,2025-09-29
T1146,Ga-Kgapane Substation 2 TX-035,F242,Ga-Kgapane,SS-GKG-02,Ga-Kgapane Substation 2,20.7,0.709,0.897,0.79,60.7,0,POLE-GKG-01146,-23.84801,30.35189,800,2005,2,2026-04-10,2026-02-08
T1147,Haenertsburg Substation 2 TX-049,F266,Haenertsburg,SS-HBG-02,Haenertsburg Substation 2,8.0,0.515,0.503,0.666,46.3,0,POLE-HBG-01147,-23.9787,29.94452,500,2018,1,2026-07-06,2025-03-22
T1148,Nkowankowa Substation 2 TX-049,F385,Nkowankowa,SS-NKW-02,Nkowankowa Substation 2,15.0,0.638,0.335,0.558,52.9,1,POLE-NKW-01148,-23.93848,30.2474,100,2011,0,2026-01-06,2026-06-14
T1149,Nkowankowa Substation 2 TX-050,F345,Nkowankowa,SS-NKW-02,Nkowankowa Substation 2,22.7,0.923,0.56,0.567,63.7,1,POLE-NKW-01149,-23.93644,30.24122,800,2003,0,2026-05-12,2026-04-02
T1150,Lenyenye Substation 2 TX-037,F427,Lenyenye,SS-LNY-02,Lenyenye Substation 2,5.3,0.61,0.573,0.727,53.6,0,POLE-LNY-01150,-23.93854,30.25998,50,2021,0,2026-05-24,2025-04-27
T1151,Xihoko Substation 2 TX-044,F185,Xihoko,SS-XHK-02,Xihoko Substation 2,10.6,0.441,0.179,0.405,68.0,1,POLE-XHK-01151,-23.79991,30.29842,200,2015,0,2025-10-16,2025-06-25
T1152,Ga-Kgapane Substation 2 TX-036,F253,Ga-Kgapane,SS-GKG-02,Ga-Kgapane Substation 2,14.6,0.5,0.372,0.498,52.8,1,POLE-GKG-01152,-23.85112,30.34589,800,2011,0,2026-05-17,2023-08-11
T1153,Bolobedu Substation 1 TX-044,F216,Bolobedu,SS-BLB-01,Bolobedu Substation 1,5.1,0.54,0.16,0.411,54.6,0,POLE-BLB-01153,-23.95567,30.35241,2000,2021,0,2026-06-20,2025-04-19
T1154,Haenertsburg Substation 2 TX-050,F455,Haenertsburg,SS-HBG-02,Haenertsburg Substation 2,8.7,0.647,0.422,0.419,59.5,0,POLE-HBG-01154,-23.98238,29.94177,800,2017,1,2026-04-17,2026-02-06
T1155,Modjadjiskloof Substation 3 TX-048,F153,Modjadjiskloof,SS-MDK-03,Modjadjiskloof Substation 3,33.1,0.609,0.684,0.659,64.7,1,POLE-MDK-01155,-23.71765,30.11349,500,1993,3,2026-02-20,2025-04-20
T1156,Modjadjiskloof Substation 3 TX-049,F294,Modjadjiskloof,SS-MDK-03,Modjadjiskloof Substation 3,7.7,0.939,0.759,0.743,65.0,0,POLE-MDK-01156,-23.71207,30.1128,800,2018,1,2026-05-14,2025-04-06
T1157,Lenyenye Substation 1 TX-032,F061,Lenyenye,SS-LNY-01,Lenyenye Substation 1,8.4,0.449,0.778,0.718,59.0,0,POLE-LNY-01157,-23.95119,30.27407,1000,2018,1,2026-05-28,2025-10-23
T1158,Politsi Substation 2 TX-050,F426,Politsi,SS-PLT-02,Politsi Substation 2,17.1,0.97,0.678,0.592,63.9,0,POLE-PLT-01158,-23.84034,30.02573,500,2009,0,2026-03-21,2026-04-16
T1159,Ga-Kgapane Substation 1 TX-046,F193,Ga-Kgapane,SS-GKG-01,Ga-Kgapane Substation 1,4.6,0.617,0.678,0.587,60.4,0,POLE-GKG-01159,-23.83537,30.29847,315,2021,0,2026-06-19,2025-09-18
T1160,Bolobedu Substation 3 TX-034,F171,Bolobedu,SS-BLB-03,Bolobedu Substation 3,10.8,0.3,0.805,0.68,44.1,0,POLE-BLB-01160,-23.9903,30.45573,1600,2015,1,2026-05-05,2026-02-10
T1161,Bolobedu Substation 2 TX-042,F292,Bolobedu,SS-BLB-02,Bolobedu Substation 2,6.1,0.313,0.227,0.512,42.5,0,POLE-BLB-01161,-23.94979,30.36692,200,2020,0,2026-07-14,2026-02-11
T1162,Politsi Substation 3 TX-041,F250,Politsi,SS-PLT-03,Politsi Substation 3,13.9,0.669,0.246,0.451,60.2,0,POLE-PLT-01162,-23.82434,30.06134,100,2012,0,2026-01-25,2025-09-04
T1163,Politsi Substation 3 TX-042,F424,Politsi,SS-PLT-03,Politsi Substation 3,0.5,0.399,0.779,0.676,47.3,0,POLE-PLT-01163,-23.82191,30.07553,200,2025,1,2026-02-06,2026-06-16
T1164,Haenertsburg Substation 2 TX-051,F266,Haenertsburg,SS-HBG-02,Haenertsburg Substation 2,12.6,0.85,0.35,0.462,63.4,1,POLE-HBG-01164,-23.98294,29.93173,1600,2013,3,2025-08-28,2025-11-10
T1165,Xihoko Substation 3 TX-050,F259,Xihoko,SS-XHK-03,Xihoko Substation 3,14.8,0.335,0.661,0.594,55.3,0,POLE-XHK-01165,-23.71472,30.37164,50,2011,2,2026-02-06,2026-03-02
T1166,Nkowankowa Substation 1 TX-042,F053,Nkowankowa,SS-NKW-01,Nkowankowa Substation 1,8.9,0.231,0.565,0.622,46.3,0,POLE-NKW-01166,-23.90227,30.23108,315,2017,4,2026-02-18,2026-04-17
T1167,Haenertsburg Substation 3 TX-036,F011,Haenertsburg,SS-HBG-03,Haenertsburg Substation 3,9.3,0.307,0.607,0.568,54.9,0,POLE-HBG-01167,-24.00364,29.92324,50,2017,0,2026-05-01,2026-01-09
T1168,Modjadjiskloof Substation 3 TX-050,F200,Modjadjiskloof,SS-MDK-03,Modjadjiskloof Substation 3,8.1,0.816,0.449,0.451,63.3,0,POLE-MDK-01168,-23.70566,30.11992,2000,2018,1,2026-01-22,2026-01-09
T1169,Modjadjiskloof Substation 1 TX-057,F500,Modjadjiskloof,SS-MDK-01,Modjadjiskloof Substation 1,10.7,0.263,0.493,0.605,55.0,0,POLE-MDK-01169,-23.72458,30.115,200,2015,1,2026-04-09,2025-03-26
T1170,Politsi Substation 2 TX-051,F459,Politsi,SS-PLT-02,Politsi Substation 2,29.5,0.709,0.436,0.416,67.5,1,POLE-PLT-01170,-23.83014,30.03266,200,1997,2,2026-06-24,2025-10-16
T1171,Politsi Substation 3 TX-043,F315,Politsi,SS-PLT-03,Politsi Substation 3,21.0,0.779,0.916,0.579,64.3,0,POLE-PLT-01171,-23.82827,30.07034,1000,2005,3,2026-03-03,2025-08-19
T1172,Tzaneen Substation 3 TX-046,F316,Tzaneen,SS-TZN-03,Tzaneen Substation 3,10.7,0.883,0.359,0.403,64.6,0,POLE-TZN-01172,-23.82488,30.18959,2000,2015,1,2026-07-15,2024-08-14
T1173,Politsi Substation 2 TX-052,F196,Politsi,SS-PLT-02,Politsi Substation 2,8.7,0.757,0.86,0.779,49.6,0,POLE-PLT-01173,-23.83233,30.03278,50,2017,0,2026-06-11,2026-03-29
T1174,Lenyenye Substation 1 TX-033,F089,Lenyenye,SS-LNY-01,Lenyenye Substation 1,19.8,0.484,0.976,0.798,49.1,0,POLE-LNY-01174,-23.96179,30.2661,1600,2006,2,2026-06-29,2026-01-09
T1175,Xihoko Substation 1 TX-052,F005,Xihoko,SS-XHK-01,Xihoko Substation 1,13.2,0.657,0.591,0.573,60.0,0,POLE-XHK-01175,-23.77563,30.37153,315,2013,1,2026-04-17,2025-07-16
T1176,Xihoko Substation 3 TX-051,F170,Xihoko,SS-XHK-03,Xihoko Substation 3,5.0,0.744,0.282,0.532,59.1,0,POLE-XHK-01176,-23.72263,30.37233,100,2021,0,2025-12-03,2025-10-09
T1177,Ga-Kgapane Substation 3 TX-034,F159,Ga-Kgapane,SS-GKG-03,Ga-Kgapane Substation 3,9.8,0.799,0.411,0.5,61.0,0,POLE-GKG-01177,-23.86681,30.38438,50,2016,1,2026-01-29,2025-11-25
T1178,Ga-Kgapane Substation 1 TX-047,F096,Ga-Kgapane,SS-GKG-01,Ga-Kgapane Substation 1,27.5,0.214,0.593,0.431,64.7,0,POLE-GKG-01178,-23.84343,30.30339,315,1998,2,2026-07-12,2025-11-30
T1179,Lenyenye Substation 3 TX-033,F130,Lenyenye,SS-LNY-03,Lenyenye Substation 3,16.6,0.288,0.797,0.735,43.6,0,POLE-LNY-01179,-23.95595,30.30699,200,2009,1,2026-07-05,2025-10-24
T1180,Lenyenye Substation 1 TX-034,F013,Lenyenye,SS-LNY-01,Lenyenye Substation 1,8.8,0.458,0.703,0.664,47.4,0,POLE-LNY-01180,-23.97729,30.26654,200,2017,3,2026-03-11,2026-04-02
T1181,Bolobedu Substation 1 TX-045,F304,Bolobedu,SS-BLB-01,Bolobedu Substation 1,3.3,0.488,0.154,0.391,45.8,0,POLE-BLB-01181,-23.96573,30.35018,100,2023,1,2024-12-20,2026-03-04
T1182,Xihoko Substation 1 TX-053,F464,Xihoko,SS-XHK-01,Xihoko Substation 1,13.8,0.856,0.639,0.588,63.2,0,POLE-XHK-01182,-23.7813,30.36868,100,2012,0,2026-06-03,2024-09-17
T1183,Lenyenye Substation 2 TX-038,F346,Lenyenye,SS-LNY-02,Lenyenye Substation 2,11.9,0.588,0.489,0.515,59.3,0,POLE-LNY-01183,-23.93233,30.2673,1600,2014,1,2026-06-28,2026-06-13
T1184,Xihoko Substation 3 TX-052,F225,Xihoko,SS-XHK-03,Xihoko Substation 3,10.4,0.574,0.411,0.404,64.3,0,POLE-XHK-01184,-23.72475,30.37462,315,2016,2,2026-05-06,2026-02-19
T1185,Bolobedu Substation 3 TX-035,F211,Bolobedu,SS-BLB-03,Bolobedu Substation 3,19.9,0.621,0.889,0.874,50.0,0,POLE-BLB-01185,-23.99057,30.45393,1600,2006,3,2026-07-13,2025-10-16
T1186,Xihoko Substation 3 TX-053,F154,Xihoko,SS-XHK-03,Xihoko Substation 3,16.8,0.673,0.783,0.814,58.1,0,POLE-XHK-01186,-23.72028,30.36729,500,2009,0,2026-05-22,2025-07-04
T1187,Tzaneen Substation 3 TX-047,F072,Tzaneen,SS-TZN-03,Tzaneen Substation 3,3.4,0.584,0.409,0.547,58.2,0,POLE-TZN-01187,-23.82739,30.18305,50,2023,0,2026-03-28,2026-05-07
T1188,Modjadjiskloof Substation 1 TX-058,F300,Modjadjiskloof,SS-MDK-01,Modjadjiskloof Substation 1,12.0,0.766,0.732,0.688,52.6,0,POLE-MDK-01188,-23.71924,30.11852,315,2014,0,2026-01-29,2025-03-30
T1189,Haenertsburg Substation 2 TX-052,F284,Haenertsburg,SS-HBG-02,Haenertsburg Substation 2,4.2,0.376,0.545,0.39,43.6,0,POLE-HBG-01189,-23.97751,29.92819,50,2022,1,2026-03-01,2021-12-03
T1190,Nkowankowa Substation 3 TX-030,F004,Nkowankowa,SS-NKW-03,Nkowankowa Substation 3,8.2,0.7,0.854,0.79,44.7,0,POLE-NKW-01190,-23.91526,30.26166,200,2018,0,2026-03-21,2025-03-16
T1191,Haenertsburg Substation 2 TX-053,F208,Haenertsburg,SS-HBG-02,Haenertsburg Substation 2,3.9,0.208,0.606,0.658,44.2,0,POLE-HBG-01191,-23.97674,29.93084,1600,2022,0,2026-05-07,2025-12-23
T1192,Bolobedu Substation 3 TX-036,F140,Bolobedu,SS-BLB-03,Bolobedu Substation 3,4.0,0.368,0.709,0.692,40.4,0,POLE-BLB-01192,-23.99119,30.44159,200,2022,2,2025-10-22,2025-12-31
T1193,Nkowankowa Substation 3 TX-031,F086,Nkowankowa,SS-NKW-03,Nkowankowa Substation 3,15.0,0.961,0.344,0.497,69.6,1,POLE-NKW-01193,-23.91029,30.26398,200,2011,2,2026-06-29,2025-09-03
T1194,Haenertsburg Substation 2 TX-054,F352,Haenertsburg,SS-HBG-02,Haenertsburg Substation 2,14.0,0.684,0.815,0.719,55.4,1,POLE-HBG-01194,-23.99117,29.9263,100,2012,1,2026-05-23,2026-04-21
T1195,Lenyenye Substation 3 TX-034,F263,Lenyenye,SS-LNY-03,Lenyenye Substation 3,11.3,0.866,0.642,0.727,67.8,1,POLE-LNY-01195,-23.9468,30.29623,100,2015,0,2026-05-10,2026-02-26
T1196,Bolobedu Substation 2 TX-043,F317,Bolobedu,SS-BLB-02,Bolobedu Substation 2,7.6,0.63,0.45,0.544,58.6,0,POLE-BLB-01196,-23.94782,30.36287,200,2018,0,2026-05-30,2025-12-05
T1197,Nkowankowa Substation 3 TX-032,F357,Nkowankowa,SS-NKW-03,Nkowankowa Substation 3,3.6,0.618,0.65,0.711,45.0,0,POLE-NKW-01197,-23.91308,30.26143,2000,2022,1,2025-12-17,2025-07-16
T1198,Modjadjiskloof Substation 3 TX-051,F491,Modjadjiskloof,SS-MDK-03,Modjadjiskloof Substation 3,8.2,0.749,0.165,0.365,59.3,0,POLE-MDK-01198,-23.71447,30.1242,500,2018,1,2026-07-24,2025-03-16
T1199,Modjadjiskloof Substation 2 TX-043,F402,Modjadjiskloof,SS-MDK-02,Modjadjiskloof Substation 2,14.0,0.511,0.69,0.755,56.0,0,POLE-MDK-01199,-23.78079,30.12699,1600,2012,3,2026-06-27,2026-05-03
T1200,Lenyenye Substation 3 TX-035,F311,Lenyenye,SS-LNY-03,Lenyenye Substation 3,13.8,0.423,0.812,0.615,47.2,0,POLE-LNY-01200,-23.9588,30.3039,100,2012,0,2026-05-09,2026-01-02
T1201,Xihoko Substation 1 TX-054,F440,Xihoko,SS-XHK-01,Xihoko Substation 1,27.1,0.35,0.632,0.644,64.3,0,POLE-XHK-01201,-23.78724,30.36799,800,1999,1,2026-05-19,2026-05-10
T1202,Tzaneen Substation 1 TX-039,F239,Tzaneen,SS-TZN-01,Tzaneen Substation 1,24.7,0.655,0.665,0.71,61.2,0,POLE-TZN-01202,-23.82669,30.16977,1600,2001,2,2026-05-08,2025-03-21
T1203,Bolobedu Substation 3 TX-037,F493,Bolobedu,SS-BLB-03,Bolobedu Substation 3,11.7,0.214,0.651,0.49,52.9,0,POLE-BLB-01203,-23.99262,30.45226,1000,2014,1,2026-06-22,2025-12-16
T1204,Haenertsburg Substation 2 TX-055,F381,Haenertsburg,SS-HBG-02,Haenertsburg Substation 2,8.1,0.639,0.8,0.798,49.6,0,POLE-HBG-01204,-23.98403,29.93527,1000,2018,0,2026-06-12,2025-11-20
T1205,Xihoko Substation 2 TX-045,F326,Xihoko,SS-XHK-02,Xihoko Substation 2,6.2,0.859,0.753,0.692,53.6,0,POLE-XHK-01205,-23.80203,30.30024,1000,2020,1,2026-02-09,2025-12-19
T1206,Xihoko Substation 3 TX-054,F452,Xihoko,SS-XHK-03,Xihoko Substation 3,3.1,0.34,0.727,0.662,40.0,0,POLE-XHK-01206,-23.71302,30.37211,2000,2023,0,2026-03-20,2025-07-23
T1207,Xihoko Substation 1 TX-055,F258,Xihoko,SS-XHK-01,Xihoko Substation 1,4.6,0.557,0.613,0.577,59.3,0,POLE-XHK-01207,-23.7852,30.36214,315,2021,0,2026-04-28,2026-04-17
T1208,Haenertsburg Substation 1 TX-052,F361,Haenertsburg,SS-HBG-01,Haenertsburg Substation 1,14.0,0.614,0.455,0.337,60.4,1,POLE-HBG-01208,-23.94427,29.95448,200,2012,0,2026-01-16,2026-05-17
T1209,Politsi Substation 2 TX-053,F143,Politsi,SS-PLT-02,Politsi Substation 2,17.6,0.323,0.878,0.749,65.6,0,POLE-PLT-01209,-23.83555,30.03134,50,2008,0,2026-03-11,2026-05-31
T1210,Politsi Substation 2 TX-054,F482,Politsi,SS-PLT-02,Politsi Substation 2,9.4,0.57,0.558,0.484,56.2,0,POLE-PLT-01210,-23.83271,30.02361,100,2017,0,2025-07-26,2026-04-05
T1211,Politsi Substation 1 TX-049,F312,Politsi,SS-PLT-01,Politsi Substation 1,35.0,0.674,0.459,0.565,67.4,1,POLE-PLT-01211,-23.79755,30.06361,315,1991,5,2026-01-25,2026-04-30
T1212,Ga-Kgapane Substation 1 TX-048,F392,Ga-Kgapane,SS-GKG-01,Ga-Kgapane Substation 1,4.6,0.486,0.523,0.494,42.7,0,POLE-GKG-01212,-23.83427,30.30434,50,2021,2,2026-01-06,2026-02-26
T1213,Modjadjiskloof Substation 2 TX-044,F231,Modjadjiskloof,SS-MDK-02,Modjadjiskloof Substation 2,2.9,0.694,0.491,0.542,59.4,0,POLE-MDK-01213,-23.77413,30.1301,1000,2023,1,2026-06-06,2026-02-12
T1214,Politsi Substation 1 TX-050,F434,Politsi,SS-PLT-01,Politsi Substation 1,35.0,0.815,0.573,0.628,72.6,1,POLE-PLT-01214,-23.78872,30.06516,315,1991,4,2026-03-14,2026-06-16
T1215,Lenyenye Substation 1 TX-035,F038,Lenyenye,SS-LNY-01,Lenyenye Substation 1,3.5,0.314,0.311,0.413,51.7,0,POLE-LNY-01215,-23.96485,30.26811,200,2023,1,2026-03-23,2025-10-10
T1216,Lenyenye Substation 1 TX-036,F058,Lenyenye,SS-LNY-01,Lenyenye Substation 1,9.3,0.701,0.533,0.504,69.6,0,POLE-LNY-01216,-23.96596,30.27444,2000,2017,0,2026-01-03,2025-07-30
T1217,Tzaneen Substation 3 TX-048,F254,Tzaneen,SS-TZN-03,Tzaneen Substation 3,6.7,0.525,0.851,0.763,51.2,0,POLE-TZN-01217,-23.83431,30.18703,50,2019,1,2026-03-12,2026-05-14
T1218,Nkowankowa Substation 1 TX-043,F367,Nkowankowa,SS-NKW-01,Nkowankowa Substation 1,14.8,0.581,0.654,0.589,58.7,0,POLE-NKW-01218,-23.90301,30.24466,800,2011,2,2026-02-08,2025-11-04
T1219,Tzaneen Substation 3 TX-049,F405,Tzaneen,SS-TZN-03,Tzaneen Substation 3,8.8,0.323,0.536,0.605,53.6,0,POLE-TZN-01219,-23.82882,30.18932,800,2017,1,2025-11-29,2026-04-06
T1220,Haenertsburg Substation 3 TX-037,F221,Haenertsburg,SS-HBG-03,Haenertsburg Substation 3,17.6,0.675,0.209,0.417,67.9,0,POLE-HBG-01220,-24.00982,29.93243,2000,2008,1,2026-01-10,2024-11-21
T1221,Politsi Substation 3 TX-044,F325,Politsi,SS-PLT-03,Politsi Substation 3,20.2,0.456,0.68,0.784,47.7,0,POLE-PLT-01221,-23.82801,30.07444,315,2006,3,2026-06-12,2025-11-13
T1222,Xihoko Substation 2 TX-046,F277,Xihoko,SS-XHK-02,Xihoko Substation 2,3.1,0.56,0.109,0.446,58.8,0,POLE-XHK-01222,-23.79677,30.30199,2000,2023,0,2025-12-11,2024-09-22
T1223,Politsi Substation 1 TX-051,F481,Politsi,SS-PLT-01,Politsi Substation 1,6.1,0.498,0.756,0.634,49.0,0,POLE-PLT-01223,-23.79758,30.0714,1000,2020,0,2026-02-18,2024-10-08
T1224,Bolobedu Substation 1 TX-046,F328,Bolobedu,SS-BLB-01,Bolobedu Substation 1,18.6,0.651,0.287,0.329,73.3,1,POLE-BLB-01224,-23.96272,30.35766,315,2007,2,2025-11-13,2026-06-18
T1225,Tzaneen Substation 2 TX-058,F209,Tzaneen,SS-TZN-02,Tzaneen Substation 2,22.8,0.863,0.225,0.514,72.0,1,POLE-TZN-01225,-23.79762,30.1925,500,2003,1,2026-04-27,2025-11-06
T1226,Bolobedu Substation 3 TX-038,F485,Bolobedu,SS-BLB-03,Bolobedu Substation 3,13.0,0.724,0.759,0.632,64.3,0,POLE-BLB-01226,-23.98283,30.45051,315,2013,1,2026-07-20,2025-02-09
T1227,Nkowankowa Substation 1 TX-044,F054,Nkowankowa,SS-NKW-01,Nkowankowa Substation 1,15.5,0.737,0.582,0.657,58.6,1,POLE-NKW-01227,-23.8974,30.24429,800,2010,1,2025-11-09,2025-05-15
T1228,Bolobedu Substation 3 TX-039,F493,Bolobedu,SS-BLB-03,Bolobedu Substation 3,28.2,0.524,0.822,0.707,54.2,0,POLE-BLB-01228,-23.9854,30.45491,200,1998,0,2026-06-12,2026-04-01
T1229,Bolobedu Substation 2 TX-044,F078,Bolobedu,SS-BLB-02,Bolobedu Substation 2,8.9,0.541,0.763,0.716,53.2,0,POLE-BLB-01229,-23.93989,30.36147,200,2017,0,2026-05-19,2026-03-04
T1230,Lenyenye Substation 2 TX-039,F145,Lenyenye,SS-LNY-02,Lenyenye Substation 2,12.9,0.183,0.267,0.229,58.5,0,POLE-LNY-01230,-23.93155,30.26998,1000,2013,0,2026-04-22,2025-09-11
T1231,Lenyenye Substation 2 TX-040,F411,Lenyenye,SS-LNY-02,Lenyenye Substation 2,24.7,0.526,0.623,0.675,57.5,0,POLE-LNY-01231,-23.94544,30.25422,2000,2001,3,2026-04-09,2025-01-20
T1232,Nkowankowa Substation 1 TX-045,F367,Nkowankowa,SS-NKW-01,Nkowankowa Substation 1,25.7,0.689,0.388,0.308,70.0,1,POLE-NKW-01232,-23.89932,30.24541,800,2000,3,2026-04-30,2024-12-02
T1233,Haenertsburg Substation 1 TX-053,F486,Haenertsburg,SS-HBG-01,Haenertsburg Substation 1,10.8,0.86,0.596,0.673,48.2,0,POLE-HBG-01233,-23.94465,29.96128,200,2015,1,2026-04-14,2024-12-04
T1234,Bolobedu Substation 3 TX-040,F375,Bolobedu,SS-BLB-03,Bolobedu Substation 3,6.2,0.809,0.545,0.598,56.0,1,POLE-BLB-01234,-23.98384,30.44802,50,2020,1,2026-06-09,2025-02-17
T1235,Bolobedu Substation 1 TX-047,F319,Bolobedu,SS-BLB-01,Bolobedu Substation 1,10.7,0.212,0.593,0.573,40.5,0,POLE-BLB-01235,-23.97167,30.35701,2000,2015,0,2025-12-03,2025-11-19
T1236,Lenyenye Substation 3 TX-036,F174,Lenyenye,SS-LNY-03,Lenyenye Substation 3,11.4,0.289,0.956,0.769,47.9,0,POLE-LNY-01236,-23.96097,30.2961,2000,2015,0,2026-04-26,2024-08-02
T1237,Lenyenye Substation 1 TX-037,F003,Lenyenye,SS-LNY-01,Lenyenye Substation 1,6.1,0.527,0.614,0.616,51.8,0,POLE-LNY-01237,-23.96145,30.26481,100,2020,1,2026-04-17,2026-05-16
T1238,Bolobedu Substation 1 TX-048,F062,Bolobedu,SS-BLB-01,Bolobedu Substation 1,6.8,0.855,0.184,0.449,60.9,0,POLE-BLB-01238,-23.97321,30.34718,1600,2019,3,2026-07-20,2025-11-25
T1239,Tzaneen Substation 1 TX-040,F149,Tzaneen,SS-TZN-01,Tzaneen Substation 1,25.7,0.232,0.296,0.391,66.1,0,POLE-TZN-01239,-23.82147,30.16197,1000,2000,3,2026-06-07,2025-11-01
T1240,Modjadjiskloof Substation 1 TX-059,F021,Modjadjiskloof,SS-MDK-01,Modjadjiskloof Substation 1,16.0,0.61,0.442,0.599,59.5,1,POLE-MDK-01240,-23.71943,30.12757,2000,2010,3,2026-01-15,2025-03-04
T1241,Modjadjiskloof Substation 3 TX-052,F255,Modjadjiskloof,SS-MDK-03,Modjadjiskloof Substation 3,9.3,0.544,0.588,0.615,53.5,0,POLE-MDK-01241,-23.70138,30.12846,500,2017,1,2026-06-13,2026-02-10
T1242,Bolobedu Substation 3 TX-041,F389,Bolobedu,SS-BLB-03,Bolobedu Substation 3,4.9,0.673,0.361,0.454,57.2,1,POLE-BLB-01242,-23.98532,30.44868,200,2021,1,2026-02-09,2024-03-04
T1243,Politsi Substation 2 TX-055,F482,Politsi,SS-PLT-02,Politsi Substation 2,6.9,0.641,0.529,0.585,50.8,1,POLE-PLT-01243,-23.83063,30.02801,315,2019,1,2026-05-08,2025-07-15
T1244,Xihoko Substation 3 TX-055,F245,Xihoko,SS-XHK-03,Xihoko Substation 3,2.6,0.321,0.796,0.625,48.3,0,POLE-XHK-01244,-23.71575,30.38376,1000,2023,0,2026-05-06,2026-01-24
T1245,Xihoko Substation 1 TX-056,F438,Xihoko,SS-XHK-01,Xihoko Substation 1,13.2,0.385,0.501,0.492,49.0,0,POLE-XHK-01245,-23.78039,30.36671,100,2013,1,2026-05-03,2026-04-09
T1246,Bolobedu Substation 3 TX-042,F493,Bolobedu,SS-BLB-03,Bolobedu Substation 3,6.6,0.642,0.672,0.678,54.0,0,POLE-BLB-01246,-23.98686,30.44519,800,2019,0,2026-05-12,2026-07-07
T1247,Lenyenye Substation 1 TX-038,F430,Lenyenye,SS-LNY-01,Lenyenye Substation 1,14.0,0.536,0.372,0.343,66.1,1,POLE-LNY-01247,-23.96122,30.27506,1600,2012,3,2026-01-07,2026-06-22
T1248,Bolobedu Substation 3 TX-043,F233,Bolobedu,SS-BLB-03,Bolobedu Substation 3,18.5,0.697,0.372,0.368,60.7,0,POLE-BLB-01248,-24.00189,30.44609,100,2008,0,2026-01-02,2025-11-02
T1249,Ga-Kgapane Substation 2 TX-037,F163,Ga-Kgapane,SS-GKG-02,Ga-Kgapane Substation 2,14.1,0.508,0.342,0.524,49.5,0,POLE-GKG-01249,-23.839,30.34767,500,2012,1,2026-03-08,2023-05-25
T1250,Nkowankowa Substation 3 TX-033,F489,Nkowankowa,SS-NKW-03,Nkowankowa Substation 3,8.5,0.879,0.831,0.838,50.1,0,POLE-NKW-01250,-23.91376,30.27251,200,2017,0,2026-03-20,2025-10-25
T1251,Bolobedu Substation 1 TX-049,F121,Bolobedu,SS-BLB-01,Bolobedu Substation 1,5.8,0.553,0.617,0.576,60.4,0,POLE-BLB-01251,-23.95749,30.36167,500,2020,1,2026-07-02,2025-05-10
T1252,Xihoko Substation 1 TX-057,F206,Xihoko,SS-XHK-01,Xihoko Substation 1,4.3,0.735,0.851,0.873,46.0,0,POLE-XHK-01252,-23.78033,30.36625,100,2022,1,2026-05-18,2026-04-27
T1253,Lenyenye Substation 1 TX-039,F038,Lenyenye,SS-LNY-01,Lenyenye Substation 1,24.2,0.6,0.661,0.689,55.3,1,POLE-LNY-01253,-23.96169,30.26939,200,2002,0,2026-05-26,2026-03-29
T1254,Haenertsburg Substation 3 TX-038,F397,Haenertsburg,SS-HBG-03,Haenertsburg Substation 3,13.7,0.433,0.267,0.446,57.5,0,POLE-HBG-01254,-24.01287,29.93455,100,2012,1,2026-05-01,2026-06-15
T1255,Politsi Substation 3 TX-045,F325,Politsi,SS-PLT-03,Politsi Substation 3,8.9,0.589,0.619,0.489,41.9,0,POLE-PLT-01255,-23.83672,30.06617,315,2017,0,2026-05-31,2024-12-15
T1256,Nkowankowa Substation 1 TX-046,F043,Nkowankowa,SS-NKW-01,Nkowankowa Substation 1,16.9,0.59,0.287,0.338,58.3,0,POLE-NKW-01256,-23.90725,30.24839,800,2009,2,2025-10-16,2026-06-30
T1257,Bolobedu Substation 1 TX-050,F111,Bolobedu,SS-BLB-01,Bolobedu Substation 1,21.7,0.413,0.739,0.693,62.7,0,POLE-BLB-01257,-23.96145,30.36222,200,2004,1,2026-06-27,2025-11-18
T1258,Modjadjiskloof Substation 1 TX-060,F278,Modjadjiskloof,SS-MDK-01,Modjadjiskloof Substation 1,6.7,0.719,0.564,0.453,52.9,0,POLE-MDK-01258,-23.71808,30.11398,1600,2019,1,2026-05-27,2025-10-31
T1259,Haenertsburg Substation 2 TX-056,F271,Haenertsburg,SS-HBG-02,Haenertsburg Substation 2,13.4,0.575,0.703,0.68,53.1,0,POLE-HBG-01259,-23.98285,29.92404,800,2013,0,2026-04-19,2025-12-12
T1260,Modjadjiskloof Substation 2 TX-045,F402,Modjadjiskloof,SS-MDK-02,Modjadjiskloof Substation 2,13.6,0.66,0.641,0.61,59.2,0,POLE-MDK-01260,-23.78563,30.11901,2000,2012,4,2026-05-29,2024-12-08
T1261,Xihoko Substation 3 TX-056,F134,Xihoko,SS-XHK-03,Xihoko Substation 3,27.5,0.689,0.779,0.786,65.0,0,POLE-XHK-01261,-23.72322,30.36922,1000,1999,1,2026-06-08,2025-12-25
T1262,Tzaneen Substation 2 TX-059,F463,Tzaneen,SS-TZN-02,Tzaneen Substation 2,8.8,0.67,0.471,0.578,52.9,0,POLE-TZN-01262,-23.80735,30.18672,100,2017,1,2026-05-09,2026-03-25
T1263,Modjadjiskloof Substation 2 TX-046,F223,Modjadjiskloof,SS-MDK-02,Modjadjiskloof Substation 2,5.6,0.484,0.272,0.481,54.1,0,POLE-MDK-01263,-23.78718,30.1352,800,2020,2,2026-01-11,2025-02-19
T1264,Nkowankowa Substation 1 TX-047,F412,Nkowankowa,SS-NKW-01,Nkowankowa Substation 1,14.4,0.435,0.715,0.591,60.8,0,POLE-NKW-01264,-23.90259,30.237,1000,2012,0,2026-01-10,2025-02-22
T1265,Tzaneen Substation 2 TX-060,F120,Tzaneen,SS-TZN-02,Tzaneen Substation 2,17.8,0.276,0.782,0.783,43.4,0,POLE-TZN-01265,-23.79696,30.19183,500,2008,0,2026-03-14,2026-04-11
T1266,Bolobedu Substation 2 TX-045,F019,Bolobedu,SS-BLB-02,Bolobedu Substation 2,12.7,0.373,0.486,0.652,47.6,0,POLE-BLB-01266,-23.95528,30.37241,50,2013,0,2025-07-20,2026-04-14
T1267,Nkowankowa Substation 2 TX-051,F028,Nkowankowa,SS-NKW-02,Nkowankowa Substation 2,28.7,0.52,0.676,0.714,61.3,0,POLE-NKW-01267,-23.92972,30.24548,100,1997,3,2025-11-02,2026-02-27
T1268,Modjadjiskloof Substation 2 TX-047,F187,Modjadjiskloof,SS-MDK-02,Modjadjiskloof Substation 2,8.8,0.643,0.874,0.779,54.9,0,POLE-MDK-01268,-23.78204,30.12873,200,2017,1,2026-07-18,2026-03-23
T1269,Politsi Substation 3 TX-046,F477,Politsi,SS-PLT-03,Politsi Substation 3,12.9,0.846,0.34,0.463,64.2,1,POLE-PLT-01269,-23.83055,30.0746,315,2013,2,2025-10-24,2025-06-04
T1270,Haenertsburg Substation 3 TX-039,F025,Haenertsburg,SS-HBG-03,Haenertsburg Substation 3,3.4,0.139,0.725,0.728,37.3,0,POLE-HBG-01270,-24.00316,29.94782,1600,2023,1,2025-11-21,2026-02-20
T1271,Xihoko Substation 2 TX-047,F185,Xihoko,SS-XHK-02,Xihoko Substation 2,5.4,0.175,0.872,0.803,30.9,0,POLE-XHK-01271,-23.79595,30.30363,50,2021,0,2026-04-15,2025-12-14
T1272,Xihoko Substation 1 TX-058,F055,Xihoko,SS-XHK-01,Xihoko Substation 1,6.7,0.211,0.58,0.525,39.6,0,POLE-XHK-01272,-23.79103,30.35973,2000,2019,0,2026-05-03,2023-06-22
T1273,Lenyenye Substation 3 TX-037,F466,Lenyenye,SS-LNY-03,Lenyenye Substation 3,9.9,0.824,0.758,0.577,60.6,0,POLE-LNY-01273,-23.95069,30.30737,500,2016,0,2026-06-21,2025-12-17
T1274,Tzaneen Substation 1 TX-041,F338,Tzaneen,SS-TZN-01,Tzaneen Substation 1,3.9,0.709,0.386,0.395,54.2,0,POLE-TZN-01274,-23.82522,30.16779,2000,2022,1,2026-01-17,2026-01-13
T1275,Xihoko Substation 2 TX-048,F382,Xihoko,SS-XHK-02,Xihoko Substation 2,16.7,0.548,0.948,0.622,55.2,0,POLE-XHK-01275,-23.79725,30.30436,1000,2009,2,2026-07-10,2024-11-20
T1276,Nkowankowa Substation 3 TX-034,F357,Nkowankowa,SS-NKW-03,Nkowankowa Substation 3,6.2,0.482,0.086,0.411,52.6,0,POLE-NKW-01276,-23.92012,30.26672,500,2020,1,2026-02-14,2022-12-22
T1277,Lenyenye Substation 3 TX-038,F329,Lenyenye,SS-LNY-03,Lenyenye Substation 3,35.0,0.766,0.621,0.436,87.7,0,POLE-LNY-01277,-23.94954,30.3085,100,1991,2,2025-04-13,2024-06-12
T1278,Xihoko Substation 1 TX-059,F387,Xihoko,SS-XHK-01,Xihoko Substation 1,6.4,0.375,0.542,0.62,44.5,0,POLE-XHK-01278,-23.78618,30.36771,1000,2020,0,2026-07-04,2025-12-14
T1279,Xihoko Substation 1 TX-060,F005,Xihoko,SS-XHK-01,Xihoko Substation 1,12.0,0.227,0.346,0.532,55.5,0,POLE-XHK-01279,-23.77764,30.37105,800,2014,1,2026-03-12,2025-03-24
T1280,Tzaneen Substation 3 TX-050,F433,Tzaneen,SS-TZN-03,Tzaneen Substation 3,10.9,0.857,0.691,0.763,64.3,0,POLE-TZN-01280,-23.83564,30.19225,315,2015,0,2026-02-01,2024-11-27
T1281,Modjadjiskloof Substation 3 TX-053,F370,Modjadjiskloof,SS-MDK-03,Modjadjiskloof Substation 3,5.0,0.586,0.551,0.543,56.2,0,POLE-MDK-01281,-23.70386,30.12174,1600,2021,0,2026-03-24,2026-02-10
T1282,Modjadjiskloof Substation 3 TX-054,F370,Modjadjiskloof,SS-MDK-03,Modjadjiskloof Substation 3,9.9,0.379,0.517,0.442,48.1,0,POLE-MDK-01282,-23.70683,30.11914,1000,2016,0,2026-02-05,2025-08-23
T1283,Bolobedu Substation 2 TX-046,F197,Bolobedu,SS-BLB-02,Bolobedu Substation 2,9.8,0.479,0.783,0.82,48.3,0,POLE-BLB-01283,-23.95644,30.37695,200,2016,0,2026-07-09,2026-04-09
T1284,Modjadjiskloof Substation 2 TX-048,F401,Modjadjiskloof,SS-MDK-02,Modjadjiskloof Substation 2,20.2,0.782,0.449,0.564,63.2,0,POLE-MDK-01284,-23.77043,30.13695,100,2006,3,2025-07-17,2026-04-29
T1285,Tzaneen Substation 3 TX-051,F191,Tzaneen,SS-TZN-03,Tzaneen Substation 3,14.8,0.681,0.75,0.756,66.3,0,POLE-TZN-01285,-23.82954,30.20263,800,2011,0,2026-04-20,2025-08-19
T1286,Haenertsburg Substation 3 TX-040,F025,Haenertsburg,SS-HBG-03,Haenertsburg Substation 3,16.6,0.404,0.745,0.543,57.1,0,POLE-HBG-01286,-24.00288,29.93002,100,2009,3,2026-07-03,2025-12-17
T1287,Xihoko Substation 1 TX-061,F454,Xihoko,SS-XHK-01,Xihoko Substation 1,19.9,0.363,0.517,0.43,57.1,0,POLE-XHK-01287,-23.78195,30.37059,500,2006,0,2026-01-05,2026-03-25
T1288,Bolobedu Substation 2 TX-047,F118,Bolobedu,SS-BLB-02,Bolobedu Substation 2,16.8,0.81,0.335,0.433,75.0,1,POLE-BLB-01288,-23.95252,30.37199,2000,2009,1,2025-06-16,2026-03-25
T1289,Haenertsburg Substation 3 TX-041,F051,Haenertsburg,SS-HBG-03,Haenertsburg Substation 3,13.3,0.675,0.867,0.718,54.2,0,POLE-HBG-01289,-24.00768,29.92451,1000,2013,2,2026-06-02,2025-05-08
T1290,Lenyenye Substation 3 TX-039,F311,Lenyenye,SS-LNY-03,Lenyenye Substation 3,6.7,0.685,0.529,0.635,56.4,0,POLE-LNY-01290,-23.95791,30.30855,200,2019,0,2026-04-19,2025-06-30
T1291,Politsi Substation 1 TX-052,F117,Politsi,SS-PLT-01,Politsi Substation 1,12.8,0.367,0.829,0.854,49.9,0,POLE-PLT-01291,-23.80721,30.06356,2000,2013,2,2026-02-09,2025-09-15
T1292,Lenyenye Substation 1 TX-040,F430,Lenyenye,SS-LNY-01,Lenyenye Substation 1,5.7,0.212,0.801,0.714,43.0,0,POLE-LNY-01292,-23.96471,30.27317,2000,2020,0,2026-03-05,2026-03-10
T1293,Tzaneen Substation 3 TX-052,F222,Tzaneen,SS-TZN-03,Tzaneen Substation 3,10.4,0.427,0.464,0.459,52.9,0,POLE-TZN-01293,-23.83584,30.18413,500,2016,1,2026-05-31,2024-09-01
T1294,Lenyenye Substation 1 TX-041,F003,Lenyenye,SS-LNY-01,Lenyenye Substation 1,9.5,0.523,0.573,0.7,54.8,0,POLE-LNY-01294,-23.96742,30.27302,50,2017,1,2026-07-18,2025-03-31
T1295,Tzaneen Substation 2 TX-061,F476,Tzaneen,SS-TZN-02,Tzaneen Substation 2,9.9,0.743,0.799,0.67,53.1,0,POLE-TZN-01295,-23.80314,30.202,2000,2016,0,2025-11-10,2024-12-14
T1296,Xihoko Substation 1 TX-062,F258,Xihoko,SS-XHK-01,Xihoko Substation 1,3.9,0.587,0.71,0.778,52.8,0,POLE-XHK-01296,-23.7794,30.36537,1600,2022,0,2026-05-26,2026-05-19
T1297,Nkowankowa Substation 1 TX-048,F132,Nkowankowa,SS-NKW-01,Nkowankowa Substation 1,0.5,0.156,0.446,0.63,37.0,0,POLE-NKW-01297,-23.90724,30.24024,2000,2025,2,2026-06-17,2025-08-21
T1298,Nkowankowa Substation 2 TX-052,F339,Nkowankowa,SS-NKW-02,Nkowankowa Substation 2,8.3,0.692,0.586,0.507,63.7,0,POLE-NKW-01298,-23.94431,30.24772,2000,2018,0,2026-06-03,2025-07-09
T1299,Haenertsburg Substation 2 TX-057,F266,Haenertsburg,SS-HBG-02,Haenertsburg Substation 2,23.0,0.493,0.82,0.611,64.9,0,POLE-HBG-01299,-23.97842,29.92939,500,2003,1,2026-01-10,2026-03-10
T1300,Ga-Kgapane Substation 3 TX-035,F015,Ga-Kgapane,SS-GKG-03,Ga-Kgapane Substation 3,11.9,0.343,0.703,0.532,53.8,0,POLE-GKG-01300,-23.86877,30.38753,50,2014,0,2026-07-28,2025-11-21
T1301,Nkowankowa Substation 1 TX-049,F380,Nkowankowa,SS-NKW-01,Nkowankowa Substation 1,21.9,0.674,0.635,0.762,59.8,0,POLE-NKW-01301,-23.91902,30.24368,315,2004,1,2025-12-31,2025-11-05
T1302,Haenertsburg Substation 1 TX-054,F201,Haenertsburg,SS-HBG-01,Haenertsburg Substation 1,5.7,0.942,0.393,0.391,68.6,0,POLE-HBG-01302,-23.9395,29.95313,315,2020,0,2026-02-03,2024-07-09
T1303,Ga-Kgapane Substation 3 TX-036,F350,Ga-Kgapane,SS-GKG-03,Ga-Kgapane Substation 3,8.0,0.767,0.82,0.739,57.2,0,POLE-GKG-01303,-23.8651,30.37467,200,2018,1,2026-05-26,2025-11-26
T1304,Xihoko Substation 1 TX-063,F448,Xihoko,SS-XHK-01,Xihoko Substation 1,35.0,0.798,0.882,0.799,54.1,0,POLE-XHK-01304,-23.77924,30.35718,1600,1991,1,2026-05-11,2025-09-23
T1305,Lenyenye Substation 1 TX-042,F306,Lenyenye,SS-LNY-01,Lenyenye Substation 1,6.0,0.347,0.955,0.668,41.1,0,POLE-LNY-01305,-23.95985,30.26524,1600,2020,0,2026-04-08,2026-06-02
T1306,Modjadjiskloof Substation 2 TX-049,F336,Modjadjiskloof,SS-MDK-02,Modjadjiskloof Substation 2,16.4,0.575,0.77,0.792,55.1,0,POLE-MDK-01306,-23.78647,30.12141,50,2010,1,2026-05-28,2026-02-27
T1307,Ga-Kgapane Substation 3 TX-037,F128,Ga-Kgapane,SS-GKG-03,Ga-Kgapane Substation 3,16.3,0.169,0.551,0.585,50.4,0,POLE-GKG-01307,-23.86853,30.37233,2000,2010,4,2026-06-01,2026-01-01
T1308,Ga-Kgapane Substation 1 TX-049,F119,Ga-Kgapane,SS-GKG-01,Ga-Kgapane Substation 1,15.2,0.511,0.466,0.507,60.7,1,POLE-GKG-01308,-23.839,30.29848,200,2011,3,2026-01-20,2024-11-20
T1309,Haenertsburg Substation 2 TX-058,F208,Haenertsburg,SS-HBG-02,Haenertsburg Substation 2,16.5,0.595,0.157,0.254,72.2,1,POLE-HBG-01309,-23.98096,29.92584,100,2010,2,2026-02-02,2024-06-16
T1310,Lenyenye Substation 2 TX-041,F427,Lenyenye,SS-LNY-02,Lenyenye Substation 2,6.0,0.693,0.464,0.55,57.8,0,POLE-LNY-01310,-23.9437,30.26285,200,2020,2,2025-09-27,2026-04-30
T1311,Lenyenye Substation 3 TX-040,F263,Lenyenye,SS-LNY-03,Lenyenye Substation 3,8.6,0.643,0.861,0.674,42.7,0,POLE-LNY-01311,-23.95013,30.30562,50,2017,1,2026-01-24,2026-03-13
T1312,Lenyenye Substation 2 TX-042,F175,Lenyenye,SS-LNY-02,Lenyenye Substation 2,0.8,0.654,0.497,0.698,49.3,0,POLE-LNY-01312,-23.93347,30.26558,100,2025,1,2026-04-28,2025-09-27
T1313,Modjadjiskloof Substation 3 TX-055,F390,Modjadjiskloof,SS-MDK-03,Modjadjiskloof Substation 3,28.1,0.385,0.724,0.663,65.5,0,POLE-MDK-01313,-23.71535,30.12259,200,1998,0,2026-05-02,2025-12-31
T1314,Lenyenye Substation 2 TX-043,F427,Lenyenye,SS-LNY-02,Lenyenye Substation 2,16.4,0.423,0.553,0.552,55.8,0,POLE-LNY-01314,-23.93088,30.24855,50,2010,2,2025-11-17,2026-01-05
T1315,Xihoko Substation 3 TX-057,F452,Xihoko,SS-XHK-03,Xihoko Substation 3,6.7,0.568,0.795,0.684,51.2,0,POLE-XHK-01315,-23.71602,30.36949,100,2019,1,2026-02-20,2026-02-16
T1316,Politsi Substation 3 TX-047,F150,Politsi,SS-PLT-03,Politsi Substation 3,5.8,0.518,0.4,0.492,49.6,0,POLE-PLT-01316,-23.82689,30.0784,200,2020,0,2026-01-30,2025-08-12
T1317,Politsi Substation 1 TX-053,F355,Politsi,SS-PLT-01,Politsi Substation 1,23.2,0.961,0.741,0.65,74.1,0,POLE-PLT-01317,-23.79898,30.07796,1000,2003,1,2026-01-18,2025-09-30
T1318,Haenertsburg Substation 2 TX-059,F296,Haenertsburg,SS-HBG-02,Haenertsburg Substation 2,6.4,0.73,0.803,0.666,52.1,0,POLE-HBG-01318,-23.98078,29.93694,100,2020,1,2026-07-08,2026-02-27
T1319,Xihoko Substation 3 TX-058,F225,Xihoko,SS-XHK-03,Xihoko Substation 3,6.7,0.395,0.43,0.603,50.8,0,POLE-XHK-01319,-23.71422,30.37268,2000,2019,1,2026-02-05,2026-01-29
T1320,Ga-Kgapane Substation 3 TX-038,F199,Ga-Kgapane,SS-GKG-03,Ga-Kgapane Substation 3,4.8,0.695,0.427,0.539,56.6,0,POLE-GKG-01320,-23.87311,30.37434,2000,2021,0,2026-06-02,2025-11-23
T1321,Lenyenye Substation 1 TX-043,F058,Lenyenye,SS-LNY-01,Lenyenye Substation 1,18.5,0.168,0.728,0.561,51.0,0,POLE-LNY-01321,-23.96919,30.2771,315,2007,1,2026-02-16,2025-10-19
T1322,Tzaneen Substation 1 TX-042,F138,Tzaneen,SS-TZN-01,Tzaneen Substation 1,21.7,0.58,0.873,0.85,58.9,0,POLE-TZN-01322,-23.82814,30.16502,50,2004,1,2026-04-14,2026-07-15
T1323,Tzaneen Substation 3 TX-053,F275,Tzaneen,SS-TZN-03,Tzaneen Substation 3,9.5,0.327,0.506,0.611,48.9,0,POLE-TZN-01323,-23.8321,30.18954,200,2016,2,2025-12-03,2026-03-16
T1324,Haenertsburg Substation 1 TX-055,F444,Haenertsburg,SS-HBG-01,Haenertsburg Substation 1,21.8,0.6,0.795,0.592,68.0,0,POLE-HBG-01324,-23.94727,29.96558,100,2004,0,2026-01-04,2026-02-23
T1325,Politsi Substation 1 TX-054,F434,Politsi,SS-PLT-01,Politsi Substation 1,14.3,0.574,0.652,0.622,59.4,0,POLE-PLT-01325,-23.79285,30.04664,50,2012,2,2026-06-28,2025-12-21
T1326,Lenyenye Substation 3 TX-041,F094,Lenyenye,SS-LNY-03,Lenyenye Substation 3,4.6,0.773,0.434,0.561,60.9,0,POLE-LNY-01326,-23.95074,30.30281,1600,2021,0,2026-02-04,2025-09-07
T1327,Nkowankowa Substation 3 TX-035,F340,Nkowankowa,SS-NKW-03,Nkowankowa Substation 3,26.8,0.632,0.974,0.892,56.1,0,POLE-NKW-01327,-23.92042,30.25846,50,1999,2,2026-06-19,2026-04-18
T1328,Nkowankowa Substation 1 TX-050,F043,Nkowankowa,SS-NKW-01,Nkowankowa Substation 1,4.8,0.143,0.614,0.46,39.6,0,POLE-NKW-01328,-23.9055,30.2461,1000,2021,2,2026-02-07,2025-11-27
T1329,Tzaneen Substation 1 TX-043,F338,Tzaneen,SS-TZN-01,Tzaneen Substation 1,10.0,0.287,0.92,0.786,44.5,0,POLE-TZN-01329,-23.82079,30.17566,1000,2016,0,2026-06-17,2026-06-28
T1330,Bolobedu Substation 3 TX-044,F171,Bolobedu,SS-BLB-03,Bolobedu Substation 3,9.6,0.518,0.921,0.814,52.2,0,POLE-BLB-01330,-23.98037,30.45221,500,2016,1,2026-06-14,2025-03-13
T1331,Xihoko Substation 3 TX-059,F225,Xihoko,SS-XHK-03,Xihoko Substation 3,8.4,0.683,0.825,0.848,53.4,0,POLE-XHK-01331,-23.721,30.38415,200,2018,0,2026-04-29,2026-06-03
T1332,Xihoko Substation 3 TX-060,F359,Xihoko,SS-XHK-03,Xihoko Substation 3,1.9,0.429,0.841,0.803,38.4,0,POLE-XHK-01332,-23.71688,30.37358,315,2024,1,2026-07-05,2024-10-02
T1333,Politsi Substation 3 TX-048,F213,Politsi,SS-PLT-03,Politsi Substation 3,35.0,0.523,0.334,0.501,73.4,1,POLE-PLT-01333,-23.83076,30.07939,200,1991,6,2026-05-28,2025-09-06
T1334,Lenyenye Substation 2 TX-044,F404,Lenyenye,SS-LNY-02,Lenyenye Substation 2,2.2,0.476,0.486,0.537,45.0,0,POLE-LNY-01334,-23.94415,30.25404,315,2024,0,2026-02-01,2025-03-25
T1335,Politsi Substation 2 TX-056,F267,Politsi,SS-PLT-02,Politsi Substation 2,27.9,0.502,0.232,0.24,72.8,1,POLE-PLT-01335,-23.84479,30.02819,200,1998,3,2025-06-14,2025-09-02
T1336,Modjadjiskloof Substation 1 TX-061,F500,Modjadjiskloof,SS-MDK-01,Modjadjiskloof Substation 1,5.6,0.575,0.516,0.551,53.6,0,POLE-MDK-01336,-23.71326,30.11345,2000,2020,1,2026-07-12,2025-08-27
T1337,Ga-Kgapane Substation 3 TX-039,F320,Ga-Kgapane,SS-GKG-03,Ga-Kgapane Substation 3,7.2,0.123,0.574,0.663,40.0,0,POLE-GKG-01337,-23.85961,30.38164,2000,2019,1,2026-05-28,2025-10-04
T1338,Tzaneen Substation 1 TX-044,F149,Tzaneen,SS-TZN-01,Tzaneen Substation 1,26.1,0.798,0.83,0.702,63.9,0,POLE-TZN-01338,-23.82328,30.16403,1600,2000,3,2026-04-14,2025-05-12
T1339,Bolobedu Substation 3 TX-045,F388,Bolobedu,SS-BLB-03,Bolobedu Substation 3,15.4,0.34,0.735,0.698,50.8,0,POLE-BLB-01339,-23.98158,30.44806,1600,2011,0,2026-07-11,2025-09-16
T1340,Haenertsburg Substation 3 TX-042,F204,Haenertsburg,SS-HBG-03,Haenertsburg Substation 3,3.5,0.481,0.878,0.853,43.7,0,POLE-HBG-01340,-24.01087,29.92796,200,2023,0,2026-05-29,2026-06-09
T1341,Bolobedu Substation 1 TX-051,F268,Bolobedu,SS-BLB-01,Bolobedu Substation 1,3.4,0.807,0.477,0.5,51.6,0,POLE-BLB-01341,-23.95733,30.35984,1600,2023,1,2026-03-07,2026-06-04
T1342,Modjadjiskloof Substation 1 TX-062,F069,Modjadjiskloof,SS-MDK-01,Modjadjiskloof Substation 1,13.9,0.306,0.541,0.572,53.8,0,POLE-MDK-01342,-23.71823,30.12255,500,2012,0,2026-04-10,2026-04-13
T1343,Lenyenye Substation 2 TX-045,F060,Lenyenye,SS-LNY-02,Lenyenye Substation 2,4.7,0.268,0.384,0.31,54.9,0,POLE-LNY-01343,-23.93948,30.26471,100,2021,1,2026-05-02,2025-09-16
T1344,Bolobedu Substation 3 TX-046,F288,Bolobedu,SS-BLB-03,Bolobedu Substation 3,15.9,0.68,0.395,0.627,63.5,1,POLE-BLB-01344,-24.0014,30.44935,1000,2010,0,2026-06-25,2025-03-21
T1345,Lenyenye Substation 3 TX-042,F094,Lenyenye,SS-LNY-03,Lenyenye Substation 3,16.9,0.386,0.642,0.438,58.3,1,POLE-LNY-01345,-23.96077,30.30754,2000,2009,1,2025-06-12,2026-02-12
T1346,Bolobedu Substation 2 TX-048,F499,Bolobedu,SS-BLB-02,Bolobedu Substation 2,6.1,0.574,0.79,0.681,47.8,0,POLE-BLB-01346,-23.94014,30.36893,1600,2020,0,2026-06-13,2026-05-28
T1347,Haenertsburg Substation 2 TX-060,F428,Haenertsburg,SS-HBG-02,Haenertsburg Substation 2,7.5,0.443,0.65,0.446,52.9,0,POLE-HBG-01347,-23.96965,29.92546,50,2018,0,2026-02-05,2026-04-07
T1348,Politsi Substation 2 TX-057,F351,Politsi,SS-PLT-02,Politsi Substation 2,14.2,0.766,0.522,0.592,60.1,0,POLE-PLT-01348,-23.8433,30.03269,100,2012,1,2026-02-04,2024-03-03
T1349,Ga-Kgapane Substation 3 TX-040,F368,Ga-Kgapane,SS-GKG-03,Ga-Kgapane Substation 3,5.9,0.274,0.625,0.731,43.0,0,POLE-GKG-01349,-23.87639,30.3767,100,2020,1,2026-05-06,2025-06-07
T1350,Nkowankowa Substation 1 TX-051,F298,Nkowankowa,SS-NKW-01,Nkowankowa Substation 1,11.9,0.712,0.665,0.71,60.7,0,POLE-NKW-01350,-23.89587,30.24446,2000,2014,1,2026-05-22,2026-05-04
T1351,Lenyenye Substation 3 TX-043,F031,Lenyenye,SS-LNY-03,Lenyenye Substation 3,35.0,0.644,0.512,0.574,70.3,1,POLE-LNY-01351,-23.95268,30.30781,500,1991,2,2026-06-26,2026-01-14
T1352,Bolobedu Substation 2 TX-049,F197,Bolobedu,SS-BLB-02,Bolobedu Substation 2,14.7,0.457,0.39,0.579,45.2,0,POLE-BLB-01352,-23.95478,30.36383,1600,2011,1,2025-11-23,2025-10-30
T1353,Politsi Substation 2 TX-058,F248,Politsi,SS-PLT-02,Politsi Substation 2,8.4,0.125,0.159,0.407,50.5,0,POLE-PLT-01353,-23.84219,30.02203,100,2018,3,2025-09-19,2025-06-07
T1354,Nkowankowa Substation 3 TX-036,F458,Nkowankowa,SS-NKW-03,Nkowankowa Substation 3,35.0,0.308,0.433,0.452,67.6,1,POLE-NKW-01354,-23.928,30.25872,500,1991,5,2026-04-15,2022-07-07
T1355,Ga-Kgapane Substation 1 TX-050,F110,Ga-Kgapane,SS-GKG-01,Ga-Kgapane Substation 1,19.4,0.162,0.818,0.885,46.0,0,POLE-GKG-01355,-23.83109,30.29867,315,2007,1,2026-06-12,2026-02-04
T1356,Haenertsburg Substation 2 TX-061,F249,Haenertsburg,SS-HBG-02,Haenertsburg Substation 2,4.8,0.674,0.45,0.546,48.0,0,POLE-HBG-01356,-23.97826,29.93844,500,2021,1,2026-06-08,2026-03-19
T1357,Lenyenye Substation 2 TX-046,F173,Lenyenye,SS-LNY-02,Lenyenye Substation 2,5.6,0.659,0.552,0.529,50.2,0,POLE-LNY-01357,-23.94764,30.26343,1000,2020,1,2026-04-20,2024-08-23
T1358,Nkowankowa Substation 3 TX-037,F068,Nkowankowa,SS-NKW-03,Nkowankowa Substation 3,2.4,0.913,0.433,0.543,54.2,0,POLE-NKW-01358,-23.92476,30.27579,500,2024,1,2026-05-30,2023-11-05
T1359,Xihoko Substation 1 TX-064,F052,Xihoko,SS-XHK-01,Xihoko Substation 1,14.0,0.616,0.499,0.487,56.3,0,POLE-XHK-01359,-23.77136,30.37118,50,2012,0,2026-03-22,2025-11-25
T1360,Modjadjiskloof Substation 1 TX-063,F183,Modjadjiskloof,SS-MDK-01,Modjadjiskloof Substation 1,1.5,0.269,0.706,0.656,38.6,0,POLE-MDK-01360,-23.71851,30.11797,1600,2024,0,2026-04-04,2025-08-18
T1361,Politsi Substation 2 TX-059,F042,Politsi,SS-PLT-02,Politsi Substation 2,35.0,0.65,0.308,0.565,65.2,1,POLE-PLT-01361,-23.84317,30.02284,2000,1991,1,2026-02-09,2025-11-21
T1362,Tzaneen Substation 3 TX-054,F034,Tzaneen,SS-TZN-03,Tzaneen Substation 3,9.2,0.564,0.514,0.471,66.2,0,POLE-TZN-01362,-23.83588,30.20052,500,2017,0,2026-06-09,2025-06-04
T1363,Xihoko Substation 2 TX-049,F176,Xihoko,SS-XHK-02,Xihoko Substation 2,20.2,0.616,0.438,0.461,70.9,0,POLE-XHK-01363,-23.79633,30.30605,100,2006,4,2026-06-01,2025-03-08
T1364,Ga-Kgapane Substation 3 TX-041,F101,Ga-Kgapane,SS-GKG-03,Ga-Kgapane Substation 3,8.6,0.538,0.615,0.751,50.9,0,POLE-GKG-01364,-23.85871,30.37826,1600,2017,1,2026-05-03,2025-11-04
T1365,Modjadjiskloof Substation 1 TX-064,F278,Modjadjiskloof,SS-MDK-01,Modjadjiskloof Substation 1,13.8,0.771,0.578,0.462,62.8,1,POLE-MDK-01365,-23.72091,30.1222,800,2012,0,2026-01-05,2024-09-10
T1366,Modjadjiskloof Substation 1 TX-065,F009,Modjadjiskloof,SS-MDK-01,Modjadjiskloof Substation 1,10.1,0.368,0.74,0.672,57.2,0,POLE-MDK-01366,-23.71206,30.11872,1600,2016,2,2026-04-08,2025-10-14
T1367,Tzaneen Substation 2 TX-062,F151,Tzaneen,SS-TZN-02,Tzaneen Substation 2,11.6,0.625,0.766,0.595,64.1,0,POLE-TZN-01367,-23.80505,30.17912,800,2014,0,2026-06-24,2026-03-30
T1368,Bolobedu Substation 2 TX-050,F227,Bolobedu,SS-BLB-02,Bolobedu Substation 2,24.3,0.43,0.922,0.872,50.7,0,POLE-BLB-01368,-23.96421,30.37077,1000,2002,1,2026-04-30,2025-06-12
T1369,Politsi Substation 2 TX-060,F482,Politsi,SS-PLT-02,Politsi Substation 2,32.0,0.475,0.526,0.491,68.1,0,POLE-PLT-01369,-23.83158,30.01946,1600,1994,1,2026-01-27,2024-10-01
T1370,Tzaneen Substation 3 TX-055,F318,Tzaneen,SS-TZN-03,Tzaneen Substation 3,30.5,0.471,0.708,0.532,64.2,0,POLE-TZN-01370,-23.83307,30.18886,50,1996,0,2026-01-11,2026-07-03
T1371,Politsi Substation 3 TX-049,F441,Politsi,SS-PLT-03,Politsi Substation 3,35.0,0.538,0.432,0.468,69.1,1,POLE-PLT-01371,-23.83224,30.06317,200,1991,4,2026-05-09,2023-06-18
T1372,Xihoko Substation 2 TX-050,F172,Xihoko,SS-XHK-02,Xihoko Substation 2,6.4,0.58,0.541,0.452,53.7,0,POLE-XHK-01372,-23.7933,30.30024,500,2020,0,2026-04-05,2026-03-24
T1373,Xihoko Substation 3 TX-061,F225,Xihoko,SS-XHK-03,Xihoko Substation 3,14.8,0.63,0.404,0.415,60.8,0,POLE-XHK-01373,-23.72071,30.36635,1000,2011,1,2026-06-01,2025-11-07
T1374,Bolobedu Substation 3 TX-047,F211,Bolobedu,SS-BLB-03,Bolobedu Substation 3,6.6,0.529,0.752,0.56,52.6,0,POLE-BLB-01374,-23.98636,30.44966,200,2019,2,2026-06-28,2026-01-15
T1375,Haenertsburg Substation 1 TX-056,F444,Haenertsburg,SS-HBG-01,Haenertsburg Substation 1,23.7,0.543,0.892,0.733,60.0,0,POLE-HBG-01375,-23.94982,29.96286,500,2002,2,2026-03-13,2026-04-03
T1376,Xihoko Substation 1 TX-065,F480,Xihoko,SS-XHK-01,Xihoko Substation 1,5.0,0.538,0.688,0.481,59.4,0,POLE-XHK-01376,-23.78424,30.3711,50,2021,1,2026-06-13,2025-07-19
T1377,Politsi Substation 2 TX-061,F482,Politsi,SS-PLT-02,Politsi Substation 2,24.6,0.275,0.674,0.711,50.0,0,POLE-PLT-01377,-23.82815,30.01809,800,2001,4,2026-04-22,2026-05-19
T1378,Nkowankowa Substation 3 TX-038,F376,Nkowankowa,SS-NKW-03,Nkowankowa Substation 3,13.0,0.43,0.171,0.32,62.3,1,POLE-NKW-01378,-23.91986,30.25732,800,2013,2,2025-12-24,2025-08-04
T1379,Tzaneen Substation 1 TX-045,F252,Tzaneen,SS-TZN-01,Tzaneen Substation 1,10.6,0.579,0.794,0.821,44.9,0,POLE-TZN-01379,-23.82323,30.15826,500,2015,2,2026-04-26,2025-07-29
T1380,Haenertsburg Substation 2 TX-062,F271,Haenertsburg,SS-HBG-02,Haenertsburg Substation 2,11.5,0.89,0.39,0.604,62.8,1,POLE-HBG-01380,-23.98323,29.93824,500,2015,1,2026-06-27,2025-11-20
T1381,Modjadjiskloof Substation 3 TX-056,F491,Modjadjiskloof,SS-MDK-03,Modjadjiskloof Substation 3,4.3,0.285,0.921,0.893,44.0,0,POLE-MDK-01381,-23.70669,30.13424,2000,2022,0,2026-05-29,2025-04-17
T1382,Politsi Substation 2 TX-062,F143,Politsi,SS-PLT-02,Politsi Substation 2,4.6,0.558,0.486,0.607,53.0,0,POLE-PLT-01382,-23.83355,30.0229,50,2021,2,2026-01-23,2026-05-12
T1383,Lenyenye Substation 3 TX-044,F174,Lenyenye,SS-LNY-03,Lenyenye Substation 3,13.1,0.769,0.644,0.63,57.9,0,POLE-LNY-01383,-23.95422,30.29709,1000,2013,2,2026-05-03,2026-02-01
T1384,Ga-Kgapane Substation 1 TX-051,F449,Ga-Kgapane,SS-GKG-01,Ga-Kgapane Substation 1,13.1,0.402,0.738,0.681,51.8,0,POLE-GKG-01384,-23.83132,30.30908,800,2013,2,2026-05-09,2026-04-08
T1385,Tzaneen Substation 1 TX-046,F194,Tzaneen,SS-TZN-01,Tzaneen Substation 1,6.8,0.406,0.797,0.745,53.9,0,POLE-TZN-01385,-23.82772,30.16344,500,2019,1,2026-03-02,2025-07-19
T1386,Bolobedu Substation 2 TX-051,F118,Bolobedu,SS-BLB-02,Bolobedu Substation 2,9.1,0.678,0.86,0.857,48.0,0,POLE-BLB-01386,-23.94938,30.36978,100,2017,1,2026-04-04,2026-01-14
T1387,Ga-Kgapane Substation 2 TX-038,F281,Ga-Kgapane,SS-GKG-02,Ga-Kgapane Substation 2,15.6,0.665,0.512,0.654,61.1,1,POLE-GKG-01387,-23.85295,30.35447,2000,2010,2,2026-05-14,2026-01-27
T1388,Ga-Kgapane Substation 2 TX-039,F163,Ga-Kgapane,SS-GKG-02,Ga-Kgapane Substation 2,5.9,0.913,0.628,0.713,61.6,0,POLE-GKG-01388,-23.84948,30.34938,2000,2020,1,2025-11-18,2025-05-31
T1389,Lenyenye Substation 3 TX-045,F446,Lenyenye,SS-LNY-03,Lenyenye Substation 3,2.1,0.577,0.535,0.599,47.3,0,POLE-LNY-01389,-23.94753,30.29858,315,2024,1,2026-06-03,2024-06-13
T1390,Haenertsburg Substation 2 TX-063,F455,Haenertsburg,SS-HBG-02,Haenertsburg Substation 2,28.7,0.65,0.331,0.546,76.4,1,POLE-HBG-01390,-23.98006,29.93162,1000,1997,4,2026-05-05,2025-07-10
T1391,Xihoko Substation 3 TX-062,F154,Xihoko,SS-XHK-03,Xihoko Substation 3,13.8,0.449,0.835,0.878,58.7,0,POLE-XHK-01391,-23.71867,30.36986,50,2012,0,2026-05-11,2025-07-09
T1392,Lenyenye Substation 1 TX-044,F265,Lenyenye,SS-LNY-01,Lenyenye Substation 1,7.8,0.564,0.947,0.869,52.9,0,POLE-LNY-01392,-23.96142,30.25892,50,2018,1,2026-04-22,2026-07-16
T1393,Ga-Kgapane Substation 3 TX-042,F492,Ga-Kgapane,SS-GKG-03,Ga-Kgapane Substation 3,6.5,0.175,0.851,0.675,47.1,0,POLE-GKG-01393,-23.8647,30.37395,2000,2019,1,2026-02-04,2025-08-16
T1394,Nkowankowa Substation 3 TX-039,F372,Nkowankowa,SS-NKW-03,Nkowankowa Substation 3,5.8,0.744,0.751,0.632,45.9,0,POLE-NKW-01394,-23.92379,30.26648,1600,2020,0,2026-06-01,2023-07-01
T1395,Politsi Substation 1 TX-055,F108,Politsi,SS-PLT-01,Politsi Substation 1,23.6,0.475,0.293,0.378,57.2,1,POLE-PLT-01395,-23.7988,30.06181,50,2002,2,2026-03-10,2025-04-29
T1396,Haenertsburg Substation 2 TX-064,F296,Haenertsburg,SS-HBG-02,Haenertsburg Substation 2,3.7,0.804,0.328,0.431,57.7,1,POLE-HBG-01396,-23.98152,29.93507,50,2022,0,2025-08-31,2025-05-06
T1397,Politsi Substation 3 TX-050,F310,Politsi,SS-PLT-03,Politsi Substation 3,14.8,0.417,0.686,0.64,49.2,0,POLE-PLT-01397,-23.83095,30.06606,100,2011,2,2026-02-01,2025-09-12
T1398,Modjadjiskloof Substation 3 TX-057,F327,Modjadjiskloof,SS-MDK-03,Modjadjiskloof Substation 3,14.7,0.425,0.854,0.71,54.5,0,POLE-MDK-01398,-23.7103,30.13199,50,2011,0,2026-04-20,2026-01-06
T1399,Lenyenye Substation 1 TX-045,F013,Lenyenye,SS-LNY-01,Lenyenye Substation 1,18.7,0.74,0.565,0.592,48.6,0,POLE-LNY-01399,-23.95831,30.26991,315,2007,4,2026-03-29,2026-01-08
T1400,Politsi Substation 3 TX-051,F150,Politsi,SS-PLT-03,Politsi Substation 3,8.4,0.665,0.898,0.845,53.5,0,POLE-PLT-01400,-23.8213,30.07118,315,2018,1,2026-07-14,2026-01-24
T1401,Haenertsburg Substation 2 TX-065,F428,Haenertsburg,SS-HBG-02,Haenertsburg Substation 2,27.2,0.829,0.315,0.443,71.7,1,POLE-HBG-01401,-23.9756,29.929,800,1999,2,2026-01-17,2025-06-10
T1402,Bolobedu Substation 1 TX-052,F121,Bolobedu,SS-BLB-01,Bolobedu Substation 1,19.1,0.509,0.446,0.586,55.4,0,POLE-BLB-01402,-23.96799,30.35195,100,2007,1,2026-05-05,2026-04-11
T1403,Politsi Substation 3 TX-052,F150,Politsi,SS-PLT-03,Politsi Substation 3,8.2,0.77,0.737,0.721,64.4,0,POLE-PLT-01403,-23.83323,30.05939,1600,2018,2,2026-01-28,2025-12-26
T1404,Haenertsburg Substation 1 TX-057,F162,Haenertsburg,SS-HBG-01,Haenertsburg Substation 1,6.3,0.449,0.472,0.653,46.4,0,POLE-HBG-01404,-23.9411,29.95869,1600,2020,3,2026-03-22,2025-03-18
T1405,Lenyenye Substation 1 TX-046,F089,Lenyenye,SS-LNY-01,Lenyenye Substation 1,10.2,0.906,0.312,0.327,58.1,1,POLE-LNY-01405,-23.95692,30.28141,1000,2016,1,2026-06-18,2025-09-16
T1406,Bolobedu Substation 2 TX-052,F078,Bolobedu,SS-BLB-02,Bolobedu Substation 2,8.0,0.805,0.862,0.66,58.9,0,POLE-BLB-01406,-23.94423,30.37563,2000,2018,3,2026-06-28,2026-01-26
T1407,Lenyenye Substation 3 TX-046,F174,Lenyenye,SS-LNY-03,Lenyenye Substation 3,5.5,0.511,0.158,0.253,57.9,1,POLE-LNY-01407,-23.95221,30.29344,100,2021,2,2025-02-21,2025-04-05
T1408,Xihoko Substation 1 TX-066,F438,Xihoko,SS-XHK-01,Xihoko Substation 1,11.8,0.589,0.746,0.589,54.6,0,POLE-XHK-01408,-23.78242,30.37096,1600,2014,1,2026-03-18,2026-06-04
T1409,Modjadjiskloof Substation 2 TX-050,F001,Modjadjiskloof,SS-MDK-02,Modjadjiskloof Substation 2,9.2,0.468,0.657,0.652,61.8,1,POLE-MDK-01409,-23.77576,30.13136,315,2017,0,2026-05-27,2025-12-25
T1410,Tzaneen Substation 2 TX-063,F142,Tzaneen,SS-TZN-02,Tzaneen Substation 2,31.3,0.309,0.785,0.662,60.7,0,POLE-TZN-01410,-23.81487,30.20338,315,1995,1,2026-04-24,2026-04-27
T1411,Lenyenye Substation 3 TX-047,F031,Lenyenye,SS-LNY-03,Lenyenye Substation 3,7.9,0.698,0.932,0.713,58.4,0,POLE-LNY-01411,-23.95338,30.2985,1000,2018,3,2026-06-01,2025-11-03
T1412,Ga-Kgapane Substation 2 TX-040,F281,Ga-Kgapane,SS-GKG-02,Ga-Kgapane Substation 2,6.3,0.455,0.722,0.696,48.8,0,POLE-GKG-01412,-23.83397,30.3672,200,2020,3,2026-01-26,2026-02-24
T1413,Bolobedu Substation 1 TX-053,F126,Bolobedu,SS-BLB-01,Bolobedu Substation 1,11.3,0.611,0.91,0.807,58.0,0,POLE-BLB-01413,-23.96465,30.35422,50,2015,1,2026-04-04,2025-10-15
T1414,Bolobedu Substation 2 TX-053,F396,Bolobedu,SS-BLB-02,Bolobedu Substation 2,13.5,0.384,0.501,0.45,52.8,0,POLE-BLB-01414,-23.95055,30.36528,315,2013,1,2025-02-18,2025-11-04
T1415,Politsi Substation 3 TX-053,F293,Politsi,SS-PLT-03,Politsi Substation 3,14.2,0.218,0.61,0.702,41.3,0,POLE-PLT-01415,-23.83043,30.06094,1600,2012,3,2026-03-22,2025-08-05
T1416,Ga-Kgapane Substation 1 TX-052,F392,Ga-Kgapane,SS-GKG-01,Ga-Kgapane Substation 1,14.1,0.625,0.784,0.565,61.9,0,POLE-GKG-01416,-23.8299,30.30005,50,2012,0,2026-06-29,2025-10-13
T1417,Tzaneen Substation 3 TX-056,F318,Tzaneen,SS-TZN-03,Tzaneen Substation 3,11.6,0.534,0.502,0.476,57.6,0,POLE-TZN-01417,-23.83909,30.19227,1600,2014,4,2026-07-12,2026-04-16
T1418,Xihoko Substation 1 TX-067,F220,Xihoko,SS-XHK-01,Xihoko Substation 1,11.0,0.53,0.737,0.767,54.4,1,POLE-XHK-01418,-23.77681,30.36237,2000,2015,1,2026-07-23,2026-05-06
T1419,Xihoko Substation 1 TX-068,F431,Xihoko,SS-XHK-01,Xihoko Substation 1,17.0,0.742,0.566,0.648,57.8,0,POLE-XHK-01419,-23.78326,30.37296,500,2009,1,2026-01-07,2026-05-21
T1420,Tzaneen Substation 1 TX-047,F239,Tzaneen,SS-TZN-01,Tzaneen Substation 1,5.1,0.678,0.589,0.566,56.2,0,POLE-TZN-01420,-23.82959,30.16911,200,2021,1,2026-04-06,2025-08-26
T1421,Lenyenye Substation 3 TX-048,F475,Lenyenye,SS-LNY-03,Lenyenye Substation 3,6.3,0.197,0.709,0.516,36.9,0,POLE-LNY-01421,-23.96225,30.30328,1600,2020,1,2026-05-12,2026-01-04
T1422,Modjadjiskloof Substation 1 TX-066,F498,Modjadjiskloof,SS-MDK-01,Modjadjiskloof Substation 1,2.9,0.306,0.916,0.71,39.3,0,POLE-MDK-01422,-23.71003,30.11624,200,2023,1,2026-06-28,2026-02-03
T1423,Nkowankowa Substation 3 TX-040,F295,Nkowankowa,SS-NKW-03,Nkowankowa Substation 3,5.2,0.353,0.456,0.572,43.0,0,POLE-NKW-01423,-23.91621,30.26743,100,2021,2,2026-04-08,2025-03-21
T1424,Tzaneen Substation 1 TX-048,F338,Tzaneen,SS-TZN-01,Tzaneen Substation 1,22.1,0.196,0.771,0.687,53.7,0,POLE-TZN-01424,-23.83365,30.177,1000,2004,1,2026-03-12,2025-03-23
T1425,Ga-Kgapane Substation 3 TX-043,F128,Ga-Kgapane,SS-GKG-03,Ga-Kgapane Substation 3,16.5,0.456,0.486,0.652,51.8,0,POLE-GKG-01425,-23.87197,30.37379,200,2009,2,2026-04-20,2025-11-03
T1426,Nkowankowa Substation 1 TX-052,F408,Nkowankowa,SS-NKW-01,Nkowankowa Substation 1,34.0,0.722,0.447,0.454,67.3,1,POLE-NKW-01426,-23.90756,30.23223,800,1992,2,2025-11-17,2026-04-14
T1427,Modjadjiskloof Substation 2 TX-051,F336,Modjadjiskloof,SS-MDK-02,Modjadjiskloof Substation 2,29.0,0.474,0.42,0.391,63.9,0,POLE-MDK-01427,-23.77481,30.12646,200,1997,3,2025-07-30,2025-08-14
T1428,Xihoko Substation 3 TX-063,F452,Xihoko,SS-XHK-03,Xihoko Substation 3,16.6,0.393,0.614,0.552,57.7,0,POLE-XHK-01428,-23.71999,30.36747,2000,2009,0,2026-04-03,2024-11-19
T1429,Xihoko Substation 3 TX-064,F134,Xihoko,SS-XHK-03,Xihoko Substation 3,12.5,0.453,0.738,0.684,51.8,0,POLE-XHK-01429,-23.7247,30.36121,100,2014,4,2026-05-19,2026-03-26
T1430,Politsi Substation 2 TX-063,F394,Politsi,SS-PLT-02,Politsi Substation 2,11.4,0.59,0.918,0.844,46.9,0,POLE-PLT-01430,-23.83527,30.02937,2000,2015,1,2026-06-07,2025-07-27
T1431,Bolobedu Substation 2 TX-054,F236,Bolobedu,SS-BLB-02,Bolobedu Substation 2,1.4,0.807,0.26,0.349,62.5,0,POLE-BLB-01431,-23.94285,30.36233,1000,2025,0,2026-02-25,2024-09-06
T1432,Ga-Kgapane Substation 3 TX-044,F093,Ga-Kgapane,SS-GKG-03,Ga-Kgapane Substation 3,10.5,0.508,0.366,0.429,63.6,0,POLE-GKG-01432,-23.86084,30.3708,315,2015,1,2026-03-05,2024-08-08
T1433,Nkowankowa Substation 3 TX-041,F086,Nkowankowa,SS-NKW-03,Nkowankowa Substation 3,7.2,0.612,0.495,0.613,57.3,0,POLE-NKW-01433,-23.93139,30.27223,1000,2019,2,2026-03-06,2025-09-30
T1434,Nkowankowa Substation 1 TX-053,F282,Nkowankowa,SS-NKW-01,Nkowankowa Substation 1,5.4,0.794,0.618,0.608,44.2,0,POLE-NKW-01434,-23.91,30.25119,2000,2021,1,2026-07-07,2025-08-05
T1435,Modjadjiskloof Substation 1 TX-067,F160,Modjadjiskloof,SS-MDK-01,Modjadjiskloof Substation 1,14.9,0.49,0.593,0.647,55.2,0,POLE-MDK-01435,-23.72111,30.13691,800,2011,0,2026-03-23,2026-03-11
T1436,Haenertsburg Substation 3 TX-043,F051,Haenertsburg,SS-HBG-03,Haenertsburg Substation 3,9.6,0.884,0.653,0.545,60.7,0,POLE-HBG-01436,-24.00526,29.9199,2000,2016,0,2026-04-02,2026-02-07
T1437,Haenertsburg Substation 1 TX-058,F214,Haenertsburg,SS-HBG-01,Haenertsburg Substation 1,11.9,0.484,0.674,0.575,43.3,0,POLE-HBG-01437,-23.93883,29.96105,2000,2014,5,2026-02-28,2025-12-05
T1438,Modjadjiskloof Substation 3 TX-058,F327,Modjadjiskloof,SS-MDK-03,Modjadjiskloof Substation 3,4.7,0.257,0.66,0.695,35.5,0,POLE-MDK-01438,-23.71313,30.1127,1600,2021,1,2026-02-08,2026-07-06
T1439,Modjadjiskloof Substation 1 TX-068,F160,Modjadjiskloof,SS-MDK-01,Modjadjiskloof Substation 1,19.6,0.564,0.44,0.435,66.4,1,POLE-MDK-01439,-23.71708,30.12182,2000,2006,2,2025-11-03,2026-05-02
T1440,Lenyenye Substation 2 TX-047,F478,Lenyenye,SS-LNY-02,Lenyenye Substation 2,7.9,0.341,0.211,0.472,50.7,1,POLE-LNY-01440,-23.95001,30.26264,2000,2018,0,2026-01-22,2025-06-18
T1441,Modjadjiskloof Substation 3 TX-059,F390,Modjadjiskloof,SS-MDK-03,Modjadjiskloof Substation 3,14.3,0.314,0.514,0.506,52.8,0,POLE-MDK-01441,-23.71546,30.10826,50,2012,1,2026-01-11,2024-11-13
T1442,Nkowankowa Substation 3 TX-042,F257,Nkowankowa,SS-NKW-03,Nkowankowa Substation 3,8.4,0.683,0.713,0.693,50.4,0,POLE-NKW-01442,-23.91636,30.27048,800,2018,1,2026-03-31,2026-03-01
T1443,Haenertsburg Substation 2 TX-066,F468,Haenertsburg,SS-HBG-02,Haenertsburg Substation 2,1.1,0.519,0.771,0.713,50.7,0,POLE-HBG-01443,-23.96843,29.93208,1000,2025,0,2026-01-22,2026-06-04
T1444,Politsi Substation 1 TX-056,F217,Politsi,SS-PLT-01,Politsi Substation 1,15.3,0.938,0.592,0.538,60.0,1,POLE-PLT-01444,-23.80402,30.06877,100,2011,0,2026-04-18,2025-08-20
T1445,Politsi Substation 2 TX-064,F070,Politsi,SS-PLT-02,Politsi Substation 2,10.1,0.266,0.396,0.602,42.7,0,POLE-PLT-01445,-23.83582,30.01937,800,2016,0,2026-05-08,2026-01-28
T1446,Xihoko Substation 3 TX-065,F018,Xihoko,SS-XHK-03,Xihoko Substation 3,2.7,0.322,0.729,0.646,41.5,0,POLE-XHK-01446,-23.72979,30.38502,1600,2023,0,2026-04-24,2026-01-07
T1447,Haenertsburg Substation 2 TX-067,F470,Haenertsburg,SS-HBG-02,Haenertsburg Substation 2,4.2,0.639,0.192,0.365,48.4,0,POLE-HBG-01447,-23.98098,29.93367,1000,2022,1,2025-07-23,2025-10-28
T1448,Xihoko Substation 1 TX-069,F480,Xihoko,SS-XHK-01,Xihoko Substation 1,20.0,0.268,0.807,0.615,48.4,0,POLE-XHK-01448,-23.77461,30.37122,200,2006,0,2026-06-03,2026-03-09
T1449,Modjadjiskloof Substation 3 TX-060,F370,Modjadjiskloof,SS-MDK-03,Modjadjiskloof Substation 3,2.8,0.585,0.855,0.783,51.8,0,POLE-MDK-01449,-23.70753,30.12939,500,2023,0,2026-01-18,2026-04-30
T1450,Xihoko Substation 1 TX-070,F052,Xihoko,SS-XHK-01,Xihoko Substation 1,7.8,0.305,0.718,0.761,39.5,0,POLE-XHK-01450,-23.78115,30.36914,2000,2018,1,2026-03-28,2024-08-28
T1451,Politsi Substation 1 TX-057,F147,Politsi,SS-PLT-01,Politsi Substation 1,35.0,0.815,0.22,0.312,83.2,1,POLE-PLT-01451,-23.79753,30.05977,200,1991,1,2025-10-31,2024-12-11
T1452,Modjadjiskloof Substation 1 TX-069,F021,Modjadjiskloof,SS-MDK-01,Modjadjiskloof Substation 1,15.6,0.457,0.785,0.794,54.3,1,POLE-MDK-01452,-23.70472,30.12793,500,2010,1,2026-03-30,2025-08-19
T1453,Xihoko Substation 1 TX-071,F026,Xihoko,SS-XHK-01,Xihoko Substation 1,18.2,0.425,0.806,0.733,52.2,0,POLE-XHK-01453,-23.78217,30.36831,1600,2008,1,2026-04-28,2026-07-17
T1454,Nkowankowa Substation 3 TX-043,F124,Nkowankowa,SS-NKW-03,Nkowankowa Substation 3,9.0,0.477,0.668,0.604,43.9,0,POLE-NKW-01454,-23.92386,30.27311,500,2017,1,2026-05-28,2026-04-21
T1455,Politsi Substation 3 TX-054,F287,Politsi,SS-PLT-03,Politsi Substation 3,2.5,0.448,0.663,0.644,46.1,0,POLE-PLT-01455,-23.83259,30.07003,50,2024,0,2025-06-03,2025-07-06
T1456,Lenyenye Substation 2 TX-048,F033,Lenyenye,SS-LNY-02,Lenyenye Substation 2,12.8,0.256,0.273,0.501,39.7,0,POLE-LNY-01456,-23.9457,30.27661,1600,2013,4,2026-06-21,2026-05-22
T1457,Bolobedu Substation 3 TX-048,F493,Bolobedu,SS-BLB-03,Bolobedu Substation 3,4.5,0.401,0.918,0.892,38.8,0,POLE-BLB-01457,-23.98494,30.44891,315,2022,0,2026-03-05,2026-02-02
T1458,Xihoko Substation 3 TX-066,F228,Xihoko,SS-XHK-03,Xihoko Substation 3,4.1,0.208,0.627,0.707,41.5,0,POLE-XHK-01458,-23.71533,30.3685,315,2022,1,2026-07-11,2025-12-11
T1459,Nkowankowa Substation 1 TX-054,F132,Nkowankowa,SS-NKW-01,Nkowankowa Substation 1,11.7,0.286,0.504,0.566,53.5,0,POLE-NKW-01459,-23.90001,30.24473,1600,2014,0,2025-09-13,2026-02-01
T1460,Xihoko Substation 3 TX-067,F259,Xihoko,SS-XHK-03,Xihoko Substation 3,4.8,0.626,0.519,0.488,53.1,0,POLE-XHK-01460,-23.71458,30.36941,50,2021,0,2026-01-28,2025-07-25
T1461,Bolobedu Substation 2 TX-055,F396,Bolobedu,SS-BLB-02,Bolobedu Substation 2,10.8,0.476,0.464,0.483,51.2,0,POLE-BLB-01461,-23.95404,30.36495,1000,2015,2,2026-05-30,2026-02-12
T1462,Bolobedu Substation 1 TX-054,F157,Bolobedu,SS-BLB-01,Bolobedu Substation 1,6.5,0.798,0.688,0.766,50.2,0,POLE-BLB-01462,-23.96367,30.36153,1600,2020,2,2026-06-08,2026-03-27
T1463,Tzaneen Substation 2 TX-064,F024,Tzaneen,SS-TZN-02,Tzaneen Substation 2,10.5,0.268,0.441,0.418,48.4,0,POLE-TZN-01463,-23.79973,30.18653,2000,2015,0,2026-03-22,2026-04-13
T1464,Xihoko Substation 1 TX-072,F026,Xihoko,SS-XHK-01,Xihoko Substation 1,7.4,0.855,0.571,0.698,59.8,0,POLE-XHK-01464,-23.78369,30.37531,200,2019,1,2026-07-11,2025-01-18
T1465,Politsi Substation 2 TX-065,F426,Politsi,SS-PLT-02,Politsi Substation 2,10.8,0.506,0.623,0.645,53.7,0,POLE-PLT-01465,-23.83817,30.03645,50,2015,0,2025-12-21,2026-04-20
T1466,Ga-Kgapane Substation 2 TX-041,F056,Ga-Kgapane,SS-GKG-02,Ga-Kgapane Substation 2,27.5,0.779,0.572,0.475,70.9,1,POLE-GKG-01466,-23.83977,30.35134,1600,1999,1,2026-05-26,2026-01-27
T1467,Tzaneen Substation 3 TX-057,F318,Tzaneen,SS-TZN-03,Tzaneen Substation 3,18.5,0.52,0.67,0.681,59.4,0,POLE-TZN-01467,-23.83677,30.19255,100,2007,1,2026-06-29,2025-12-27
T1468,Ga-Kgapane Substation 1 TX-053,F193,Ga-Kgapane,SS-GKG-01,Ga-Kgapane Substation 1,9.9,0.806,0.895,0.777,55.7,0,POLE-GKG-01468,-23.8458,30.29565,2000,2016,1,2026-03-11,2026-03-01
T1469,Bolobedu Substation 3 TX-049,F389,Bolobedu,SS-BLB-03,Bolobedu Substation 3,24.7,0.715,0.776,0.735,56.7,0,POLE-BLB-01469,-23.99388,30.45601,1000,2001,1,2026-07-19,2025-02-06
T1470,Lenyenye Substation 3 TX-049,F031,Lenyenye,SS-LNY-03,Lenyenye Substation 3,14.5,0.478,0.951,0.849,44.4,0,POLE-LNY-01470,-23.93598,30.29538,315,2012,0,2026-05-25,2025-08-04
T1471,Ga-Kgapane Substation 1 TX-054,F449,Ga-Kgapane,SS-GKG-01,Ga-Kgapane Substation 1,23.6,0.458,0.243,0.514,64.0,0,POLE-GKG-01471,-23.83289,30.30662,315,2002,1,2026-05-30,2025-11-26
T1472,Ga-Kgapane Substation 3 TX-045,F350,Ga-Kgapane,SS-GKG-03,Ga-Kgapane Substation 3,3.1,0.194,0.443,0.605,34.4,0,POLE-GKG-01472,-23.86069,30.37926,1000,2023,0,2026-02-10,2025-12-17
T1473,Xihoko Substation 3 TX-068,F225,Xihoko,SS-XHK-03,Xihoko Substation 3,4.8,0.628,0.657,0.644,49.2,0,POLE-XHK-01473,-23.72486,30.36711,1600,2021,1,2025-12-26,2026-03-29
T1474,Politsi Substation 3 TX-055,F104,Politsi,SS-PLT-03,Politsi Substation 3,12.7,0.397,0.712,0.789,47.5,0,POLE-PLT-01474,-23.82622,30.06641,50,2013,2,2026-07-15,2026-07-15
T1475,Nkowankowa Substation 3 TX-044,F489,Nkowankowa,SS-NKW-03,Nkowankowa Substation 3,9.7,0.736,0.872,0.611,51.9,0,POLE-NKW-01475,-23.91039,30.27011,50,2016,1,2026-02-13,2026-05-31
T1476,Bolobedu Substation 2 TX-056,F152,Bolobedu,SS-BLB-02,Bolobedu Substation 2,10.8,0.831,0.44,0.451,54.3,1,POLE-BLB-01476,-23.9483,30.36296,1600,2015,0,2026-04-14,2024-08-31
T1477,Politsi Substation 3 TX-056,F246,Politsi,SS-PLT-03,Politsi Substation 3,16.1,0.61,0.464,0.42,55.7,1,POLE-PLT-01477,-23.83585,30.07388,315,2010,0,2026-06-15,2025-05-26
T1478,Nkowankowa Substation 3 TX-045,F198,Nkowankowa,SS-NKW-03,Nkowankowa Substation 3,12.7,0.271,0.762,0.716,37.7,0,POLE-NKW-01478,-23.91735,30.26819,500,2013,0,2026-06-29,2026-03-17
T1479,Tzaneen Substation 1 TX-049,F116,Tzaneen,SS-TZN-01,Tzaneen Substation 1,19.7,0.381,0.513,0.578,58.9,0,POLE-TZN-01479,-23.82665,30.16343,50,2006,1,2026-04-21,2025-08-28
T1480,Tzaneen Substation 2 TX-065,F209,Tzaneen,SS-TZN-02,Tzaneen Substation 2,19.3,0.535,0.828,0.722,58.4,0,POLE-TZN-01480,-23.80581,30.19705,200,2007,1,2026-07-19,2024-03-02
T1481,Xihoko Substation 3 TX-069,F076,Xihoko,SS-XHK-03,Xihoko Substation 3,5.0,0.751,0.946,0.729,48.6,0,POLE-XHK-01481,-23.72502,30.36738,800,2021,0,2026-06-02,2025-08-19
T1482,Modjadjiskloof Substation 2 TX-052,F001,Modjadjiskloof,SS-MDK-02,Modjadjiskloof Substation 2,1.2,0.542,0.425,0.398,44.6,0,POLE-MDK-01482,-23.78238,30.12687,1600,2025,1,2026-04-05,2026-04-16
T1483,Lenyenye Substation 2 TX-049,F145,Lenyenye,SS-LNY-02,Lenyenye Substation 2,4.7,0.671,0.507,0.591,58.8,0,POLE-LNY-01483,-23.93973,30.2611,100,2021,0,2026-02-11,2026-01-03
T1484,Modjadjiskloof Substation 1 TX-070,F057,Modjadjiskloof,SS-MDK-01,Modjadjiskloof Substation 1,4.5,0.344,0.224,0.349,52.2,0,POLE-MDK-01484,-23.72499,30.11362,315,2022,3,2025-10-06,2025-06-01
T1485,Haenertsburg Substation 2 TX-068,F208,Haenertsburg,SS-HBG-02,Haenertsburg Substation 2,11.4,0.361,0.422,0.44,49.7,0,POLE-HBG-01485,-23.98011,29.92993,1000,2015,1,2026-01-17,2024-10-12
T1486,Bolobedu Substation 3 TX-050,F432,Bolobedu,SS-BLB-03,Bolobedu Substation 3,11.3,0.768,0.277,0.265,70.8,1,POLE-BLB-01486,-23.99167,30.43969,1600,2015,2,2025-08-12,2025-08-28
T1487,Modjadjiskloof Substation 1 TX-071,F082,Modjadjiskloof,SS-MDK-01,Modjadjiskloof Substation 1,9.3,0.473,0.653,0.65,51.0,0,POLE-MDK-01487,-23.7105,30.11789,500,2017,1,2026-06-17,2026-01-10
T1488,Modjadjiskloof Substation 2 TX-053,F001,Modjadjiskloof,SS-MDK-02,Modjadjiskloof Substation 2,14.9,0.615,0.645,0.725,57.0,0,POLE-MDK-01488,-23.77486,30.11816,315,2011,0,2026-03-18,2026-03-20
T1489,Ga-Kgapane Substation 2 TX-042,F056,Ga-Kgapane,SS-GKG-02,Ga-Kgapane Substation 2,35.0,0.779,0.245,0.3,73.5,1,POLE-GKG-01489,-23.84118,30.3472,1600,1991,3,2026-01-08,2026-05-02
T1490,Modjadjiskloof Substation 3 TX-061,F255,Modjadjiskloof,SS-MDK-03,Modjadjiskloof Substation 3,9.1,0.426,0.819,0.767,39.5,0,POLE-MDK-01490,-23.7139,30.11542,2000,2017,0,2026-01-07,2025-08-11
T1491,Tzaneen Substation 1 TX-050,F138,Tzaneen,SS-TZN-01,Tzaneen Substation 1,13.0,0.413,0.703,0.604,44.2,0,POLE-TZN-01491,-23.83772,30.16829,1000,2013,0,2026-03-20,2026-01-07
T1492,Xihoko Substation 3 TX-070,F245,Xihoko,SS-XHK-03,Xihoko Substation 3,10.8,0.335,0.925,0.782,56.2,0,POLE-XHK-01492,-23.71418,30.36641,1000,2015,0,2026-06-22,2026-06-06
T1493,Ga-Kgapane Substation 3 TX-046,F015,Ga-Kgapane,SS-GKG-03,Ga-Kgapane Substation 3,6.9,0.521,0.563,0.464,49.1,0,POLE-GKG-01493,-23.86507,30.37168,1000,2019,0,2026-04-13,2026-03-02
T1494,Nkowankowa Substation 2 TX-053,F167,Nkowankowa,SS-NKW-02,Nkowankowa Substation 2,16.2,0.407,0.703,0.62,53.9,0,POLE-NKW-01494,-23.93994,30.24797,1000,2010,3,2026-03-25,2025-10-16
T1495,Xihoko Substation 1 TX-073,F206,Xihoko,SS-XHK-01,Xihoko Substation 1,8.8,0.727,0.541,0.561,59.5,0,POLE-XHK-01495,-23.78129,30.38045,500,2017,2,2026-07-03,2025-11-06
T1496,Bolobedu Substation 1 TX-055,F216,Bolobedu,SS-BLB-01,Bolobedu Substation 1,5.7,0.609,0.58,0.61,51.8,0,POLE-BLB-01496,-23.97603,30.34342,100,2020,1,2025-10-13,2025-07-18
T1497,Lenyenye Substation 2 TX-050,F276,Lenyenye,SS-LNY-02,Lenyenye Substation 2,6.1,0.669,0.675,0.49,54.8,0,POLE-LNY-01497,-23.93947,30.26762,2000,2020,1,2026-04-23,2026-01-31
T1498,Politsi Substation 1 TX-058,F391,Politsi,SS-PLT-01,Politsi Substation 1,20.2,0.537,0.909,0.792,54.8,0,POLE-PLT-01498,-23.80094,30.06711,1000,2006,1,2025-11-18,2026-01-23
T1499,Politsi Substation 3 TX-057,F234,Politsi,SS-PLT-03,Politsi Substation 3,15.9,0.263,0.828,0.718,50.8,0,POLE-PLT-01499,-23.82796,30.08312,315,2010,0,2026-07-07,2026-06-15
T1500,Haenertsburg Substation 1 TX-059,F421,Haenertsburg,SS-HBG-01,Haenertsburg Substation 1,7.5,0.707,0.717,0.489,52.0,0,POLE-HBG-01500,-23.94393,29.96032,500,2019,0,2026-06-18,2026-02-22
T1501,Lenyenye Substation 1 TX-047,F265,Lenyenye,SS-LNY-01,Lenyenye Substation 1,14.7,0.63,0.368,0.61,55.5,0,POLE-LNY-01501,-23.94795,30.26973,50,2011,2,2026-01-22,2025-04-06
T1502,Tzaneen Substation 1 TX-051,F131,Tzaneen,SS-TZN-01,Tzaneen Substation 1,10.9,0.45,0.58,0.626,39.6,0,POLE-TZN-01502,-23.82289,30.16605,1000,2015,0,2026-05-10,2025-10-27
T1503,Nkowankowa Substation 1 TX-055,F115,Nkowankowa,SS-NKW-01,Nkowankowa Substation 1,13.2,0.62,0.835,0.733,45.0,0,POLE-NKW-01503,-23.90705,30.24244,315,2013,0,2026-02-20,2026-02-17
T1504,Haenertsburg Substation 1 TX-060,F162,Haenertsburg,SS-HBG-01,Haenertsburg Substation 1,6.7,0.348,0.843,0.825,36.3,0,POLE-HBG-01504,-23.94922,29.96278,1600,2019,2,2026-05-06,2025-09-13
T1505,Modjadjiskloof Substation 3 TX-062,F299,Modjadjiskloof,SS-MDK-03,Modjadjiskloof Substation 3,4.6,0.711,0.541,0.651,57.0,0,POLE-MDK-01505,-23.70998,30.11778,200,2021,0,2026-04-07,2025-10-10
T1506,Modjadjiskloof Substation 3 TX-063,F122,Modjadjiskloof,SS-MDK-03,Modjadjiskloof Substation 3,8.8,0.868,0.616,0.543,59.2,0,POLE-MDK-01506,-23.708,30.13921,1000,2017,0,2026-04-18,2025-02-07
T1507,Nkowankowa Substation 3 TX-046,F458,Nkowankowa,SS-NKW-03,Nkowankowa Substation 3,5.3,0.538,0.563,0.546,54.7,0,POLE-NKW-01507,-23.92802,30.27235,315,2021,1,2026-06-25,2026-05-03
T1508,Ga-Kgapane Substation 1 TX-055,F240,Ga-Kgapane,SS-GKG-01,Ga-Kgapane Substation 1,5.0,0.524,0.343,0.329,56.5,1,POLE-GKG-01508,-23.8404,30.2995,500,2021,2,2026-03-08,2025-06-15
T1509,Bolobedu Substation 3 TX-051,F432,Bolobedu,SS-BLB-03,Bolobedu Substation 3,3.3,0.412,0.809,0.544,48.5,0,POLE-BLB-01509,-23.9885,30.44764,200,2023,0,2026-06-25,2025-10-11
T1510,Modjadjiskloof Substation 1 TX-072,F342,Modjadjiskloof,SS-MDK-01,Modjadjiskloof Substation 1,1.2,0.661,0.588,0.654,44.8,0,POLE-MDK-01510,-23.73001,30.12118,1600,2025,0,2025-07-12,2025-05-10
T1511,Nkowankowa Substation 2 TX-054,F167,Nkowankowa,SS-NKW-02,Nkowankowa Substation 2,7.6,0.633,0.68,0.687,52.5,0,POLE-NKW-01511,-23.93812,30.25005,100,2018,1,2026-07-20,2026-04-01
T1512,Nkowankowa Substation 1 TX-056,F115,Nkowankowa,SS-NKW-01,Nkowankowa Substation 1,22.7,0.575,0.755,0.677,61.3,0,POLE-NKW-01512,-23.90234,30.24653,1000,2003,2,2026-04-15,2025-09-11
T1513,Nkowankowa Substation 3 TX-047,F372,Nkowankowa,SS-NKW-03,Nkowankowa Substation 3,19.1,0.908,0.404,0.484,79.7,1,POLE-NKW-01513,-23.92173,30.26899,50,2007,1,2026-02-15,2026-07-17
T1514,Ga-Kgapane Substation 3 TX-047,F166,Ga-Kgapane,SS-GKG-03,Ga-Kgapane Substation 3,30.1,0.568,0.691,0.456,66.6,1,POLE-GKG-01514,-23.86295,30.38802,1000,1996,3,2026-03-12,2025-03-01
T1515,Nkowankowa Substation 3 TX-048,F124,Nkowankowa,SS-NKW-03,Nkowankowa Substation 3,4.8,0.357,0.942,0.87,44.7,0,POLE-NKW-01515,-23.91663,30.26146,500,2021,0,2026-03-31,2025-10-27
T1516,Lenyenye Substation 3 TX-050,F466,Lenyenye,SS-LNY-03,Lenyenye Substation 3,16.9,0.762,0.309,0.527,62.8,1,POLE-LNY-01516,-23.94059,30.30294,2000,2009,2,2026-07-03,2026-04-12
T1517,Ga-Kgapane Substation 2 TX-043,F242,Ga-Kgapane,SS-GKG-02,Ga-Kgapane Substation 2,9.9,0.59,0.642,0.602,50.6,0,POLE-GKG-01517,-23.8418,30.34758,315,2016,1,2026-03-16,2025-12-09
T1518,Haenertsburg Substation 3 TX-044,F025,Haenertsburg,SS-HBG-03,Haenertsburg Substation 3,6.1,0.703,0.776,0.762,55.8,0,POLE-HBG-01518,-24.01293,29.92632,100,2020,0,2026-05-09,2026-05-20
T1519,Politsi Substation 2 TX-066,F248,Politsi,SS-PLT-02,Politsi Substation 2,21.0,0.576,0.442,0.608,69.8,1,POLE-PLT-01519,-23.81787,30.02378,1000,2005,5,2026-04-18,2025-10-28
T1520,Modjadjiskloof Substation 2 TX-054,F231,Modjadjiskloof,SS-MDK-02,Modjadjiskloof Substation 2,9.9,0.834,0.159,0.223,67.6,1,POLE-MDK-01520,-23.78454,30.13333,500,2016,2,2025-10-13,2024-12-06
T1521,Bolobedu Substation 3 TX-052,F432,Bolobedu,SS-BLB-03,Bolobedu Substation 3,2.1,0.654,0.607,0.729,45.1,0,POLE-BLB-01521,-23.98523,30.44537,50,2024,1,2025-11-30,2025-08-03
T1522,Ga-Kgapane Substation 3 TX-048,F356,Ga-Kgapane,SS-GKG-03,Ga-Kgapane Substation 3,19.0,0.468,0.914,0.803,55.5,0,POLE-GKG-01522,-23.86565,30.38769,100,2007,1,2026-07-11,2025-11-16
T1523,Ga-Kgapane Substation 1 TX-056,F096,Ga-Kgapane,SS-GKG-01,Ga-Kgapane Substation 1,14.0,0.84,0.579,0.535,64.7,0,POLE-GKG-01523,-23.83963,30.30945,500,2012,2,2026-04-13,2026-05-31
T1524,Xihoko Substation 3 TX-071,F076,Xihoko,SS-XHK-03,Xihoko Substation 3,11.8,0.603,0.581,0.692,65.0,0,POLE-XHK-01524,-23.71694,30.3766,1000,2014,0,2026-01-30,2025-09-10
T1525,Haenertsburg Substation 1 TX-061,F302,Haenertsburg,SS-HBG-01,Haenertsburg Substation 1,4.0,0.58,0.351,0.392,57.8,0,POLE-HBG-01525,-23.94395,29.95182,2000,2022,1,2026-03-10,2025-06-13
T1526,Tzaneen Substation 2 TX-066,F024,Tzaneen,SS-TZN-02,Tzaneen Substation 2,12.8,0.451,0.712,0.677,46.8,0,POLE-TZN-01526,-23.79835,30.20287,315,2013,0,2026-01-05,2025-07-21
T1527,Modjadjiskloof Substation 1 TX-073,F160,Modjadjiskloof,SS-MDK-01,Modjadjiskloof Substation 1,27.5,0.237,0.396,0.47,65.6,1,POLE-MDK-01527,-23.72427,30.11879,2000,1998,2,2026-05-24,2026-03-15
T1528,Politsi Substation 2 TX-067,F070,Politsi,SS-PLT-02,Politsi Substation 2,13.8,0.41,0.399,0.363,60.6,0,POLE-PLT-01528,-23.83239,30.02491,1000,2012,0,2025-11-09,2026-01-13
T1529,Haenertsburg Substation 3 TX-045,F011,Haenertsburg,SS-HBG-03,Haenertsburg Substation 3,2.9,0.369,0.315,0.319,54.8,0,POLE-HBG-01529,-24.00241,29.93232,500,2023,0,2026-04-18,2023-06-19
T1530,Haenertsburg Substation 1 TX-062,F460,Haenertsburg,SS-HBG-01,Haenertsburg Substation 1,14.5,0.47,0.829,0.706,54.5,0,POLE-HBG-01530,-23.93256,29.95352,100,2012,1,2026-06-26,2026-05-18
T1531,Tzaneen Substation 1 TX-052,F045,Tzaneen,SS-TZN-01,Tzaneen Substation 1,13.9,0.586,0.309,0.417,64.7,1,POLE-TZN-01531,-23.82269,30.17342,1600,2012,0,2026-03-04,2025-08-16
T1532,Xihoko Substation 1 TX-074,F005,Xihoko,SS-XHK-01,Xihoko Substation 1,17.9,0.814,0.136,0.285,71.7,1,POLE-XHK-01532,-23.78776,30.37399,800,2008,0,2026-03-16,2026-02-27
T1533,Tzaneen Substation 1 TX-053,F467,Tzaneen,SS-TZN-01,Tzaneen Substation 1,13.6,0.815,0.525,0.61,59.8,0,POLE-TZN-01533,-23.81744,30.18377,1600,2012,0,2026-07-02,2026-01-05
T1534,Lenyenye Substation 2 TX-051,F095,Lenyenye,SS-LNY-02,Lenyenye Substation 2,5.0,0.387,0.697,0.75,44.7,0,POLE-LNY-01534,-23.93955,30.26537,100,2021,3,2026-04-25,2026-01-15
T1535,Haenertsburg Substation 1 TX-063,F409,Haenertsburg,SS-HBG-01,Haenertsburg Substation 1,11.4,0.311,0.816,0.764,45.3,0,POLE-HBG-01535,-23.95185,29.95789,2000,2015,0,2026-02-27,2025-10-10
T1536,Nkowankowa Substation 1 TX-057,F016,Nkowankowa,SS-NKW-01,Nkowankowa Substation 1,8.9,0.76,0.335,0.481,61.1,1,POLE-NKW-01536,-23.89573,30.25481,315,2017,1,2025-09-11,2025-10-13
T1537,Nkowankowa Substation 2 TX-055,F077,Nkowankowa,SS-NKW-02,Nkowankowa Substation 2,12.4,0.581,0.747,0.595,55.9,0,POLE-NKW-01537,-23.94164,30.23924,315,2014,4,2026-03-02,2026-07-01
T1538,Ga-Kgapane Substation 2 TX-044,F056,Ga-Kgapane,SS-GKG-02,Ga-Kgapane Substation 2,21.5,0.191,0.584,0.639,50.0,0,POLE-GKG-01538,-23.84693,30.35486,500,2005,1,2026-06-07,2026-03-29
T1539,Tzaneen Substation 3 TX-058,F354,Tzaneen,SS-TZN-03,Tzaneen Substation 3,6.5,0.439,0.828,0.797,44.3,0,POLE-TZN-01539,-23.82186,30.19021,50,2020,0,2026-04-16,2026-02-25
T1540,Lenyenye Substation 3 TX-051,F311,Lenyenye,SS-LNY-03,Lenyenye Substation 3,33.1,0.934,0.74,0.714,73.5,1,POLE-LNY-01540,-23.95527,30.31062,1000,1993,2,2026-07-11,2025-06-30
T1541,Modjadjiskloof Substation 1 TX-074,F238,Modjadjiskloof,SS-MDK-01,Modjadjiskloof Substation 1,14.4,0.477,0.245,0.384,49.3,1,POLE-MDK-01541,-23.72344,30.14003,200,2012,2,2025-12-24,2026-01-14
T1542,Bolobedu Substation 1 TX-056,F121,Bolobedu,SS-BLB-01,Bolobedu Substation 1,19.0,0.706,0.933,0.781,64.0,0,POLE-BLB-01542,-23.95969,30.34949,500,2007,1,2026-04-21,2026-01-11
T1543,Tzaneen Substation 1 TX-054,F045,Tzaneen,SS-TZN-01,Tzaneen Substation 1,17.4,0.148,0.42,0.507,52.3,0,POLE-TZN-01543,-23.83923,30.17289,500,2009,1,2026-05-30,2025-09-18
T1544,Modjadjiskloof Substation 2 TX-055,F285,Modjadjiskloof,SS-MDK-02,Modjadjiskloof Substation 2,14.0,0.498,0.844,0.758,48.7,0,POLE-MDK-01544,-23.77684,30.13704,1000,2012,1,2026-06-02,2025-12-08
T1545,Tzaneen Substation 1 TX-055,F116,Tzaneen,SS-TZN-01,Tzaneen Substation 1,15.8,0.185,0.591,0.674,50.4,0,POLE-TZN-01545,-23.82521,30.17384,1600,2010,2,2026-03-25,2025-12-11
T1546,Haenertsburg Substation 2 TX-069,F296,Haenertsburg,SS-HBG-02,Haenertsburg Substation 2,0.2,0.598,0.703,0.782,42.6,0,POLE-HBG-01546,-23.98488,29.93356,100,2026,1,2026-03-18,2026-05-07
T1547,Politsi Substation 2 TX-068,F344,Politsi,SS-PLT-02,Politsi Substation 2,17.3,0.892,0.462,0.528,64.0,0,POLE-PLT-01547,-23.83489,30.03122,1600,2009,5,2025-12-14,2026-02-07
T1548,Modjadjiskloof Substation 2 TX-056,F425,Modjadjiskloof,SS-MDK-02,Modjadjiskloof Substation 2,5.3,0.737,0.883,0.845,52.1,0,POLE-MDK-01548,-23.77625,30.12298,800,2021,0,2026-07-15,2025-09-12
T1549,Tzaneen Substation 3 TX-059,F247,Tzaneen,SS-TZN-03,Tzaneen Substation 3,10.4,0.51,0.689,0.549,60.7,0,POLE-TZN-01549,-23.83224,30.20168,2000,2016,2,2026-07-12,2025-03-08
T1550,Lenyenye Substation 1 TX-048,F003,Lenyenye,SS-LNY-01,Lenyenye Substation 1,14.0,0.294,0.41,0.62,51.1,0,POLE-LNY-01550,-23.95598,30.26313,315,2012,1,2026-02-26,2025-02-28
T1551,Xihoko Substation 2 TX-051,F141,Xihoko,SS-XHK-02,Xihoko Substation 2,22.1,0.309,0.643,0.584,51.7,0,POLE-XHK-01551,-23.79405,30.29554,800,2004,2,2026-02-15,2026-03-08
T1552,Lenyenye Substation 2 TX-052,F427,Lenyenye,SS-LNY-02,Lenyenye Substation 2,5.3,0.696,0.729,0.681,50.5,0,POLE-LNY-01552,-23.93791,30.26188,100,2021,0,2026-05-19,2026-02-15
T1553,Politsi Substation 2 TX-069,F267,Politsi,SS-PLT-02,Politsi Substation 2,7.7,0.796,0.718,0.619,61.3,0,POLE-PLT-01553,-23.83058,30.02351,315,2018,1,2026-05-24,2025-09-20
T1554,Politsi Substation 3 TX-058,F310,Politsi,SS-PLT-03,Politsi Substation 3,8.5,0.8,0.312,0.444,62.8,0,POLE-PLT-01554,-23.8276,30.07334,1600,2017,3,2026-06-03,2024-03-18
T1555,Ga-Kgapane Substation 3 TX-049,F229,Ga-Kgapane,SS-GKG-03,Ga-Kgapane Substation 3,12.5,0.337,0.345,0.552,55.7,0,POLE-GKG-01555,-23.8464,30.37745,1600,2014,2,2025-12-13,2023-07-08
T1556,Modjadjiskloof Substation 1 TX-075,F082,Modjadjiskloof,SS-MDK-01,Modjadjiskloof Substation 1,9.0,0.855,0.515,0.538,62.5,0,POLE-MDK-01556,-23.71418,30.11618,2000,2017,1,2026-03-23,2026-03-01
T1557,Ga-Kgapane Substation 1 TX-057,F449,Ga-Kgapane,SS-GKG-01,Ga-Kgapane Substation 1,15.9,0.499,0.536,0.39,63.3,1,POLE-GKG-01557,-23.8421,30.29404,1600,2010,0,2026-02-25,2026-02-28
T1558,Xihoko Substation 1 TX-075,F387,Xihoko,SS-XHK-01,Xihoko Substation 1,2.2,0.573,0.229,0.462,61.7,0,POLE-XHK-01558,-23.79118,30.37635,200,2024,1,2026-03-30,2026-05-13
T1559,Modjadjiskloof Substation 1 TX-076,F498,Modjadjiskloof,SS-MDK-01,Modjadjiskloof Substation 1,9.8,0.565,0.794,0.587,47.0,0,POLE-MDK-01559,-23.72439,30.12456,200,2016,3,2026-05-28,2025-07-27
T1560,Haenertsburg Substation 2 TX-070,F428,Haenertsburg,SS-HBG-02,Haenertsburg Substation 2,29.3,0.5,0.593,0.68,74.3,1,POLE-HBG-01560,-23.99201,29.92428,100,1997,0,2026-04-20,2026-06-07
T1561,Lenyenye Substation 2 TX-053,F146,Lenyenye,SS-LNY-02,Lenyenye Substation 2,9.0,0.386,0.427,0.538,54.9,0,POLE-LNY-01561,-23.9329,30.26741,500,2017,1,2026-04-11,2025-08-07
T1562,Ga-Kgapane Substation 3 TX-050,F128,Ga-Kgapane,SS-GKG-03,Ga-Kgapane Substation 3,14.5,0.474,0.613,0.749,64.7,0,POLE-GKG-01562,-23.86616,30.37742,1000,2012,1,2025-12-04,2025-10-12
T1563,Ga-Kgapane Substation 2 TX-045,F125,Ga-Kgapane,SS-GKG-02,Ga-Kgapane Substation 2,19.9,0.794,0.646,0.685,58.2,1,POLE-GKG-01563,-23.85034,30.34402,1600,2006,2,2026-06-22,2024-11-23
T1564,Haenertsburg Substation 1 TX-064,F460,Haenertsburg,SS-HBG-01,Haenertsburg Substation 1,14.1,0.233,0.248,0.337,55.4,0,POLE-HBG-01564,-23.94309,29.95125,2000,2012,0,2025-11-22,2026-02-26
T1565,Ga-Kgapane Substation 1 TX-058,F279,Ga-Kgapane,SS-GKG-01,Ga-Kgapane Substation 1,34.9,0.64,0.554,0.538,72.2,1,POLE-GKG-01565,-23.84114,30.30686,315,1991,2,2026-05-25,2026-06-30
T1566,Xihoko Substation 3 TX-072,F228,Xihoko,SS-XHK-03,Xihoko Substation 3,11.6,0.639,0.685,0.679,59.2,1,POLE-XHK-01566,-23.71686,30.38043,315,2014,0,2026-05-21,2026-05-23
T1567,Bolobedu Substation 3 TX-053,F485,Bolobedu,SS-BLB-03,Bolobedu Substation 3,16.4,0.889,0.616,0.647,66.1,0,POLE-BLB-01567,-23.98917,30.45347,800,2010,0,2026-03-25,2026-01-24
T1568,Haenertsburg Substation 1 TX-065,F302,Haenertsburg,SS-HBG-01,Haenertsburg Substation 1,12.8,0.547,0.449,0.509,58.4,0,POLE-HBG-01568,-23.94622,29.95429,1600,2013,4,2026-01-16,2026-03-22
T1569,Haenertsburg Substation 2 TX-071,F455,Haenertsburg,SS-HBG-02,Haenertsburg Substation 2,25.6,0.329,0.651,0.697,59.9,0,POLE-HBG-01569,-23.97202,29.93518,2000,2000,2,2026-05-06,2026-03-04
T1570,Bolobedu Substation 3 TX-054,F493,Bolobedu,SS-BLB-03,Bolobedu Substation 3,8.0,0.148,0.436,0.34,47.4,0,POLE-BLB-01570,-23.98208,30.4522,100,2018,2,2026-06-18,2025-02-14
T1571,Xihoko Substation 2 TX-052,F040,Xihoko,SS-XHK-02,Xihoko Substation 2,35.0,0.774,0.566,0.659,69.6,0,POLE-XHK-01571,-23.78707,30.28636,315,1991,2,2025-09-21,2026-02-20
T1572,Ga-Kgapane Substation 1 TX-059,F181,Ga-Kgapane,SS-GKG-01,Ga-Kgapane Substation 1,6.6,0.605,0.732,0.814,50.9,0,POLE-GKG-01572,-23.83685,30.30426,200,2019,1,2026-07-10,2026-03-12
T1573,Ga-Kgapane Substation 3 TX-051,F368,Ga-Kgapane,SS-GKG-03,Ga-Kgapane Substation 3,31.0,0.472,0.56,0.651,60.7,1,POLE-GKG-01573,-23.87527,30.3805,200,1995,0,2026-06-20,2025-10-30
T1574,Politsi Substation 1 TX-059,F407,Politsi,SS-PLT-01,Politsi Substation 1,4.8,0.287,0.729,0.766,40.8,0,POLE-PLT-01574,-23.80009,30.07921,100,2021,2,2025-12-14,2026-04-03
T1575,Bolobedu Substation 2 TX-057,F075,Bolobedu,SS-BLB-02,Bolobedu Substation 2,16.8,0.825,0.239,0.502,58.0,1,POLE-BLB-01575,-23.96015,30.38218,800,2009,1,2025-10-06,2025-07-22
T1576,Modjadjiskloof Substation 1 TX-077,F160,Modjadjiskloof,SS-MDK-01,Modjadjiskloof Substation 1,10.9,0.574,0.698,0.764,51.7,0,POLE-MDK-01576,-23.71481,30.12092,800,2015,0,2025-11-23,2025-08-01
T1577,Tzaneen Substation 3 TX-060,F275,Tzaneen,SS-TZN-03,Tzaneen Substation 3,19.7,0.221,0.592,0.516,48.7,0,POLE-TZN-01577,-23.83189,30.1937,315,2006,0,2026-05-28,2026-03-17
T1578,Tzaneen Substation 2 TX-067,F400,Tzaneen,SS-TZN-02,Tzaneen Substation 2,14.7,0.623,0.682,0.7,55.8,0,POLE-TZN-01578,-23.79907,30.19501,800,2011,0,2026-06-15,2025-01-03
T1579,Modjadjiskloof Substation 1 TX-078,F057,Modjadjiskloof,SS-MDK-01,Modjadjiskloof Substation 1,19.0,0.303,0.793,0.589,48.0,0,POLE-MDK-01579,-23.71409,30.11859,1000,2007,2,2026-02-21,2026-05-28
T1580,Politsi Substation 2 TX-070,F301,Politsi,SS-PLT-02,Politsi Substation 2,4.7,0.267,0.251,0.396,47.5,0,POLE-PLT-01580,-23.83554,30.01875,800,2021,1,2026-06-12,2026-04-27
T1581,Tzaneen Substation 1 TX-056,F149,Tzaneen,SS-TZN-01,Tzaneen Substation 1,2.6,0.676,0.728,0.524,57.5,0,POLE-TZN-01581,-23.81522,30.16194,2000,2023,2,2026-06-17,2026-01-17
T1582,Nkowankowa Substation 2 TX-056,F109,Nkowankowa,SS-NKW-02,Nkowankowa Substation 2,4.1,0.546,0.827,0.769,43.6,0,POLE-NKW-01582,-23.93668,30.2477,100,2022,0,2026-07-11,2026-05-23
T1583,Xihoko Substation 1 TX-076,F258,Xihoko,SS-XHK-01,Xihoko Substation 1,4.0,0.532,0.574,0.741,42.1,0,POLE-XHK-01583,-23.78037,30.37639,2000,2022,3,2026-05-30,2025-11-25
T1584,Haenertsburg Substation 2 TX-072,F208,Haenertsburg,SS-HBG-02,Haenertsburg Substation 2,4.6,0.623,0.781,0.757,52.8,0,POLE-HBG-01584,-23.97715,29.93337,50,2021,1,2026-06-25,2024-04-01
T1585,Tzaneen Substation 3 TX-061,F318,Tzaneen,SS-TZN-03,Tzaneen Substation 3,6.9,0.434,0.563,0.639,52.8,0,POLE-TZN-01585,-23.8235,30.18764,50,2019,1,2026-06-28,2026-02-06
T1586,Ga-Kgapane Substation 3 TX-052,F159,Ga-Kgapane,SS-GKG-03,Ga-Kgapane Substation 3,6.9,0.677,0.328,0.549,57.3,0,POLE-GKG-01586,-23.86172,30.37492,500,2019,1,2026-03-14,2026-01-30
T1587,Nkowankowa Substation 1 TX-058,F412,Nkowankowa,SS-NKW-01,Nkowankowa Substation 1,11.0,0.409,0.8,0.788,45.1,0,POLE-NKW-01587,-23.90769,30.24542,500,2015,0,2026-06-02,2026-05-28
T1588,Xihoko Substation 2 TX-053,F040,Xihoko,SS-XHK-02,Xihoko Substation 2,5.7,0.647,0.48,0.455,52.3,0,POLE-XHK-01588,-23.80273,30.29948,500,2020,1,2026-02-21,2022-12-12
T1589,Xihoko Substation 1 TX-077,F431,Xihoko,SS-XHK-01,Xihoko Substation 1,6.0,0.787,0.716,0.558,55.2,0,POLE-XHK-01589,-23.78245,30.3629,2000,2020,0,2026-06-27,2024-10-12
T1590,Ga-Kgapane Substation 3 TX-053,F015,Ga-Kgapane,SS-GKG-03,Ga-Kgapane Substation 3,9.4,0.526,0.863,0.761,49.2,0,POLE-GKG-01590,-23.86849,30.37376,315,2017,0,2026-06-18,2025-06-24
T1591,Ga-Kgapane Substation 3 TX-054,F368,Ga-Kgapane,SS-GKG-03,Ga-Kgapane Substation 3,21.5,0.731,0.751,0.567,56.1,0,POLE-GKG-01591,-23.86318,30.38992,1600,2005,1,2026-07-13,2025-12-23
T1592,Lenyenye Substation 3 TX-052,F174,Lenyenye,SS-LNY-03,Lenyenye Substation 3,7.9,0.461,0.737,0.676,43.8,0,POLE-LNY-01592,-23.95528,30.30247,1000,2018,3,2026-05-30,2025-04-02
T1593,Modjadjiskloof Substation 3 TX-064,F192,Modjadjiskloof,SS-MDK-03,Modjadjiskloof Substation 3,10.5,0.696,0.642,0.654,62.1,0,POLE-MDK-01593,-23.71537,30.12772,50,2015,3,2026-01-23,2025-08-17
T1594,Xihoko Substation 3 TX-073,F010,Xihoko,SS-XHK-03,Xihoko Substation 3,11.8,0.63,0.526,0.415,60.5,1,POLE-XHK-01594,-23.71194,30.36174,315,2014,1,2026-01-27,2026-02-11
T1595,Haenertsburg Substation 2 TX-073,F352,Haenertsburg,SS-HBG-02,Haenertsburg Substation 2,5.1,0.302,0.774,0.797,47.5,0,POLE-HBG-01595,-23.96982,29.93919,100,2021,0,2026-05-15,2024-01-29
T1596,Xihoko Substation 1 TX-078,F083,Xihoko,SS-XHK-01,Xihoko Substation 1,8.5,0.722,0.272,0.343,65.9,0,POLE-XHK-01596,-23.78552,30.37389,1600,2017,1,2025-03-29,2026-06-15
T1597,Modjadjiskloof Substation 2 TX-057,F330,Modjadjiskloof,SS-MDK-02,Modjadjiskloof Substation 2,6.4,0.736,0.399,0.452,56.3,0,POLE-MDK-01597,-23.77996,30.13404,315,2020,1,2026-07-03,2025-12-19
T1598,Haenertsburg Substation 3 TX-046,F363,Haenertsburg,SS-HBG-03,Haenertsburg Substation 3,20.1,0.278,0.611,0.652,51.0,0,POLE-HBG-01598,-24.00744,29.91965,1000,2006,1,2025-12-29,2026-03-29
T1599,Modjadjiskloof Substation 1 TX-079,F423,Modjadjiskloof,SS-MDK-01,Modjadjiskloof Substation 1,19.1,0.338,0.642,0.524,60.3,0,POLE-MDK-01599,-23.71844,30.12158,50,2007,1,2026-06-22,2026-07-15
T1600,Politsi Substation 1 TX-060,F355,Politsi,SS-PLT-01,Politsi Substation 1,5.9,0.489,0.782,0.679,51.9,0,POLE-PLT-01600,-23.79392,30.06023,315,2020,2,2026-05-12,2026-06-28
T1601,Tzaneen Substation 2 TX-068,F151,Tzaneen,SS-TZN-02,Tzaneen Substation 2,10.4,0.445,0.542,0.526,57.5,0,POLE-TZN-01601,-23.80968,30.18724,1600,2016,0,2026-02-17,2024-05-16
T1602,Modjadjiskloof Substation 3 TX-065,F370,Modjadjiskloof,SS-MDK-03,Modjadjiskloof Substation 3,16.4,0.718,0.721,0.648,59.9,0,POLE-MDK-01602,-23.71001,30.10983,2000,2010,0,2026-06-14,2026-02-25
T1603,Lenyenye Substation 1 TX-049,F413,Lenyenye,SS-LNY-01,Lenyenye Substation 1,13.6,0.476,0.667,0.634,53.9,0,POLE-LNY-01603,-23.96365,30.26314,50,2012,0,2026-06-02,2026-01-16
T1604,Ga-Kgapane Substation 3 TX-055,F159,Ga-Kgapane,SS-GKG-03,Ga-Kgapane Substation 3,14.6,0.486,0.693,0.733,51.0,0,POLE-GKG-01604,-23.86665,30.37244,500,2011,0,2026-01-16,2026-03-07
T1605,Politsi Substation 1 TX-061,F063,Politsi,SS-PLT-01,Politsi Substation 1,5.1,0.352,0.893,0.752,43.0,0,POLE-PLT-01605,-23.80143,30.06985,1600,2021,0,2026-05-16,2026-03-05
T1606,Lenyenye Substation 3 TX-053,F446,Lenyenye,SS-LNY-03,Lenyenye Substation 3,30.3,0.342,0.149,0.315,62.6,1,POLE-LNY-01606,-23.94598,30.29959,500,1996,1,2026-06-23,2026-06-18
T1607,Nkowankowa Substation 1 TX-059,F074,Nkowankowa,SS-NKW-01,Nkowankowa Substation 1,6.8,0.288,0.269,0.365,49.5,0,POLE-NKW-01607,-23.89824,30.24185,200,2019,3,2026-04-21,2025-07-01
T1608,Tzaneen Substation 1 TX-057,F297,Tzaneen,SS-TZN-01,Tzaneen Substation 1,6.7,0.418,0.856,0.79,44.2,0,POLE-TZN-01608,-23.82361,30.17316,1000,2019,2,2026-06-19,2025-10-19
T1609,Ga-Kgapane Substation 1 TX-060,F119,Ga-Kgapane,SS-GKG-01,Ga-Kgapane Substation 1,3.6,0.416,0.368,0.561,44.9,0,POLE-GKG-01609,-23.83494,30.30119,1600,2022,0,2026-07-07,2026-02-25
T1610,Haenertsburg Substation 2 TX-074,F064,Haenertsburg,SS-HBG-02,Haenertsburg Substation 2,9.7,0.525,0.213,0.363,60.8,0,POLE-HBG-01610,-23.97311,29.92779,2000,2016,1,2026-06-24,2025-02-06
T1611,Bolobedu Substation 3 TX-055,F389,Bolobedu,SS-BLB-03,Bolobedu Substation 3,22.9,0.602,0.305,0.522,56.6,1,POLE-BLB-01611,-23.98306,30.45047,2000,2003,4,2026-02-17,2024-05-02
T1612,Tzaneen Substation 3 TX-062,F072,Tzaneen,SS-TZN-03,Tzaneen Substation 3,13.5,0.814,0.773,0.716,60.8,0,POLE-TZN-01612,-23.82761,30.18633,50,2012,1,2026-06-24,2026-06-26
T1613,Modjadjiskloof Substation 2 TX-058,F336,Modjadjiskloof,SS-MDK-02,Modjadjiskloof Substation 2,10.2,0.144,0.472,0.507,41.6,0,POLE-MDK-01613,-23.78038,30.11815,1600,2016,3,2025-05-18,2025-12-14
T1614,Modjadjiskloof Substation 3 TX-066,F347,Modjadjiskloof,SS-MDK-03,Modjadjiskloof Substation 3,18.2,0.157,0.522,0.619,45.0,0,POLE-MDK-01614,-23.72209,30.12335,100,2008,2,2026-03-09,2025-09-23
T1615,Lenyenye Substation 3 TX-054,F031,Lenyenye,SS-LNY-03,Lenyenye Substation 3,22.6,0.506,0.655,0.695,54.4,0,POLE-LNY-01615,-23.95693,30.30712,1600,2003,3,2026-01-23,2026-06-21
T1616,Lenyenye Substation 3 TX-055,F087,Lenyenye,SS-LNY-03,Lenyenye Substation 3,19.0,0.427,0.54,0.612,58.2,0,POLE-LNY-01616,-23.93902,30.30207,1600,2007,1,2026-07-15,2024-11-07
T1617,Politsi Substation 3 TX-059,F398,Politsi,SS-PLT-03,Politsi Substation 3,1.9,0.869,0.573,0.581,44.5,0,POLE-PLT-01617,-23.83063,30.06995,200,2024,0,2026-03-16,2025-06-17
T1618,Tzaneen Substation 3 TX-063,F254,Tzaneen,SS-TZN-03,Tzaneen Substation 3,18.3,0.587,0.736,0.761,57.0,0,POLE-TZN-01618,-23.82238,30.18849,315,2008,1,2026-04-26,2025-08-24
T1619,Lenyenye Substation 1 TX-050,F061,Lenyenye,SS-LNY-01,Lenyenye Substation 1,15.0,0.407,0.886,0.856,48.8,0,POLE-LNY-01619,-23.95763,30.27888,1000,2011,0,2026-04-16,2025-04-12
T1620,Bolobedu Substation 1 TX-057,F496,Bolobedu,SS-BLB-01,Bolobedu Substation 1,5.8,0.537,0.829,0.605,45.6,0,POLE-BLB-01620,-23.96285,30.35534,1600,2020,0,2026-07-26,2026-01-08
T1621,Lenyenye Substation 1 TX-051,F133,Lenyenye,SS-LNY-01,Lenyenye Substation 1,15.1,0.737,0.725,0.78,58.1,1,POLE-LNY-01621,-23.96629,30.26883,1600,2011,0,2025-10-25,2026-02-09
T1622,Lenyenye Substation 1 TX-052,F003,Lenyenye,SS-LNY-01,Lenyenye Substation 1,23.0,0.495,0.865,0.847,49.4,0,POLE-LNY-01622,-23.9651,30.27541,315,2003,1,2026-05-24,2026-01-18
T1623,Tzaneen Substation 2 TX-069,F463,Tzaneen,SS-TZN-02,Tzaneen Substation 2,7.1,0.711,0.705,0.793,51.4,0,POLE-TZN-01623,-23.80742,30.20062,50,2019,1,2026-05-09,2025-10-30
T1624,Modjadjiskloof Substation 1 TX-080,F009,Modjadjiskloof,SS-MDK-01,Modjadjiskloof Substation 1,19.9,0.472,0.692,0.758,48.4,0,POLE-MDK-01624,-23.72113,30.12405,2000,2006,1,2026-04-26,2025-10-06
T1625,Xihoko Substation 2 TX-054,F277,Xihoko,SS-XHK-02,Xihoko Substation 2,13.7,0.661,0.351,0.351,72.7,1,POLE-XHK-01625,-23.79239,30.30716,1600,2012,1,2026-05-28,2026-03-19
T1626,Politsi Substation 1 TX-062,F497,Politsi,SS-PLT-01,Politsi Substation 1,0.4,0.639,0.322,0.512,55.4,0,POLE-PLT-01626,-23.80005,30.06848,100,2026,1,2025-07-31,2026-05-09
T1627,Nkowankowa Substation 1 TX-060,F289,Nkowankowa,SS-NKW-01,Nkowankowa Substation 1,10.8,0.692,0.816,0.67,56.9,0,POLE-NKW-01627,-23.90754,30.24308,800,2015,5,2026-07-22,2025-08-14
T1628,Politsi Substation 3 TX-060,F293,Politsi,SS-PLT-03,Politsi Substation 3,13.4,0.19,0.234,0.243,49.0,0,POLE-PLT-01628,-23.82398,30.07669,2000,2013,0,2026-04-27,2025-04-06
T1629,Lenyenye Substation 1 TX-053,F195,Lenyenye,SS-LNY-01,Lenyenye Substation 1,8.8,0.728,0.537,0.564,55.8,0,POLE-LNY-01629,-23.94949,30.26399,200,2017,1,2026-05-16,2025-01-25
T1630,Haenertsburg Substation 2 TX-075,F064,Haenertsburg,SS-HBG-02,Haenertsburg Substation 2,14.1,0.35,0.548,0.661,49.1,0,POLE-HBG-01630,-23.97925,29.92636,1600,2012,1,2026-06-07,2025-05-20
T1631,Politsi Substation 3 TX-061,F287,Politsi,SS-PLT-03,Politsi Substation 3,10.0,0.365,0.64,0.561,51.1,0,POLE-PLT-01631,-23.82655,30.07371,500,2016,0,2026-05-11,2026-05-31
T1632,Ga-Kgapane Substation 1 TX-061,F449,Ga-Kgapane,SS-GKG-01,Ga-Kgapane Substation 1,35.0,0.453,0.479,0.638,67.5,0,POLE-GKG-01632,-23.8398,30.29669,2000,1991,3,2026-05-14,2026-05-18
T1633,Bolobedu Substation 1 TX-058,F046,Bolobedu,SS-BLB-01,Bolobedu Substation 1,8.3,0.455,0.705,0.527,52.7,0,POLE-BLB-01633,-23.96306,30.35847,315,2018,2,2026-06-22,2026-03-24
T1634,Politsi Substation 3 TX-062,F441,Politsi,SS-PLT-03,Politsi Substation 3,5.9,0.658,0.895,0.581,55.3,0,POLE-PLT-01634,-23.83048,30.07223,100,2020,1,2026-05-23,2025-10-13
T1635,Haenertsburg Substation 2 TX-076,F208,Haenertsburg,SS-HBG-02,Haenertsburg Substation 2,19.3,0.252,0.933,0.821,47.5,0,POLE-HBG-01635,-23.98186,29.94451,2000,2007,1,2026-05-17,2025-04-16
T1636,Xihoko Substation 1 TX-079,F269,Xihoko,SS-XHK-01,Xihoko Substation 1,9.1,0.921,0.565,0.575,63.1,0,POLE-XHK-01636,-23.77753,30.36329,315,2017,1,2025-05-17,2025-10-12
T1637,Xihoko Substation 1 TX-080,F083,Xihoko,SS-XHK-01,Xihoko Substation 1,10.4,0.543,0.485,0.539,51.3,0,POLE-XHK-01637,-23.77716,30.37481,200,2016,2,2026-06-13,2025-11-29
T1638,Lenyenye Substation 3 TX-056,F311,Lenyenye,SS-LNY-03,Lenyenye Substation 3,9.7,0.774,0.421,0.42,56.0,0,POLE-LNY-01638,-23.95365,30.30026,100,2016,1,2026-02-24,2026-04-26
T1639,Politsi Substation 2 TX-071,F092,Politsi,SS-PLT-02,Politsi Substation 2,18.6,0.28,0.519,0.645,60.9,1,POLE-PLT-01639,-23.83824,30.02869,315,2007,4,2026-03-12,2025-12-31
T1640,Tzaneen Substation 1 TX-058,F137,Tzaneen,SS-TZN-01,Tzaneen Substation 1,4.6,0.258,0.549,0.513,47.3,0,POLE-TZN-01640,-23.82855,30.17032,1600,2021,0,2026-01-14,2025-05-21
T1641,Haenertsburg Substation 1 TX-066,F361,Haenertsburg,SS-HBG-01,Haenertsburg Substation 1,19.9,0.573,0.504,0.572,69.3,0,POLE-HBG-01641,-23.94277,29.96107,315,2006,4,2026-01-27,2026-01-29
T1642,Xihoko Substation 1 TX-081,F026,Xihoko,SS-XHK-01,Xihoko Substation 1,15.9,0.976,0.744,0.76,62.0,0,POLE-XHK-01642,-23.78567,30.37226,200,2010,1,2026-07-17,2026-03-21
T1643,Ga-Kgapane Substation 1 TX-062,F224,Ga-Kgapane,SS-GKG-01,Ga-Kgapane Substation 1,33.1,0.87,0.601,0.458,88.8,1,POLE-GKG-01643,-23.84502,30.30329,315,1993,3,2026-05-11,2025-01-04
T1644,Nkowankowa Substation 1 TX-061,F298,Nkowankowa,SS-NKW-01,Nkowankowa Substation 1,12.6,0.92,0.386,0.455,66.0,1,POLE-NKW-01644,-23.902,30.24135,500,2013,0,2026-06-13,2025-07-03
T1645,Tzaneen Substation 1 TX-059,F067,Tzaneen,SS-TZN-01,Tzaneen Substation 1,4.9,0.574,0.817,0.842,52.1,0,POLE-TZN-01645,-23.82609,30.1711,1600,2021,0,2026-07-10,2025-08-14
T1646,Haenertsburg Substation 3 TX-047,F148,Haenertsburg,SS-HBG-03,Haenertsburg Substation 3,12.7,0.199,0.308,0.422,50.6,0,POLE-HBG-01646,-24.00689,29.9347,100,2013,0,2026-04-17,2026-03-05
T1647,Xihoko Substation 2 TX-055,F172,Xihoko,SS-XHK-02,Xihoko Substation 2,13.9,0.368,0.697,0.795,48.9,0,POLE-XHK-01647,-23.79067,30.29937,200,2012,1,2026-03-29,2024-12-23
T1648,Nkowankowa Substation 2 TX-057,F332,Nkowankowa,SS-NKW-02,Nkowankowa Substation 2,24.3,0.382,0.748,0.729,55.3,0,POLE-NKW-01648,-23.94275,30.24574,1000,2002,0,2025-12-22,2026-03-22
T1649,Nkowankowa Substation 3 TX-049,F489,Nkowankowa,SS-NKW-03,Nkowankowa Substation 3,4.9,0.468,0.743,0.562,46.6,0,POLE-NKW-01649,-23.92448,30.26897,315,2021,1,2026-05-02,2026-01-04
T1650,Haenertsburg Substation 1 TX-067,F419,Haenertsburg,SS-HBG-01,Haenertsburg Substation 1,2.9,0.676,0.544,0.646,55.9,0,POLE-HBG-01650,-23.94566,29.95996,1000,2023,1,2026-06-11,2025-08-07
T1651,Lenyenye Substation 2 TX-054,F095,Lenyenye,SS-LNY-02,Lenyenye Substation 2,12.9,0.4,0.598,0.511,53.3,0,POLE-LNY-01651,-23.9408,30.25397,315,2013,2,2026-04-07,2026-02-16
T1652,Xihoko Substation 3 TX-074,F010,Xihoko,SS-XHK-03,Xihoko Substation 3,34.0,0.488,0.294,0.41,74.0,1,POLE-XHK-01652,-23.71391,30.37371,100,1992,1,2026-01-21,2025-07-29
T1653,Xihoko Substation 1 TX-082,F026,Xihoko,SS-XHK-01,Xihoko Substation 1,17.5,0.755,0.596,0.481,69.0,0,POLE-XHK-01653,-23.78073,30.36441,1600,2009,0,2025-12-08,2025-08-11
T1654,Nkowankowa Substation 1 TX-062,F298,Nkowankowa,SS-NKW-01,Nkowankowa Substation 1,18.1,0.771,0.824,0.736,67.7,0,POLE-NKW-01654,-23.90986,30.23129,1000,2008,1,2026-06-30,2026-01-29
T1655,Nkowankowa Substation 1 TX-063,F079,Nkowankowa,SS-NKW-01,Nkowankowa Substation 1,3.5,0.641,0.665,0.54,54.6,0,POLE-NKW-01655,-23.90276,30.24514,100,2022,0,2026-07-07,2025-08-18
T1656,Tzaneen Substation 1 TX-060,F116,Tzaneen,SS-TZN-01,Tzaneen Substation 1,11.5,0.851,0.586,0.612,53.0,0,POLE-TZN-01656,-23.83046,30.1587,100,2015,1,2026-03-30,2026-02-10
T1657,Politsi Substation 3 TX-063,F424,Politsi,SS-PLT-03,Politsi Substation 3,24.6,0.198,0.235,0.5,54.5,0,POLE-PLT-01657,-23.82305,30.07847,315,2001,2,2026-03-21,2025-07-19
T1658,Nkowankowa Substation 3 TX-050,F437,Nkowankowa,SS-NKW-03,Nkowankowa Substation 3,14.0,0.527,0.714,0.602,55.0,0,POLE-NKW-01658,-23.92114,30.27202,2000,2012,0,2026-05-25,2025-06-24
T1659,Haenertsburg Substation 3 TX-048,F420,Haenertsburg,SS-HBG-03,Haenertsburg Substation 3,2.7,0.645,0.548,0.546,52.0,0,POLE-HBG-01659,-24.00228,29.93072,200,2023,1,2026-04-25,2025-11-07
T1660,Modjadjiskloof Substation 2 TX-059,F127,Modjadjiskloof,SS-MDK-02,Modjadjiskloof Substation 2,11.3,0.548,0.733,0.723,58.4,0,POLE-MDK-01660,-23.78152,30.13704,1600,2015,0,2026-06-25,2025-07-11
T1661,Politsi Substation 3 TX-064,F310,Politsi,SS-PLT-03,Politsi Substation 3,16.7,0.294,0.756,0.549,58.3,0,POLE-PLT-01661,-23.83037,30.07652,500,2009,1,2026-07-19,2026-03-18
T1662,Lenyenye Substation 1 TX-054,F306,Lenyenye,SS-LNY-01,Lenyenye Substation 1,10.4,0.627,0.704,0.587,54.8,1,POLE-LNY-01662,-23.95839,30.26424,100,2016,1,2026-03-05,2025-11-12
T1663,Ga-Kgapane Substation 3 TX-056,F093,Ga-Kgapane,SS-GKG-03,Ga-Kgapane Substation 3,5.4,0.444,0.94,0.704,58.5,0,POLE-GKG-01663,-23.86535,30.38542,100,2021,0,2026-04-17,2024-08-17
T1664,Xihoko Substation 2 TX-056,F277,Xihoko,SS-XHK-02,Xihoko Substation 2,19.7,0.305,0.834,0.776,48.8,0,POLE-XHK-01664,-23.80102,30.29726,315,2006,0,2026-07-09,2026-01-03
T1665,Lenyenye Substation 3 TX-057,F263,Lenyenye,SS-LNY-03,Lenyenye Substation 3,8.1,0.844,0.713,0.591,57.4,0,POLE-LNY-01665,-23.94788,30.30875,200,2018,1,2026-05-14,2025-12-27
T1666,Ga-Kgapane Substation 3 TX-057,F199,Ga-Kgapane,SS-GKG-03,Ga-Kgapane Substation 3,14.9,0.338,0.883,0.739,43.6,0,POLE-GKG-01666,-23.86271,30.37682,800,2011,0,2026-04-13,2026-05-11
T1667,Nkowankowa Substation 3 TX-051,F376,Nkowankowa,SS-NKW-03,Nkowankowa Substation 3,11.1,0.429,0.585,0.673,42.2,0,POLE-NKW-01667,-23.927,30.25974,2000,2015,2,2026-03-11,2026-03-26
T1668,Nkowankowa Substation 2 TX-058,F339,Nkowankowa,SS-NKW-02,Nkowankowa Substation 2,7.8,0.537,0.613,0.653,44.9,0,POLE-NKW-01668,-23.94462,30.25299,1600,2018,1,2026-06-09,2025-12-17
T1669,Politsi Substation 2 TX-072,F267,Politsi,SS-PLT-02,Politsi Substation 2,35.0,0.556,0.719,0.619,73.2,0,POLE-PLT-01669,-23.83971,30.02404,200,1991,4,2026-04-23,2025-03-20
T1670,Haenertsburg Substation 3 TX-049,F363,Haenertsburg,SS-HBG-03,Haenertsburg Substation 3,7.2,0.867,0.587,0.439,65.2,0,POLE-HBG-01670,-24.00897,29.93572,2000,2019,1,2026-06-24,2025-03-28
T1671,Xihoko Substation 2 TX-057,F382,Xihoko,SS-XHK-02,Xihoko Substation 2,11.8,0.435,0.867,0.831,43.3,0,POLE-XHK-01671,-23.79838,30.3092,2000,2014,1,2026-03-23,2026-05-04
T1672,Haenertsburg Substation 2 TX-077,F284,Haenertsburg,SS-HBG-02,Haenertsburg Substation 2,11.1,0.53,0.533,0.688,52.4,0,POLE-HBG-01672,-23.98118,29.92172,315,2015,2,2026-05-03,2025-10-15
T1673,Xihoko Substation 3 TX-075,F134,Xihoko,SS-XHK-03,Xihoko Substation 3,12.7,0.481,0.669,0.671,56.1,0,POLE-XHK-01673,-23.72773,30.37233,500,2013,1,2026-04-14,2025-12-07
T1674,Nkowankowa Substation 1 TX-064,F380,Nkowankowa,SS-NKW-01,Nkowankowa Substation 1,34.8,0.681,0.759,0.628,60.4,1,POLE-NKW-01674,-23.90618,30.24668,500,1991,0,2026-04-12,2025-11-11
T1675,Xihoko Substation 3 TX-076,F359,Xihoko,SS-XHK-03,Xihoko Substation 3,16.7,0.633,0.814,0.601,68.0,0,POLE-XHK-01675,-23.71344,30.37308,315,2009,1,2026-05-26,2025-06-25
T1676,Ga-Kgapane Substation 3 TX-058,F492,Ga-Kgapane,SS-GKG-03,Ga-Kgapane Substation 3,7.8,0.391,0.708,0.809,50.0,0,POLE-GKG-01676,-23.85407,30.38022,100,2018,3,2026-04-06,2025-10-10
T1677,Bolobedu Substation 2 TX-058,F075,Bolobedu,SS-BLB-02,Bolobedu Substation 2,28.1,0.612,0.795,0.829,65.4,1,POLE-BLB-01677,-23.9573,30.37187,2000,1998,0,2026-03-07,2025-10-30
T1678,Nkowankowa Substation 1 TX-065,F210,Nkowankowa,SS-NKW-01,Nkowankowa Substation 1,18.6,0.806,0.526,0.602,70.1,1,POLE-NKW-01678,-23.89722,30.23317,315,2007,1,2026-06-17,2025-07-24
T1679,Tzaneen Substation 2 TX-070,F463,Tzaneen,SS-TZN-02,Tzaneen Substation 2,7.9,0.554,0.356,0.481,44.1,1,POLE-TZN-01679,-23.79321,30.20386,50,2018,5,2025-11-10,2026-06-20
T1680,Xihoko Substation 1 TX-083,F258,Xihoko,SS-XHK-01,Xihoko Substation 1,25.4,0.151,0.743,0.732,50.3,0,POLE-XHK-01680,-23.78204,30.37319,2000,2001,1,2026-06-05,2024-08-23
T1681,Lenyenye Substation 1 TX-055,F472,Lenyenye,SS-LNY-01,Lenyenye Substation 1,3.5,0.628,0.546,0.49,59.4,0,POLE-LNY-01681,-23.95782,30.2657,100,2022,2,2026-03-10,2025-10-12
T1682,Politsi Substation 1 TX-063,F007,Politsi,SS-PLT-01,Politsi Substation 1,4.4,0.624,0.826,0.847,47.1,0,POLE-PLT-01682,-23.78989,30.06065,2000,2022,0,2026-05-29,2025-09-20
T1683,Xihoko Substation 3 TX-077,F018,Xihoko,SS-XHK-03,Xihoko Substation 3,2.5,0.69,0.579,0.556,56.4,0,POLE-XHK-01683,-23.72183,30.37753,100,2024,1,2026-03-30,2025-02-16
T1684,Bolobedu Substation 3 TX-056,F399,Bolobedu,SS-BLB-03,Bolobedu Substation 3,1.5,0.75,0.324,0.432,62.8,1,POLE-BLB-01684,-23.98187,30.45082,315,2025,1,2025-11-17,2026-01-28
T1685,Nkowankowa Substation 2 TX-059,F180,Nkowankowa,SS-NKW-02,Nkowankowa Substation 2,24.2,0.662,0.552,0.538,68.9,1,POLE-NKW-01685,-23.94359,30.25261,500,2002,2,2026-04-20,2025-11-30
T1686,Ga-Kgapane Substation 2 TX-046,F261,Ga-Kgapane,SS-GKG-02,Ga-Kgapane Substation 2,12.8,0.589,0.496,0.535,55.7,0,POLE-GKG-01686,-23.83998,30.35682,200,2013,4,2026-03-10,2025-02-02
T1687,Politsi Substation 3 TX-065,F215,Politsi,SS-PLT-03,Politsi Substation 3,2.7,0.315,0.71,0.753,43.9,0,POLE-PLT-01687,-23.82011,30.0721,800,2023,0,2025-12-29,2025-03-03
T1688,Haenertsburg Substation 3 TX-050,F204,Haenertsburg,SS-HBG-03,Haenertsburg Substation 3,10.8,0.362,0.163,0.277,47.1,0,POLE-HBG-01688,-23.99851,29.91796,800,2015,2,2026-04-25,2025-08-24
T1689,Haenertsburg Substation 2 TX-078,F470,Haenertsburg,SS-HBG-02,Haenertsburg Substation 2,20.3,0.527,0.769,0.586,61.7,0,POLE-HBG-01689,-23.98164,29.92963,1600,2006,1,2026-06-21,2026-06-05
T1690,Xihoko Substation 2 TX-058,F048,Xihoko,SS-XHK-02,Xihoko Substation 2,6.2,0.205,0.669,0.551,48.1,0,POLE-XHK-01690,-23.79208,30.30471,315,2020,0,2026-02-04,2026-03-24
T1691,Xihoko Substation 1 TX-084,F387,Xihoko,SS-XHK-01,Xihoko Substation 1,8.8,0.756,0.744,0.815,54.0,0,POLE-XHK-01691,-23.78367,30.37309,1600,2017,0,2026-05-18,2026-03-15
T1692,Bolobedu Substation 3 TX-057,F445,Bolobedu,SS-BLB-03,Bolobedu Substation 3,35.0,0.344,0.085,0.329,74.5,1,POLE-BLB-01692,-23.99441,30.44641,1000,1991,3,2026-04-06,2025-07-02
T1693,Lenyenye Substation 3 TX-058,F329,Lenyenye,SS-LNY-03,Lenyenye Substation 3,9.4,0.169,0.745,0.782,42.7,0,POLE-LNY-01693,-23.95352,30.30302,1600,2017,1,2026-01-30,2025-11-02
T1694,Nkowankowa Substation 3 TX-052,F198,Nkowankowa,SS-NKW-03,Nkowankowa Substation 3,3.0,0.788,0.589,0.638,54.4,1,POLE-NKW-01694,-23.91564,30.27429,800,2023,2,2026-06-07,2025-06-16
T1695,Lenyenye Substation 1 TX-056,F081,Lenyenye,SS-LNY-01,Lenyenye Substation 1,7.4,0.308,0.52,0.445,58.4,0,POLE-LNY-01695,-23.96251,30.27803,100,2019,0,2026-03-05,2025-01-10
T1696,Modjadjiskloof Substation 1 TX-081,F342,Modjadjiskloof,SS-MDK-01,Modjadjiskloof Substation 1,2.6,0.4,0.668,0.764,37.8,0,POLE-MDK-01696,-23.71159,30.12338,800,2023,1,2025-11-22,2026-07-17
T1697,Ga-Kgapane Substation 1 TX-063,F235,Ga-Kgapane,SS-GKG-01,Ga-Kgapane Substation 1,17.6,0.743,0.559,0.641,68.3,0,POLE-GKG-01697,-23.83845,30.30609,1000,2008,4,2026-06-22,2026-01-26
T1698,Bolobedu Substation 2 TX-059,F075,Bolobedu,SS-BLB-02,Bolobedu Substation 2,5.5,0.793,0.636,0.532,63.7,0,POLE-BLB-01698,-23.95688,30.37238,315,2021,1,2025-11-08,2025-02-27
T1699,Nkowankowa Substation 2 TX-060,F180,Nkowankowa,SS-NKW-02,Nkowankowa Substation 2,5.3,0.661,0.798,0.837,52.9,0,POLE-NKW-01699,-23.94408,30.25466,800,2021,0,2026-06-03,2025-03-03
T1700,Politsi Substation 1 TX-064,F481,Politsi,SS-PLT-01,Politsi Substation 1,35.0,0.564,0.443,0.451,69.3,1,POLE-PLT-01700,-23.79982,30.06508,800,1991,6,2026-05-04,2025-06-23
T1701,Lenyenye Substation 1 TX-057,F133,Lenyenye,SS-LNY-01,Lenyenye Substation 1,4.0,0.296,0.672,0.569,46.4,0,POLE-LNY-01701,-23.95297,30.26599,800,2022,0,2026-07-08,2026-04-19
T1702,Xihoko Substation 2 TX-059,F090,Xihoko,SS-XHK-02,Xihoko Substation 2,3.4,0.817,0.941,0.583,51.5,0,POLE-XHK-01702,-23.79264,30.31246,1000,2023,0,2026-05-14,2025-10-17
T1703,Nkowankowa Substation 2 TX-061,F341,Nkowankowa,SS-NKW-02,Nkowankowa Substation 2,4.6,0.399,0.695,0.585,44.2,0,POLE-NKW-01703,-23.94281,30.26123,1000,2021,0,2026-06-24,2025-01-16
T1704,Haenertsburg Substation 3 TX-051,F100,Haenertsburg,SS-HBG-03,Haenertsburg Substation 3,20.8,0.658,0.589,0.66,61.7,1,POLE-HBG-01704,-24.00159,29.92941,800,2005,1,2026-03-10,2026-05-26
T1705,Haenertsburg Substation 1 TX-068,F460,Haenertsburg,SS-HBG-01,Haenertsburg Substation 1,16.1,0.629,0.843,0.687,52.7,0,POLE-HBG-01705,-23.95132,29.96107,200,2010,2,2026-05-23,2026-04-27
T1706,Lenyenye Substation 1 TX-058,F430,Lenyenye,SS-LNY-01,Lenyenye Substation 1,7.3,0.569,0.676,0.708,49.0,0,POLE-LNY-01706,-23.96769,30.27063,1000,2019,2,2026-04-14,2026-04-27
T1707,Ga-Kgapane Substation 3 TX-059,F492,Ga-Kgapane,SS-GKG-03,Ga-Kgapane Substation 3,6.8,0.515,0.772,0.73,42.8,0,POLE-GKG-01707,-23.87195,30.37966,100,2019,0,2026-03-24,2025-09-11
T1708,Lenyenye Substation 1 TX-059,F457,Lenyenye,SS-LNY-01,Lenyenye Substation 1,15.2,0.233,0.606,0.536,53.9,0,POLE-LNY-01708,-23.97185,30.27018,2000,2011,1,2025-09-16,2026-03-11
T1709,Modjadjiskloof Substation 3 TX-067,F122,Modjadjiskloof,SS-MDK-03,Modjadjiskloof Substation 3,13.2,0.181,0.426,0.457,57.8,0,POLE-MDK-01709,-23.71944,30.12815,1600,2013,2,2026-04-07,2026-07-17
T1710,Politsi Substation 1 TX-065,F107,Politsi,SS-PLT-01,Politsi Substation 1,9.8,0.796,0.61,0.613,69.4,0,POLE-PLT-01710,-23.79259,30.05873,200,2016,0,2026-03-12,2025-01-28
T1711,Xihoko Substation 2 TX-060,F172,Xihoko,SS-XHK-02,Xihoko Substation 2,16.4,0.3,0.838,0.695,44.8,0,POLE-XHK-01711,-23.79129,30.2977,50,2010,1,2026-04-25,2025-12-22
T1712,Ga-Kgapane Substation 1 TX-064,F235,Ga-Kgapane,SS-GKG-01,Ga-Kgapane Substation 1,4.4,0.695,0.631,0.429,51.9,0,POLE-GKG-01712,-23.84413,30.30637,100,2022,1,2026-04-10,2023-12-10
T1713,Xihoko Substation 1 TX-085,F440,Xihoko,SS-XHK-01,Xihoko Substation 1,5.6,0.637,0.643,0.633,51.7,0,POLE-XHK-01713,-23.79291,30.37034,1000,2020,0,2026-07-03,2025-06-28
T1714,Nkowankowa Substation 1 TX-066,F367,Nkowankowa,SS-NKW-01,Nkowankowa Substation 1,17.0,0.814,0.582,0.721,65.3,1,POLE-NKW-01714,-23.90612,30.25056,50,2009,2,2026-06-10,2025-12-23
T1715,Modjadjiskloof Substation 1 TX-082,F323,Modjadjiskloof,SS-MDK-01,Modjadjiskloof Substation 1,13.9,0.543,0.677,0.719,52.9,0,POLE-MDK-01715,-23.71732,30.12205,50,2012,0,2026-07-02,2025-06-30
T1716,Xihoko Substation 1 TX-086,F440,Xihoko,SS-XHK-01,Xihoko Substation 1,11.4,0.475,0.798,0.773,54.8,0,POLE-XHK-01716,-23.77586,30.3716,1000,2015,0,2026-01-10,2026-04-22
T1717,Modjadjiskloof Substation 1 TX-083,F323,Modjadjiskloof,SS-MDK-01,Modjadjiskloof Substation 1,35.0,0.417,0.582,0.689,67.0,1,POLE-MDK-01717,-23.71886,30.1204,500,1991,0,2025-11-13,2025-10-11
T1718,Xihoko Substation 2 TX-061,F190,Xihoko,SS-XHK-02,Xihoko Substation 2,18.9,0.368,0.435,0.549,47.3,0,POLE-XHK-01718,-23.80171,30.30972,315,2007,0,2026-01-30,2025-09-01
T1719,Nkowankowa Substation 2 TX-062,F207,Nkowankowa,SS-NKW-02,Nkowankowa Substation 2,7.5,0.405,0.897,0.805,45.8,0,POLE-NKW-01719,-23.93807,30.2559,200,2019,0,2026-03-18,2026-01-30
T1720,Xihoko Substation 3 TX-078,F259,Xihoko,SS-XHK-03,Xihoko Substation 3,6.0,0.634,0.35,0.497,49.0,0,POLE-XHK-01720,-23.71685,30.36581,500,2020,4,2026-06-20,2026-05-03
T1721,Tzaneen Substation 1 TX-061,F045,Tzaneen,SS-TZN-01,Tzaneen Substation 1,14.4,0.665,0.754,0.586,56.4,0,POLE-TZN-01721,-23.82125,30.16993,200,2012,3,2026-04-02,2025-09-22
T1722,Modjadjiskloof Substation 2 TX-060,F371,Modjadjiskloof,SS-MDK-02,Modjadjiskloof Substation 2,24.2,0.232,0.947,0.953,47.0,0,POLE-MDK-01722,-23.78315,30.13515,50,2002,3,2026-06-22,2026-01-20
T1723,Modjadjiskloof Substation 3 TX-068,F327,Modjadjiskloof,SS-MDK-03,Modjadjiskloof Substation 3,2.2,0.621,0.439,0.571,55.0,0,POLE-MDK-01723,-23.70999,30.12116,500,2024,0,2026-06-13,2026-02-26
T1724,Bolobedu Substation 1 TX-059,F366,Bolobedu,SS-BLB-01,Bolobedu Substation 1,13.7,0.411,0.619,0.596,52.9,0,POLE-BLB-01724,-23.95746,30.35797,2000,2012,2,2026-01-24,2026-05-18
T1725,Politsi Substation 2 TX-073,F267,Politsi,SS-PLT-02,Politsi Substation 2,8.7,0.867,0.531,0.654,56.7,0,POLE-PLT-01725,-23.8429,30.03499,500,2017,0,2026-03-01,2026-03-27
T1726,Ga-Kgapane Substation 1 TX-065,F392,Ga-Kgapane,SS-GKG-01,Ga-Kgapane Substation 1,12.8,0.517,0.488,0.434,68.3,1,POLE-GKG-01726,-23.84261,30.30043,800,2013,0,2026-06-21,2024-04-21
T1727,Lenyenye Substation 3 TX-059,F475,Lenyenye,SS-LNY-03,Lenyenye Substation 3,3.1,0.223,0.371,0.447,40.9,0,POLE-LNY-01727,-23.96132,30.30555,200,2023,1,2025-10-14,2026-01-26
T1728,Modjadjiskloof Substation 2 TX-061,F285,Modjadjiskloof,SS-MDK-02,Modjadjiskloof Substation 2,24.1,0.65,0.199,0.309,71.2,0,POLE-MDK-01728,-23.78268,30.12609,100,2002,1,2026-03-24,2025-06-30
T1729,Modjadjiskloof Substation 2 TX-062,F223,Modjadjiskloof,SS-MDK-02,Modjadjiskloof Substation 2,28.5,0.236,0.638,0.59,61.6,0,POLE-MDK-01729,-23.77843,30.13218,1000,1998,0,2026-02-25,2025-10-07
T1730,Nkowankowa Substation 1 TX-067,F053,Nkowankowa,SS-NKW-01,Nkowankowa Substation 1,17.8,0.334,0.643,0.68,53.2,0,POLE-NKW-01730,-23.91238,30.2374,315,2008,1,2026-05-29,2026-01-06
T1731,Modjadjiskloof Substation 3 TX-069,F390,Modjadjiskloof,SS-MDK-03,Modjadjiskloof Substation 3,32.2,0.481,0.619,0.621,60.8,0,POLE-MDK-01731,-23.7064,30.1254,50,1994,4,2026-04-05,2024-08-08
T1732,Xihoko Substation 3 TX-079,F452,Xihoko,SS-XHK-03,Xihoko Substation 3,8.3,0.331,0.303,0.456,45.9,0,POLE-XHK-01732,-23.71246,30.38185,200,2018,1,2025-12-22,2025-05-09
T1733,Ga-Kgapane Substation 3 TX-060,F350,Ga-Kgapane,SS-GKG-03,Ga-Kgapane Substation 3,13.4,0.613,0.568,0.371,64.5,0,POLE-GKG-01733,-23.86519,30.37435,50,2013,2,2026-06-21,2025-05-14
T1734,Tzaneen Substation 3 TX-064,F433,Tzaneen,SS-TZN-03,Tzaneen Substation 3,18.0,0.467,0.434,0.545,63.0,0,POLE-TZN-01734,-23.83592,30.19936,1600,2008,2,2025-09-07,2025-11-05
T1735,Xihoko Substation 1 TX-087,F431,Xihoko,SS-XHK-01,Xihoko Substation 1,14.5,0.335,0.657,0.56,52.3,0,POLE-XHK-01735,-23.78112,30.36944,2000,2011,2,2026-03-04,2026-02-15
T1736,Tzaneen Substation 2 TX-071,F400,Tzaneen,SS-TZN-02,Tzaneen Substation 2,9.2,0.617,0.784,0.554,49.1,0,POLE-TZN-01736,-23.79788,30.19085,1600,2017,0,2026-04-17,2025-10-31
T1737,Tzaneen Substation 1 TX-062,F252,Tzaneen,SS-TZN-01,Tzaneen Substation 1,9.9,0.305,0.739,0.753,45.7,0,POLE-TZN-01737,-23.82194,30.16513,1600,2016,0,2026-07-23,2025-08-27
T1738,Xihoko Substation 2 TX-062,F050,Xihoko,SS-XHK-02,Xihoko Substation 2,26.8,0.538,0.403,0.463,73.7,0,POLE-XHK-01738,-23.80647,30.302,1600,1999,2,2026-04-04,2025-02-26
T1739,Lenyenye Substation 2 TX-055,F002,Lenyenye,SS-LNY-02,Lenyenye Substation 2,11.0,0.144,0.605,0.524,41.9,0,POLE-LNY-01739,-23.95041,30.26167,500,2015,1,2026-01-19,2025-05-27
T1740,Tzaneen Substation 3 TX-065,F103,Tzaneen,SS-TZN-03,Tzaneen Substation 3,23.3,0.181,0.612,0.617,51.8,0,POLE-TZN-01740,-23.83742,30.19833,315,2003,3,2026-07-18,2026-07-01
T1741,Bolobedu Substation 1 TX-060,F216,Bolobedu,SS-BLB-01,Bolobedu Substation 1,10.6,0.653,0.701,0.805,53.1,0,POLE-BLB-01741,-23.96293,30.35236,50,2015,1,2025-12-16,2026-06-17
T1742,Nkowankowa Substation 3 TX-053,F372,Nkowankowa,SS-NKW-03,Nkowankowa Substation 3,23.2,0.758,0.347,0.524,73.1,1,POLE-NKW-01742,-23.93076,30.26968,2000,2003,0,2026-07-01,2025-12-20
T1743,Xihoko Substation 3 TX-080,F228,Xihoko,SS-XHK-03,Xihoko Substation 3,11.9,0.615,0.765,0.601,53.8,0,POLE-XHK-01743,-23.72046,30.38551,50,2014,1,2026-04-23,2026-06-07
T1744,Modjadjiskloof Substation 1 TX-084,F012,Modjadjiskloof,SS-MDK-01,Modjadjiskloof Substation 1,17.0,0.303,0.727,0.758,52.2,0,POLE-MDK-01744,-23.73038,30.12083,200,2009,2,2025-11-20,2026-04-25
T1745,Lenyenye Substation 1 TX-060,F106,Lenyenye,SS-LNY-01,Lenyenye Substation 1,6.6,0.398,0.444,0.495,57.3,0,POLE-LNY-01745,-23.96083,30.26715,315,2019,1,2026-02-28,2026-04-25
T1746,Haenertsburg Substation 2 TX-079,F490,Haenertsburg,SS-HBG-02,Haenertsburg Substation 2,13.4,0.343,0.879,0.651,43.0,0,POLE-HBG-01746,-23.97845,29.93028,800,2013,0,2026-03-25,2026-01-09
T1747,Nkowankowa Substation 1 TX-068,F495,Nkowankowa,SS-NKW-01,Nkowankowa Substation 1,6.7,0.397,0.574,0.577,42.3,0,POLE-NKW-01747,-23.89346,30.24993,2000,2019,0,2026-01-15,2025-11-11
T1748,Nkowankowa Substation 3 TX-054,F189,Nkowankowa,SS-NKW-03,Nkowankowa Substation 3,8.2,0.418,0.706,0.619,49.0,0,POLE-NKW-01748,-23.92134,30.26719,500,2018,0,2026-03-21,2026-05-15
T1749,Ga-Kgapane Substation 1 TX-066,F403,Ga-Kgapane,SS-GKG-01,Ga-Kgapane Substation 1,8.7,0.891,0.852,0.638,64.8,1,POLE-GKG-01749,-23.84105,30.30277,1600,2017,1,2026-06-25,2024-12-31
T1750,Lenyenye Substation 1 TX-061,F360,Lenyenye,SS-LNY-01,Lenyenye Substation 1,9.8,0.739,0.334,0.581,59.9,0,POLE-LNY-01750,-23.95288,30.26583,315,2016,0,2026-04-18,2025-09-04
T1751,Lenyenye Substation 3 TX-060,F466,Lenyenye,SS-LNY-03,Lenyenye Substation 3,21.4,0.557,0.871,0.844,61.8,0,POLE-LNY-01751,-23.94827,30.30186,2000,2005,1,2026-06-25,2026-01-26
T1752,Haenertsburg Substation 1 TX-069,F444,Haenertsburg,SS-HBG-01,Haenertsburg Substation 1,7.9,0.503,0.731,0.588,43.3,0,POLE-HBG-01752,-23.94642,29.96488,100,2018,0,2025-12-07,2025-05-13
T1753,Politsi Substation 3 TX-066,F315,Politsi,SS-PLT-03,Politsi Substation 3,12.5,0.645,0.719,0.568,59.7,0,POLE-PLT-01753,-23.83104,30.06237,315,2014,1,2026-05-19,2025-11-24
T1754,Nkowankowa Substation 3 TX-055,F198,Nkowankowa,SS-NKW-03,Nkowankowa Substation 3,23.2,0.295,0.959,0.863,37.2,0,POLE-NKW-01754,-23.91034,30.25704,200,2003,1,2026-03-22,2025-11-23
T1755,Nkowankowa Substation 1 TX-069,F314,Nkowankowa,SS-NKW-01,Nkowankowa Substation 1,16.7,0.499,0.902,0.795,59.9,0,POLE-NKW-01755,-23.90808,30.24015,200,2009,1,2026-04-09,2026-03-21
T1756,Modjadjiskloof Substation 1 TX-085,F160,Modjadjiskloof,SS-MDK-01,Modjadjiskloof Substation 1,2.2,0.798,0.957,0.751,57.9,0,POLE-MDK-01756,-23.72918,30.11935,1600,2024,0,2026-05-18,2026-04-17
T1757,Lenyenye Substation 2 TX-056,F175,Lenyenye,SS-LNY-02,Lenyenye Substation 2,3.1,0.438,0.462,0.456,48.2,0,POLE-LNY-01757,-23.93804,30.26232,1000,2023,0,2026-06-08,2026-04-19
T1758,Lenyenye Substation 1 TX-062,F305,Lenyenye,SS-LNY-01,Lenyenye Substation 1,14.7,0.238,0.709,0.641,37.5,0,POLE-LNY-01758,-23.96278,30.2685,1000,2011,2,2026-06-10,2025-11-18
T1759,Lenyenye Substation 2 TX-057,F286,Lenyenye,SS-LNY-02,Lenyenye Substation 2,7.6,0.459,0.88,0.898,44.0,0,POLE-LNY-01759,-23.92966,30.26399,50,2018,1,2026-06-16,2025-12-23
T1760,Nkowankowa Substation 2 TX-063,F291,Nkowankowa,SS-NKW-02,Nkowankowa Substation 2,2.7,0.632,0.553,0.482,59.0,0,POLE-NKW-01760,-23.94151,30.24829,2000,2023,0,2026-06-26,2023-10-18
T1761,Ga-Kgapane Substation 1 TX-067,F193,Ga-Kgapane,SS-GKG-01,Ga-Kgapane Substation 1,7.2,0.439,0.585,0.631,51.2,0,POLE-GKG-01761,-23.83343,30.30925,2000,2019,1,2025-08-19,2026-07-03
T1762,Haenertsburg Substation 3 TX-052,F205,Haenertsburg,SS-HBG-03,Haenertsburg Substation 3,15.1,0.699,0.957,0.821,65.5,0,POLE-HBG-01762,-24.02142,29.93451,1000,2011,1,2026-04-23,2026-01-23
T1763,Modjadjiskloof Substation 2 TX-063,F006,Modjadjiskloof,SS-MDK-02,Modjadjiskloof Substation 2,8.6,0.282,0.52,0.49,47.6,0,POLE-MDK-01763,-23.77982,30.1283,315,2017,2,2026-03-29,2025-03-22
T1764,Politsi Substation 2 TX-074,F301,Politsi,SS-PLT-02,Politsi Substation 2,11.6,0.533,0.695,0.684,63.1,1,POLE-PLT-01764,-23.82594,30.03272,50,2014,1,2026-07-16,2026-04-15
T1765,Bolobedu Substation 3 TX-058,F288,Bolobedu,SS-BLB-03,Bolobedu Substation 3,9.2,0.715,0.632,0.618,46.6,0,POLE-BLB-01765,-23.99404,30.43405,500,2017,4,2026-05-07,2025-03-07
T1766,Haenertsburg Substation 2 TX-080,F468,Haenertsburg,SS-HBG-02,Haenertsburg Substation 2,6.4,0.397,0.613,0.702,42.7,0,POLE-HBG-01766,-23.98144,29.93444,100,2020,2,2026-04-29,2025-06-25
T1767,Ga-Kgapane Substation 2 TX-047,F253,Ga-Kgapane,SS-GKG-02,Ga-Kgapane Substation 2,13.2,0.629,0.513,0.455,53.7,0,POLE-GKG-01767,-23.8407,30.35896,800,2013,0,2026-04-05,2024-11-14
T1768,Politsi Substation 3 TX-067,F234,Politsi,SS-PLT-03,Politsi Substation 3,2.4,0.654,0.515,0.624,54.8,0,POLE-PLT-01768,-23.83224,30.06766,1000,2024,0,2026-04-03,2025-08-20
T1769,Tzaneen Substation 3 TX-066,F034,Tzaneen,SS-TZN-03,Tzaneen Substation 3,5.8,0.274,0.689,0.631,38.6,0,POLE-TZN-01769,-23.82729,30.19454,50,2020,0,2026-03-18,2026-04-01
T1770,Xihoko Substation 2 TX-063,F099,Xihoko,SS-XHK-02,Xihoko Substation 2,18.9,0.449,0.441,0.363,66.2,0,POLE-XHK-01770,-23.79929,30.29789,200,2007,4,2026-06-25,2025-09-22
T1771,Xihoko Substation 3 TX-081,F170,Xihoko,SS-XHK-03,Xihoko Substation 3,3.2,0.568,0.593,0.679,52.2,0,POLE-XHK-01771,-23.71944,30.37466,800,2023,1,2026-05-23,2025-05-14
T1772,Nkowankowa Substation 3 TX-056,F189,Nkowankowa,SS-NKW-03,Nkowankowa Substation 3,11.2,0.512,0.667,0.775,51.5,0,POLE-NKW-01772,-23.91652,30.25979,200,2015,0,2026-03-22,2026-04-10
T1773,Bolobedu Substation 3 TX-059,F182,Bolobedu,SS-BLB-03,Bolobedu Substation 3,8.1,0.953,0.612,0.616,60.7,0,POLE-BLB-01773,-23.99412,30.45499,1600,2018,4,2026-03-12,2026-06-06
T1774,Nkowankowa Substation 3 TX-057,F198,Nkowankowa,SS-NKW-03,Nkowankowa Substation 3,7.5,0.557,0.278,0.403,50.8,0,POLE-NKW-01774,-23.92543,30.26765,315,2018,0,2026-02-26,2026-04-28
T1775,Nkowankowa Substation 2 TX-064,F385,Nkowankowa,SS-NKW-02,Nkowankowa Substation 2,20.1,0.503,0.898,0.827,57.8,0,POLE-NKW-01775,-23.93695,30.25214,1000,2006,0,2026-03-26,2025-09-25
T1776,Ga-Kgapane Substation 1 TX-068,F066,Ga-Kgapane,SS-GKG-01,Ga-Kgapane Substation 1,22.8,0.468,0.557,0.557,57.9,0,POLE-GKG-01776,-23.84365,30.30065,1000,2003,1,2026-05-07,2026-03-01
T1777,Nkowankowa Substation 2 TX-065,F167,Nkowankowa,SS-NKW-02,Nkowankowa Substation 2,4.6,0.363,0.721,0.821,46.3,0,POLE-NKW-01777,-23.94168,30.25726,800,2021,1,2026-05-05,2025-11-23
T1778,Modjadjiskloof Substation 1 TX-086,F082,Modjadjiskloof,SS-MDK-01,Modjadjiskloof Substation 1,9.9,0.682,0.701,0.655,63.1,0,POLE-MDK-01778,-23.71448,30.12322,800,2016,2,2026-02-17,2025-06-14
T1779,Xihoko Substation 3 TX-082,F154,Xihoko,SS-XHK-03,Xihoko Substation 3,1.8,0.739,0.807,0.571,52.0,0,POLE-XHK-01779,-23.71867,30.37831,800,2024,1,2026-07-04,2026-01-31
T1780,Xihoko Substation 3 TX-083,F343,Xihoko,SS-XHK-03,Xihoko Substation 3,19.4,0.425,0.703,0.613,63.0,1,POLE-XHK-01780,-23.71758,30.36939,100,2007,1,2025-11-26,2026-04-25
T1781,Tzaneen Substation 2 TX-072,F024,Tzaneen,SS-TZN-02,Tzaneen Substation 2,10.8,0.32,0.504,0.459,52.7,0,POLE-TZN-01781,-23.79733,30.19798,200,2015,1,2026-01-28,2026-03-29
T1782,Xihoko Substation 3 TX-084,F170,Xihoko,SS-XHK-03,Xihoko Substation 3,3.0,0.709,0.695,0.712,54.0,0,POLE-XHK-01782,-23.70542,30.38209,2000,2023,1,2026-06-04,2024-07-22
T1783,Modjadjiskloof Substation 1 TX-087,F012,Modjadjiskloof,SS-MDK-01,Modjadjiskloof Substation 1,6.0,0.504,0.224,0.333,48.6,0,POLE-MDK-01783,-23.7195,30.13141,315,2020,1,2025-11-15,2026-03-06
T1784,Lenyenye Substation 2 TX-058,F478,Lenyenye,SS-LNY-02,Lenyenye Substation 2,4.3,0.759,0.849,0.72,49.4,0,POLE-LNY-01784,-23.93943,30.24854,2000,2022,1,2026-07-02,2025-10-07
T1785,Haenertsburg Substation 3 TX-053,F364,Haenertsburg,SS-HBG-03,Haenertsburg Substation 3,5.7,0.943,0.847,0.597,56.5,0,POLE-HBG-01785,-24.00106,29.93053,800,2020,0,2026-01-25,2025-04-23
T1786,Modjadjiskloof Substation 3 TX-070,F122,Modjadjiskloof,SS-MDK-03,Modjadjiskloof Substation 3,2.0,0.762,0.661,0.728,58.1,0,POLE-MDK-01786,-23.71773,30.11256,1600,2024,2,2026-07-14,2025-10-23
T1787,Haenertsburg Substation 3 TX-054,F100,Haenertsburg,SS-HBG-03,Haenertsburg Substation 3,26.6,0.637,0.882,0.828,59.8,0,POLE-HBG-01787,-23.99818,29.92722,200,1999,4,2026-07-09,2026-02-15
T1788,Xihoko Substation 2 TX-064,F050,Xihoko,SS-XHK-02,Xihoko Substation 2,4.8,0.64,0.679,0.644,55.0,0,POLE-XHK-01788,-23.79895,30.29838,100,2021,0,2026-06-13,2025-12-14
T1789,Haenertsburg Substation 3 TX-055,F237,Haenertsburg,SS-HBG-03,Haenertsburg Substation 3,11.2,0.775,0.977,0.951,52.8,0,POLE-HBG-01789,-24.0086,29.93317,315,2015,2,2026-06-26,2026-01-27
T1790,Lenyenye Substation 3 TX-061,F377,Lenyenye,SS-LNY-03,Lenyenye Substation 3,15.0,0.881,0.721,0.718,60.2,0,POLE-LNY-01790,-23.95835,30.3027,1600,2011,1,2026-04-11,2026-06-08
T1791,Politsi Substation 3 TX-068,F293,Politsi,SS-PLT-03,Politsi Substation 3,22.8,0.438,0.943,0.838,47.4,0,POLE-PLT-01791,-23.83431,30.06659,1000,2003,1,2026-04-06,2025-10-20
T1792,Politsi Substation 3 TX-069,F441,Politsi,SS-PLT-03,Politsi Substation 3,11.5,0.642,0.615,0.571,47.7,0,POLE-PLT-01792,-23.82213,30.07421,500,2015,2,2026-07-09,2024-06-17
T1793,Xihoko Substation 2 TX-065,F172,Xihoko,SS-XHK-02,Xihoko Substation 2,9.1,0.237,0.415,0.402,48.2,0,POLE-XHK-01793,-23.79362,30.29543,100,2017,2,2025-09-27,2026-07-17
T1794,Bolobedu Substation 3 TX-060,F140,Bolobedu,SS-BLB-03,Bolobedu Substation 3,11.8,0.596,0.813,0.68,53.1,0,POLE-BLB-01794,-23.98789,30.44491,50,2014,0,2026-04-10,2026-03-29
T1795,Ga-Kgapane Substation 1 TX-069,F240,Ga-Kgapane,SS-GKG-01,Ga-Kgapane Substation 1,4.6,0.925,0.316,0.444,57.2,0,POLE-GKG-01795,-23.82662,30.29876,100,2021,1,2025-05-25,2025-10-23
T1796,Bolobedu Substation 2 TX-060,F102,Bolobedu,SS-BLB-02,Bolobedu Substation 2,5.0,0.959,0.694,0.758,57.7,0,POLE-BLB-01796,-23.94975,30.36934,1000,2021,1,2026-05-05,2025-03-26
T1797,Tzaneen Substation 1 TX-063,F488,Tzaneen,SS-TZN-01,Tzaneen Substation 1,8.9,0.505,0.959,0.848,57.5,0,POLE-TZN-01797,-23.8258,30.1673,2000,2017,0,2026-02-03,2025-02-15
T1798,Ga-Kgapane Substation 3 TX-061,F093,Ga-Kgapane,SS-GKG-03,Ga-Kgapane Substation 3,1.3,0.658,0.304,0.255,64.6,0,POLE-GKG-01798,-23.87109,30.38077,2000,2025,1,2025-04-25,2026-06-29
T1799,Ga-Kgapane Substation 1 TX-070,F240,Ga-Kgapane,SS-GKG-01,Ga-Kgapane Substation 1,6.5,0.54,0.783,0.67,50.1,0,POLE-GKG-01799,-23.84377,30.29732,1000,2019,2,2026-06-15,2025-06-25
T1800,Haenertsburg Substation 1 TX-070,F262,Haenertsburg,SS-HBG-01,Haenertsburg Substation 1,7.7,0.382,0.482,0.599,48.8,0,POLE-HBG-01800,-23.95229,29.9604,315,2018,1,2026-06-05,2024-10-03
T1801,Lenyenye Substation 3 TX-062,F029,Lenyenye,SS-LNY-03,Lenyenye Substation 3,35.0,0.413,0.247,0.327,73.7,1,POLE-LNY-01801,-23.9563,30.30399,1000,1991,5,2026-04-16,2026-06-09
T1802,Ga-Kgapane Substation 1 TX-071,F235,Ga-Kgapane,SS-GKG-01,Ga-Kgapane Substation 1,24.7,0.269,0.845,0.777,54.3,0,POLE-GKG-01802,-23.84173,30.30106,50,2001,3,2026-06-05,2025-10-23
T1803,Xihoko Substation 3 TX-085,F228,Xihoko,SS-XHK-03,Xihoko Substation 3,15.0,0.268,0.73,0.648,52.7,0,POLE-XHK-01803,-23.72093,30.36336,315,2011,3,2026-04-15,2024-11-01
T1804,Lenyenye Substation 3 TX-063,F130,Lenyenye,SS-LNY-03,Lenyenye Substation 3,19.7,0.464,0.406,0.548,59.8,0,POLE-LNY-01804,-23.94799,30.30617,200,2006,1,2026-05-02,2026-01-10
T1805,Haenertsburg Substation 2 TX-081,F064,Haenertsburg,SS-HBG-02,Haenertsburg Substation 2,4.9,0.711,0.967,0.874,49.6,0,POLE-HBG-01805,-23.97991,29.93579,2000,2021,1,2026-04-04,2025-12-18
T1806,Xihoko Substation 2 TX-066,F023,Xihoko,SS-XHK-02,Xihoko Substation 2,12.0,0.52,0.838,0.672,49.6,0,POLE-XHK-01806,-23.78494,30.30603,800,2014,0,2026-04-06,2026-02-13
T1807,Xihoko Substation 1 TX-088,F005,Xihoko,SS-XHK-01,Xihoko Substation 1,18.1,0.212,0.58,0.576,53.2,0,POLE-XHK-01807,-23.77708,30.37025,2000,2008,1,2026-06-08,2025-08-14
T1808,Haenertsburg Substation 1 TX-071,F241,Haenertsburg,SS-HBG-01,Haenertsburg Substation 1,5.0,0.48,0.567,0.614,37.4,0,POLE-HBG-01808,-23.95092,29.96521,1600,2021,1,2026-04-24,2025-03-24
T1809,Tzaneen Substation 1 TX-064,F045,Tzaneen,SS-TZN-01,Tzaneen Substation 1,3.1,0.719,0.542,0.414,57.8,1,POLE-TZN-01809,-23.82298,30.16896,1000,2023,0,2026-01-06,2024-09-28
T1810,Xihoko Substation 1 TX-089,F480,Xihoko,SS-XHK-01,Xihoko Substation 1,13.9,0.34,0.281,0.502,42.7,1,POLE-XHK-01810,-23.77995,30.36684,100,2012,2,2026-02-05,2026-02-24
T1811,Modjadjiskloof Substation 3 TX-071,F123,Modjadjiskloof,SS-MDK-03,Modjadjiskloof Substation 3,3.4,0.569,0.448,0.495,53.2,0,POLE-MDK-01811,-23.70469,30.12083,50,2023,2,2026-01-28,2026-05-04
T1812,Modjadjiskloof Substation 3 TX-072,F327,Modjadjiskloof,SS-MDK-03,Modjadjiskloof Substation 3,15.9,0.618,0.355,0.442,56.5,1,POLE-MDK-01812,-23.70814,30.11776,100,2010,4,2026-05-29,2025-06-30
T1813,Ga-Kgapane Substation 2 TX-048,F337,Ga-Kgapane,SS-GKG-02,Ga-Kgapane Substation 2,22.5,0.29,0.215,0.337,66.5,1,POLE-GKG-01813,-23.84532,30.34764,1600,2003,2,2026-03-08,2025-03-11
T1814,Politsi Substation 2 TX-075,F248,Politsi,SS-PLT-02,Politsi Substation 2,5.1,0.24,0.381,0.605,44.1,0,POLE-PLT-01814,-23.8243,30.03121,2000,2021,1,2026-06-17,2026-05-21
T1815,Ga-Kgapane Substation 2 TX-049,F442,Ga-Kgapane,SS-GKG-02,Ga-Kgapane Substation 2,5.4,0.637,0.638,0.631,52.2,0,POLE-GKG-01815,-23.84239,30.35203,1000,2021,1,2026-04-12,2026-01-16
T1816,Ga-Kgapane Substation 2 TX-050,F056,Ga-Kgapane,SS-GKG-02,Ga-Kgapane Substation 2,22.1,0.422,0.315,0.432,63.0,1,POLE-GKG-01816,-23.84212,30.35771,1600,2004,5,2026-04-05,2024-07-07
T1817,Bolobedu Substation 2 TX-061,F118,Bolobedu,SS-BLB-02,Bolobedu Substation 2,11.5,0.646,0.198,0.431,55.3,0,POLE-BLB-01817,-23.94144,30.38151,50,2014,1,2026-02-12,2025-12-11
T1818,Modjadjiskloof Substation 2 TX-064,F127,Modjadjiskloof,SS-MDK-02,Modjadjiskloof Substation 2,20.2,0.639,0.433,0.534,68.4,1,POLE-MDK-01818,-23.77267,30.13503,2000,2006,1,2026-06-06,2025-01-07
T1819,Nkowankowa Substation 3 TX-058,F068,Nkowankowa,SS-NKW-03,Nkowankowa Substation 3,9.2,0.625,0.283,0.399,61.8,0,POLE-NKW-01819,-23.91925,30.2616,50,2017,2,2026-01-24,2026-01-26
T1820,Haenertsburg Substation 3 TX-056,F148,Haenertsburg,SS-HBG-03,Haenertsburg Substation 3,9.7,0.307,0.566,0.574,45.8,0,POLE-HBG-01820,-24.00653,29.92592,100,2016,1,2026-01-07,2025-01-28
T1821,Bolobedu Substation 1 TX-061,F157,Bolobedu,SS-BLB-01,Bolobedu Substation 1,11.3,0.294,0.776,0.673,42.1,0,POLE-BLB-01821,-23.97478,30.35703,1600,2015,1,2026-07-22,2025-12-14
T1822,Nkowankowa Substation 2 TX-066,F383,Nkowankowa,SS-NKW-02,Nkowankowa Substation 2,30.8,0.716,0.644,0.546,68.6,1,POLE-NKW-01822,-23.95351,30.25301,2000,1995,2,2026-07-04,2025-12-22
T1823,Tzaneen Substation 2 TX-073,F151,Tzaneen,SS-TZN-02,Tzaneen Substation 2,19.2,0.831,0.632,0.654,63.5,1,POLE-TZN-01823,-23.80733,30.20229,100,2007,0,2026-06-07,2025-11-28
T1824,Ga-Kgapane Substation 3 TX-062,F439,Ga-Kgapane,SS-GKG-03,Ga-Kgapane Substation 3,6.3,0.713,0.595,0.472,51.6,0,POLE-GKG-01824,-23.86774,30.37721,315,2020,0,2026-05-14,2026-03-07
T1825,Xihoko Substation 1 TX-090,F387,Xihoko,SS-XHK-01,Xihoko Substation 1,12.7,0.752,0.942,0.913,51.4,0,POLE-XHK-01825,-23.78075,30.3617,1600,2013,0,2026-06-19,2026-06-11
T1826,Haenertsburg Substation 2 TX-082,F451,Haenertsburg,SS-HBG-02,Haenertsburg Substation 2,8.7,0.799,0.682,0.54,56.1,0,POLE-HBG-01826,-23.97366,29.92658,500,2017,2,2026-06-30,2026-01-08
T1827,Nkowankowa Substation 1 TX-070,F053,Nkowankowa,SS-NKW-01,Nkowankowa Substation 1,7.5,0.375,0.659,0.545,47.9,0,POLE-NKW-01827,-23.90833,30.24998,315,2018,1,2026-04-08,2025-06-03
T1828,Bolobedu Substation 3 TX-061,F493,Bolobedu,SS-BLB-03,Bolobedu Substation 3,15.6,0.814,0.496,0.567,62.1,0,POLE-BLB-01828,-23.99703,30.45028,500,2010,2,2026-03-25,2026-06-14
T1829,Modjadjiskloof Substation 2 TX-065,F307,Modjadjiskloof,SS-MDK-02,Modjadjiskloof Substation 2,13.5,0.502,0.573,0.634,56.2,0,POLE-MDK-01829,-23.7856,30.13376,200,2012,1,2026-05-26,2025-01-24
T1830,Ga-Kgapane Substation 3 TX-063,F492,Ga-Kgapane,SS-GKG-03,Ga-Kgapane Substation 3,5.1,0.565,0.753,0.629,50.3,0,POLE-GKG-01830,-23.87032,30.37738,2000,2021,1,2026-04-08,2026-01-08
T1831,Xihoko Substation 2 TX-067,F178,Xihoko,SS-XHK-02,Xihoko Substation 2,11.3,0.436,0.619,0.722,51.4,0,POLE-XHK-01831,-23.80251,30.29704,500,2015,1,2026-05-06,2025-08-05
T1832,Politsi Substation 3 TX-070,F477,Politsi,SS-PLT-03,Politsi Substation 3,7.3,0.592,0.569,0.634,53.3,0,POLE-PLT-01832,-23.82895,30.07474,200,2019,2,2025-10-09,2026-01-29
T1833,Nkowankowa Substation 3 TX-059,F295,Nkowankowa,SS-NKW-03,Nkowankowa Substation 3,14.9,0.658,0.499,0.373,61.8,0,POLE-NKW-01833,-23.91132,30.25941,2000,2011,1,2026-07-05,2025-04-20
T1834,Haenertsburg Substation 3 TX-057,F036,Haenertsburg,SS-HBG-03,Haenertsburg Substation 3,7.1,0.773,0.511,0.634,59.3,0,POLE-HBG-01834,-24.00237,29.93224,2000,2019,0,2026-06-08,2025-07-12
T1835,Xihoko Substation 1 TX-091,F206,Xihoko,SS-XHK-01,Xihoko Substation 1,9.8,0.414,0.691,0.677,35.1,0,POLE-XHK-01835,-23.77673,30.37903,50,2016,3,2026-05-18,2024-12-19
T1836,Modjadjiskloof Substation 1 TX-088,F069,Modjadjiskloof,SS-MDK-01,Modjadjiskloof Substation 1,7.7,0.74,0.62,0.641,53.5,0,POLE-MDK-01836,-23.71901,30.1079,2000,2018,1,2026-01-11,2026-06-17
T1837,Ga-Kgapane Substation 1 TX-072,F471,Ga-Kgapane,SS-GKG-01,Ga-Kgapane Substation 1,2.3,0.673,0.785,0.853,44.0,0,POLE-GKG-01837,-23.84635,30.29519,2000,2024,2,2026-03-16,2026-02-07
T1838,Modjadjiskloof Substation 3 TX-073,F153,Modjadjiskloof,SS-MDK-03,Modjadjiskloof Substation 3,29.9,0.932,0.939,0.783,70.9,0,POLE-MDK-01838,-23.69963,30.12104,2000,1996,1,2026-04-28,2025-06-16
T1839,Bolobedu Substation 1 TX-062,F112,Bolobedu,SS-BLB-01,Bolobedu Substation 1,11.2,0.621,0.663,0.783,49.1,0,POLE-BLB-01839,-23.96458,30.3508,100,2015,2,2026-07-03,2026-01-16
T1840,Xihoko Substation 2 TX-068,F277,Xihoko,SS-XHK-02,Xihoko Substation 2,30.5,0.883,0.274,0.461,78.2,1,POLE-XHK-01840,-23.79101,30.30066,315,1995,4,2026-05-15,2025-12-02
T1841,Politsi Substation 3 TX-071,F213,Politsi,SS-PLT-03,Politsi Substation 3,11.6,0.243,0.412,0.52,52.6,0,POLE-PLT-01841,-23.84264,30.08406,1600,2014,2,2026-04-17,2026-01-01
T1842,Haenertsburg Substation 2 TX-083,F049,Haenertsburg,SS-HBG-02,Haenertsburg Substation 2,17.5,0.256,0.39,0.519,45.9,0,POLE-HBG-01842,-23.98029,29.92823,315,2008,1,2025-12-18,2025-10-16
T1843,Haenertsburg Substation 1 TX-072,F409,Haenertsburg,SS-HBG-01,Haenertsburg Substation 1,6.7,0.847,0.646,0.483,61.1,0,POLE-HBG-01843,-23.94771,29.95747,315,2019,0,2026-05-03,2025-05-19
T1844,Modjadjiskloof Substation 1 TX-089,F423,Modjadjiskloof,SS-MDK-01,Modjadjiskloof Substation 1,6.8,0.381,0.649,0.687,39.7,0,POLE-MDK-01844,-23.72192,30.11552,100,2019,4,2026-03-09,2026-01-18
T1845,Nkowankowa Substation 3 TX-060,F372,Nkowankowa,SS-NKW-03,Nkowankowa Substation 3,10.8,0.643,0.725,0.659,57.1,0,POLE-NKW-01845,-23.92896,30.25893,315,2015,0,2026-04-02,2025-04-10
T1846,Bolobedu Substation 1 TX-063,F309,Bolobedu,SS-BLB-01,Bolobedu Substation 1,30.4,0.733,0.715,0.779,64.0,1,POLE-BLB-01846,-23.96148,30.35621,500,1996,2,2026-03-18,2025-11-23
T1847,Ga-Kgapane Substation 1 TX-073,F202,Ga-Kgapane,SS-GKG-01,Ga-Kgapane Substation 1,5.3,0.726,0.349,0.478,52.5,0,POLE-GKG-01847,-23.8316,30.29107,315,2021,3,2026-05-24,2025-11-22
T1848,Politsi Substation 1 TX-066,F272,Politsi,SS-PLT-01,Politsi Substation 1,1.8,0.733,0.672,0.67,42.6,0,POLE-PLT-01848,-23.78338,30.05735,200,2024,0,2026-02-22,2025-11-25
T1849,Ga-Kgapane Substation 2 TX-051,F261,Ga-Kgapane,SS-GKG-02,Ga-Kgapane Substation 2,21.8,0.877,0.786,0.769,64.1,0,POLE-GKG-01849,-23.83584,30.35376,50,2004,2,2026-04-04,2025-06-12
T1850,Xihoko Substation 1 TX-092,F083,Xihoko,SS-XHK-01,Xihoko Substation 1,18.3,0.447,0.366,0.296,55.7,0,POLE-XHK-01850,-23.77327,30.37275,800,2008,0,2025-08-29,2026-01-21
T1851,Haenertsburg Substation 3 TX-058,F041,Haenertsburg,SS-HBG-03,Haenertsburg Substation 3,8.0,0.725,0.249,0.474,50.8,1,POLE-HBG-01851,-23.99581,29.92404,50,2018,3,2026-04-24,2025-12-20
T1852,Modjadjiskloof Substation 2 TX-066,F127,Modjadjiskloof,SS-MDK-02,Modjadjiskloof Substation 2,35.0,0.358,0.304,0.489,67.0,0,POLE-MDK-01852,-23.76685,30.12425,1600,1991,1,2026-03-04,2026-02-07
T1853,Xihoko Substation 3 TX-086,F228,Xihoko,SS-XHK-03,Xihoko Substation 3,35.0,0.526,0.448,0.477,74.8,1,POLE-XHK-01853,-23.72476,30.36253,50,1991,2,2026-06-22,2025-12-17
T1854,Lenyenye Substation 1 TX-063,F081,Lenyenye,SS-LNY-01,Lenyenye Substation 1,2.1,0.635,0.377,0.272,58.3,1,POLE-LNY-01854,-23.95937,30.27266,2000,2024,2,2026-07-03,2025-08-27
T1855,Nkowankowa Substation 1 TX-071,F054,Nkowankowa,SS-NKW-01,Nkowankowa Substation 1,6.6,0.476,0.694,0.78,39.2,0,POLE-NKW-01855,-23.91135,30.24299,500,2019,2,2025-11-02,2025-06-20
T1856,Politsi Substation 2 TX-076,F426,Politsi,SS-PLT-02,Politsi Substation 2,10.7,0.424,0.773,0.51,51.9,0,POLE-PLT-01856,-23.83156,30.02699,315,2015,1,2026-04-13,2025-05-30
T1857,Nkowankowa Substation 3 TX-061,F188,Nkowankowa,SS-NKW-03,Nkowankowa Substation 3,14.7,0.7,0.458,0.487,64.8,1,POLE-NKW-01857,-23.92203,30.25944,1600,2011,1,2026-07-07,2025-10-26
T1858,Politsi Substation 3 TX-072,F293,Politsi,SS-PLT-03,Politsi Substation 3,13.2,0.427,0.422,0.456,54.4,0,POLE-PLT-01858,-23.83014,30.0756,315,2013,0,2026-02-12,2025-10-26
T1859,Lenyenye Substation 3 TX-064,F263,Lenyenye,SS-LNY-03,Lenyenye Substation 3,11.2,0.812,0.242,0.426,64.5,0,POLE-LNY-01859,-23.95383,30.30023,100,2015,1,2026-04-24,2025-06-17
T1860,Ga-Kgapane Substation 3 TX-064,F368,Ga-Kgapane,SS-GKG-03,Ga-Kgapane Substation 3,4.6,0.692,0.298,0.281,56.8,1,POLE-GKG-01860,-23.87938,30.38468,500,2021,1,2026-01-16,2025-11-23
T1861,Modjadjiskloof Substation 3 TX-074,F370,Modjadjiskloof,SS-MDK-03,Modjadjiskloof Substation 3,15.9,0.725,0.705,0.798,55.2,0,POLE-MDK-01861,-23.72452,30.11717,500,2010,1,2026-02-23,2026-04-09
T1862,Tzaneen Substation 1 TX-065,F149,Tzaneen,SS-TZN-01,Tzaneen Substation 1,16.6,0.441,0.543,0.606,51.4,0,POLE-TZN-01862,-23.82055,30.16791,2000,2009,1,2026-03-22,2025-08-16
T1863,Politsi Substation 3 TX-073,F424,Politsi,SS-PLT-03,Politsi Substation 3,20.8,0.24,0.747,0.612,55.8,0,POLE-PLT-01863,-23.83325,30.0662,500,2005,1,2026-05-24,2026-03-09
T1864,Ga-Kgapane Substation 2 TX-052,F186,Ga-Kgapane,SS-GKG-02,Ga-Kgapane Substation 2,4.1,0.544,0.647,0.713,51.0,0,POLE-GKG-01864,-23.83959,30.35926,50,2022,0,2026-04-25,2026-04-18
T1865,Ga-Kgapane Substation 3 TX-065,F418,Ga-Kgapane,SS-GKG-03,Ga-Kgapane Substation 3,9.5,0.604,0.467,0.584,51.7,0,POLE-GKG-01865,-23.86538,30.37208,315,2017,1,2026-02-06,2023-11-26
T1866,Nkowankowa Substation 2 TX-067,F203,Nkowankowa,SS-NKW-02,Nkowankowa Substation 2,7.7,0.423,0.435,0.466,55.3,0,POLE-NKW-01866,-23.95196,30.25224,200,2018,0,2026-01-13,2026-06-20
T1867,Ga-Kgapane Substation 2 TX-053,F056,Ga-Kgapane,SS-GKG-02,Ga-Kgapane Substation 2,4.0,0.626,0.693,0.591,44.4,0,POLE-GKG-01867,-23.85413,30.34617,200,2022,1,2026-06-13,2026-07-03
T1868,Haenertsburg Substation 2 TX-084,F381,Haenertsburg,SS-HBG-02,Haenertsburg Substation 2,9.4,0.752,0.687,0.703,54.7,0,POLE-HBG-01868,-23.98379,29.92952,100,2017,1,2026-07-06,2026-01-01
T1869,Nkowankowa Substation 1 TX-072,F016,Nkowankowa,SS-NKW-01,Nkowankowa Substation 1,4.8,0.764,0.461,0.516,49.6,0,POLE-NKW-01869,-23.90926,30.24662,50,2021,0,2026-06-20,2025-06-20
T1870,Xihoko Substation 1 TX-093,F387,Xihoko,SS-XHK-01,Xihoko Substation 1,3.4,0.965,0.589,0.648,52.0,0,POLE-XHK-01870,-23.78139,30.36237,1000,2023,1,2026-05-08,2026-01-05
T1871,Tzaneen Substation 2 TX-074,F022,Tzaneen,SS-TZN-02,Tzaneen Substation 2,18.4,0.483,0.953,0.879,45.0,0,POLE-TZN-01871,-23.80512,30.19708,315,2008,2,2026-04-15,2026-03-16
T1872,Politsi Substation 3 TX-074,F104,Politsi,SS-PLT-03,Politsi Substation 3,8.0,0.604,0.381,0.622,49.6,0,POLE-PLT-01872,-23.82717,30.07526,315,2018,0,2026-04-15,2024-06-19
T1873,Haenertsburg Substation 1 TX-073,F302,Haenertsburg,SS-HBG-01,Haenertsburg Substation 1,6.3,0.523,0.91,0.808,49.8,0,POLE-HBG-01873,-23.94531,29.94668,315,2020,0,2026-07-09,2026-03-30
T1874,Ga-Kgapane Substation 1 TX-074,F471,Ga-Kgapane,SS-GKG-01,Ga-Kgapane Substation 1,24.2,0.318,0.799,0.594,56.4,0,POLE-GKG-01874,-23.83362,30.30361,2000,2002,1,2026-04-25,2025-11-15
T1875,Haenertsburg Substation 3 TX-059,F205,Haenertsburg,SS-HBG-03,Haenertsburg Substation 3,16.9,0.515,0.643,0.604,53.7,0,POLE-HBG-01875,-24.00004,29.93599,1000,2009,3,2026-05-01,2026-01-09
T1876,Lenyenye Substation 1 TX-064,F061,Lenyenye,SS-LNY-01,Lenyenye Substation 1,1.6,0.154,0.588,0.601,38.6,0,POLE-LNY-01876,-23.96646,30.26511,2000,2024,1,2026-02-05,2025-10-18
T1877,Politsi Substation 1 TX-067,F117,Politsi,SS-PLT-01,Politsi Substation 1,14.7,0.824,0.952,0.705,50.0,0,POLE-PLT-01877,-23.80717,30.05998,800,2011,0,2026-07-03,2026-01-25
T1878,Ga-Kgapane Substation 1 TX-075,F449,Ga-Kgapane,SS-GKG-01,Ga-Kgapane Substation 1,14.7,0.394,0.81,0.616,55.3,0,POLE-GKG-01878,-23.84299,30.291,1600,2011,0,2026-04-20,2025-09-01
T1879,Haenertsburg Substation 3 TX-060,F364,Haenertsburg,SS-HBG-03,Haenertsburg Substation 3,9.1,0.606,0.637,0.639,42.0,0,POLE-HBG-01879,-24.00556,29.92347,2000,2017,0,2026-04-08,2025-11-24
T1880,Haenertsburg Substation 3 TX-061,F051,Haenertsburg,SS-HBG-03,Haenertsburg Substation 3,8.8,0.361,0.865,0.808,41.2,0,POLE-HBG-01880,-24.00921,29.93535,500,2017,0,2026-04-13,2026-03-07
T1881,Ga-Kgapane Substation 1 TX-076,F193,Ga-Kgapane,SS-GKG-01,Ga-Kgapane Substation 1,2.6,0.548,0.63,0.754,45.6,0,POLE-GKG-01881,-23.83512,30.29826,500,2023,2,2026-01-26,2026-05-23
T1882,Lenyenye Substation 1 TX-065,F133,Lenyenye,SS-LNY-01,Lenyenye Substation 1,35.0,0.551,0.391,0.405,74.0,1,POLE-LNY-01882,-23.96887,30.2726,2000,1991,3,2026-07-14,2026-07-17
T1883,Lenyenye Substation 1 TX-066,F089,Lenyenye,SS-LNY-01,Lenyenye Substation 1,9.4,0.566,0.427,0.572,55.0,1,POLE-LNY-01883,-23.9514,30.26585,1000,2017,2,2026-05-22,2025-07-23
T1884,Politsi Substation 3 TX-075,F424,Politsi,SS-PLT-03,Politsi Substation 3,14.2,0.288,0.663,0.579,50.2,0,POLE-PLT-01884,-23.8245,30.07006,315,2012,3,2026-05-08,2026-03-31
T1885,Bolobedu Substation 1 TX-064,F309,Bolobedu,SS-BLB-01,Bolobedu Substation 1,9.7,0.278,0.672,0.742,51.9,0,POLE-BLB-01885,-23.96498,30.36102,200,2016,0,2026-06-07,2025-12-21
T1886,Xihoko Substation 2 TX-069,F090,Xihoko,SS-XHK-02,Xihoko Substation 2,6.4,0.755,0.938,0.901,60.3,0,POLE-XHK-01886,-23.80025,30.30944,315,2020,0,2026-05-18,2026-06-04
T1887,Xihoko Substation 2 TX-070,F326,Xihoko,SS-XHK-02,Xihoko Substation 2,19.4,0.391,0.791,0.663,54.3,0,POLE-XHK-01887,-23.79658,30.30228,200,2007,2,2026-05-19,2025-06-10
T1888,Nkowankowa Substation 2 TX-068,F207,Nkowankowa,SS-NKW-02,Nkowankowa Substation 2,12.4,0.545,0.885,0.613,53.9,0,POLE-NKW-01888,-23.93555,30.24918,500,2014,1,2026-07-08,2025-06-01
T1889,Lenyenye Substation 3 TX-065,F031,Lenyenye,SS-LNY-03,Lenyenye Substation 3,9.4,0.775,0.775,0.681,55.6,0,POLE-LNY-01889,-23.95458,30.29849,1000,2017,4,2026-03-28,2026-04-05
T1890,Xihoko Substation 3 TX-087,F225,Xihoko,SS-XHK-03,Xihoko Substation 3,14.1,0.798,0.728,0.758,55.3,0,POLE-XHK-01890,-23.72271,30.37714,1000,2012,1,2026-06-25,2025-09-05
T1891,Ga-Kgapane Substation 3 TX-066,F093,Ga-Kgapane,SS-GKG-03,Ga-Kgapane Substation 3,10.4,0.597,0.191,0.359,60.8,1,POLE-GKG-01891,-23.86444,30.37862,50,2016,0,2026-02-22,2025-01-29
T1892,Modjadjiskloof Substation 3 TX-075,F123,Modjadjiskloof,SS-MDK-03,Modjadjiskloof Substation 3,31.9,0.385,0.619,0.593,69.3,1,POLE-MDK-01892,-23.7206,30.12888,50,1994,1,2026-06-25,2024-12-09
T1893,Xihoko Substation 1 TX-094,F440,Xihoko,SS-XHK-01,Xihoko Substation 1,18.9,0.799,0.433,0.548,52.6,1,POLE-XHK-01893,-23.77441,30.35912,800,2007,4,2026-03-21,2026-04-30
T1894,Ga-Kgapane Substation 3 TX-067,F356,Ga-Kgapane,SS-GKG-03,Ga-Kgapane Substation 3,15.7,0.438,0.771,0.75,50.7,0,POLE-GKG-01894,-23.86068,30.37675,500,2010,0,2026-05-18,2026-02-21
T1895,Nkowankowa Substation 3 TX-062,F068,Nkowankowa,SS-NKW-03,Nkowankowa Substation 3,2.9,0.128,0.582,0.672,45.9,0,POLE-NKW-01895,-23.91512,30.26643,50,2023,0,2026-04-21,2025-12-25
T1896,Politsi Substation 2 TX-077,F426,Politsi,SS-PLT-02,Politsi Substation 2,16.1,0.602,0.679,0.639,59.3,0,POLE-PLT-01896,-23.82648,30.03,2000,2010,1,2026-04-14,2026-01-19
T1897,Bolobedu Substation 3 TX-062,F288,Bolobedu,SS-BLB-03,Bolobedu Substation 3,15.8,0.645,0.729,0.671,59.7,0,POLE-BLB-01897,-23.99231,30.44149,2000,2010,0,2026-02-25,2024-11-22
T1898,Xihoko Substation 1 TX-095,F438,Xihoko,SS-XHK-01,Xihoko Substation 1,4.9,0.852,0.459,0.503,50.6,1,POLE-XHK-01898,-23.78077,30.3684,50,2021,0,2026-05-13,2025-07-19
T1899,Modjadjiskloof Substation 3 TX-076,F374,Modjadjiskloof,SS-MDK-03,Modjadjiskloof Substation 3,2.8,0.328,0.721,0.495,49.5,0,POLE-MDK-01899,-23.71364,30.12695,50,2023,2,2026-07-04,2026-03-27
T1900,Xihoko Substation 3 TX-088,F170,Xihoko,SS-XHK-03,Xihoko Substation 3,18.4,0.487,0.558,0.501,63.8,0,POLE-XHK-01900,-23.70971,30.37422,50,2008,0,2026-05-05,2024-03-17
T1901,Bolobedu Substation 1 TX-065,F268,Bolobedu,SS-BLB-01,Bolobedu Substation 1,20.0,0.856,0.706,0.663,65.9,0,POLE-BLB-01901,-23.96516,30.35555,800,2006,1,2026-02-17,2025-08-17
T1902,Haenertsburg Substation 2 TX-085,F266,Haenertsburg,SS-HBG-02,Haenertsburg Substation 2,6.9,0.251,0.484,0.536,42.7,0,POLE-HBG-01902,-23.9905,29.92721,2000,2019,0,2026-07-23,2026-01-06
T1903,Lenyenye Substation 1 TX-067,F360,Lenyenye,SS-LNY-01,Lenyenye Substation 1,6.6,0.479,0.351,0.25,58.2,0,POLE-LNY-01903,-23.96364,30.2683,315,2019,0,2026-06-23,2026-05-16
T1904,Ga-Kgapane Substation 2 TX-054,F125,Ga-Kgapane,SS-GKG-02,Ga-Kgapane Substation 2,12.2,0.642,0.464,0.613,51.2,1,POLE-GKG-01904,-23.84041,30.34734,1600,2014,0,2026-04-23,2026-01-03
T1905,Nkowankowa Substation 2 TX-069,F167,Nkowankowa,SS-NKW-02,Nkowankowa Substation 2,8.0,0.788,0.378,0.436,54.4,0,POLE-NKW-01905,-23.93924,30.25651,100,2018,1,2025-12-04,2024-10-04
T1906,Modjadjiskloof Substation 3 TX-077,F123,Modjadjiskloof,SS-MDK-03,Modjadjiskloof Substation 3,2.8,0.553,0.425,0.487,55.1,0,POLE-MDK-01906,-23.71363,30.12365,50,2023,3,2026-05-19,2025-10-23
T1907,Tzaneen Substation 1 TX-066,F149,Tzaneen,SS-TZN-01,Tzaneen Substation 1,4.9,0.518,0.787,0.621,54.6,0,POLE-TZN-01907,-23.82797,30.16672,500,2021,1,2026-05-24,2026-01-16
T1908,Lenyenye Substation 1 TX-068,F081,Lenyenye,SS-LNY-01,Lenyenye Substation 1,13.8,0.655,0.827,0.657,53.2,0,POLE-LNY-01908,-23.95883,30.27067,500,2012,0,2026-06-17,2025-09-10
T1909,Bolobedu Substation 2 TX-062,F019,Bolobedu,SS-BLB-02,Bolobedu Substation 2,5.1,0.902,0.483,0.552,53.2,0,POLE-BLB-01909,-23.94706,30.37753,2000,2021,0,2026-05-13,2025-12-08
T1910,Ga-Kgapane Substation 1 TX-077,F471,Ga-Kgapane,SS-GKG-01,Ga-Kgapane Substation 1,20.7,0.538,0.826,0.695,53.3,0,POLE-GKG-01910,-23.83762,30.31287,200,2005,3,2026-03-31,2025-07-28
T1911,Lenyenye Substation 1 TX-069,F038,Lenyenye,SS-LNY-01,Lenyenye Substation 1,15.6,0.924,0.628,0.677,64.5,0,POLE-LNY-01911,-23.96297,30.27009,315,2010,1,2026-02-11,2025-06-02
T1912,Haenertsburg Substation 1 TX-074,F444,Haenertsburg,SS-HBG-01,Haenertsburg Substation 1,14.2,0.489,0.456,0.338,53.4,0,POLE-HBG-01912,-23.94687,29.95919,100,2012,1,2026-01-23,2026-02-22
T1913,Lenyenye Substation 2 TX-059,F002,Lenyenye,SS-LNY-02,Lenyenye Substation 2,12.1,0.545,0.544,0.535,62.0,1,POLE-LNY-01913,-23.94017,30.26596,315,2014,1,2026-02-25,2025-01-23
T1914,Bolobedu Substation 3 TX-063,F389,Bolobedu,SS-BLB-03,Bolobedu Substation 3,6.2,0.301,0.656,0.658,42.1,0,POLE-BLB-01914,-23.98137,30.45797,50,2020,0,2026-06-24,2026-04-04
T1915,Politsi Substation 3 TX-076,F165,Politsi,SS-PLT-03,Politsi Substation 3,17.1,0.576,0.85,0.612,59.7,0,POLE-PLT-01915,-23.83,30.07539,315,2009,0,2026-01-06,2025-10-25
T1916,Xihoko Substation 3 TX-089,F259,Xihoko,SS-XHK-03,Xihoko Substation 3,6.0,0.823,0.687,0.535,54.4,0,POLE-XHK-01916,-23.72483,30.37473,200,2020,1,2025-12-07,2024-08-03
T1917,Tzaneen Substation 2 TX-075,F142,Tzaneen,SS-TZN-02,Tzaneen Substation 2,21.4,0.636,0.284,0.405,68.5,1,POLE-TZN-01917,-23.79307,30.19891,315,2005,0,2026-04-04,2025-09-08
T1918,Politsi Substation 3 TX-077,F246,Politsi,SS-PLT-03,Politsi Substation 3,28.7,0.885,0.725,0.573,75.7,0,POLE-PLT-01918,-23.83358,30.07323,800,1997,2,2026-02-15,2026-06-02
T1919,Xihoko Substation 3 TX-090,F226,Xihoko,SS-XHK-03,Xihoko Substation 3,12.3,0.677,0.241,0.377,53.1,0,POLE-XHK-01919,-23.72458,30.36396,1600,2014,1,2026-07-15,2025-08-01
T1920,Lenyenye Substation 1 TX-070,F265,Lenyenye,SS-LNY-01,Lenyenye Substation 1,26.3,0.484,0.266,0.351,62.7,1,POLE-LNY-01920,-23.9681,30.27602,200,2000,1,2025-11-02,2025-02-23
T1921,Bolobedu Substation 2 TX-063,F197,Bolobedu,SS-BLB-02,Bolobedu Substation 2,4.9,0.791,0.243,0.448,57.5,0,POLE-BLB-01921,-23.95458,30.36548,1600,2021,0,2026-03-03,2025-03-28
T1922,Xihoko Substation 1 TX-096,F269,Xihoko,SS-XHK-01,Xihoko Substation 1,15.7,0.665,0.754,0.614,56.4,0,POLE-XHK-01922,-23.77638,30.36871,200,2010,0,2026-06-25,2025-03-14
T1923,Lenyenye Substation 1 TX-071,F413,Lenyenye,SS-LNY-01,Lenyenye Substation 1,11.0,0.221,0.734,0.589,51.2,0,POLE-LNY-01923,-23.97037,30.26496,50,2015,0,2026-01-31,2025-10-11
T1924,Bolobedu Substation 1 TX-066,F218,Bolobedu,SS-BLB-01,Bolobedu Substation 1,18.6,0.311,0.149,0.383,54.2,0,POLE-BLB-01924,-23.9617,30.35197,200,2007,4,2026-07-09,2025-01-14
T1925,Ga-Kgapane Substation 1 TX-078,F181,Ga-Kgapane,SS-GKG-01,Ga-Kgapane Substation 1,1.7,0.343,0.79,0.731,45.0,0,POLE-GKG-01925,-23.84242,30.3022,200,2024,0,2026-03-20,2026-04-22
T1926,Ga-Kgapane Substation 1 TX-079,F066,Ga-Kgapane,SS-GKG-01,Ga-Kgapane Substation 1,17.9,0.216,0.644,0.674,51.8,0,POLE-GKG-01926,-23.84379,30.30891,50,2008,1,2026-01-14,2025-07-24
T1927,Nkowankowa Substation 2 TX-070,F180,Nkowankowa,SS-NKW-02,Nkowankowa Substation 2,6.6,0.543,0.314,0.342,55.2,0,POLE-NKW-01927,-23.95287,30.2479,800,2019,2,2025-10-06,2025-12-13
T1928,Politsi Substation 1 TX-068,F063,Politsi,SS-PLT-01,Politsi Substation 1,11.4,0.431,0.874,0.635,54.7,0,POLE-PLT-01928,-23.79625,30.07392,800,2015,0,2026-07-23,2025-01-05
T1929,Politsi Substation 2 TX-078,F092,Politsi,SS-PLT-02,Politsi Substation 2,35.0,0.413,0.436,0.589,57.8,1,POLE-PLT-01929,-23.84507,30.01732,200,1991,2,2026-07-03,2025-10-15
T1930,Politsi Substation 3 TX-078,F477,Politsi,SS-PLT-03,Politsi Substation 3,16.1,0.558,0.759,0.811,53.0,0,POLE-PLT-01930,-23.83089,30.06334,1000,2010,1,2026-07-09,2026-02-25
T1931,Tzaneen Substation 1 TX-067,F045,Tzaneen,SS-TZN-01,Tzaneen Substation 1,14.7,0.788,0.762,0.808,53.7,0,POLE-TZN-01931,-23.82364,30.16087,100,2011,0,2026-03-24,2025-07-27
T1932,Ga-Kgapane Substation 2 TX-055,F242,Ga-Kgapane,SS-GKG-02,Ga-Kgapane Substation 2,13.9,0.803,0.602,0.575,61.1,0,POLE-GKG-01932,-23.85928,30.35808,2000,2012,1,2025-11-06,2025-10-29
T1933,Ga-Kgapane Substation 3 TX-068,F418,Ga-Kgapane,SS-GKG-03,Ga-Kgapane Substation 3,22.9,0.629,0.568,0.716,58.3,0,POLE-GKG-01933,-23.86025,30.37376,315,2003,2,2026-03-17,2026-06-12
T1934,Politsi Substation 3 TX-079,F477,Politsi,SS-PLT-03,Politsi Substation 3,19.1,0.894,0.334,0.432,69.6,1,POLE-PLT-01934,-23.84107,30.06325,200,2007,1,2026-05-10,2026-03-30
T1935,Nkowankowa Substation 1 TX-073,F074,Nkowankowa,SS-NKW-01,Nkowankowa Substation 1,14.0,0.706,0.894,0.82,55.2,0,POLE-NKW-01935,-23.89279,30.25356,1000,2012,1,2026-02-05,2024-09-21
T1936,Modjadjiskloof Substation 1 TX-090,F082,Modjadjiskloof,SS-MDK-01,Modjadjiskloof Substation 1,12.8,0.755,0.495,0.517,61.7,0,POLE-MDK-01936,-23.72149,30.12059,100,2013,1,2025-10-20,2025-08-04
T1937,Modjadjiskloof Substation 2 TX-067,F187,Modjadjiskloof,SS-MDK-02,Modjadjiskloof Substation 2,12.2,0.582,0.417,0.537,57.4,0,POLE-MDK-01937,-23.78299,30.13762,2000,2014,3,2025-08-28,2025-09-20
T1938,Modjadjiskloof Substation 1 TX-091,F278,Modjadjiskloof,SS-MDK-01,Modjadjiskloof Substation 1,10.6,0.938,0.703,0.715,63.0,0,POLE-MDK-01938,-23.71909,30.12758,1000,2015,1,2026-06-23,2026-01-15
T1939,Xihoko Substation 1 TX-097,F480,Xihoko,SS-XHK-01,Xihoko Substation 1,4.0,0.535,0.601,0.542,44.1,0,POLE-XHK-01939,-23.78627,30.37406,100,2022,0,2026-06-30,2025-08-17
T1940,Politsi Substation 3 TX-080,F104,Politsi,SS-PLT-03,Politsi Substation 3,15.9,0.643,0.694,0.675,60.1,0,POLE-PLT-01940,-23.84379,30.07828,200,2010,0,2026-07-12,2025-09-01
T1941,Xihoko Substation 1 TX-098,F083,Xihoko,SS-XHK-01,Xihoko Substation 1,7.2,0.175,0.63,0.61,35.6,0,POLE-XHK-01941,-23.77403,30.3676,2000,2019,1,2026-07-01,2026-05-21
T1942,Modjadjiskloof Substation 2 TX-068,F127,Modjadjiskloof,SS-MDK-02,Modjadjiskloof Substation 2,9.6,0.629,0.552,0.505,42.6,0,POLE-MDK-01942,-23.77989,30.12176,500,2016,0,2026-07-17,2025-12-29
T1943,Xihoko Substation 1 TX-099,F438,Xihoko,SS-XHK-01,Xihoko Substation 1,19.9,0.384,0.728,0.797,61.9,0,POLE-XHK-01943,-23.78041,30.37233,500,2006,1,2026-02-17,2026-04-13
T1944,Nkowankowa Substation 1 TX-074,F016,Nkowankowa,SS-NKW-01,Nkowankowa Substation 1,10.7,0.843,0.534,0.53,56.8,0,POLE-NKW-01944,-23.90468,30.24067,1000,2015,0,2026-03-16,2026-05-09
T1945,Tzaneen Substation 3 TX-067,F191,Tzaneen,SS-TZN-03,Tzaneen Substation 3,10.1,0.527,0.199,0.306,55.9,0,POLE-TZN-01945,-23.83696,30.19464,200,2016,0,2024-07-31,2026-06-16
T1946,Lenyenye Substation 2 TX-060,F060,Lenyenye,SS-LNY-02,Lenyenye Substation 2,12.4,0.337,0.725,0.776,37.5,0,POLE-LNY-01946,-23.94359,30.26899,315,2014,2,2026-05-09,2024-06-30
T1947,Nkowankowa Substation 1 TX-075,F079,Nkowankowa,SS-NKW-01,Nkowankowa Substation 1,8.7,0.492,0.152,0.299,54.4,0,POLE-NKW-01947,-23.89931,30.23795,315,2017,1,2026-03-01,2022-04-16
T1948,Politsi Substation 2 TX-079,F459,Politsi,SS-PLT-02,Politsi Substation 2,35.0,0.883,0.281,0.549,77.6,1,POLE-PLT-01948,-23.83172,30.02338,315,1991,5,2025-10-24,2023-12-18
T1949,Modjadjiskloof Substation 2 TX-069,F001,Modjadjiskloof,SS-MDK-02,Modjadjiskloof Substation 2,33.6,0.644,0.605,0.521,72.2,1,POLE-MDK-01949,-23.77807,30.12816,200,1992,4,2026-05-22,2025-03-15
T1950,Tzaneen Substation 2 TX-076,F161,Tzaneen,SS-TZN-02,Tzaneen Substation 2,33.1,0.97,0.705,0.682,68.9,1,POLE-TZN-01950,-23.8005,30.20189,315,1993,1,2026-06-22,2025-10-19
T1951,Nkowankowa Substation 3 TX-063,F458,Nkowankowa,SS-NKW-03,Nkowankowa Substation 3,13.9,0.953,0.589,0.528,63.6,1,POLE-NKW-01951,-23.921,30.2626,1600,2012,1,2026-03-28,2026-01-27
T1952,Lenyenye Substation 1 TX-072,F305,Lenyenye,SS-LNY-01,Lenyenye Substation 1,6.8,0.548,0.613,0.538,54.3,0,POLE-LNY-01952,-23.95417,30.2806,500,2019,0,2026-05-03,2026-01-01
T1953,Haenertsburg Substation 3 TX-062,F036,Haenertsburg,SS-HBG-03,Haenertsburg Substation 3,20.3,0.682,0.623,0.748,60.9,0,POLE-HBG-01953,-23.9972,29.91937,50,2006,1,2026-04-05,2026-05-19
T1954,Bolobedu Substation 3 TX-064,F233,Bolobedu,SS-BLB-03,Bolobedu Substation 3,8.8,0.235,0.792,0.789,42.9,0,POLE-BLB-01954,-23.98107,30.45896,50,2017,1,2025-12-11,2026-01-19
T1955,Haenertsburg Substation 1 TX-075,F486,Haenertsburg,SS-HBG-01,Haenertsburg Substation 1,21.5,0.141,0.472,0.513,56.6,0,POLE-HBG-01955,-23.94422,29.96013,50,2005,2,2026-06-01,2026-06-06
T1956,Haenertsburg Substation 1 TX-076,F201,Haenertsburg,SS-HBG-01,Haenertsburg Substation 1,6.6,0.674,0.802,0.796,49.9,0,POLE-HBG-01956,-23.95274,29.9619,100,2019,0,2026-06-17,2025-12-14
T1957,Lenyenye Substation 1 TX-073,F265,Lenyenye,SS-LNY-01,Lenyenye Substation 1,14.6,0.494,0.51,0.702,60.0,0,POLE-LNY-01957,-23.95822,30.27305,1000,2011,0,2026-01-21,2026-05-10
T1958,Haenertsburg Substation 2 TX-086,F266,Haenertsburg,SS-HBG-02,Haenertsburg Substation 2,23.5,0.293,0.79,0.802,50.6,0,POLE-HBG-01958,-23.9826,29.9182,800,2003,3,2026-06-16,2025-07-07
T1959,Bolobedu Substation 2 TX-064,F331,Bolobedu,SS-BLB-02,Bolobedu Substation 2,9.2,0.376,0.384,0.279,58.2,0,POLE-BLB-01959,-23.94614,30.36855,315,2017,3,2024-11-25,2025-11-28
T1960,Lenyenye Substation 3 TX-066,F094,Lenyenye,SS-LNY-03,Lenyenye Substation 3,9.1,0.41,0.79,0.633,52.8,0,POLE-LNY-01960,-23.9425,30.30235,50,2017,0,2026-05-22,2025-01-18
T1961,Haenertsburg Substation 3 TX-063,F420,Haenertsburg,SS-HBG-03,Haenertsburg Substation 3,3.1,0.58,0.086,0.348,46.2,0,POLE-HBG-01961,-24.0066,29.93651,200,2023,1,2026-01-18,2024-07-31
T1962,Nkowankowa Substation 1 TX-076,F495,Nkowankowa,SS-NKW-01,Nkowankowa Substation 1,6.7,0.535,0.628,0.608,53.1,0,POLE-NKW-01962,-23.91041,30.24229,200,2019,0,2026-01-04,2025-07-12
T1963,Tzaneen Substation 3 TX-068,F072,Tzaneen,SS-TZN-03,Tzaneen Substation 3,13.7,0.503,0.384,0.38,55.3,0,POLE-TZN-01963,-23.82777,30.19958,500,2012,0,2026-03-21,2024-06-03
T1964,Ga-Kgapane Substation 3 TX-069,F410,Ga-Kgapane,SS-GKG-03,Ga-Kgapane Substation 3,15.2,0.74,0.611,0.641,54.8,0,POLE-GKG-01964,-23.86446,30.39027,315,2011,2,2026-05-03,2025-11-10
T1965,Haenertsburg Substation 1 TX-077,F409,Haenertsburg,SS-HBG-01,Haenertsburg Substation 1,16.7,0.892,0.814,0.752,60.0,0,POLE-HBG-01965,-23.93746,29.96221,100,2009,0,2026-02-27,2025-04-17
T1966,Modjadjiskloof Substation 2 TX-070,F371,Modjadjiskloof,SS-MDK-02,Modjadjiskloof Substation 2,2.1,0.649,0.895,0.734,49.1,0,POLE-MDK-01966,-23.77749,30.12985,315,2024,0,2026-06-25,2025-10-16
T1967,Ga-Kgapane Substation 2 TX-056,F186,Ga-Kgapane,SS-GKG-02,Ga-Kgapane Substation 2,8.8,0.374,0.637,0.661,39.8,0,POLE-GKG-01967,-23.84615,30.34736,100,2017,0,2026-04-02,2025-02-02
T1968,Ga-Kgapane Substation 1 TX-080,F235,Ga-Kgapane,SS-GKG-01,Ga-Kgapane Substation 1,3.5,0.334,0.78,0.794,41.3,0,POLE-GKG-01968,-23.83834,30.30464,50,2023,1,2026-06-27,2025-11-29
T1969,Haenertsburg Substation 3 TX-064,F420,Haenertsburg,SS-HBG-03,Haenertsburg Substation 3,13.3,0.296,0.693,0.669,47.3,0,POLE-HBG-01969,-24.00421,29.92742,2000,2013,0,2026-02-14,2025-03-19
T1970,Nkowankowa Substation 2 TX-071,F077,Nkowankowa,SS-NKW-02,Nkowankowa Substation 2,2.6,0.231,0.7,0.512,48.6,0,POLE-NKW-01970,-23.95433,30.2589,1600,2023,0,2026-05-16,2025-01-21
T1971,Bolobedu Substation 3 TX-065,F415,Bolobedu,SS-BLB-03,Bolobedu Substation 3,4.5,0.313,0.935,0.832,37.4,0,POLE-BLB-01971,-23.99244,30.44058,2000,2022,0,2026-05-08,2025-12-13
T1972,Modjadjiskloof Substation 1 TX-092,F461,Modjadjiskloof,SS-MDK-01,Modjadjiskloof Substation 1,18.9,0.243,0.654,0.606,57.7,0,POLE-MDK-01972,-23.71368,30.11747,50,2007,0,2025-12-29,2026-03-22
T1973,Nkowankowa Substation 2 TX-072,F341,Nkowankowa,SS-NKW-02,Nkowankowa Substation 2,7.4,0.706,0.675,0.726,54.8,0,POLE-NKW-01973,-23.94635,30.25614,1000,2019,1,2026-06-18,2025-04-16
T1974,Bolobedu Substation 3 TX-066,F171,Bolobedu,SS-BLB-03,Bolobedu Substation 3,26.5,0.49,0.633,0.713,59.7,0,POLE-BLB-01974,-23.98774,30.45971,1600,2000,5,2026-03-15,2025-11-07
T1975,Ga-Kgapane Substation 2 TX-057,F280,Ga-Kgapane,SS-GKG-02,Ga-Kgapane Substation 2,17.0,0.5,0.409,0.419,66.0,0,POLE-GKG-01975,-23.8471,30.35797,315,2009,1,2025-12-21,2024-10-07
T1976,Xihoko Substation 1 TX-100,F026,Xihoko,SS-XHK-01,Xihoko Substation 1,9.2,0.366,0.948,0.833,54.2,0,POLE-XHK-01976,-23.78498,30.37704,2000,2017,0,2026-04-12,2026-03-19
T1977,Lenyenye Substation 3 TX-067,F466,Lenyenye,SS-LNY-03,Lenyenye Substation 3,20.8,0.256,0.364,0.468,54.7,0,POLE-LNY-01977,-23.95316,30.3045,2000,2005,2,2026-04-18,2026-06-03
T1978,Xihoko Substation 2 TX-071,F172,Xihoko,SS-XHK-02,Xihoko Substation 2,9.8,0.182,0.666,0.579,41.8,0,POLE-XHK-01978,-23.8018,30.31178,100,2016,0,2026-07-06,2026-06-19
T1979,Lenyenye Substation 3 TX-068,F029,Lenyenye,SS-LNY-03,Lenyenye Substation 3,18.1,0.41,0.497,0.564,57.9,0,POLE-LNY-01979,-23.96108,30.30493,1600,2008,1,2025-11-17,2026-03-20
T1980,Politsi Substation 3 TX-081,F398,Politsi,SS-PLT-03,Politsi Substation 3,6.5,0.723,0.804,0.795,44.4,0,POLE-PLT-01980,-23.82797,30.07408,50,2020,1,2026-07-10,2025-05-13
T1981,Lenyenye Substation 3 TX-069,F329,Lenyenye,SS-LNY-03,Lenyenye Substation 3,21.6,0.686,0.716,0.537,57.9,0,POLE-LNY-01981,-23.94252,30.30477,100,2004,1,2026-07-12,2026-01-08
T1982,Politsi Substation 1 TX-069,F312,Politsi,SS-PLT-01,Politsi Substation 1,2.8,0.345,0.829,0.628,50.5,0,POLE-PLT-01982,-23.7915,30.06388,100,2023,2,2026-05-16,2025-07-31
T1983,Nkowankowa Substation 2 TX-073,F028,Nkowankowa,SS-NKW-02,Nkowankowa Substation 2,4.4,0.441,0.369,0.439,53.3,0,POLE-NKW-01983,-23.93783,30.25332,2000,2022,0,2026-05-21,2025-06-02
T1984,Nkowankowa Substation 3 TX-064,F376,Nkowankowa,SS-NKW-03,Nkowankowa Substation 3,5.1,0.601,0.776,0.678,45.8,0,POLE-NKW-01984,-23.91422,30.26916,1600,2021,3,2026-04-12,2026-07-04
T1985,Bolobedu Substation 1 TX-067,F319,Bolobedu,SS-BLB-01,Bolobedu Substation 1,7.0,0.743,0.605,0.646,70.6,0,POLE-BLB-01985,-23.96144,30.35661,200,2019,3,2026-02-05,2025-07-17
T1986,Haenertsburg Substation 3 TX-065,F397,Haenertsburg,SS-HBG-03,Haenertsburg Substation 3,14.1,0.643,0.371,0.588,51.1,1,POLE-HBG-01986,-24.00592,29.91613,2000,2012,3,2026-04-20,2025-07-05
T1987,Lenyenye Substation 2 TX-061,F414,Lenyenye,SS-LNY-02,Lenyenye Substation 2,11.2,0.944,0.651,0.631,65.2,0,POLE-LNY-01987,-23.94205,30.25871,100,2015,2,2025-07-26,2026-03-24
T1988,Lenyenye Substation 1 TX-074,F106,Lenyenye,SS-LNY-01,Lenyenye Substation 1,18.3,0.513,0.831,0.748,50.8,0,POLE-LNY-01988,-23.95615,30.26682,800,2008,0,2026-06-24,2025-10-22
T1989,Lenyenye Substation 1 TX-075,F106,Lenyenye,SS-LNY-01,Lenyenye Substation 1,23.7,0.279,0.811,0.656,63.4,0,POLE-LNY-01989,-23.95922,30.26099,1600,2002,0,2026-07-17,2024-11-29
T1990,Bolobedu Substation 3 TX-067,F462,Bolobedu,SS-BLB-03,Bolobedu Substation 3,2.5,0.502,0.493,0.438,48.0,0,POLE-BLB-01990,-23.9917,30.44398,2000,2023,0,2026-04-15,2025-09-18
T1991,Haenertsburg Substation 2 TX-087,F266,Haenertsburg,SS-HBG-02,Haenertsburg Substation 2,25.5,0.558,0.758,0.55,62.3,0,POLE-HBG-01991,-23.98165,29.93666,100,2000,3,2026-05-05,2025-03-20
T1992,Xihoko Substation 3 TX-091,F219,Xihoko,SS-XHK-03,Xihoko Substation 3,9.6,0.854,0.514,0.419,54.0,0,POLE-XHK-01992,-23.72598,30.37455,1000,2016,0,2026-02-17,2025-10-28
T1993,Bolobedu Substation 2 TX-065,F144,Bolobedu,SS-BLB-02,Bolobedu Substation 2,32.7,0.423,0.661,0.622,74.1,1,POLE-BLB-01993,-23.94731,30.37644,1000,1993,1,2026-05-24,2024-03-06
T1994,Ga-Kgapane Substation 3 TX-070,F320,Ga-Kgapane,SS-GKG-03,Ga-Kgapane Substation 3,6.2,0.928,0.307,0.308,61.5,0,POLE-GKG-01994,-23.85514,30.38512,800,2020,1,2026-06-28,2026-03-05
T1995,Lenyenye Substation 3 TX-070,F377,Lenyenye,SS-LNY-03,Lenyenye Substation 3,1.8,0.506,0.69,0.643,49.1,0,POLE-LNY-01995,-23.95897,30.30948,1600,2024,0,2026-04-25,2025-10-14
T1996,Lenyenye Substation 2 TX-062,F002,Lenyenye,SS-LNY-02,Lenyenye Substation 2,17.1,0.651,0.389,0.448,62.6,1,POLE-LNY-01996,-23.93062,30.26415,2000,2009,2,2026-02-19,2026-05-17
T1997,Xihoko Substation 2 TX-072,F277,Xihoko,SS-XHK-02,Xihoko Substation 2,16.4,0.678,0.562,0.688,55.6,0,POLE-XHK-01997,-23.78842,30.30976,100,2010,2,2026-04-04,2025-09-06
T1998,Politsi Substation 1 TX-070,F497,Politsi,SS-PLT-01,Politsi Substation 1,4.5,0.454,0.863,0.722,34.6,0,POLE-PLT-01998,-23.80296,30.06203,500,2021,1,2026-04-21,2026-06-27
T1999,Xihoko Substation 2 TX-073,F141,Xihoko,SS-XHK-02,Xihoko Substation 2,5.0,0.185,0.6,0.652,40.2,0,POLE-XHK-01999,-23.80807,30.30945,100,2021,0,2026-03-30,2025-12-09
T2000,Xihoko Substation 2 TX-074,F141,Xihoko,SS-XHK-02,Xihoko Substation 2,19.2,0.278,0.579,0.709,49.5,0,POLE-XHK-02000,-23.79529,30.30698,315,2007,2,2026-04-06,2024-10-29
T2001,Xihoko Substation 1 TX-101,F440,Xihoko,SS-XHK-01,Xihoko Substation 1,14.5,0.194,0.717,0.49,51.8,0,POLE-XHK-02001,-23.7819,30.37343,315,2011,0,2026-06-04,2025-02-22
T2002,Tzaneen Substation 2 TX-077,F032,Tzaneen,SS-TZN-02,Tzaneen Substation 2,8.9,0.248,0.626,0.741,54.2,0,POLE-TZN-02002,-23.80795,30.19445,1000,2017,2,2026-06-01,2026-05-25
T2003,Ga-Kgapane Substation 3 TX-071,F199,Ga-Kgapane,SS-GKG-03,Ga-Kgapane Substation 3,15.5,0.26,0.365,0.36,57.8,1,POLE-GKG-02003,-23.85765,30.37555,800,2010,1,2025-07-29,2024-07-13
T2004,Lenyenye Substation 2 TX-063,F230,Lenyenye,SS-LNY-02,Lenyenye Substation 2,13.6,0.606,0.527,0.603,60.9,0,POLE-LNY-02004,-23.939,30.26386,1000,2012,0,2026-06-13,2025-12-01
T2005,Bolobedu Substation 3 TX-068,F399,Bolobedu,SS-BLB-03,Bolobedu Substation 3,5.4,0.825,0.677,0.626,54.6,0,POLE-BLB-02005,-23.97305,30.4404,1000,2021,0,2025-10-26,2025-12-28
T2006,Haenertsburg Substation 1 TX-078,F065,Haenertsburg,SS-HBG-01,Haenertsburg Substation 1,20.2,0.269,0.638,0.746,44.0,0,POLE-HBG-02006,-23.95589,29.96519,315,2006,1,2026-06-08,2026-02-05
T2007,Bolobedu Substation 1 TX-068,F218,Bolobedu,SS-BLB-01,Bolobedu Substation 1,17.6,0.762,0.387,0.546,62.1,0,POLE-BLB-02007,-23.96787,30.35093,800,2008,2,2025-09-28,2026-01-09
T2008,Nkowankowa Substation 2 TX-074,F077,Nkowankowa,SS-NKW-02,Nkowankowa Substation 2,11.3,0.362,0.996,0.928,40.4,0,POLE-NKW-02008,-23.94768,30.24819,500,2015,0,2026-04-12,2026-05-20
T2009,Politsi Substation 2 TX-080,F394,Politsi,SS-PLT-02,Politsi Substation 2,19.2,0.258,0.624,0.657,51.1,1,POLE-PLT-02009,-23.83591,30.01623,500,2007,1,2026-03-02,2026-02-07
T2010,Bolobedu Substation 2 TX-066,F317,Bolobedu,SS-BLB-02,Bolobedu Substation 2,35.0,0.621,0.691,0.746,64.8,1,POLE-BLB-02010,-23.94194,30.36419,100,1991,3,2026-07-28,2026-01-10
T2011,Haenertsburg Substation 2 TX-088,F249,Haenertsburg,SS-HBG-02,Haenertsburg Substation 2,4.9,0.842,0.883,0.797,44.7,0,POLE-HBG-02011,-23.98646,29.94806,200,2021,2,2026-06-16,2026-07-05
T2012,Bolobedu Substation 2 TX-067,F197,Bolobedu,SS-BLB-02,Bolobedu Substation 2,9.2,0.303,0.522,0.63,53.2,1,POLE-BLB-02012,-23.95588,30.36662,100,2017,0,2026-03-23,2026-03-12
T2013,Nkowankowa Substation 2 TX-075,F077,Nkowankowa,SS-NKW-02,Nkowankowa Substation 2,9.6,0.539,0.521,0.51,53.7,0,POLE-NKW-02013,-23.94625,30.25678,100,2016,1,2026-01-04,2025-04-26
T2014,Modjadjiskloof Substation 1 TX-093,F461,Modjadjiskloof,SS-MDK-01,Modjadjiskloof Substation 1,18.9,0.226,0.388,0.51,51.5,0,POLE-MDK-02014,-23.72086,30.11384,315,2007,1,2026-04-06,2025-11-15
T2015,Bolobedu Substation 2 TX-068,F324,Bolobedu,SS-BLB-02,Bolobedu Substation 2,7.0,0.69,0.512,0.67,47.8,0,POLE-BLB-02015,-23.94949,30.3623,100,2019,1,2026-06-28,2025-05-17
T2016,Modjadjiskloof Substation 1 TX-094,F160,Modjadjiskloof,SS-MDK-01,Modjadjiskloof Substation 1,18.2,0.292,0.479,0.481,52.3,1,POLE-MDK-02016,-23.72266,30.12133,500,2008,3,2026-04-09,2026-05-28
T2017,Nkowankowa Substation 2 TX-076,F207,Nkowankowa,SS-NKW-02,Nkowankowa Substation 2,7.6,0.728,0.746,0.634,50.8,0,POLE-NKW-02017,-23.95017,30.25087,1000,2018,1,2026-04-05,2026-06-08
T2018,Haenertsburg Substation 3 TX-066,F364,Haenertsburg,SS-HBG-03,Haenertsburg Substation 3,4.4,0.547,0.724,0.78,40.7,0,POLE-HBG-02018,-24.00664,29.92568,100,2022,0,2026-05-18,2025-11-17
T2019,Lenyenye Substation 1 TX-076,F360,Lenyenye,SS-LNY-01,Lenyenye Substation 1,11.8,0.217,0.781,0.839,43.6,0,POLE-LNY-02019,-23.95228,30.26962,100,2014,0,2025-12-11,2026-04-25
T2020,Modjadjiskloof Substation 2 TX-071,F231,Modjadjiskloof,SS-MDK-02,Modjadjiskloof Substation 2,7.5,0.654,0.375,0.381,55.7,0,POLE-MDK-02020,-23.77232,30.12409,100,2019,2,2026-03-22,2026-02-10
T2021,Bolobedu Substation 2 TX-069,F152,Bolobedu,SS-BLB-02,Bolobedu Substation 2,12.7,0.848,0.281,0.369,69.3,1,POLE-BLB-02021,-23.9532,30.37758,1600,2013,0,2025-11-06,2025-12-17
T2022,Modjadjiskloof Substation 2 TX-072,F330,Modjadjiskloof,SS-MDK-02,Modjadjiskloof Substation 2,14.8,0.334,0.582,0.43,52.7,0,POLE-MDK-02022,-23.77738,30.14081,100,2011,2,2026-05-27,2026-02-07
T2023,Modjadjiskloof Substation 2 TX-073,F330,Modjadjiskloof,SS-MDK-02,Modjadjiskloof Substation 2,2.7,0.425,0.379,0.427,49.9,0,POLE-MDK-02023,-23.77481,30.13501,2000,2023,3,2026-01-07,2025-12-08
T2024,Modjadjiskloof Substation 1 TX-095,F300,Modjadjiskloof,SS-MDK-01,Modjadjiskloof Substation 1,8.2,0.183,0.41,0.445,47.3,0,POLE-MDK-02024,-23.71501,30.11324,1600,2018,2,2026-05-27,2025-06-22
T2025,Haenertsburg Substation 1 TX-079,F037,Haenertsburg,SS-HBG-01,Haenertsburg Substation 1,11.8,0.462,0.773,0.816,50.5,0,POLE-HBG-02025,-23.93747,29.96141,315,2014,0,2026-03-11,2024-01-18
T2026,Haenertsburg Substation 3 TX-067,F237,Haenertsburg,SS-HBG-03,Haenertsburg Substation 3,19.3,0.727,0.726,0.754,55.8,1,POLE-HBG-02026,-24.00445,29.92579,1000,2007,2,2026-05-19,2026-03-26
T2027,Modjadjiskloof Substation 2 TX-074,F307,Modjadjiskloof,SS-MDK-02,Modjadjiskloof Substation 2,17.7,0.435,0.744,0.546,60.9,0,POLE-MDK-02027,-23.78485,30.12524,100,2008,0,2026-07-04,2024-12-23
T2028,Tzaneen Substation 2 TX-078,F476,Tzaneen,SS-TZN-02,Tzaneen Substation 2,5.8,0.676,0.683,0.646,46.8,0,POLE-TZN-02028,-23.81581,30.19857,100,2020,0,2026-05-25,2026-07-10
T2029,Lenyenye Substation 3 TX-071,F263,Lenyenye,SS-LNY-03,Lenyenye Substation 3,9.9,0.544,0.852,0.789,49.9,0,POLE-LNY-02029,-23.94857,30.30391,800,2016,1,2026-06-26,2026-02-03
T2030,Xihoko Substation 2 TX-075,F172,Xihoko,SS-XHK-02,Xihoko Substation 2,15.4,0.448,0.433,0.654,47.3,1,POLE-XHK-02030,-23.80435,30.30208,800,2011,2,2026-05-01,2025-11-18
T2031,Modjadjiskloof Substation 1 TX-096,F278,Modjadjiskloof,SS-MDK-01,Modjadjiskloof Substation 1,9.4,0.592,0.844,0.623,52.9,0,POLE-MDK-02031,-23.71543,30.1217,200,2017,1,2026-07-07,2026-03-11
T2032,Lenyenye Substation 1 TX-077,F089,Lenyenye,SS-LNY-01,Lenyenye Substation 1,6.3,0.503,0.464,0.439,57.4,0,POLE-LNY-02032,-23.96446,30.26423,500,2020,2,2026-07-01,2025-12-06
T2033,Bolobedu Substation 1 TX-069,F046,Bolobedu,SS-BLB-01,Bolobedu Substation 1,10.8,0.618,0.798,0.723,55.9,0,POLE-BLB-02033,-23.96996,30.34746,500,2015,0,2026-06-26,2025-12-29
T2034,Nkowankowa Substation 3 TX-065,F340,Nkowankowa,SS-NKW-03,Nkowankowa Substation 3,14.4,0.501,0.911,0.759,57.3,0,POLE-NKW-02034,-23.91747,30.26564,800,2012,1,2026-07-21,2026-05-01
T2035,Modjadjiskloof Substation 3 TX-078,F494,Modjadjiskloof,SS-MDK-03,Modjadjiskloof Substation 3,5.4,0.708,0.597,0.652,51.5,0,POLE-MDK-02035,-23.71921,30.11996,200,2021,0,2025-12-21,2025-09-25
T2036,Politsi Substation 3 TX-082,F424,Politsi,SS-PLT-03,Politsi Substation 3,16.5,0.826,0.687,0.616,67.5,0,POLE-PLT-02036,-23.82638,30.07323,1600,2010,1,2026-05-01,2025-10-06
T2037,Bolobedu Substation 2 TX-070,F292,Bolobedu,SS-BLB-02,Bolobedu Substation 2,12.3,0.441,0.477,0.634,48.2,0,POLE-BLB-02037,-23.94936,30.37558,800,2014,2,2026-03-31,2025-12-23
T2038,Modjadjiskloof Substation 1 TX-097,F021,Modjadjiskloof,SS-MDK-01,Modjadjiskloof Substation 1,16.9,0.244,0.694,0.694,46.7,0,POLE-MDK-02038,-23.73173,30.12034,500,2009,0,2026-05-19,2026-01-17
T2039,Modjadjiskloof Substation 3 TX-079,F494,Modjadjiskloof,SS-MDK-03,Modjadjiskloof Substation 3,10.7,0.405,0.915,0.766,48.2,0,POLE-MDK-02039,-23.70457,30.12217,500,2015,0,2026-07-05,2025-08-10
T2040,Xihoko Substation 3 TX-092,F225,Xihoko,SS-XHK-03,Xihoko Substation 3,32.0,0.466,0.807,0.773,65.8,1,POLE-XHK-02040,-23.71146,30.37785,200,1994,3,2026-04-13,2025-09-13
T2041,Lenyenye Substation 2 TX-064,F145,Lenyenye,SS-LNY-02,Lenyenye Substation 2,14.2,0.611,0.85,0.877,49.5,0,POLE-LNY-02041,-23.93118,30.26208,315,2012,1,2026-04-28,2026-04-14
T2042,Ga-Kgapane Substation 2 TX-058,F447,Ga-Kgapane,SS-GKG-02,Ga-Kgapane Substation 2,18.2,0.42,0.75,0.6,58.8,0,POLE-GKG-02042,-23.83989,30.35608,1600,2008,1,2026-06-27,2025-01-13
T2043,Modjadjiskloof Substation 3 TX-080,F374,Modjadjiskloof,SS-MDK-03,Modjadjiskloof Substation 3,16.5,0.819,0.31,0.454,66.9,1,POLE-MDK-02043,-23.71744,30.12241,100,2010,2,2025-12-18,2025-08-10
T2044,Bolobedu Substation 3 TX-069,F375,Bolobedu,SS-BLB-03,Bolobedu Substation 3,9.8,0.779,0.677,0.724,57.7,0,POLE-BLB-02044,-23.98062,30.44733,100,2016,2,2026-06-30,2026-01-30
T2045,Tzaneen Substation 1 TX-068,F139,Tzaneen,SS-TZN-01,Tzaneen Substation 1,13.3,0.626,0.304,0.377,56.7,1,POLE-TZN-02045,-23.82114,30.15833,100,2013,0,2026-03-15,2024-09-04
T2046,Bolobedu Substation 1 TX-070,F496,Bolobedu,SS-BLB-01,Bolobedu Substation 1,7.1,0.783,0.949,0.91,49.2,0,POLE-BLB-02046,-23.97522,30.34787,2000,2019,0,2026-03-27,2026-06-27
T2047,Bolobedu Substation 2 TX-071,F227,Bolobedu,SS-BLB-02,Bolobedu Substation 2,30.5,0.797,0.812,0.636,69.9,0,POLE-BLB-02047,-23.95625,30.37649,1600,1996,0,2026-01-16,2026-03-15
T2048,Haenertsburg Substation 2 TX-089,F266,Haenertsburg,SS-HBG-02,Haenertsburg Substation 2,15.3,0.416,0.456,0.65,54.3,0,POLE-HBG-02048,-23.98431,29.9224,2000,2011,1,2026-04-24,2025-01-18
T2049,Nkowankowa Substation 3 TX-066,F376,Nkowankowa,SS-NKW-03,Nkowankowa Substation 3,6.0,0.376,0.857,0.797,39.5,0,POLE-NKW-02049,-23.91168,30.27797,200,2020,0,2026-06-24,2025-11-17
T2050,Modjadjiskloof Substation 2 TX-075,F330,Modjadjiskloof,SS-MDK-02,Modjadjiskloof Substation 2,26.2,0.611,0.746,0.759,55.0,0,POLE-MDK-02050,-23.7836,30.12463,315,2000,0,2026-07-12,2025-10-09
T2051,Lenyenye Substation 3 TX-072,F087,Lenyenye,SS-LNY-03,Lenyenye Substation 3,10.2,0.353,0.252,0.467,40.8,0,POLE-LNY-02051,-23.95571,30.29262,200,2016,1,2026-04-21,2025-11-03
T2052,Bolobedu Substation 2 TX-072,F152,Bolobedu,SS-BLB-02,Bolobedu Substation 2,19.9,0.501,0.726,0.54,63.0,1,POLE-BLB-02052,-23.95816,30.367,1000,2006,2,2026-05-29,2026-03-21
T2053,Ga-Kgapane Substation 1 TX-081,F181,Ga-Kgapane,SS-GKG-01,Ga-Kgapane Substation 1,2.6,0.508,0.365,0.576,53.1,0,POLE-GKG-02053,-23.84179,30.28724,1000,2023,1,2025-11-23,2025-12-08
T2054,Xihoko Substation 3 TX-093,F474,Xihoko,SS-XHK-03,Xihoko Substation 3,23.2,0.491,0.563,0.65,49.0,0,POLE-XHK-02054,-23.71301,30.36209,2000,2003,1,2026-04-10,2025-07-09
T2055,Lenyenye Substation 3 TX-073,F358,Lenyenye,SS-LNY-03,Lenyenye Substation 3,14.9,0.249,0.68,0.532,51.2,0,POLE-LNY-02055,-23.96073,30.30383,200,2011,0,2026-07-02,2025-11-23
T2056,Nkowankowa Substation 2 TX-077,F184,Nkowankowa,SS-NKW-02,Nkowankowa Substation 2,5.6,0.434,0.386,0.486,48.3,0,POLE-NKW-02056,-23.93961,30.24104,2000,2020,1,2026-01-02,2025-05-05
T2057,Ga-Kgapane Substation 3 TX-072,F368,Ga-Kgapane,SS-GKG-03,Ga-Kgapane Substation 3,14.7,0.404,0.549,0.622,58.6,0,POLE-GKG-02057,-23.86967,30.37025,2000,2011,0,2026-01-06,2025-09-11
T2058,Modjadjiskloof Substation 3 TX-081,F370,Modjadjiskloof,SS-MDK-03,Modjadjiskloof Substation 3,28.6,0.473,0.561,0.593,61.8,0,POLE-MDK-02058,-23.70177,30.12143,100,1997,0,2026-03-31,2026-03-14
T2059,Nkowankowa Substation 3 TX-067,F198,Nkowankowa,SS-NKW-03,Nkowankowa Substation 3,7.3,0.655,0.678,0.682,55.2,0,POLE-NKW-02059,-23.91986,30.26775,315,2019,2,2026-02-19,2025-10-01
T2060,Ga-Kgapane Substation 1 TX-082,F202,Ga-Kgapane,SS-GKG-01,Ga-Kgapane Substation 1,7.2,0.503,0.869,0.775,45.3,0,POLE-GKG-02060,-23.83942,30.30375,100,2019,0,2026-05-22,2025-07-27
T2061,Xihoko Substation 1 TX-102,F448,Xihoko,SS-XHK-01,Xihoko Substation 1,9.7,0.598,0.734,0.618,50.4,0,POLE-XHK-02061,-23.78435,30.3706,2000,2016,3,2026-03-11,2026-04-20
T2062,Ga-Kgapane Substation 2 TX-059,F281,Ga-Kgapane,SS-GKG-02,Ga-Kgapane Substation 2,11.7,0.251,0.834,0.817,47.7,0,POLE-GKG-02062,-23.84444,30.35314,500,2014,0,2026-06-13,2026-03-04
T2063,Bolobedu Substation 2 TX-073,F075,Bolobedu,SS-BLB-02,Bolobedu Substation 2,20.7,0.714,0.507,0.627,68.2,0,POLE-BLB-02063,-23.95929,30.37367,50,2005,2,2025-10-25,2026-01-02
T2064,Lenyenye Substation 1 TX-078,F360,Lenyenye,SS-LNY-01,Lenyenye Substation 1,15.4,0.392,0.757,0.585,47.0,0,POLE-LNY-02064,-23.9603,30.27504,500,2011,2,2026-07-02,2025-10-03
T2065,Nkowankowa Substation 3 TX-068,F295,Nkowankowa,SS-NKW-03,Nkowankowa Substation 3,9.7,0.309,0.926,0.82,49.6,0,POLE-NKW-02065,-23.92407,30.26768,100,2016,1,2025-09-20,2024-12-20
T2066,Modjadjiskloof Substation 3 TX-082,F255,Modjadjiskloof,SS-MDK-03,Modjadjiskloof Substation 3,13.7,0.394,0.868,0.665,46.1,0,POLE-MDK-02066,-23.71685,30.12415,315,2012,1,2025-11-29,2026-03-31
T2067,Haenertsburg Substation 3 TX-068,F363,Haenertsburg,SS-HBG-03,Haenertsburg Substation 3,31.5,0.364,0.519,0.603,50.4,0,POLE-HBG-02067,-23.9937,29.91354,800,1994,4,2025-10-22,2026-01-04
T2068,Xihoko Substation 1 TX-103,F454,Xihoko,SS-XHK-01,Xihoko Substation 1,17.2,0.433,0.686,0.687,53.5,0,POLE-XHK-02068,-23.77244,30.36658,50,2009,0,2026-06-14,2026-03-27
T2069,Ga-Kgapane Substation 3 TX-073,F166,Ga-Kgapane,SS-GKG-03,Ga-Kgapane Substation 3,10.5,0.845,0.658,0.538,63.8,0,POLE-GKG-02069,-23.85565,30.38796,2000,2016,1,2026-05-20,2026-06-08
T2070,Nkowankowa Substation 1 TX-077,F210,Nkowankowa,SS-NKW-01,Nkowankowa Substation 1,9.5,0.31,0.743,0.527,41.5,0,POLE-NKW-02070,-23.89859,30.2394,315,2016,0,2026-06-04,2025-06-19
T2071,Lenyenye Substation 2 TX-065,F095,Lenyenye,SS-LNY-02,Lenyenye Substation 2,13.2,0.551,0.908,0.777,42.1,0,POLE-LNY-02071,-23.93444,30.26659,800,2013,0,2026-06-24,2024-12-08
T2072,Bolobedu Substation 2 TX-074,F324,Bolobedu,SS-BLB-02,Bolobedu Substation 2,20.6,0.717,0.779,0.704,59.0,0,POLE-BLB-02072,-23.94165,30.37164,200,2005,1,2026-06-09,2025-08-01
T2073,Ga-Kgapane Substation 1 TX-083,F202,Ga-Kgapane,SS-GKG-01,Ga-Kgapane Substation 1,6.5,0.657,0.843,0.745,47.8,0,POLE-GKG-02073,-23.83695,30.29697,1000,2020,0,2026-04-12,2026-04-25
T2074,Xihoko Substation 2 TX-076,F172,Xihoko,SS-XHK-02,Xihoko Substation 2,18.8,0.233,0.547,0.529,59.7,0,POLE-XHK-02074,-23.79196,30.30406,500,2007,3,2026-05-08,2026-03-30
T2075,Politsi Substation 2 TX-081,F349,Politsi,SS-PLT-02,Politsi Substation 2,10.3,0.483,0.446,0.503,53.9,0,POLE-PLT-02075,-23.82647,30.02418,500,2016,0,2026-06-15,2025-12-18
T2076,Haenertsburg Substation 3 TX-069,F205,Haenertsburg,SS-HBG-03,Haenertsburg Substation 3,11.5,0.242,0.767,0.668,49.8,0,POLE-HBG-02076,-24.00116,29.92628,200,2015,0,2026-07-15,2026-03-14
T2077,Bolobedu Substation 3 TX-070,F233,Bolobedu,SS-BLB-03,Bolobedu Substation 3,35.0,0.934,0.764,0.553,78.6,1,POLE-BLB-02077,-23.98491,30.44622,100,1991,2,2026-02-27,2026-03-22
T2078,Haenertsburg Substation 3 TX-070,F221,Haenertsburg,SS-HBG-03,Haenertsburg Substation 3,17.6,0.674,0.79,0.803,64.7,0,POLE-HBG-02078,-24.00129,29.92401,315,2008,0,2026-04-30,2025-07-21
T2079,Lenyenye Substation 3 TX-074,F130,Lenyenye,SS-LNY-03,Lenyenye Substation 3,7.7,0.414,0.464,0.606,44.4,0,POLE-LNY-02079,-23.95152,30.2972,200,2018,1,2026-04-07,2025-03-31
T2080,Politsi Substation 1 TX-071,F063,Politsi,SS-PLT-01,Politsi Substation 1,14.8,0.478,0.772,0.641,53.4,0,POLE-PLT-02080,-23.79293,30.0622,800,2011,2,2026-07-25,2026-02-03
T2081,Lenyenye Substation 2 TX-066,F414,Lenyenye,SS-LNY-02,Lenyenye Substation 2,21.2,0.215,0.31,0.501,46.6,0,POLE-LNY-02081,-23.93327,30.26396,800,2005,1,2026-06-08,2025-02-13
T2082,Bolobedu Substation 1 TX-071,F046,Bolobedu,SS-BLB-01,Bolobedu Substation 1,17.7,0.878,0.551,0.547,70.1,0,POLE-BLB-02082,-23.97008,30.35125,315,2008,1,2026-04-13,2025-03-11
T2083,Ga-Kgapane Substation 2 TX-060,F163,Ga-Kgapane,SS-GKG-02,Ga-Kgapane Substation 2,1.5,0.443,0.793,0.724,49.2,0,POLE-GKG-02083,-23.85015,30.35081,100,2024,0,2026-04-10,2026-04-29
T2084,Nkowankowa Substation 1 TX-078,F334,Nkowankowa,SS-NKW-01,Nkowankowa Substation 1,11.1,0.495,0.621,0.564,57.8,0,POLE-NKW-02084,-23.89932,30.25817,100,2015,1,2026-07-27,2025-11-28
T2085,Ga-Kgapane Substation 1 TX-084,F066,Ga-Kgapane,SS-GKG-01,Ga-Kgapane Substation 1,15.3,0.193,0.302,0.39,51.8,0,POLE-GKG-02085,-23.83813,30.30509,200,2011,3,2026-03-23,2026-05-16
T2086,Bolobedu Substation 1 TX-072,F328,Bolobedu,SS-BLB-01,Bolobedu Substation 1,14.5,0.643,0.382,0.413,53.9,1,POLE-BLB-02086,-23.96278,30.34362,315,2012,2,2026-03-05,2026-02-23
T2087,Nkowankowa Substation 1 TX-079,F367,Nkowankowa,SS-NKW-01,Nkowankowa Substation 1,8.2,0.233,0.612,0.739,42.3,0,POLE-NKW-02087,-23.90193,30.24428,1000,2018,1,2026-06-16,2025-03-17
T2088,Nkowankowa Substation 2 TX-078,F332,Nkowankowa,SS-NKW-02,Nkowankowa Substation 2,17.9,0.788,0.382,0.271,65.8,1,POLE-NKW-02088,-23.95434,30.25217,200,2008,2,2025-11-08,2024-01-01
T2089,Modjadjiskloof Substation 3 TX-083,F153,Modjadjiskloof,SS-MDK-03,Modjadjiskloof Substation 3,23.2,0.399,0.58,0.625,62.1,0,POLE-MDK-02089,-23.71409,30.14216,1000,2003,1,2026-06-29,2025-09-10
T2090,Xihoko Substation 3 TX-094,F010,Xihoko,SS-XHK-03,Xihoko Substation 3,2.8,0.462,0.927,0.819,41.0,0,POLE-XHK-02090,-23.72018,30.37436,50,2023,1,2026-05-09,2025-07-16
T2091,Haenertsburg Substation 1 TX-080,F444,Haenertsburg,SS-HBG-01,Haenertsburg Substation 1,2.6,0.427,0.57,0.727,41.6,0,POLE-HBG-02091,-23.9456,29.97133,800,2023,0,2026-05-22,2026-03-14
T2092,Lenyenye Substation 3 TX-075,F164,Lenyenye,SS-LNY-03,Lenyenye Substation 3,14.7,0.48,0.64,0.672,64.2,0,POLE-LNY-02092,-23.94706,30.30081,800,2011,0,2026-03-10,2026-03-09
T2093,Ga-Kgapane Substation 1 TX-085,F403,Ga-Kgapane,SS-GKG-01,Ga-Kgapane Substation 1,18.9,0.624,0.807,0.596,64.3,1,POLE-GKG-02093,-23.84111,30.2961,1600,2007,1,2026-05-15,2025-07-25
T2094,Xihoko Substation 2 TX-077,F099,Xihoko,SS-XHK-02,Xihoko Substation 2,7.3,0.498,0.547,0.647,55.0,0,POLE-XHK-02094,-23.7876,30.29442,800,2019,0,2025-12-29,2026-01-13
T2095,Modjadjiskloof Substation 1 TX-098,F082,Modjadjiskloof,SS-MDK-01,Modjadjiskloof Substation 1,1.6,0.796,0.532,0.514,52.7,0,POLE-MDK-02095,-23.72616,30.12669,200,2024,2,2026-06-18,2026-06-25
T2096,Modjadjiskloof Substation 3 TX-084,F390,Modjadjiskloof,SS-MDK-03,Modjadjiskloof Substation 3,11.3,0.876,0.707,0.599,55.7,0,POLE-MDK-02096,-23.70891,30.11561,200,2015,1,2026-05-31,2026-01-11
T2097,Haenertsburg Substation 2 TX-090,F470,Haenertsburg,SS-HBG-02,Haenertsburg Substation 2,14.6,0.221,0.746,0.499,56.0,0,POLE-HBG-02097,-23.98287,29.9282,1600,2011,1,2026-03-25,2024-12-09
T2098,Xihoko Substation 1 TX-104,F431,Xihoko,SS-XHK-01,Xihoko Substation 1,9.2,0.37,0.539,0.593,56.4,0,POLE-XHK-02098,-23.77385,30.3723,2000,2017,1,2026-04-06,2025-12-06
T2099,Nkowankowa Substation 3 TX-069,F376,Nkowankowa,SS-NKW-03,Nkowankowa Substation 3,21.6,0.482,0.645,0.707,50.4,0,POLE-NKW-02099,-23.91922,30.26535,500,2004,0,2026-03-07,2025-05-12
T2100,Nkowankowa Substation 3 TX-070,F124,Nkowankowa,SS-NKW-03,Nkowankowa Substation 3,14.0,0.441,0.49,0.648,49.9,0,POLE-NKW-02100,-23.92779,30.26822,1600,2012,0,2026-01-22,2026-06-16
T2101,Lenyenye Substation 1 TX-079,F457,Lenyenye,SS-LNY-01,Lenyenye Substation 1,6.7,0.951,0.546,0.51,57.2,0,POLE-LNY-02101,-23.96026,30.26206,2000,2019,1,2026-02-06,2025-10-30
T2102,Nkowankowa Substation 1 TX-080,F334,Nkowankowa,SS-NKW-01,Nkowankowa Substation 1,7.2,0.723,0.728,0.642,57.1,0,POLE-NKW-02102,-23.90129,30.22848,2000,2019,1,2026-04-17,2026-02-04
T2103,Lenyenye Substation 3 TX-076,F087,Lenyenye,SS-LNY-03,Lenyenye Substation 3,11.4,0.566,0.978,0.699,58.2,0,POLE-LNY-02103,-23.95084,30.31094,50,2015,0,2026-04-17,2026-05-22
T2104,Haenertsburg Substation 1 TX-081,F065,Haenertsburg,SS-HBG-01,Haenertsburg Substation 1,8.7,0.552,0.51,0.657,49.7,0,POLE-HBG-02104,-23.94471,29.96564,500,2017,4,2026-04-24,2025-12-17
T2105,Nkowankowa Substation 3 TX-071,F436,Nkowankowa,SS-NKW-03,Nkowankowa Substation 3,2.4,0.478,0.908,0.787,41.9,0,POLE-NKW-02105,-23.9219,30.26583,800,2024,0,2026-04-23,2026-02-21
T2106,Tzaneen Substation 1 TX-069,F138,Tzaneen,SS-TZN-01,Tzaneen Substation 1,13.2,0.38,0.467,0.401,45.3,0,POLE-TZN-02106,-23.82904,30.16658,500,2013,1,2026-06-20,2024-06-17
T2107,Nkowankowa Substation 2 TX-079,F383,Nkowankowa,SS-NKW-02,Nkowankowa Substation 2,7.4,0.557,0.527,0.546,48.1,0,POLE-NKW-02107,-23.9523,30.24479,800,2019,1,2026-04-02,2024-12-23
T2108,Politsi Substation 2 TX-082,F070,Politsi,SS-PLT-02,Politsi Substation 2,8.4,0.597,0.544,0.457,63.5,0,POLE-PLT-02108,-23.83129,30.02536,1000,2018,1,2026-03-29,2025-12-02
T2109,Xihoko Substation 2 TX-078,F141,Xihoko,SS-XHK-02,Xihoko Substation 2,4.9,0.513,0.89,0.813,48.1,0,POLE-XHK-02109,-23.79262,30.3159,200,2021,0,2026-01-17,2026-02-05
T2110,Tzaneen Substation 2 TX-079,F142,Tzaneen,SS-TZN-02,Tzaneen Substation 2,29.0,0.506,0.839,0.738,65.9,0,POLE-TZN-02110,-23.79517,30.20503,800,1997,0,2026-05-29,2026-03-29
T2111,Xihoko Substation 2 TX-079,F141,Xihoko,SS-XHK-02,Xihoko Substation 2,16.9,0.896,0.588,0.699,61.4,0,POLE-XHK-02111,-23.79592,30.30305,1000,2009,1,2026-07-03,2026-05-08
T2112,Tzaneen Substation 1 TX-070,F338,Tzaneen,SS-TZN-01,Tzaneen Substation 1,33.6,0.225,0.891,0.892,53.7,0,POLE-TZN-02112,-23.82402,30.15454,1000,1992,2,2026-07-12,2026-01-12
T2113,Nkowankowa Substation 3 TX-072,F458,Nkowankowa,SS-NKW-03,Nkowankowa Substation 3,9.1,0.127,0.336,0.415,46.9,0,POLE-NKW-02113,-23.91964,30.27045,800,2017,1,2025-08-18,2026-06-13
T2114,Bolobedu Substation 3 TX-071,F456,Bolobedu,SS-BLB-03,Bolobedu Substation 3,17.5,0.754,0.282,0.39,67.7,1,POLE-BLB-02114,-23.98237,30.44767,315,2008,4,2025-09-19,2026-01-01
T2115,Modjadjiskloof Substation 2 TX-076,F371,Modjadjiskloof,SS-MDK-02,Modjadjiskloof Substation 2,13.4,0.86,0.361,0.469,71.4,1,POLE-MDK-02115,-23.7809,30.12621,315,2013,2,2026-02-22,2026-04-21
T2116,Bolobedu Substation 2 TX-075,F102,Bolobedu,SS-BLB-02,Bolobedu Substation 2,6.9,0.363,0.897,0.782,40.7,0,POLE-BLB-02116,-23.94956,30.37022,100,2019,2,2026-07-17,2025-10-24
T2117,Politsi Substation 1 TX-072,F481,Politsi,SS-PLT-01,Politsi Substation 1,9.1,0.52,0.662,0.661,50.3,0,POLE-PLT-02117,-23.79582,30.07671,1000,2017,3,2026-03-31,2025-06-12
T2118,Politsi Substation 1 TX-073,F272,Politsi,SS-PLT-01,Politsi Substation 1,16.9,0.475,0.409,0.495,53.7,0,POLE-PLT-02118,-23.79152,30.06603,1600,2009,3,2026-02-17,2025-11-20
T2119,Nkowankowa Substation 2 TX-080,F273,Nkowankowa,SS-NKW-02,Nkowankowa Substation 2,4.9,0.415,0.489,0.446,40.2,0,POLE-NKW-02119,-23.92911,30.25642,2000,2021,1,2026-04-10,2025-12-16
T2120,Politsi Substation 2 TX-083,F351,Politsi,SS-PLT-02,Politsi Substation 2,21.7,0.305,0.685,0.638,58.9,0,POLE-PLT-02120,-23.8328,30.0295,315,2004,0,2026-04-04,2025-05-04
T2121,Nkowankowa Substation 2 TX-081,F385,Nkowankowa,SS-NKW-02,Nkowankowa Substation 2,12.6,0.438,0.148,0.432,64.2,0,POLE-NKW-02121,-23.95111,30.25281,100,2013,1,2026-04-15,2026-02-11
T2122,Politsi Substation 3 TX-083,F477,Politsi,SS-PLT-03,Politsi Substation 3,19.9,0.446,0.727,0.607,60.7,0,POLE-PLT-02122,-23.83624,30.07475,800,2006,0,2026-07-13,2025-05-03
T2123,Bolobedu Substation 2 TX-076,F292,Bolobedu,SS-BLB-02,Bolobedu Substation 2,14.6,0.799,0.399,0.57,63.3,0,POLE-BLB-02123,-23.94413,30.36776,800,2011,2,2025-12-23,2025-09-07
T2124,Lenyenye Substation 1 TX-080,F306,Lenyenye,SS-LNY-01,Lenyenye Substation 1,2.8,0.531,0.802,0.542,58.9,0,POLE-LNY-02124,-23.97086,30.26148,315,2023,1,2026-04-22,2025-11-19
T2125,Tzaneen Substation 3 TX-069,F373,Tzaneen,SS-TZN-03,Tzaneen Substation 3,11.1,0.523,0.785,0.68,54.2,0,POLE-TZN-02125,-23.83008,30.20063,315,2015,0,2026-01-17,2025-01-01
T2126,Ga-Kgapane Substation 3 TX-074,F128,Ga-Kgapane,SS-GKG-03,Ga-Kgapane Substation 3,22.0,0.616,0.315,0.345,70.6,1,POLE-GKG-02126,-23.86879,30.37022,500,2004,4,2026-01-02,2024-12-26
T2127,Xihoko Substation 3 TX-095,F154,Xihoko,SS-XHK-03,Xihoko Substation 3,12.5,0.308,0.527,0.35,54.7,0,POLE-XHK-02127,-23.70303,30.37409,315,2014,1,2026-06-07,2026-04-29
T2128,Ga-Kgapane Substation 2 TX-061,F313,Ga-Kgapane,SS-GKG-02,Ga-Kgapane Substation 2,11.3,0.502,0.797,0.775,51.4,0,POLE-GKG-02128,-23.853,30.3644,800,2015,0,2026-07-18,2026-03-06
T2129,Lenyenye Substation 2 TX-067,F033,Lenyenye,SS-LNY-02,Lenyenye Substation 2,12.5,0.44,0.618,0.653,50.8,0,POLE-LNY-02129,-23.94086,30.26568,1000,2014,0,2026-03-20,2026-04-29
T2130,Tzaneen Substation 2 TX-080,F161,Tzaneen,SS-TZN-02,Tzaneen Substation 2,2.2,0.659,0.831,0.842,50.8,0,POLE-TZN-02130,-23.80194,30.19791,800,2024,1,2026-05-14,2026-02-28
T2131,Xihoko Substation 3 TX-096,F359,Xihoko,SS-XHK-03,Xihoko Substation 3,23.5,0.611,0.76,0.685,55.7,0,POLE-XHK-02131,-23.72061,30.37597,1000,2003,2,2026-05-02,2025-04-12
T2132,Nkowankowa Substation 3 TX-073,F489,Nkowankowa,SS-NKW-03,Nkowankowa Substation 3,1.2,0.269,0.711,0.743,41.3,0,POLE-NKW-02132,-23.92487,30.27433,100,2025,0,2026-04-10,2025-08-10
T2133,Politsi Substation 1 TX-074,F260,Politsi,SS-PLT-01,Politsi Substation 1,26.6,0.732,0.389,0.531,64.3,1,POLE-PLT-02133,-23.80177,30.07332,200,1999,0,2026-07-15,2026-05-06
T2134,Modjadjiskloof Substation 3 TX-085,F200,Modjadjiskloof,SS-MDK-03,Modjadjiskloof Substation 3,8.7,0.331,0.297,0.33,55.1,1,POLE-MDK-02134,-23.71701,30.11254,200,2017,1,2026-04-05,2026-01-19
T2135,Haenertsburg Substation 3 TX-071,F221,Haenertsburg,SS-HBG-03,Haenertsburg Substation 3,15.3,0.507,0.775,0.801,63.9,0,POLE-HBG-02135,-24.0115,29.93714,1600,2011,1,2026-06-20,2026-03-05
T2136,Xihoko Substation 3 TX-097,F343,Xihoko,SS-XHK-03,Xihoko Substation 3,2.0,0.754,0.455,0.618,56.2,0,POLE-XHK-02136,-23.7193,30.37197,100,2024,0,2026-03-24,2025-09-27
T2137,Nkowankowa Substation 2 TX-082,F273,Nkowankowa,SS-NKW-02,Nkowankowa Substation 2,18.7,0.912,0.59,0.452,75.0,1,POLE-NKW-02137,-23.93089,30.2459,1600,2007,0,2026-06-08,2025-07-07
T2138,Modjadjiskloof Substation 1 TX-099,F012,Modjadjiskloof,SS-MDK-01,Modjadjiskloof Substation 1,16.7,0.637,0.536,0.375,67.8,0,POLE-MDK-02138,-23.70795,30.11495,800,2009,1,2026-05-13,2026-06-08
T2139,Tzaneen Substation 2 TX-081,F270,Tzaneen,SS-TZN-02,Tzaneen Substation 2,16.0,0.843,0.742,0.65,50.8,0,POLE-TZN-02139,-23.79436,30.19582,100,2010,1,2026-06-01,2025-03-02
T2140,Haenertsburg Substation 1 TX-082,F201,Haenertsburg,SS-HBG-01,Haenertsburg Substation 1,1.9,0.78,0.279,0.526,54.2,0,POLE-HBG-02140,-23.94746,29.95535,315,2024,0,2026-04-24,2026-01-04
T2141,Politsi Substation 2 TX-084,F351,Politsi,SS-PLT-02,Politsi Substation 2,6.2,0.671,0.854,0.847,51.5,0,POLE-PLT-02141,-23.83049,30.02739,50,2020,2,2026-03-22,2025-07-26
T2142,Xihoko Substation 1 TX-105,F438,Xihoko,SS-XHK-01,Xihoko Substation 1,14.7,0.606,0.655,0.639,46.2,0,POLE-XHK-02142,-23.7801,30.36921,200,2011,3,2026-05-26,2026-05-18
T2143,Politsi Substation 2 TX-085,F482,Politsi,SS-PLT-02,Politsi Substation 2,23.1,0.78,0.38,0.427,67.9,1,POLE-PLT-02143,-23.83971,30.02869,800,2003,1,2025-12-16,2026-05-25
T2144,Lenyenye Substation 1 TX-081,F306,Lenyenye,SS-LNY-01,Lenyenye Substation 1,5.5,0.98,0.786,0.755,56.8,0,POLE-LNY-02144,-23.97171,30.27439,50,2021,0,2026-07-24,2025-10-28
T2145,Bolobedu Substation 3 TX-072,F182,Bolobedu,SS-BLB-03,Bolobedu Substation 3,5.6,0.5,0.856,0.855,38.8,0,POLE-BLB-02145,-23.99814,30.45632,500,2020,0,2026-06-21,2026-03-30
T2146,Tzaneen Substation 3 TX-070,F222,Tzaneen,SS-TZN-03,Tzaneen Substation 3,14.1,0.356,0.43,0.598,46.6,0,POLE-TZN-02146,-23.83105,30.19797,1000,2012,2,2026-07-16,2026-01-04
T2147,Lenyenye Substation 1 TX-082,F089,Lenyenye,SS-LNY-01,Lenyenye Substation 1,35.0,0.366,0.632,0.685,69.4,0,POLE-LNY-02147,-23.96906,30.27871,200,1991,3,2026-03-01,2026-01-31
T2148,Haenertsburg Substation 2 TX-091,F468,Haenertsburg,SS-HBG-02,Haenertsburg Substation 2,7.0,0.591,0.618,0.488,36.5,0,POLE-HBG-02148,-23.98453,29.93053,50,2019,1,2026-05-01,2025-08-22
T2149,Politsi Substation 3 TX-084,F424,Politsi,SS-PLT-03,Politsi Substation 3,8.6,0.72,0.765,0.689,56.0,0,POLE-PLT-02149,-23.827,30.06634,800,2017,1,2026-05-25,2025-11-09
T2150,Lenyenye Substation 2 TX-068,F427,Lenyenye,SS-LNY-02,Lenyenye Substation 2,7.7,0.25,0.691,0.691,49.5,0,POLE-LNY-02150,-23.95088,30.26307,315,2018,1,2026-06-06,2025-08-25
T2151,Politsi Substation 3 TX-085,F165,Politsi,SS-PLT-03,Politsi Substation 3,10.4,0.709,0.638,0.612,56.7,0,POLE-PLT-02151,-23.8204,30.06779,315,2016,2,2026-02-11,2024-12-19
T2152,Haenertsburg Substation 1 TX-083,F162,Haenertsburg,SS-HBG-01,Haenertsburg Substation 1,24.2,0.453,0.776,0.768,63.7,1,POLE-HBG-02152,-23.94636,29.95082,500,2002,1,2026-04-25,2024-08-04
T2153,Tzaneen Substation 1 TX-071,F429,Tzaneen,SS-TZN-01,Tzaneen Substation 1,10.8,0.841,0.483,0.575,58.5,0,POLE-TZN-02153,-23.82795,30.16441,800,2015,2,2026-05-24,2025-03-08
T2154,Nkowankowa Substation 2 TX-083,F273,Nkowankowa,SS-NKW-02,Nkowankowa Substation 2,35.0,0.721,0.869,0.837,63.3,0,POLE-NKW-02154,-23.94627,30.25455,500,1991,1,2025-11-19,2025-09-09
T2155,Modjadjiskloof Substation 3 TX-086,F353,Modjadjiskloof,SS-MDK-03,Modjadjiskloof Substation 3,12.2,0.457,0.549,0.555,53.3,0,POLE-MDK-02155,-23.71023,30.12837,200,2014,2,2026-05-15,2025-11-21
T2156,Xihoko Substation 3 TX-098,F245,Xihoko,SS-XHK-03,Xihoko Substation 3,25.7,0.386,0.714,0.699,55.4,0,POLE-XHK-02156,-23.72501,30.37177,100,2000,2,2026-07-13,2026-07-17
T2157,Tzaneen Substation 3 TX-071,F222,Tzaneen,SS-TZN-03,Tzaneen Substation 3,9.1,0.491,0.54,0.552,49.5,0,POLE-TZN-02157,-23.82406,30.19752,2000,2017,0,2025-12-29,2026-02-14
T2158,Bolobedu Substation 2 TX-077,F317,Bolobedu,SS-BLB-02,Bolobedu Substation 2,4.0,0.52,0.499,0.584,48.5,0,POLE-BLB-02158,-23.94525,30.37029,1000,2022,0,2026-05-23,2025-08-27
T2159,Politsi Substation 1 TX-075,F407,Politsi,SS-PLT-01,Politsi Substation 1,10.7,0.799,0.538,0.467,57.7,0,POLE-PLT-02159,-23.80033,30.05085,800,2015,2,2026-06-15,2026-06-09
T2160,Modjadjiskloof Substation 1 TX-100,F168,Modjadjiskloof,SS-MDK-01,Modjadjiskloof Substation 1,16.2,0.528,0.453,0.383,56.3,1,POLE-MDK-02160,-23.7215,30.11323,200,2010,2,2026-02-07,2025-05-18
T2161,Tzaneen Substation 3 TX-072,F405,Tzaneen,SS-TZN-03,Tzaneen Substation 3,6.2,0.3,0.116,0.33,44.8,0,POLE-TZN-02161,-23.8247,30.19347,50,2020,2,2026-01-24,2026-05-11
T2162,Modjadjiskloof Substation 3 TX-087,F123,Modjadjiskloof,SS-MDK-03,Modjadjiskloof Substation 3,23.2,0.667,0.627,0.577,66.3,0,POLE-MDK-02162,-23.71064,30.11025,800,2003,2,2026-06-04,2026-03-02
T2163,Ga-Kgapane Substation 1 TX-086,F202,Ga-Kgapane,SS-GKG-01,Ga-Kgapane Substation 1,7.9,0.669,0.581,0.679,48.3,0,POLE-GKG-02163,-23.84028,30.29275,2000,2018,2,2026-06-04,2026-02-04
T2164,Lenyenye Substation 1 TX-083,F457,Lenyenye,SS-LNY-01,Lenyenye Substation 1,4.9,0.808,0.566,0.637,49.0,0,POLE-LNY-02164,-23.96535,30.26045,315,2021,0,2026-02-05,2026-04-11
T2165,Lenyenye Substation 2 TX-069,F478,Lenyenye,SS-LNY-02,Lenyenye Substation 2,35.0,0.542,0.93,0.751,60.0,0,POLE-LNY-02165,-23.93756,30.26232,100,1991,2,2026-05-22,2026-03-27
T2166,Bolobedu Substation 3 TX-073,F462,Bolobedu,SS-BLB-03,Bolobedu Substation 3,6.0,0.74,0.682,0.741,53.5,0,POLE-BLB-02166,-23.99005,30.45067,500,2020,0,2026-02-25,2025-10-03
T2167,Ga-Kgapane Substation 3 TX-075,F159,Ga-Kgapane,SS-GKG-03,Ga-Kgapane Substation 3,7.8,0.556,0.808,0.556,56.2,0,POLE-GKG-02167,-23.86256,30.36908,2000,2018,2,2026-05-21,2025-06-18
T2168,Tzaneen Substation 1 TX-072,F422,Tzaneen,SS-TZN-01,Tzaneen Substation 1,18.0,0.386,0.611,0.495,60.1,0,POLE-TZN-02168,-23.82757,30.17048,500,2008,1,2026-06-24,2025-05-16
T2169,Tzaneen Substation 2 TX-082,F469,Tzaneen,SS-TZN-02,Tzaneen Substation 2,8.8,0.261,0.436,0.609,47.2,0,POLE-TZN-02169,-23.81243,30.19432,315,2017,1,2026-03-06,2025-07-14
T2170,Haenertsburg Substation 2 TX-092,F490,Haenertsburg,SS-HBG-02,Haenertsburg Substation 2,5.0,0.44,0.898,0.923,44.8,0,POLE-HBG-02170,-23.97318,29.92415,2000,2021,1,2026-04-24,2025-09-05
T2171,Haenertsburg Substation 3 TX-072,F011,Haenertsburg,SS-HBG-03,Haenertsburg Substation 3,7.2,0.222,0.237,0.457,46.7,0,POLE-HBG-02171,-24.0028,29.92947,200,2019,0,2026-04-13,2025-02-07
T2172,Tzaneen Substation 3 TX-073,F373,Tzaneen,SS-TZN-03,Tzaneen Substation 3,35.0,0.566,0.688,0.755,68.1,1,POLE-TZN-02172,-23.83797,30.18648,315,1991,2,2026-05-11,2025-05-05
T2173,Bolobedu Substation 2 TX-078,F499,Bolobedu,SS-BLB-02,Bolobedu Substation 2,16.6,0.528,0.947,0.807,55.2,0,POLE-BLB-02173,-23.954,30.36562,200,2009,1,2026-07-03,2025-11-04
T2174,Nkowankowa Substation 2 TX-084,F383,Nkowankowa,SS-NKW-02,Nkowankowa Substation 2,18.8,0.419,0.585,0.699,50.3,0,POLE-NKW-02174,-23.93818,30.24282,100,2007,1,2026-07-06,2025-05-05
T2175,Politsi Substation 1 TX-076,F117,Politsi,SS-PLT-01,Politsi Substation 1,13.6,0.87,0.861,0.853,52.6,0,POLE-PLT-02175,-23.80101,30.06502,1600,2012,3,2026-04-07,2025-02-28
T2176,Xihoko Substation 2 TX-080,F382,Xihoko,SS-XHK-02,Xihoko Substation 2,15.2,0.285,0.49,0.604,57.3,0,POLE-XHK-02176,-23.79669,30.29984,315,2011,2,2026-06-22,2026-04-25
T2177,Nkowankowa Substation 1 TX-081,F053,Nkowankowa,SS-NKW-01,Nkowankowa Substation 1,8.3,0.482,0.406,0.496,53.3,0,POLE-NKW-02177,-23.90543,30.24121,1600,2018,1,2026-03-05,2025-05-23
T2178,Haenertsburg Substation 1 TX-084,F241,Haenertsburg,SS-HBG-01,Haenertsburg Substation 1,12.4,0.639,0.952,0.888,56.8,0,POLE-HBG-02178,-23.95102,29.95792,500,2014,0,2026-04-06,2026-06-09
T2179,Nkowankowa Substation 1 TX-082,F314,Nkowankowa,SS-NKW-01,Nkowankowa Substation 1,1.8,0.26,0.866,0.834,32.3,0,POLE-NKW-02179,-23.91006,30.24418,1000,2024,0,2026-04-19,2025-12-06
T2180,Ga-Kgapane Substation 3 TX-076,F229,Ga-Kgapane,SS-GKG-03,Ga-Kgapane Substation 3,21.1,0.886,0.33,0.304,70.7,1,POLE-GKG-02180,-23.86474,30.37813,50,2005,1,2026-01-06,2026-02-04
T2181,Ga-Kgapane Substation 3 TX-077,F350,Ga-Kgapane,SS-GKG-03,Ga-Kgapane Substation 3,8.3,0.917,0.392,0.485,55.5,0,POLE-GKG-02181,-23.86999,30.36741,800,2018,1,2025-11-11,2025-01-21
T2182,Bolobedu Substation 1 TX-073,F121,Bolobedu,SS-BLB-01,Bolobedu Substation 1,4.3,0.675,0.761,0.751,53.2,0,POLE-BLB-02182,-23.96625,30.35324,2000,2022,2,2026-07-17,2025-09-21
T2183,Bolobedu Substation 1 TX-074,F304,Bolobedu,SS-BLB-01,Bolobedu Substation 1,12.9,0.258,0.901,0.748,42.9,0,POLE-BLB-02183,-23.95757,30.34772,2000,2013,1,2026-04-24,2025-08-11
T2184,Modjadjiskloof Substation 1 TX-101,F323,Modjadjiskloof,SS-MDK-01,Modjadjiskloof Substation 1,9.8,0.78,0.96,0.912,49.9,0,POLE-MDK-02184,-23.72462,30.12812,100,2016,0,2026-05-23,2026-03-24
T2185,Bolobedu Substation 2 TX-079,F317,Bolobedu,SS-BLB-02,Bolobedu Substation 2,20.6,0.486,0.69,0.748,65.4,0,POLE-BLB-02185,-23.94772,30.3728,1000,2005,0,2026-04-24,2025-01-28
T2186,Lenyenye Substation 2 TX-070,F145,Lenyenye,SS-LNY-02,Lenyenye Substation 2,10.9,0.606,0.666,0.681,57.0,0,POLE-LNY-02186,-23.93115,30.2695,2000,2015,2,2026-03-22,2026-01-11
T2187,Modjadjiskloof Substation 3 TX-088,F153,Modjadjiskloof,SS-MDK-03,Modjadjiskloof Substation 3,7.1,0.979,0.817,0.824,60.2,0,POLE-MDK-02187,-23.71371,30.11782,1000,2019,2,2026-07-09,2026-04-22
T2188,Xihoko Substation 2 TX-081,F129,Xihoko,SS-XHK-02,Xihoko Substation 2,11.1,0.536,0.448,0.616,47.4,0,POLE-XHK-02188,-23.79261,30.3067,315,2015,1,2025-10-28,2026-02-01
T2189,Modjadjiskloof Substation 2 TX-077,F231,Modjadjiskloof,SS-MDK-02,Modjadjiskloof Substation 2,27.6,0.829,0.769,0.753,58.0,0,POLE-MDK-02189,-23.78295,30.12196,100,1998,2,2026-04-13,2026-04-19
T2190,Politsi Substation 3 TX-086,F293,Politsi,SS-PLT-03,Politsi Substation 3,21.1,0.318,0.768,0.528,61.0,0,POLE-PLT-02190,-23.82476,30.0706,500,2005,2,2026-07-18,2026-02-01
T2191,Bolobedu Substation 3 TX-074,F182,Bolobedu,SS-BLB-03,Bolobedu Substation 3,16.5,0.692,0.243,0.367,53.3,0,POLE-BLB-02191,-23.9837,30.44378,50,2009,2,2026-01-10,2025-11-08
T2192,Haenertsburg Substation 3 TX-073,F205,Haenertsburg,SS-HBG-03,Haenertsburg Substation 3,21.7,0.198,0.361,0.555,50.9,0,POLE-HBG-02192,-23.99733,29.9328,1000,2004,3,2026-07-10,2024-11-20
T2193,Bolobedu Substation 2 TX-080,F144,Bolobedu,SS-BLB-02,Bolobedu Substation 2,17.4,0.487,0.945,0.787,48.9,0,POLE-BLB-02193,-23.94343,30.38057,315,2009,1,2026-04-04,2026-06-06
T2194,Ga-Kgapane Substation 1 TX-087,F110,Ga-Kgapane,SS-GKG-01,Ga-Kgapane Substation 1,5.6,0.71,0.832,0.619,49.2,0,POLE-GKG-02194,-23.83733,30.30285,50,2020,0,2026-03-17,2026-02-24
T2195,Lenyenye Substation 3 TX-077,F329,Lenyenye,SS-LNY-03,Lenyenye Substation 3,18.9,0.775,0.59,0.469,63.7,0,POLE-LNY-02195,-23.93563,30.29425,1000,2007,0,2026-06-25,2025-05-10
T2196,Haenertsburg Substation 1 TX-085,F409,Haenertsburg,SS-HBG-01,Haenertsburg Substation 1,23.3,0.334,0.934,0.814,47.4,0,POLE-HBG-02196,-23.94138,29.95462,315,2003,0,2026-07-18,2025-12-31
T2197,Lenyenye Substation 2 TX-071,F146,Lenyenye,SS-LNY-02,Lenyenye Substation 2,24.2,0.575,0.906,0.85,51.8,0,POLE-LNY-02197,-23.92925,30.28193,500,2002,0,2026-04-28,2025-10-04
T2198,Xihoko Substation 1 TX-106,F431,Xihoko,SS-XHK-01,Xihoko Substation 1,4.7,0.757,0.45,0.36,60.3,0,POLE-XHK-02198,-23.78363,30.37413,200,2021,1,2026-07-11,2024-02-03
T2199,Lenyenye Substation 2 TX-072,F286,Lenyenye,SS-LNY-02,Lenyenye Substation 2,7.8,0.729,0.451,0.479,63.4,0,POLE-LNY-02199,-23.9391,30.25894,315,2018,1,2026-05-01,2025-10-30
T2200,Ga-Kgapane Substation 1 TX-088,F084,Ga-Kgapane,SS-GKG-01,Ga-Kgapane Substation 1,6.9,0.705,0.718,0.706,44.3,0,POLE-GKG-02200,-23.83849,30.30627,100,2019,0,2025-12-12,2026-04-16
T2201,Modjadjiskloof Substation 1 TX-102,F183,Modjadjiskloof,SS-MDK-01,Modjadjiskloof Substation 1,9.0,0.801,0.338,0.459,61.8,0,POLE-MDK-02201,-23.72633,30.12213,100,2017,1,2026-04-14,2025-11-01
T2202,Nkowankowa Substation 3 TX-074,F004,Nkowankowa,SS-NKW-03,Nkowankowa Substation 3,15.4,0.811,0.75,0.632,64.4,0,POLE-NKW-02202,-23.92032,30.28306,1000,2011,1,2026-03-05,2026-02-04
T2203,Haenertsburg Substation 3 TX-074,F020,Haenertsburg,SS-HBG-03,Haenertsburg Substation 3,12.7,0.501,0.92,0.847,51.6,0,POLE-HBG-02203,-24.0063,29.92966,1600,2013,0,2026-03-01,2026-03-19
T2204,Lenyenye Substation 1 TX-084,F169,Lenyenye,SS-LNY-01,Lenyenye Substation 1,12.7,0.453,0.575,0.577,52.1,0,POLE-LNY-02204,-23.95431,30.26807,100,2013,1,2026-01-03,2026-03-29
T2205,Xihoko Substation 3 TX-099,F228,Xihoko,SS-XHK-03,Xihoko Substation 3,3.6,0.447,0.42,0.528,45.5,0,POLE-XHK-02205,-23.71222,30.3719,100,2022,1,2026-03-22,2025-01-08
T2206,Bolobedu Substation 3 TX-075,F399,Bolobedu,SS-BLB-03,Bolobedu Substation 3,7.6,0.42,0.513,0.588,53.0,0,POLE-BLB-02206,-23.98684,30.44692,800,2018,1,2026-06-08,2026-05-26
T2207,Nkowankowa Substation 3 TX-075,F068,Nkowankowa,SS-NKW-03,Nkowankowa Substation 3,25.3,0.522,0.691,0.643,62.8,0,POLE-NKW-02207,-23.92279,30.26302,800,2001,1,2026-01-08,2025-05-15
T2208,Haenertsburg Substation 3 TX-075,F420,Haenertsburg,SS-HBG-03,Haenertsburg Substation 3,23.3,0.429,0.27,0.391,52.9,1,POLE-HBG-02208,-23.99532,29.92249,315,2003,0,2026-07-23,2025-04-08
T2209,Bolobedu Substation 2 TX-081,F118,Bolobedu,SS-BLB-02,Bolobedu Substation 2,10.8,0.749,0.441,0.531,58.3,1,POLE-BLB-02209,-23.95958,30.36737,2000,2015,1,2026-07-01,2026-06-11
T2210,Politsi Substation 2 TX-086,F070,Politsi,SS-PLT-02,Politsi Substation 2,18.9,0.879,0.795,0.555,67.0,0,POLE-PLT-02210,-23.8441,30.03154,2000,2007,0,2026-05-05,2025-09-03
T2211,Ga-Kgapane Substation 3 TX-078,F350,Ga-Kgapane,SS-GKG-03,Ga-Kgapane Substation 3,14.5,0.621,0.42,0.344,56.7,0,POLE-GKG-02211,-23.86153,30.3778,800,2012,1,2025-10-02,2026-04-16
T2212,Bolobedu Substation 3 TX-076,F388,Bolobedu,SS-BLB-03,Bolobedu Substation 3,20.3,0.698,0.83,0.786,58.2,0,POLE-BLB-02212,-23.98799,30.44579,2000,2006,0,2026-02-13,2026-01-20
T2213,Tzaneen Substation 2 TX-083,F303,Tzaneen,SS-TZN-02,Tzaneen Substation 2,19.5,0.177,0.66,0.694,51.5,0,POLE-TZN-02213,-23.80847,30.18631,500,2007,3,2026-05-16,2026-01-03
T2214,Lenyenye Substation 1 TX-085,F058,Lenyenye,SS-LNY-01,Lenyenye Substation 1,11.4,0.731,0.62,0.721,51.8,0,POLE-LNY-02214,-23.97186,30.27383,50,2015,1,2026-02-05,2026-03-29
T2215,Lenyenye Substation 1 TX-086,F058,Lenyenye,SS-LNY-01,Lenyenye Substation 1,16.6,0.345,0.975,0.824,49.9,0,POLE-LNY-02215,-23.96615,30.27926,50,2009,1,2026-06-03,2026-02-07
T2216,Politsi Substation 2 TX-087,F196,Politsi,SS-PLT-02,Politsi Substation 2,15.1,0.511,0.856,0.825,46.5,0,POLE-PLT-02216,-23.82592,30.02184,1600,2011,1,2026-06-09,2025-04-20
T2217,Xihoko Substation 3 TX-100,F226,Xihoko,SS-XHK-03,Xihoko Substation 3,11.6,0.707,0.813,0.866,46.7,1,POLE-XHK-02217,-23.71138,30.36851,100,2014,2,2026-04-12,2026-06-10
T2218,Modjadjiskloof Substation 1 TX-103,F500,Modjadjiskloof,SS-MDK-01,Modjadjiskloof Substation 1,9.9,0.708,0.229,0.408,63.3,1,POLE-MDK-02218,-23.71558,30.11586,100,2016,1,2026-04-08,2025-11-24
T2219,Bolobedu Substation 2 TX-082,F144,Bolobedu,SS-BLB-02,Bolobedu Substation 2,32.0,0.627,0.505,0.592,74.2,1,POLE-BLB-02219,-23.95536,30.37516,1000,1994,1,2026-03-08,2026-05-20
T2220,Tzaneen Substation 3 TX-074,F097,Tzaneen,SS-TZN-03,Tzaneen Substation 3,11.6,0.746,0.433,0.612,52.5,0,POLE-TZN-02220,-23.83398,30.19728,500,2014,1,2025-12-20,2024-03-13
T2221,Ga-Kgapane Substation 2 TX-062,F473,Ga-Kgapane,SS-GKG-02,Ga-Kgapane Substation 2,18.2,0.314,0.18,0.415,61.1,1,POLE-GKG-02221,-23.84814,30.35441,200,2008,6,2025-12-24,2026-02-06
T2222,Nkowankowa Substation 2 TX-085,F077,Nkowankowa,SS-NKW-02,Nkowankowa Substation 2,30.5,0.764,0.616,0.554,71.1,1,POLE-NKW-02222,-23.9465,30.2433,1600,1996,3,2026-06-27,2026-03-11
T2223,Modjadjiskloof Substation 2 TX-078,F014,Modjadjiskloof,SS-MDK-02,Modjadjiskloof Substation 2,16.6,0.775,0.661,0.698,49.4,0,POLE-MDK-02223,-23.78107,30.13103,1000,2009,2,2026-06-08,2024-03-05
T2224,Haenertsburg Substation 3 TX-076,F212,Haenertsburg,SS-HBG-03,Haenertsburg Substation 3,16.1,0.473,0.161,0.394,51.8,0,POLE-HBG-02224,-24.00667,29.93065,200,2010,2,2025-07-23,2025-05-28
T2225,Haenertsburg Substation 1 TX-086,F201,Haenertsburg,SS-HBG-01,Haenertsburg Substation 1,11.7,0.499,0.508,0.464,58.7,0,POLE-HBG-02225,-23.95553,29.96069,100,2014,2,2026-01-14,2025-01-26
T2226,Politsi Substation 3 TX-087,F310,Politsi,SS-PLT-03,Politsi Substation 3,15.3,0.655,0.769,0.735,48.3,0,POLE-PLT-02226,-23.82213,30.06446,1000,2011,1,2026-04-30,2026-07-07
T2227,Ga-Kgapane Substation 3 TX-079,F439,Ga-Kgapane,SS-GKG-03,Ga-Kgapane Substation 3,9.3,0.559,0.286,0.485,52.1,1,POLE-GKG-02227,-23.86522,30.37267,200,2017,1,2026-04-27,2025-03-16
T2228,Tzaneen Substation 1 TX-073,F467,Tzaneen,SS-TZN-01,Tzaneen Substation 1,35.0,0.335,0.669,0.681,61.7,0,POLE-TZN-02228,-23.8287,30.15621,200,1991,1,2026-02-17,2026-03-04
T2229,Lenyenye Substation 2 TX-073,F145,Lenyenye,SS-LNY-02,Lenyenye Substation 2,3.7,0.757,0.5,0.518,57.8,0,POLE-LNY-02229,-23.94635,30.2705,1600,2022,1,2026-05-22,2025-05-31
T2230,Modjadjiskloof Substation 3 TX-089,F491,Modjadjiskloof,SS-MDK-03,Modjadjiskloof Substation 3,10.4,0.357,0.473,0.5,52.0,0,POLE-MDK-02230,-23.70837,30.12822,1600,2016,1,2026-02-28,2025-04-24
T2231,Bolobedu Substation 2 TX-083,F317,Bolobedu,SS-BLB-02,Bolobedu Substation 2,16.8,0.511,0.277,0.346,68.9,1,POLE-BLB-02231,-23.95671,30.36054,2000,2009,2,2026-04-03,2026-05-31
T2232,Ga-Kgapane Substation 3 TX-080,F035,Ga-Kgapane,SS-GKG-03,Ga-Kgapane Substation 3,16.1,0.243,0.581,0.578,46.6,0,POLE-GKG-02232,-23.86152,30.37455,315,2010,1,2026-04-07,2026-04-24
T2233,Haenertsburg Substation 2 TX-093,F470,Haenertsburg,SS-HBG-02,Haenertsburg Substation 2,9.3,0.659,0.506,0.548,56.7,0,POLE-HBG-02233,-23.98505,29.92733,1000,2017,0,2026-05-06,2025-05-10
T2234,Modjadjiskloof Substation 1 TX-104,F069,Modjadjiskloof,SS-MDK-01,Modjadjiskloof Substation 1,2.6,0.536,0.541,0.629,50.3,0,POLE-MDK-02234,-23.71964,30.12685,100,2023,0,2026-02-10,2026-05-16
T2235,Nkowankowa Substation 3 TX-076,F295,Nkowankowa,SS-NKW-03,Nkowankowa Substation 3,4.3,0.659,0.641,0.604,55.7,0,POLE-NKW-02235,-23.92824,30.26783,2000,2022,0,2026-07-21,2026-06-11
T2236,Bolobedu Substation 2 TX-084,F396,Bolobedu,SS-BLB-02,Bolobedu Substation 2,13.3,0.838,0.608,0.58,67.3,0,POLE-BLB-02236,-23.95148,30.3795,50,2013,1,2026-06-29,2026-04-12
T2237,Ga-Kgapane Substation 2 TX-063,F125,Ga-Kgapane,SS-GKG-02,Ga-Kgapane Substation 2,1.9,0.865,0.701,0.584,53.5,0,POLE-GKG-02237,-23.8462,30.35174,1600,2024,1,2026-05-20,2026-06-25
T2238,Tzaneen Substation 1 TX-074,F136,Tzaneen,SS-TZN-01,Tzaneen Substation 1,17.6,0.689,0.746,0.673,62.8,0,POLE-TZN-02238,-23.82472,30.15791,800,2008,1,2026-05-02,2025-12-22
T2239,Tzaneen Substation 1 TX-075,F239,Tzaneen,SS-TZN-01,Tzaneen Substation 1,24.5,0.18,0.61,0.629,48.7,0,POLE-TZN-02239,-23.82039,30.16153,2000,2001,0,2025-12-11,2026-03-14
T2240,Lenyenye Substation 3 TX-078,F443,Lenyenye,SS-LNY-03,Lenyenye Substation 3,19.6,0.772,0.517,0.501,65.4,1,POLE-LNY-02240,-23.94909,30.29777,1000,2006,1,2026-01-09,2026-04-02
T2241,Bolobedu Substation 1 TX-075,F112,Bolobedu,SS-BLB-01,Bolobedu Substation 1,22.2,0.824,0.663,0.731,66.8,0,POLE-BLB-02241,-23.95329,30.35985,100,2004,3,2026-07-09,2025-03-21
T2242,Nkowankowa Substation 2 TX-086,F332,Nkowankowa,SS-NKW-02,Nkowankowa Substation 2,2.0,0.37,0.335,0.376,53.4,1,POLE-NKW-02242,-23.95102,30.26197,1000,2024,4,2026-03-08,2025-10-15
T2243,Bolobedu Substation 2 TX-085,F227,Bolobedu,SS-BLB-02,Bolobedu Substation 2,9.6,0.413,0.647,0.708,51.0,0,POLE-BLB-02243,-23.93791,30.37319,1000,2016,1,2026-04-24,2025-11-24
T2244,Ga-Kgapane Substation 2 TX-064,F056,Ga-Kgapane,SS-GKG-02,Ga-Kgapane Substation 2,5.3,0.769,0.516,0.705,53.8,0,POLE-GKG-02244,-23.84009,30.34931,500,2021,0,2026-07-12,2026-01-13
T2245,Ga-Kgapane Substation 3 TX-081,F356,Ga-Kgapane,SS-GKG-03,Ga-Kgapane Substation 3,3.0,0.423,0.286,0.411,49.3,0,POLE-GKG-02245,-23.86706,30.38088,800,2023,1,2026-02-03,2025-07-01
T2246,Haenertsburg Substation 2 TX-094,F417,Haenertsburg,SS-HBG-02,Haenertsburg Substation 2,8.2,0.66,0.924,0.887,52.2,0,POLE-HBG-02246,-23.97383,29.9223,315,2018,0,2026-05-13,2025-07-23
T2247,Bolobedu Substation 3 TX-077,F288,Bolobedu,SS-BLB-03,Bolobedu Substation 3,30.0,0.855,0.81,0.74,80.4,0,POLE-BLB-02247,-23.97697,30.44805,200,1996,0,2026-03-03,2025-12-31
T2248,Lenyenye Substation 1 TX-087,F089,Lenyenye,SS-LNY-01,Lenyenye Substation 1,35.0,0.678,0.929,0.78,72.2,0,POLE-LNY-02248,-23.9542,30.25956,800,1991,5,2026-05-21,2025-09-19
T2249,Bolobedu Substation 2 TX-086,F078,Bolobedu,SS-BLB-02,Bolobedu Substation 2,5.8,0.722,0.703,0.716,54.4,0,POLE-BLB-02249,-23.95638,30.37314,500,2020,0,2026-06-16,2025-12-24
T2250,Haenertsburg Substation 3 TX-077,F212,Haenertsburg,SS-HBG-03,Haenertsburg Substation 3,12.2,0.797,0.543,0.631,52.7,0,POLE-HBG-02250,-24.00581,29.92824,50,2014,2,2026-04-10,2026-02-25
T2251,Tzaneen Substation 3 TX-075,F254,Tzaneen,SS-TZN-03,Tzaneen Substation 3,15.2,0.544,0.636,0.687,50.5,0,POLE-TZN-02251,-23.82745,30.19595,1000,2011,0,2026-06-29,2025-10-11
T2252,Xihoko Substation 2 TX-082,F277,Xihoko,SS-XHK-02,Xihoko Substation 2,9.6,0.718,0.448,0.575,55.6,0,POLE-XHK-02252,-23.79586,30.30581,200,2016,3,2026-04-28,2024-10-01
T2253,Modjadjiskloof Substation 3 TX-090,F122,Modjadjiskloof,SS-MDK-03,Modjadjiskloof Substation 3,25.7,0.661,0.832,0.797,66.1,0,POLE-MDK-02253,-23.71043,30.11778,50,2000,2,2026-06-27,2025-07-25
T2254,Tzaneen Substation 2 TX-084,F251,Tzaneen,SS-TZN-02,Tzaneen Substation 2,8.3,0.131,0.503,0.53,39.6,0,POLE-TZN-02254,-23.80357,30.20036,200,2018,1,2025-11-22,2026-05-13
T2255,Haenertsburg Substation 3 TX-078,F148,Haenertsburg,SS-HBG-03,Haenertsburg Substation 3,7.2,0.559,0.626,0.599,55.1,0,POLE-HBG-02255,-24.01198,29.92214,2000,2019,2,2026-05-03,2025-08-31
T2256,Politsi Substation 2 TX-088,F344,Politsi,SS-PLT-02,Politsi Substation 2,6.1,0.505,0.674,0.693,48.9,0,POLE-PLT-02256,-23.82724,30.04274,1600,2020,3,2026-06-20,2026-04-23
T2257,Bolobedu Substation 3 TX-078,F399,Bolobedu,SS-BLB-03,Bolobedu Substation 3,9.6,0.327,0.604,0.658,48.9,0,POLE-BLB-02257,-23.98702,30.44121,315,2016,1,2025-11-03,2025-10-29
T2258,Modjadjiskloof Substation 3 TX-091,F327,Modjadjiskloof,SS-MDK-03,Modjadjiskloof Substation 3,0.7,0.206,0.529,0.478,41.3,0,POLE-MDK-02258,-23.71334,30.12558,315,2025,0,2026-04-17,2026-05-24
T2259,Modjadjiskloof Substation 2 TX-079,F001,Modjadjiskloof,SS-MDK-02,Modjadjiskloof Substation 2,9.9,0.497,0.265,0.4,52.7,1,POLE-MDK-02259,-23.78321,30.13615,315,2016,3,2026-05-22,2025-09-03
T2260,Politsi Substation 1 TX-077,F497,Politsi,SS-PLT-01,Politsi Substation 1,12.7,0.462,0.651,0.663,47.0,0,POLE-PLT-02260,-23.79743,30.06622,50,2013,0,2026-05-22,2026-04-05
T2261,Modjadjiskloof Substation 1 TX-105,F012,Modjadjiskloof,SS-MDK-01,Modjadjiskloof Substation 1,13.3,0.567,0.333,0.43,61.8,0,POLE-MDK-02261,-23.7147,30.11519,315,2013,2,2026-01-01,2025-10-05
T2262,Modjadjiskloof Substation 1 TX-106,F500,Modjadjiskloof,SS-MDK-01,Modjadjiskloof Substation 1,5.0,0.656,0.359,0.517,53.7,0,POLE-MDK-02262,-23.71888,30.11674,2000,2021,1,2026-02-10,2026-01-16
T2263,Nkowankowa Substation 1 TX-083,F016,Nkowankowa,SS-NKW-01,Nkowankowa Substation 1,13.1,0.889,0.38,0.571,57.8,1,POLE-NKW-02263,-23.89944,30.23665,800,2013,0,2026-03-15,2026-01-01
T2264,Xihoko Substation 3 TX-101,F259,Xihoko,SS-XHK-03,Xihoko Substation 3,12.9,0.433,0.261,0.528,54.9,0,POLE-XHK-02264,-23.71942,30.3723,315,2013,1,2026-06-20,2024-08-13
T2265,Nkowankowa Substation 1 TX-084,F053,Nkowankowa,SS-NKW-01,Nkowankowa Substation 1,13.1,0.35,0.792,0.731,65.6,0,POLE-NKW-02265,-23.90316,30.24753,2000,2013,2,2026-01-03,2025-11-19
T2266,Xihoko Substation 2 TX-083,F048,Xihoko,SS-XHK-02,Xihoko Substation 2,19.9,0.96,0.573,0.493,69.2,1,POLE-XHK-02266,-23.80552,30.30426,50,2006,1,2026-01-23,2025-12-04
T2267,Modjadjiskloof Substation 1 TX-107,F342,Modjadjiskloof,SS-MDK-01,Modjadjiskloof Substation 1,4.8,0.166,0.779,0.536,51.2,0,POLE-MDK-02267,-23.71797,30.12172,1600,2021,0,2025-10-10,2024-12-01
T2268,Haenertsburg Substation 3 TX-079,F364,Haenertsburg,SS-HBG-03,Haenertsburg Substation 3,9.7,0.49,0.238,0.283,44.6,1,POLE-HBG-02268,-24.00723,29.92086,315,2016,1,2026-03-28,2024-11-17
T2269,Lenyenye Substation 2 TX-074,F060,Lenyenye,SS-LNY-02,Lenyenye Substation 2,2.4,0.305,0.577,0.48,44.2,0,POLE-LNY-02269,-23.93499,30.27379,500,2024,0,2026-04-23,2026-03-04
T2270,Nkowankowa Substation 3 TX-077,F489,Nkowankowa,SS-NKW-03,Nkowankowa Substation 3,18.7,0.776,0.435,0.428,71.4,1,POLE-NKW-02270,-23.93346,30.26626,2000,2007,0,2026-07-20,2024-07-10
T2271,Tzaneen Substation 2 TX-085,F161,Tzaneen,SS-TZN-02,Tzaneen Substation 2,5.5,0.602,0.54,0.603,51.8,0,POLE-TZN-02271,-23.79143,30.19199,2000,2021,0,2026-05-06,2026-05-28
T2272,Modjadjiskloof Substation 1 TX-108,F160,Modjadjiskloof,SS-MDK-01,Modjadjiskloof Substation 1,21.9,0.235,0.606,0.533,51.5,1,POLE-MDK-02272,-23.71988,30.12277,1600,2004,1,2026-07-11,2026-03-20
T2273,Tzaneen Substation 1 TX-076,F149,Tzaneen,SS-TZN-01,Tzaneen Substation 1,22.4,0.594,0.558,0.627,61.1,0,POLE-TZN-02273,-23.82292,30.156,500,2004,0,2026-05-13,2025-10-03
T2274,Modjadjiskloof Substation 2 TX-080,F231,Modjadjiskloof,SS-MDK-02,Modjadjiskloof Substation 2,10.4,0.506,0.464,0.641,56.8,1,POLE-MDK-02274,-23.77549,30.12834,800,2016,1,2025-12-03,2025-09-21
T2275,Lenyenye Substation 1 TX-088,F089,Lenyenye,SS-LNY-01,Lenyenye Substation 1,10.0,0.729,0.722,0.768,65.0,0,POLE-LNY-02275,-23.96278,30.26835,2000,2016,0,2026-04-03,2025-03-08
T2276,Politsi Substation 3 TX-088,F213,Politsi,SS-PLT-03,Politsi Substation 3,3.4,0.861,0.797,0.726,59.3,0,POLE-PLT-02276,-23.82668,30.0697,1000,2023,0,2026-02-02,2026-01-20
T2277,Nkowankowa Substation 2 TX-087,F105,Nkowankowa,SS-NKW-02,Nkowankowa Substation 2,11.9,0.669,0.733,0.608,54.4,0,POLE-NKW-02277,-23.93532,30.25775,200,2014,3,2026-03-02,2024-11-09
T2278,Xihoko Substation 1 TX-107,F026,Xihoko,SS-XHK-01,Xihoko Substation 1,19.8,0.369,0.405,0.388,57.8,0,POLE-XHK-02278,-23.77979,30.36172,500,2006,0,2026-04-26,2023-03-04
T2279,Xihoko Substation 2 TX-084,F185,Xihoko,SS-XHK-02,Xihoko Substation 2,14.3,0.88,0.718,0.699,60.2,0,POLE-XHK-02279,-23.79052,30.30113,1600,2012,2,2026-06-30,2026-03-13
T2280,Ga-Kgapane Substation 2 TX-065,F337,Ga-Kgapane,SS-GKG-02,Ga-Kgapane Substation 2,27.6,0.708,0.473,0.524,64.4,1,POLE-GKG-02280,-23.84112,30.34979,1600,1998,2,2026-01-08,2025-11-12
T2281,Xihoko Substation 2 TX-085,F382,Xihoko,SS-XHK-02,Xihoko Substation 2,8.9,0.531,0.789,0.808,47.7,0,POLE-XHK-02281,-23.79143,30.30007,200,2017,0,2026-05-18,2026-04-20
T2282,Tzaneen Substation 3 TX-076,F177,Tzaneen,SS-TZN-03,Tzaneen Substation 3,8.9,0.66,0.866,0.738,51.2,0,POLE-TZN-02282,-23.82087,30.19602,1600,2017,2,2026-03-05,2026-04-03
T2283,Haenertsburg Substation 1 TX-087,F162,Haenertsburg,SS-HBG-01,Haenertsburg Substation 1,5.8,0.499,0.714,0.698,41.9,0,POLE-HBG-02283,-23.94456,29.95792,800,2020,0,2026-04-16,2025-12-03
T2284,Politsi Substation 2 TX-089,F394,Politsi,SS-PLT-02,Politsi Substation 2,35.0,0.556,0.774,0.664,71.5,1,POLE-PLT-02284,-23.83525,30.02528,315,1991,0,2026-04-09,2026-02-16
T2285,Nkowankowa Substation 2 TX-088,F341,Nkowankowa,SS-NKW-02,Nkowankowa Substation 2,3.4,0.381,0.816,0.792,44.3,0,POLE-NKW-02285,-23.9427,30.23633,500,2023,0,2026-03-18,2026-04-11
T2286,Haenertsburg Substation 2 TX-095,F417,Haenertsburg,SS-HBG-02,Haenertsburg Substation 2,18.8,0.408,0.585,0.657,51.3,0,POLE-HBG-02286,-23.97731,29.9368,500,2007,1,2025-11-30,2026-02-27
T2287,Xihoko Substation 1 TX-108,F454,Xihoko,SS-XHK-01,Xihoko Substation 1,20.0,0.346,0.273,0.315,60.7,1,POLE-XHK-02287,-23.78897,30.35948,50,2006,7,2026-04-03,2026-01-14
T2288,Lenyenye Substation 2 TX-075,F411,Lenyenye,SS-LNY-02,Lenyenye Substation 2,19.5,0.569,0.598,0.655,53.6,0,POLE-LNY-02288,-23.92849,30.26076,200,2007,0,2026-04-30,2025-10-26
T2289,Tzaneen Substation 2 TX-086,F469,Tzaneen,SS-TZN-02,Tzaneen Substation 2,6.2,0.55,0.853,0.74,45.7,0,POLE-TZN-02289,-23.80809,30.18913,100,2020,0,2026-03-29,2026-05-13
T2290,Tzaneen Substation 2 TX-087,F209,Tzaneen,SS-TZN-02,Tzaneen Substation 2,10.4,0.421,0.356,0.528,55.5,0,POLE-TZN-02290,-23.80718,30.18058,1000,2016,1,2026-05-26,2025-05-02
T2291,Nkowankowa Substation 3 TX-078,F198,Nkowankowa,SS-NKW-03,Nkowankowa Substation 3,17.1,0.559,0.286,0.261,66.2,1,POLE-NKW-02291,-23.92837,30.26814,315,2009,2,2026-01-04,2024-11-18
T2292,Tzaneen Substation 2 TX-088,F161,Tzaneen,SS-TZN-02,Tzaneen Substation 2,7.4,0.892,0.612,0.585,56.9,0,POLE-TZN-02292,-23.80597,30.19174,100,2019,0,2026-02-07,2025-05-11
T2293,Bolobedu Substation 2 TX-087,F118,Bolobedu,SS-BLB-02,Bolobedu Substation 2,9.4,0.543,0.752,0.657,53.3,0,POLE-BLB-02293,-23.95859,30.37333,800,2017,1,2025-09-05,2026-02-21
T2294,Bolobedu Substation 3 TX-079,F375,Bolobedu,SS-BLB-03,Bolobedu Substation 3,7.5,0.688,0.742,0.661,53.3,0,POLE-BLB-02294,-23.99766,30.45252,500,2019,0,2026-03-22,2026-02-20
T2295,Lenyenye Substation 3 TX-079,F358,Lenyenye,SS-LNY-03,Lenyenye Substation 3,12.5,0.871,0.663,0.609,56.7,0,POLE-LNY-02295,-23.95657,30.30692,1000,2013,2,2025-12-30,2025-09-29
T2296,Modjadjiskloof Substation 2 TX-081,F401,Modjadjiskloof,SS-MDK-02,Modjadjiskloof Substation 2,12.0,0.85,0.543,0.436,63.2,1,POLE-MDK-02296,-23.77929,30.13173,2000,2014,0,2026-05-09,2026-01-14
T2297,Ga-Kgapane Substation 1 TX-089,F084,Ga-Kgapane,SS-GKG-01,Ga-Kgapane Substation 1,30.8,0.833,0.929,0.924,68.3,0,POLE-GKG-02297,-23.84407,30.30372,2000,1995,2,2026-06-12,2026-01-24
T2298,Politsi Substation 3 TX-089,F246,Politsi,SS-PLT-03,Politsi Substation 3,17.4,0.449,0.18,0.368,61.2,1,POLE-PLT-02298,-23.8275,30.07646,500,2009,4,2026-03-14,2025-08-28
T2299,Bolobedu Substation 1 TX-076,F111,Bolobedu,SS-BLB-01,Bolobedu Substation 1,4.2,0.585,0.516,0.617,41.8,0,POLE-BLB-02299,-23.95531,30.35569,50,2022,1,2026-05-24,2025-12-02
T2300,Ga-Kgapane Substation 2 TX-066,F447,Ga-Kgapane,SS-GKG-02,Ga-Kgapane Substation 2,4.5,0.662,0.36,0.476,55.5,1,POLE-GKG-02300,-23.84442,30.35478,50,2022,1,2026-01-18,2025-04-22
T2301,Xihoko Substation 3 TX-102,F134,Xihoko,SS-XHK-03,Xihoko Substation 3,19.1,0.377,0.495,0.596,55.1,0,POLE-XHK-02301,-23.73252,30.37133,100,2007,1,2026-06-07,2025-10-27
T2302,Tzaneen Substation 3 TX-077,F072,Tzaneen,SS-TZN-03,Tzaneen Substation 3,11.9,0.351,0.693,0.743,38.0,0,POLE-TZN-02302,-23.83209,30.19258,50,2014,1,2026-06-19,2026-05-21
T2303,Modjadjiskloof Substation 2 TX-082,F285,Modjadjiskloof,SS-MDK-02,Modjadjiskloof Substation 2,35.0,0.259,0.474,0.64,57.1,0,POLE-MDK-02303,-23.77433,30.13181,800,1991,3,2026-06-13,2025-08-07
T2304,Xihoko Substation 1 TX-109,F440,Xihoko,SS-XHK-01,Xihoko Substation 1,35.0,0.723,0.554,0.63,74.0,0,POLE-XHK-02304,-23.78308,30.37216,2000,1991,2,2026-03-09,2026-06-02
T2305,Nkowankowa Substation 3 TX-079,F458,Nkowankowa,SS-NKW-03,Nkowankowa Substation 3,5.8,0.507,0.669,0.7,54.9,1,POLE-NKW-02305,-23.91866,30.26623,1000,2020,0,2026-06-18,2024-10-21
T2306,Haenertsburg Substation 2 TX-096,F049,Haenertsburg,SS-HBG-02,Haenertsburg Substation 2,14.4,0.804,0.661,0.612,53.1,0,POLE-HBG-02306,-23.97817,29.94482,1000,2012,0,2026-06-17,2026-04-05
T2307,Ga-Kgapane Substation 2 TX-067,F163,Ga-Kgapane,SS-GKG-02,Ga-Kgapane Substation 2,4.5,0.595,0.675,0.662,54.8,0,POLE-GKG-02307,-23.85233,30.36268,200,2021,1,2026-06-18,2026-04-08
T2308,Nkowankowa Substation 2 TX-089,F077,Nkowankowa,SS-NKW-02,Nkowankowa Substation 2,18.9,0.29,0.36,0.513,45.0,0,POLE-NKW-02308,-23.93521,30.24551,1000,2007,3,2026-07-19,2024-08-07
T2309,Xihoko Substation 3 TX-103,F154,Xihoko,SS-XHK-03,Xihoko Substation 3,33.6,0.946,0.72,0.59,83.3,1,POLE-XHK-02309,-23.72096,30.37228,500,1992,2,2026-05-30,2025-12-22
T2310,Politsi Substation 2 TX-090,F267,Politsi,SS-PLT-02,Politsi Substation 2,13.1,0.865,0.694,0.522,62.3,0,POLE-PLT-02310,-23.83676,30.03659,315,2013,1,2026-03-08,2026-01-02
T2311,Xihoko Substation 2 TX-086,F141,Xihoko,SS-XHK-02,Xihoko Substation 2,8.7,0.834,0.236,0.212,62.2,1,POLE-XHK-02311,-23.79296,30.29604,50,2017,2,2026-01-11,2025-11-18
T2312,Tzaneen Substation 3 TX-078,F034,Tzaneen,SS-TZN-03,Tzaneen Substation 3,15.5,0.888,0.613,0.566,66.4,1,POLE-TZN-02312,-23.84161,30.18361,500,2011,1,2026-03-04,2025-12-13
T2313,Haenertsburg Substation 1 TX-088,F256,Haenertsburg,SS-HBG-01,Haenertsburg Substation 1,21.4,0.279,0.871,0.845,45.0,0,POLE-HBG-02313,-23.93908,29.97474,315,2005,2,2026-03-26,2025-04-18
T2314,Modjadjiskloof Substation 3 TX-092,F027,Modjadjiskloof,SS-MDK-03,Modjadjiskloof Substation 3,21.5,0.799,0.844,0.716,66.2,0,POLE-MDK-02314,-23.71896,30.11819,800,2004,2,2026-03-30,2026-03-03
T2315,Xihoko Substation 2 TX-087,F114,Xihoko,SS-XHK-02,Xihoko Substation 2,8.7,0.811,0.879,0.806,54.0,0,POLE-XHK-02315,-23.78481,30.28924,500,2017,0,2026-06-05,2025-03-15
T2316,Modjadjiskloof Substation 2 TX-083,F001,Modjadjiskloof,SS-MDK-02,Modjadjiskloof Substation 2,7.2,0.534,0.431,0.506,33.9,0,POLE-MDK-02316,-23.77105,30.12375,1000,2019,2,2026-01-19,2025-09-13
T2317,Bolobedu Substation 3 TX-080,F044,Bolobedu,SS-BLB-03,Bolobedu Substation 3,13.9,0.71,0.751,0.672,53.8,1,POLE-BLB-02317,-23.99363,30.44668,2000,2012,1,2026-06-26,2025-03-13
T2318,Xihoko Substation 3 TX-104,F219,Xihoko,SS-XHK-03,Xihoko Substation 3,9.2,0.364,0.425,0.5,51.5,0,POLE-XHK-02318,-23.71722,30.37718,500,2017,2,2026-03-21,2026-01-23
T2319,Politsi Substation 2 TX-091,F426,Politsi,SS-PLT-02,Politsi Substation 2,25.7,0.729,0.476,0.513,73.5,1,POLE-PLT-02319,-23.84053,30.02713,315,2000,2,2026-06-13,2025-02-05
T2320,Bolobedu Substation 3 TX-081,F388,Bolobedu,SS-BLB-03,Bolobedu Substation 3,9.1,0.949,0.91,0.695,61.5,1,POLE-BLB-02320,-23.99413,30.44078,200,2017,0,2026-06-17,2026-04-21
T2321,Xihoko Substation 2 TX-088,F050,Xihoko,SS-XHK-02,Xihoko Substation 2,12.4,0.449,0.213,0.495,59.7,0,POLE-XHK-02321,-23.81066,30.28373,1600,2014,3,2025-09-03,2025-09-09
T2322,Xihoko Substation 3 TX-105,F018,Xihoko,SS-XHK-03,Xihoko Substation 3,15.2,0.308,0.834,0.682,45.1,0,POLE-XHK-02322,-23.71541,30.37526,500,2011,0,2026-05-31,2026-04-25
T2323,Xihoko Substation 3 TX-106,F170,Xihoko,SS-XHK-03,Xihoko Substation 3,3.5,0.361,0.689,0.619,48.5,0,POLE-XHK-02323,-23.72196,30.37269,2000,2022,0,2026-06-03,2026-03-03
T2324,Modjadjiskloof Substation 3 TX-093,F327,Modjadjiskloof,SS-MDK-03,Modjadjiskloof Substation 3,7.7,0.611,0.761,0.789,53.6,0,POLE-MDK-02324,-23.70836,30.12834,1000,2018,1,2026-02-21,2026-05-10
T2325,Modjadjiskloof Substation 3 TX-094,F374,Modjadjiskloof,SS-MDK-03,Modjadjiskloof Substation 3,35.0,0.503,0.739,0.67,57.9,0,POLE-MDK-02325,-23.71172,30.11728,800,1991,2,2026-06-11,2025-04-03
T2326,Nkowankowa Substation 1 TX-085,F412,Nkowankowa,SS-NKW-01,Nkowankowa Substation 1,20.9,0.585,0.834,0.811,62.3,0,POLE-NKW-02326,-23.91099,30.24114,50,2005,1,2026-04-12,2025-12-19
T2327,Xihoko Substation 2 TX-089,F172,Xihoko,SS-XHK-02,Xihoko Substation 2,9.0,0.328,0.503,0.476,51.7,0,POLE-XHK-02327,-23.79062,30.2981,1000,2017,3,2026-03-21,2025-04-07
T2328,Bolobedu Substation 1 TX-077,F085,Bolobedu,SS-BLB-01,Bolobedu Substation 1,18.9,0.862,0.484,0.622,63.7,1,POLE-BLB-02328,-23.95955,30.34983,500,2007,2,2026-04-16,2025-06-03
T2329,Modjadjiskloof Substation 2 TX-084,F014,Modjadjiskloof,SS-MDK-02,Modjadjiskloof Substation 2,25.4,0.517,0.745,0.655,59.3,0,POLE-MDK-02329,-23.78069,30.13096,50,2001,1,2026-06-16,2026-05-02
T2330,Nkowankowa Substation 1 TX-086,F074,Nkowankowa,SS-NKW-01,Nkowankowa Substation 1,10.1,0.667,0.851,0.74,48.2,0,POLE-NKW-02330,-23.89784,30.24,315,2016,1,2025-12-31,2025-10-11
T2331,Lenyenye Substation 2 TX-076,F033,Lenyenye,SS-LNY-02,Lenyenye Substation 2,20.2,0.191,0.56,0.527,56.0,0,POLE-LNY-02331,-23.93851,30.25344,500,2006,3,2026-05-28,2024-04-04
T2332,Xihoko Substation 1 TX-110,F431,Xihoko,SS-XHK-01,Xihoko Substation 1,18.4,0.454,0.444,0.46,60.2,1,POLE-XHK-02332,-23.78558,30.37706,2000,2008,0,2025-10-18,2025-11-20
T2333,Modjadjiskloof Substation 2 TX-085,F135,Modjadjiskloof,SS-MDK-02,Modjadjiskloof Substation 2,4.6,0.706,0.746,0.58,56.7,0,POLE-MDK-02333,-23.77895,30.12998,800,2021,1,2026-03-24,2025-09-19
T2334,Nkowankowa Substation 1 TX-087,F412,Nkowankowa,SS-NKW-01,Nkowankowa Substation 1,10.1,0.425,0.669,0.671,49.7,0,POLE-NKW-02334,-23.90591,30.24669,315,2016,1,2026-02-06,2025-03-11
T2335,Xihoko Substation 2 TX-090,F277,Xihoko,SS-XHK-02,Xihoko Substation 2,31.3,0.466,0.675,0.767,62.3,1,POLE-XHK-02335,-23.80457,30.30919,2000,1995,0,2026-04-12,2026-02-16
T2336,Tzaneen Substation 2 TX-089,F270,Tzaneen,SS-TZN-02,Tzaneen Substation 2,35.0,0.273,0.814,0.829,56.6,0,POLE-TZN-02336,-23.82245,30.19298,800,1991,2,2025-12-16,2025-08-08
T2337,Xihoko Substation 3 TX-107,F228,Xihoko,SS-XHK-03,Xihoko Substation 3,21.0,0.672,0.657,0.752,65.2,0,POLE-XHK-02337,-23.70934,30.37107,2000,2005,1,2025-09-14,2025-09-16
T2338,Ga-Kgapane Substation 3 TX-082,F410,Ga-Kgapane,SS-GKG-03,Ga-Kgapane Substation 3,7.5,0.436,0.831,0.727,50.0,0,POLE-GKG-02338,-23.85762,30.37283,500,2019,0,2026-05-25,2025-12-11
T2339,Tzaneen Substation 2 TX-090,F022,Tzaneen,SS-TZN-02,Tzaneen Substation 2,1.4,0.26,0.596,0.49,44.6,0,POLE-TZN-02339,-23.79776,30.19938,1600,2025,2,2026-05-28,2025-08-17
T2340,Lenyenye Substation 3 TX-080,F047,Lenyenye,SS-LNY-03,Lenyenye Substation 3,6.7,0.537,0.633,0.621,50.0,0,POLE-LNY-02340,-23.94678,30.29388,1600,2019,0,2026-04-15,2026-04-15
T2341,Haenertsburg Substation 3 TX-080,F212,Haenertsburg,SS-HBG-03,Haenertsburg Substation 3,4.0,0.762,0.548,0.457,48.1,0,POLE-HBG-02341,-24.00854,29.93041,1000,2022,0,2026-05-03,2023-09-24
T2342,Nkowankowa Substation 3 TX-080,F198,Nkowankowa,SS-NKW-03,Nkowankowa Substation 3,32.8,0.521,0.861,0.763,53.5,0,POLE-NKW-02342,-23.92161,30.27041,2000,1993,3,2026-02-17,2026-01-31
T2343,Nkowankowa Substation 2 TX-090,F273,Nkowankowa,SS-NKW-02,Nkowankowa Substation 2,2.4,0.502,0.215,0.368,50.0,1,POLE-NKW-02343,-23.94614,30.24249,500,2024,0,2025-12-26,2025-07-01
T2344,Xihoko Substation 3 TX-108,F369,Xihoko,SS-XHK-03,Xihoko Substation 3,4.7,0.621,0.347,0.364,62.3,0,POLE-XHK-02344,-23.71597,30.3797,50,2021,2,2026-06-13,2026-04-17
T2345,Modjadjiskloof Substation 3 TX-095,F294,Modjadjiskloof,SS-MDK-03,Modjadjiskloof Substation 3,13.7,0.44,0.228,0.314,54.7,1,POLE-MDK-02345,-23.71023,30.10919,315,2012,2,2026-06-10,2025-03-24
T2346,Xihoko Substation 2 TX-091,F129,Xihoko,SS-XHK-02,Xihoko Substation 2,11.8,0.592,0.778,0.742,49.4,0,POLE-XHK-02346,-23.79773,30.29339,50,2014,1,2026-04-21,2026-01-05
T2347,Lenyenye Substation 3 TX-081,F164,Lenyenye,SS-LNY-03,Lenyenye Substation 3,30.3,0.761,0.888,0.756,62.5,0,POLE-LNY-02347,-23.94956,30.30302,200,1996,0,2026-02-24,2025-11-19
T2348,Lenyenye Substation 3 TX-082,F377,Lenyenye,SS-LNY-03,Lenyenye Substation 3,17.6,0.694,0.602,0.639,53.9,1,POLE-LNY-02348,-23.94523,30.30751,1000,2008,0,2026-06-05,2026-02-07
T2349,Ga-Kgapane Substation 3 TX-083,F101,Ga-Kgapane,SS-GKG-03,Ga-Kgapane Substation 3,10.7,0.463,0.295,0.505,48.9,0,POLE-GKG-02349,-23.86443,30.37113,100,2015,2,2026-01-19,2025-06-06
T2350,Ga-Kgapane Substation 2 TX-068,F253,Ga-Kgapane,SS-GKG-02,Ga-Kgapane Substation 2,26.0,0.557,0.909,0.739,61.9,0,POLE-GKG-02350,-23.85271,30.35783,800,2000,3,2026-04-01,2025-07-26
T2351,Tzaneen Substation 2 TX-091,F270,Tzaneen,SS-TZN-02,Tzaneen Substation 2,8.8,0.46,0.593,0.474,50.4,0,POLE-TZN-02351,-23.80389,30.19918,800,2017,1,2026-02-26,2026-01-19
T2352,Nkowankowa Substation 3 TX-081,F376,Nkowankowa,SS-NKW-03,Nkowankowa Substation 3,31.9,0.569,0.6,0.441,67.0,1,POLE-NKW-02352,-23.92789,30.26494,500,1994,3,2026-07-01,2026-03-16
T2353,Lenyenye Substation 3 TX-083,F358,Lenyenye,SS-LNY-03,Lenyenye Substation 3,6.0,0.255,0.89,0.644,40.5,0,POLE-LNY-02353,-23.95704,30.30401,1000,2020,0,2026-06-07,2026-04-03
T2354,Bolobedu Substation 3 TX-082,F233,Bolobedu,SS-BLB-03,Bolobedu Substation 3,11.5,0.363,0.522,0.67,50.0,0,POLE-BLB-02354,-23.98591,30.45626,315,2014,0,2026-05-09,2025-02-24
T2355,Bolobedu Substation 2 TX-088,F155,Bolobedu,SS-BLB-02,Bolobedu Substation 2,1.6,0.447,0.604,0.656,47.0,0,POLE-BLB-02355,-23.94675,30.37941,800,2024,0,2026-02-06,2026-03-03
T2356,Nkowankowa Substation 2 TX-091,F184,Nkowankowa,SS-NKW-02,Nkowankowa Substation 2,21.7,0.829,0.416,0.416,60.4,1,POLE-NKW-02356,-23.94187,30.24733,1000,2004,1,2026-05-08,2024-12-07
T2357,Xihoko Substation 1 TX-111,F206,Xihoko,SS-XHK-01,Xihoko Substation 1,13.2,0.414,0.799,0.837,44.2,0,POLE-XHK-02357,-23.78694,30.36422,800,2013,0,2026-06-30,2026-01-04
T2358,Ga-Kgapane Substation 1 TX-090,F110,Ga-Kgapane,SS-GKG-01,Ga-Kgapane Substation 1,32.0,0.825,0.613,0.514,73.6,1,POLE-GKG-02358,-23.82221,30.2998,1000,1994,2,2026-02-15,2025-12-26
T2359,Ga-Kgapane Substation 2 TX-069,F313,Ga-Kgapane,SS-GKG-02,Ga-Kgapane Substation 2,9.9,0.665,0.729,0.54,59.0,0,POLE-GKG-02359,-23.84886,30.347,1000,2016,0,2026-06-18,2026-06-11
T2360,Nkowankowa Substation 2 TX-092,F105,Nkowankowa,SS-NKW-02,Nkowankowa Substation 2,3.5,0.321,0.695,0.691,43.3,0,POLE-NKW-02360,-23.93971,30.25794,315,2023,2,2026-07-11,2024-08-19
T2361,Politsi Substation 3 TX-090,F325,Politsi,SS-PLT-03,Politsi Substation 3,16.2,0.541,0.697,0.656,59.9,0,POLE-PLT-02361,-23.83272,30.07366,2000,2010,0,2026-05-25,2025-11-30
T2362,Nkowankowa Substation 3 TX-082,F376,Nkowankowa,SS-NKW-03,Nkowankowa Substation 3,7.9,0.662,0.895,0.822,43.4,0,POLE-NKW-02362,-23.92619,30.26729,200,2018,1,2026-07-14,2026-03-06
T2363,Politsi Substation 1 TX-078,F481,Politsi,SS-PLT-01,Politsi Substation 1,19.7,0.608,0.665,0.582,62.8,0,POLE-PLT-02363,-23.79567,30.07185,50,2006,0,2026-07-14,2025-10-31
T2364,Lenyenye Substation 2 TX-077,F060,Lenyenye,SS-LNY-02,Lenyenye Substation 2,6.1,0.453,0.603,0.64,58.4,0,POLE-LNY-02364,-23.93954,30.26822,2000,2020,1,2026-07-23,2025-10-15
T2365,Nkowankowa Substation 1 TX-088,F380,Nkowankowa,SS-NKW-01,Nkowankowa Substation 1,28.4,0.439,0.851,0.722,59.9,0,POLE-NKW-02365,-23.90312,30.24863,1600,1998,1,2026-04-17,2026-03-18
T2366,Nkowankowa Substation 1 TX-089,F043,Nkowankowa,SS-NKW-01,Nkowankowa Substation 1,12.4,0.513,0.382,0.346,59.0,0,POLE-NKW-02366,-23.90763,30.24611,315,2014,1,2026-03-26,2025-11-14
T2367,Lenyenye Substation 1 TX-089,F169,Lenyenye,SS-LNY-01,Lenyenye Substation 1,10.7,0.18,0.313,0.4,51.8,0,POLE-LNY-02367,-23.96007,30.27809,100,2015,1,2025-03-28,2026-03-29
T2368,Lenyenye Substation 1 TX-090,F089,Lenyenye,SS-LNY-01,Lenyenye Substation 1,27.2,0.304,0.752,0.784,52.2,0,POLE-LNY-02368,-23.96538,30.26138,100,1999,0,2026-06-06,2026-03-23
T2369,Modjadjiskloof Substation 1 TX-109,F082,Modjadjiskloof,SS-MDK-01,Modjadjiskloof Substation 1,21.9,0.81,0.647,0.493,63.3,0,POLE-MDK-02369,-23.71386,30.12452,800,2004,1,2025-11-19,2025-11-04
T2370,Nkowankowa Substation 2 TX-093,F088,Nkowankowa,SS-NKW-02,Nkowankowa Substation 2,6.8,0.472,0.205,0.367,54.2,0,POLE-NKW-02370,-23.94065,30.25986,2000,2019,0,2026-01-08,2026-04-18
T2371,Tzaneen Substation 2 TX-092,F022,Tzaneen,SS-TZN-02,Tzaneen Substation 2,21.5,0.681,0.539,0.697,53.1,0,POLE-TZN-02371,-23.80738,30.19237,200,2005,4,2026-05-20,2026-01-12
T2372,Nkowankowa Substation 1 TX-090,F412,Nkowankowa,SS-NKW-01,Nkowankowa Substation 1,18.7,0.629,0.562,0.673,60.9,1,POLE-NKW-02372,-23.90379,30.23935,1000,2007,3,2026-06-18,2026-01-21
T2373,Lenyenye Substation 3 TX-084,F031,Lenyenye,SS-LNY-03,Lenyenye Substation 3,11.1,0.2,0.726,0.627,48.6,0,POLE-LNY-02373,-23.95445,30.30102,315,2015,0,2026-04-15,2026-02-17
T2374,Modjadjiskloof Substation 3 TX-096,F200,Modjadjiskloof,SS-MDK-03,Modjadjiskloof Substation 3,20.4,0.467,0.767,0.837,45.4,0,POLE-MDK-02374,-23.71235,30.12112,800,2006,2,2026-06-21,2025-08-16
T2375,Ga-Kgapane Substation 3 TX-084,F350,Ga-Kgapane,SS-GKG-03,Ga-Kgapane Substation 3,28.3,0.729,0.37,0.388,72.8,1,POLE-GKG-02375,-23.85542,30.38582,800,1998,4,2026-03-04,2026-03-25
T2376,Bolobedu Substation 1 TX-078,F496,Bolobedu,SS-BLB-01,Bolobedu Substation 1,11.4,0.192,0.809,0.569,45.7,0,POLE-BLB-02376,-23.9661,30.35358,1000,2015,2,2026-06-25,2025-10-25
T2377,Lenyenye Substation 2 TX-078,F427,Lenyenye,SS-LNY-02,Lenyenye Substation 2,11.4,0.313,0.799,0.833,52.1,0,POLE-LNY-02377,-23.93593,30.27037,1000,2015,1,2026-07-03,2026-03-31
T2378,Modjadjiskloof Substation 1 TX-110,F069,Modjadjiskloof,SS-MDK-01,Modjadjiskloof Substation 1,11.0,0.715,0.619,0.692,62.4,0,POLE-MDK-02378,-23.72493,30.12429,100,2015,1,2026-07-15,2025-11-18
T2379,Modjadjiskloof Substation 3 TX-097,F494,Modjadjiskloof,SS-MDK-03,Modjadjiskloof Substation 3,6.6,0.407,0.94,0.784,49.0,0,POLE-MDK-02379,-23.72796,30.12673,100,2019,1,2026-05-16,2025-12-20
T2380,Modjadjiskloof Substation 3 TX-098,F327,Modjadjiskloof,SS-MDK-03,Modjadjiskloof Substation 3,11.3,0.666,0.662,0.55,63.6,0,POLE-MDK-02380,-23.70939,30.1214,800,2015,0,2026-05-01,2023-11-15
T2381,Xihoko Substation 2 TX-092,F090,Xihoko,SS-XHK-02,Xihoko Substation 2,10.4,0.323,0.731,0.626,46.3,0,POLE-XHK-02381,-23.7892,30.2999,315,2016,0,2026-07-01,2023-06-04
T2382,Xihoko Substation 3 TX-109,F225,Xihoko,SS-XHK-03,Xihoko Substation 3,10.0,0.274,0.64,0.692,46.8,0,POLE-XHK-02382,-23.71661,30.36436,200,2016,3,2026-05-06,2026-03-23
T2383,Politsi Substation 2 TX-092,F459,Politsi,SS-PLT-02,Politsi Substation 2,9.9,0.84,0.667,0.516,59.8,0,POLE-PLT-02383,-23.82078,30.01234,100,2016,2,2026-07-08,2025-11-18
T2384,Bolobedu Substation 2 TX-089,F197,Bolobedu,SS-BLB-02,Bolobedu Substation 2,4.7,0.83,0.726,0.551,52.2,0,POLE-BLB-02384,-23.95262,30.36789,1600,2021,0,2026-05-02,2026-03-06
T2385,Politsi Substation 2 TX-093,F092,Politsi,SS-PLT-02,Politsi Substation 2,23.3,0.449,0.709,0.665,58.3,0,POLE-PLT-02385,-23.84016,30.01177,50,2003,1,2026-05-10,2025-11-21
T2386,Xihoko Substation 1 TX-112,F438,Xihoko,SS-XHK-01,Xihoko Substation 1,7.7,0.491,0.822,0.783,46.9,0,POLE-XHK-02386,-23.77376,30.36866,100,2018,0,2026-03-27,2026-04-03
T2387,Politsi Substation 3 TX-091,F477,Politsi,SS-PLT-03,Politsi Substation 3,29.3,0.555,0.819,0.594,64.1,0,POLE-PLT-02387,-23.82173,30.0747,315,1997,1,2026-07-13,2026-03-12
T2388,Tzaneen Substation 1 TX-077,F488,Tzaneen,SS-TZN-01,Tzaneen Substation 1,5.6,0.544,0.609,0.602,50.2,0,POLE-TZN-02388,-23.8191,30.16609,100,2020,2,2026-07-24,2026-01-27
T2389,Lenyenye Substation 2 TX-079,F478,Lenyenye,SS-LNY-02,Lenyenye Substation 2,33.6,0.837,0.531,0.584,74.4,1,POLE-LNY-02389,-23.94337,30.24662,50,1992,1,2025-11-04,2026-01-19
T2390,Nkowankowa Substation 3 TX-083,F437,Nkowankowa,SS-NKW-03,Nkowankowa Substation 3,9.1,0.359,0.292,0.342,57.7,0,POLE-NKW-02390,-23.92474,30.26476,200,2017,1,2026-02-09,2026-06-21
T2391,Xihoko Substation 3 TX-110,F228,Xihoko,SS-XHK-03,Xihoko Substation 3,21.7,0.756,0.738,0.673,60.6,1,POLE-XHK-02391,-23.72908,30.37546,315,2004,2,2026-06-13,2026-01-27
T2392,Tzaneen Substation 3 TX-079,F097,Tzaneen,SS-TZN-03,Tzaneen Substation 3,13.1,0.538,0.86,0.748,45.8,0,POLE-TZN-02392,-23.82014,30.19853,315,2013,0,2026-02-05,2024-09-11
T2393,Bolobedu Substation 1 TX-079,F309,Bolobedu,SS-BLB-01,Bolobedu Substation 1,4.1,0.417,0.834,0.838,46.0,0,POLE-BLB-02393,-23.96819,30.35655,500,2022,0,2025-10-17,2026-04-11
T2394,Bolobedu Substation 1 TX-080,F111,Bolobedu,SS-BLB-01,Bolobedu Substation 1,4.3,0.756,0.907,0.801,55.1,0,POLE-BLB-02394,-23.96991,30.35338,100,2022,1,2026-04-27,2025-08-02
T2395,Haenertsburg Substation 3 TX-081,F237,Haenertsburg,SS-HBG-03,Haenertsburg Substation 3,7.2,0.535,0.705,0.612,52.9,0,POLE-HBG-02395,-24.00669,29.93193,2000,2019,0,2026-05-12,2025-08-23
T2396,Lenyenye Substation 3 TX-085,F329,Lenyenye,SS-LNY-03,Lenyenye Substation 3,8.8,0.439,0.181,0.316,49.5,0,POLE-LNY-02396,-23.95149,30.31416,500,2017,2,2026-06-17,2025-12-07
T2397,Xihoko Substation 3 TX-111,F474,Xihoko,SS-XHK-03,Xihoko Substation 3,11.6,0.731,0.48,0.567,58.2,0,POLE-XHK-02397,-23.71522,30.37236,315,2014,3,2026-05-12,2026-03-22
T2398,Lenyenye Substation 2 TX-080,F145,Lenyenye,SS-LNY-02,Lenyenye Substation 2,15.1,0.571,0.587,0.693,56.6,0,POLE-LNY-02398,-23.93767,30.25452,1000,2011,2,2026-06-30,2026-05-02
T2399,Bolobedu Substation 1 TX-081,F126,Bolobedu,SS-BLB-01,Bolobedu Substation 1,10.6,0.714,0.815,0.683,50.4,0,POLE-BLB-02399,-23.96675,30.35059,2000,2015,1,2026-04-15,2026-04-05
T2400,Ga-Kgapane Substation 3 TX-085,F368,Ga-Kgapane,SS-GKG-03,Ga-Kgapane Substation 3,14.5,0.673,0.56,0.528,56.2,1,POLE-GKG-02400,-23.86678,30.37473,50,2011,1,2025-04-17,2026-05-04
T2401,Nkowankowa Substation 3 TX-084,F004,Nkowankowa,SS-NKW-03,Nkowankowa Substation 3,16.2,0.733,0.981,0.889,55.1,0,POLE-NKW-02401,-23.92417,30.26019,500,2010,0,2026-05-01,2026-06-26
T2402,Haenertsburg Substation 2 TX-097,F284,Haenertsburg,SS-HBG-02,Haenertsburg Substation 2,10.2,0.537,0.549,0.429,62.1,0,POLE-HBG-02402,-23.9714,29.92768,1600,2016,1,2025-11-22,2026-03-16
T2403,Tzaneen Substation 3 TX-080,F373,Tzaneen,SS-TZN-03,Tzaneen Substation 3,18.5,0.981,0.732,0.704,67.1,0,POLE-TZN-02403,-23.83202,30.20745,200,2008,2,2026-05-16,2025-05-26
T2404,Lenyenye Substation 2 TX-081,F276,Lenyenye,SS-LNY-02,Lenyenye Substation 2,21.2,0.398,0.835,0.701,52.0,0,POLE-LNY-02404,-23.93308,30.25731,1600,2005,2,2026-04-21,2025-08-26
T2405,Modjadjiskloof Substation 3 TX-099,F192,Modjadjiskloof,SS-MDK-03,Modjadjiskloof Substation 3,16.5,0.581,0.256,0.524,58.2,1,POLE-MDK-02405,-23.71433,30.11794,800,2010,2,2026-04-17,2026-02-03
T2406,Bolobedu Substation 3 TX-083,F415,Bolobedu,SS-BLB-03,Bolobedu Substation 3,17.1,0.739,0.197,0.3,63.8,1,POLE-BLB-02406,-23.99853,30.46584,50,2009,1,2026-06-30,2024-09-20
T2407,Ga-Kgapane Substation 2 TX-070,F186,Ga-Kgapane,SS-GKG-02,Ga-Kgapane Substation 2,13.7,0.721,0.51,0.372,61.3,1,POLE-GKG-02407,-23.83587,30.35675,1600,2012,1,2026-07-19,2026-02-24
T2408,Ga-Kgapane Substation 3 TX-086,F356,Ga-Kgapane,SS-GKG-03,Ga-Kgapane Substation 3,24.7,0.504,0.81,0.596,64.7,0,POLE-GKG-02408,-23.86093,30.38121,50,2001,2,2025-08-30,2026-05-23
T2409,Bolobedu Substation 3 TX-084,F233,Bolobedu,SS-BLB-03,Bolobedu Substation 3,11.8,0.6,0.479,0.377,49.9,0,POLE-BLB-02409,-23.98524,30.45227,1000,2014,1,2026-05-23,2024-01-21
T2410,Modjadjiskloof Substation 2 TX-086,F014,Modjadjiskloof,SS-MDK-02,Modjadjiskloof Substation 2,7.3,0.934,0.682,0.612,66.5,0,POLE-MDK-02410,-23.79053,30.12961,800,2019,0,2026-05-11,2025-10-20
T2411,Haenertsburg Substation 2 TX-098,F266,Haenertsburg,SS-HBG-02,Haenertsburg Substation 2,12.1,0.457,0.909,0.763,60.5,0,POLE-HBG-02411,-23.98059,29.92908,1600,2014,2,2026-07-23,2025-10-11
T2412,Haenertsburg Substation 3 TX-082,F025,Haenertsburg,SS-HBG-03,Haenertsburg Substation 3,4.2,0.771,0.423,0.526,56.8,0,POLE-HBG-02412,-23.99681,29.93095,200,2022,1,2026-04-30,2026-03-05
T2413,Lenyenye Substation 3 TX-086,F466,Lenyenye,SS-LNY-03,Lenyenye Substation 3,3.8,0.655,0.208,0.229,54.4,1,POLE-LNY-02413,-23.94442,30.3063,100,2022,1,2025-12-08,2026-01-06
T2414,Politsi Substation 2 TX-094,F301,Politsi,SS-PLT-02,Politsi Substation 2,21.3,0.815,0.606,0.713,69.7,0,POLE-PLT-02414,-23.8361,30.01655,500,2005,2,2026-02-24,2026-03-03
T2415,Modjadjiskloof Substation 2 TX-087,F187,Modjadjiskloof,SS-MDK-02,Modjadjiskloof Substation 2,29.6,0.625,0.383,0.449,70.9,1,POLE-MDK-02415,-23.77049,30.12571,1000,1996,2,2026-03-27,2025-05-27
T2416,Ga-Kgapane Substation 2 TX-071,F244,Ga-Kgapane,SS-GKG-02,Ga-Kgapane Substation 2,9.4,0.774,0.695,0.457,57.8,0,POLE-GKG-02416,-23.83631,30.34306,800,2017,2,2026-02-21,2026-04-06
T2417,Politsi Substation 3 TX-092,F310,Politsi,SS-PLT-03,Politsi Substation 3,21.4,0.656,0.437,0.5,59.4,1,POLE-PLT-02417,-23.83014,30.06509,50,2005,2,2026-05-19,2026-03-23
T2418,Tzaneen Substation 1 TX-078,F131,Tzaneen,SS-TZN-01,Tzaneen Substation 1,2.1,0.957,0.805,0.589,55.7,0,POLE-TZN-02418,-23.81778,30.16884,800,2024,1,2026-01-18,2025-06-13
T2419,Lenyenye Substation 2 TX-082,F145,Lenyenye,SS-LNY-02,Lenyenye Substation 2,16.5,0.353,0.876,0.736,51.4,0,POLE-LNY-02419,-23.92925,30.26075,315,2009,0,2025-07-02,2023-12-05
T2420,Nkowankowa Substation 1 TX-091,F210,Nkowankowa,SS-NKW-01,Nkowankowa Substation 1,11.9,0.893,0.283,0.471,68.8,1,POLE-NKW-02420,-23.89866,30.2411,1000,2014,2,2025-10-18,2025-12-06
T2421,Lenyenye Substation 3 TX-087,F130,Lenyenye,SS-LNY-03,Lenyenye Substation 3,32.7,0.81,0.342,0.403,77.6,1,POLE-LNY-02421,-23.94658,30.28665,2000,1993,2,2026-04-09,2026-04-05
T2422,Tzaneen Substation 3 TX-081,F379,Tzaneen,SS-TZN-03,Tzaneen Substation 3,10.7,0.308,0.836,0.669,49.4,0,POLE-TZN-02422,-23.83722,30.18268,1600,2015,0,2026-06-22,2026-05-07
T2423,Xihoko Substation 1 TX-113,F052,Xihoko,SS-XHK-01,Xihoko Substation 1,5.2,0.792,0.254,0.499,55.9,0,POLE-XHK-02423,-23.77615,30.362,2000,2021,1,2026-06-18,2025-10-15
T2424,Lenyenye Substation 2 TX-083,F414,Lenyenye,SS-LNY-02,Lenyenye Substation 2,3.3,0.331,0.623,0.64,48.0,0,POLE-LNY-02424,-23.93764,30.25304,800,2023,0,2026-04-25,2025-01-16
T2425,Lenyenye Substation 2 TX-084,F175,Lenyenye,SS-LNY-02,Lenyenye Substation 2,12.1,0.553,0.263,0.336,58.3,0,POLE-LNY-02425,-23.94232,30.26448,1000,2014,2,2026-06-18,2025-01-10
T2426,Ga-Kgapane Substation 2 TX-072,F281,Ga-Kgapane,SS-GKG-02,Ga-Kgapane Substation 2,13.7,0.58,0.58,0.636,64.7,0,POLE-GKG-02426,-23.83661,30.35375,50,2012,1,2026-03-29,2025-10-01
T2427,Nkowankowa Substation 1 TX-092,F079,Nkowankowa,SS-NKW-01,Nkowankowa Substation 1,10.2,0.368,0.854,0.742,43.6,0,POLE-NKW-02427,-23.9044,30.24759,100,2016,3,2026-05-23,2026-05-17
T2428,Ga-Kgapane Substation 1 TX-091,F193,Ga-Kgapane,SS-GKG-01,Ga-Kgapane Substation 1,21.8,0.591,0.851,0.751,60.5,0,POLE-GKG-02428,-23.83751,30.30838,100,2004,0,2026-06-24,2025-12-19
T2429,Bolobedu Substation 1 TX-082,F378,Bolobedu,SS-BLB-01,Bolobedu Substation 1,27.6,0.317,0.393,0.588,69.9,1,POLE-BLB-02429,-23.96182,30.36178,1000,1998,1,2026-03-21,2026-05-28
T2430,Tzaneen Substation 1 TX-079,F136,Tzaneen,SS-TZN-01,Tzaneen Substation 1,9.3,0.534,0.277,0.398,61.4,0,POLE-TZN-02430,-23.83503,30.16807,800,2017,2,2026-02-25,2024-06-16
T2431,Tzaneen Substation 1 TX-080,F067,Tzaneen,SS-TZN-01,Tzaneen Substation 1,2.5,0.869,0.587,0.681,58.1,0,POLE-TZN-02431,-23.82746,30.16709,2000,2024,0,2026-03-05,2026-03-26
T2432,Ga-Kgapane Substation 2 TX-073,F261,Ga-Kgapane,SS-GKG-02,Ga-Kgapane Substation 2,14.6,0.431,0.274,0.372,59.0,0,POLE-GKG-02432,-23.84109,30.35518,1000,2011,1,2026-03-25,2025-12-23
T2433,Modjadjiskloof Substation 1 TX-111,F082,Modjadjiskloof,SS-MDK-01,Modjadjiskloof Substation 1,25.0,0.545,0.438,0.637,61.8,1,POLE-MDK-02433,-23.72023,30.11531,1600,2001,2,2026-02-21,2025-03-08
T2434,Tzaneen Substation 2 TX-093,F158,Tzaneen,SS-TZN-02,Tzaneen Substation 2,9.3,0.796,0.331,0.328,62.3,1,POLE-TZN-02434,-23.80875,30.1959,1000,2017,4,2025-10-12,2025-12-22
T2435,Xihoko Substation 3 TX-112,F226,Xihoko,SS-XHK-03,Xihoko Substation 3,17.1,0.839,0.209,0.348,65.6,1,POLE-XHK-02435,-23.71722,30.36924,800,2009,0,2026-06-12,2024-04-18
T2436,Haenertsburg Substation 2 TX-099,F283,Haenertsburg,SS-HBG-02,Haenertsburg Substation 2,4.9,0.216,0.061,0.155,43.2,1,POLE-HBG-02436,-23.97332,29.92471,500,2021,3,2026-06-10,2026-07-17
T2437,Ga-Kgapane Substation 3 TX-087,F320,Ga-Kgapane,SS-GKG-03,Ga-Kgapane Substation 3,14.4,0.312,0.694,0.548,54.8,0,POLE-GKG-02437,-23.87422,30.36855,100,2012,2,2026-02-25,2026-03-22
T2438,Nkowankowa Substation 2 TX-094,F339,Nkowankowa,SS-NKW-02,Nkowankowa Substation 2,17.3,0.22,0.314,0.33,47.6,0,POLE-NKW-02438,-23.94307,30.23589,800,2009,0,2026-05-13,2025-04-01
T2439,Modjadjiskloof Substation 1 TX-112,F423,Modjadjiskloof,SS-MDK-01,Modjadjiskloof Substation 1,14.6,0.372,0.898,0.875,50.5,0,POLE-MDK-02439,-23.7202,30.11985,500,2011,0,2026-02-16,2025-09-23
T2440,Tzaneen Substation 3 TX-082,F034,Tzaneen,SS-TZN-03,Tzaneen Substation 3,35.0,0.586,0.699,0.675,66.2,0,POLE-TZN-02440,-23.82136,30.18694,2000,1991,1,2026-02-04,2026-03-31
T2441,Bolobedu Substation 3 TX-085,F182,Bolobedu,SS-BLB-03,Bolobedu Substation 3,29.4,0.617,0.631,0.681,60.2,0,POLE-BLB-02441,-23.98033,30.44474,2000,1997,0,2025-12-11,2026-05-20
T2442,Modjadjiskloof Substation 2 TX-088,F001,Modjadjiskloof,SS-MDK-02,Modjadjiskloof Substation 2,19.2,0.249,0.703,0.594,59.3,0,POLE-MDK-02442,-23.78609,30.12175,315,2007,1,2026-07-12,2025-09-12
T2443,Xihoko Substation 1 TX-114,F005,Xihoko,SS-XHK-01,Xihoko Substation 1,23.5,0.504,0.552,0.692,51.5,1,POLE-XHK-02443,-23.77282,30.36584,100,2003,2,2026-04-25,2026-01-15
T2444,Politsi Substation 1 TX-079,F107,Politsi,SS-PLT-01,Politsi Substation 1,14.3,0.466,0.577,0.422,53.9,0,POLE-PLT-02444,-23.79688,30.05855,100,2012,0,2026-03-11,2026-07-09
T2445,Modjadjiskloof Substation 1 TX-113,F300,Modjadjiskloof,SS-MDK-01,Modjadjiskloof Substation 1,11.5,0.829,0.954,0.87,52.6,0,POLE-MDK-02445,-23.72998,30.12194,500,2015,0,2026-07-05,2026-05-31
T2446,Xihoko Substation 1 TX-115,F448,Xihoko,SS-XHK-01,Xihoko Substation 1,8.6,0.339,0.905,0.691,46.9,0,POLE-XHK-02446,-23.78892,30.37364,2000,2017,1,2026-05-30,2025-08-14
T2447,Xihoko Substation 1 TX-116,F387,Xihoko,SS-XHK-01,Xihoko Substation 1,4.8,0.459,0.609,0.594,45.2,0,POLE-XHK-02447,-23.77267,30.36629,1600,2021,0,2026-03-28,2025-09-25
T2448,Bolobedu Substation 2 TX-090,F324,Bolobedu,SS-BLB-02,Bolobedu Substation 2,30.3,0.694,0.36,0.465,78.4,1,POLE-BLB-02448,-23.94773,30.37678,2000,1996,3,2026-05-25,2026-02-12
T2449,Modjadjiskloof Substation 3 TX-100,F390,Modjadjiskloof,SS-MDK-03,Modjadjiskloof Substation 3,35.0,0.425,0.76,0.77,55.6,0,POLE-MDK-02449,-23.71897,30.11645,200,1991,1,2026-06-28,2026-06-01
T2450,Nkowankowa Substation 3 TX-085,F086,Nkowankowa,SS-NKW-03,Nkowankowa Substation 3,12.3,0.241,0.45,0.491,70.3,0,POLE-NKW-02450,-23.91105,30.25573,50,2014,2,2026-05-06,2025-07-01
T2451,Haenertsburg Substation 3 TX-083,F420,Haenertsburg,SS-HBG-03,Haenertsburg Substation 3,12.4,0.309,0.477,0.543,45.2,0,POLE-HBG-02451,-24.0018,29.93741,1000,2014,2,2025-10-25,2025-03-02
T2452,Lenyenye Substation 3 TX-088,F446,Lenyenye,SS-LNY-03,Lenyenye Substation 3,17.8,0.389,0.589,0.702,67.4,0,POLE-LNY-02452,-23.95373,30.29096,315,2008,3,2026-03-06,2025-10-17
T2453,Xihoko Substation 2 TX-093,F048,Xihoko,SS-XHK-02,Xihoko Substation 2,10.7,0.761,0.761,0.748,61.2,0,POLE-XHK-02453,-23.79388,30.298,500,2015,1,2026-04-26,2026-05-05
T2454,Ga-Kgapane Substation 1 TX-092,F235,Ga-Kgapane,SS-GKG-01,Ga-Kgapane Substation 1,5.3,0.463,0.715,0.541,49.1,0,POLE-GKG-02454,-23.84418,30.30546,1000,2021,2,2026-02-14,2026-02-24
T2455,Tzaneen Substation 3 TX-083,F416,Tzaneen,SS-TZN-03,Tzaneen Substation 3,4.1,0.159,0.641,0.608,42.1,0,POLE-TZN-02455,-23.81999,30.19846,2000,2022,1,2026-04-30,2024-05-15
T2456,Tzaneen Substation 1 TX-081,F239,Tzaneen,SS-TZN-01,Tzaneen Substation 1,35.0,0.609,0.458,0.56,68.4,1,POLE-TZN-02456,-23.83281,30.16497,100,1991,3,2026-05-16,2025-11-15
T2457,Haenertsburg Substation 1 TX-089,F421,Haenertsburg,SS-HBG-01,Haenertsburg Substation 1,2.8,0.539,0.763,0.736,48.1,0,POLE-HBG-02457,-23.95441,29.95525,800,2023,1,2026-06-26,2024-06-21
T2458,Haenertsburg Substation 2 TX-100,F468,Haenertsburg,SS-HBG-02,Haenertsburg Substation 2,15.0,0.955,0.375,0.575,62.0,1,POLE-HBG-02458,-23.97859,29.94469,50,2011,0,2026-04-20,2026-02-25
T2459,Modjadjiskloof Substation 1 TX-114,F238,Modjadjiskloof,SS-MDK-01,Modjadjiskloof Substation 1,3.2,0.621,0.656,0.637,53.7,0,POLE-MDK-02459,-23.70304,30.1269,500,2023,1,2026-02-27,2026-01-09
T2460,Modjadjiskloof Substation 1 TX-115,F030,Modjadjiskloof,SS-MDK-01,Modjadjiskloof Substation 1,11.1,0.779,0.644,0.562,60.6,0,POLE-MDK-02460,-23.72875,30.12785,50,2015,0,2026-07-25,2026-05-20
T2461,Bolobedu Substation 3 TX-086,F171,Bolobedu,SS-BLB-03,Bolobedu Substation 3,9.2,0.577,0.779,0.637,47.8,0,POLE-BLB-02461,-23.98268,30.4521,1600,2017,1,2026-06-06,2026-05-05
T2462,Politsi Substation 1 TX-080,F108,Politsi,SS-PLT-01,Politsi Substation 1,3.7,0.422,0.43,0.39,52.6,0,POLE-PLT-02462,-23.79556,30.06876,800,2022,0,2026-04-20,2026-05-07
T2463,Modjadjiskloof Substation 1 TX-116,F238,Modjadjiskloof,SS-MDK-01,Modjadjiskloof Substation 1,18.2,0.481,0.732,0.739,56.0,0,POLE-MDK-02463,-23.71792,30.12293,200,2008,1,2026-06-04,2026-05-07
T2464,Politsi Substation 3 TX-093,F293,Politsi,SS-PLT-03,Politsi Substation 3,5.0,0.451,0.795,0.745,42.0,0,POLE-PLT-02464,-23.82236,30.06994,200,2021,0,2026-02-26,2025-10-01
T2465,Modjadjiskloof Substation 2 TX-089,F232,Modjadjiskloof,SS-MDK-02,Modjadjiskloof Substation 2,3.3,0.274,0.353,0.396,44.7,0,POLE-MDK-02465,-23.78192,30.11757,800,2023,0,2026-02-07,2023-12-17
T2466,Lenyenye Substation 2 TX-085,F098,Lenyenye,SS-LNY-02,Lenyenye Substation 2,19.6,0.652,0.498,0.544,64.9,1,POLE-LNY-02466,-23.93844,30.25554,200,2006,2,2026-05-16,2025-11-11
T2467,Tzaneen Substation 2 TX-094,F151,Tzaneen,SS-TZN-02,Tzaneen Substation 2,9.3,0.26,0.712,0.506,53.6,0,POLE-TZN-02467,-23.81077,30.19833,315,2017,1,2026-02-19,2026-06-19
T2468,Nkowankowa Substation 3 TX-086,F340,Nkowankowa,SS-NKW-03,Nkowankowa Substation 3,6.7,0.888,0.546,0.405,61.6,0,POLE-NKW-02468,-23.91214,30.27452,50,2019,2,2026-07-04,2025-11-30
T2469,Modjadjiskloof Substation 2 TX-090,F014,Modjadjiskloof,SS-MDK-02,Modjadjiskloof Substation 2,20.3,0.302,0.925,0.865,54.0,0,POLE-MDK-02469,-23.77018,30.12977,315,2006,1,2026-04-26,2026-03-21
T2470,Politsi Substation 1 TX-081,F108,Politsi,SS-PLT-01,Politsi Substation 1,4.8,0.625,0.5,0.696,56.0,0,POLE-PLT-02470,-23.80272,30.05852,1000,2021,0,2026-06-09,2025-07-30
T2471,Ga-Kgapane Substation 2 TX-074,F447,Ga-Kgapane,SS-GKG-02,Ga-Kgapane Substation 2,2.5,0.577,0.725,0.64,55.2,0,POLE-GKG-02471,-23.84344,30.35469,50,2023,1,2026-03-21,2026-05-14
T2472,Xihoko Substation 2 TX-094,F050,Xihoko,SS-XHK-02,Xihoko Substation 2,26.5,0.57,0.281,0.373,69.8,1,POLE-XHK-02472,-23.78938,30.30362,1600,2000,3,2026-02-23,2025-11-19
T2473,Haenertsburg Substation 2 TX-101,F208,Haenertsburg,SS-HBG-02,Haenertsburg Substation 2,34.9,0.262,0.714,0.78,54.2,1,POLE-HBG-02473,-23.9893,29.92065,200,1991,4,2026-04-14,2025-05-01
T2474,Politsi Substation 3 TX-094,F104,Politsi,SS-PLT-03,Politsi Substation 3,10.9,0.488,0.602,0.574,57.4,1,POLE-PLT-02474,-23.82088,30.07973,1000,2015,0,2026-03-28,2024-04-05
T2475,Nkowankowa Substation 1 TX-093,F053,Nkowankowa,SS-NKW-01,Nkowankowa Substation 1,0.5,0.269,0.765,0.616,40.2,0,POLE-NKW-02475,-23.90408,30.24795,100,2026,0,2026-05-19,2025-11-07
T2476,Haenertsburg Substation 3 TX-084,F212,Haenertsburg,SS-HBG-03,Haenertsburg Substation 3,10.8,0.62,0.47,0.592,58.0,0,POLE-HBG-02476,-24.00878,29.92286,100,2015,1,2026-03-18,2025-08-29
T2477,Ga-Kgapane Substation 2 TX-075,F261,Ga-Kgapane,SS-GKG-02,Ga-Kgapane Substation 2,21.1,0.502,0.881,0.791,52.3,0,POLE-GKG-02477,-23.83735,30.35298,1600,2005,1,2026-07-07,2025-10-26
T2478,Lenyenye Substation 1 TX-091,F089,Lenyenye,SS-LNY-01,Lenyenye Substation 1,24.8,0.539,0.77,0.716,56.8,0,POLE-LNY-02478,-23.9541,30.2676,2000,2001,2,2026-05-19,2026-03-24
T2479,Modjadjiskloof Substation 2 TX-091,F039,Modjadjiskloof,SS-MDK-02,Modjadjiskloof Substation 2,5.3,0.385,0.307,0.474,45.6,0,POLE-MDK-02479,-23.78602,30.13642,200,2021,2,2026-06-20,2025-05-07
T2480,Nkowankowa Substation 3 TX-087,F068,Nkowankowa,SS-NKW-03,Nkowankowa Substation 3,9.6,0.467,0.743,0.704,42.7,0,POLE-NKW-02480,-23.91622,30.26389,2000,2016,0,2025-11-22,2026-04-04
T2481,Xihoko Substation 2 TX-095,F326,Xihoko,SS-XHK-02,Xihoko Substation 2,14.2,0.951,0.271,0.391,65.5,1,POLE-XHK-02481,-23.79159,30.29417,1600,2012,0,2026-05-29,2025-10-09
T2482,Xihoko Substation 1 TX-117,F431,Xihoko,SS-XHK-01,Xihoko Substation 1,20.3,0.66,0.342,0.387,60.6,0,POLE-XHK-02482,-23.79394,30.3685,200,2006,4,2025-09-07,2026-06-19
T2483,Nkowankowa Substation 3 TX-088,F091,Nkowankowa,SS-NKW-03,Nkowankowa Substation 3,18.9,0.251,0.424,0.383,58.8,0,POLE-NKW-02483,-23.91718,30.26103,1600,2007,1,2025-12-05,2026-04-26
T2484,Tzaneen Substation 2 TX-095,F161,Tzaneen,SS-TZN-02,Tzaneen Substation 2,17.0,0.571,0.494,0.477,54.8,0,POLE-TZN-02484,-23.8091,30.20004,2000,2009,3,2026-05-09,2026-01-19
T2485,Xihoko Substation 2 TX-096,F172,Xihoko,SS-XHK-02,Xihoko Substation 2,24.7,0.7,0.58,0.609,61.9,1,POLE-XHK-02485,-23.7889,30.30078,200,2001,4,2026-06-03,2026-01-13
T2486,Ga-Kgapane Substation 1 TX-093,F181,Ga-Kgapane,SS-GKG-01,Ga-Kgapane Substation 1,11.5,0.879,0.539,0.579,61.8,1,POLE-GKG-02486,-23.84405,30.29361,315,2015,2,2026-05-06,2026-03-08
T2487,Modjadjiskloof Substation 3 TX-101,F123,Modjadjiskloof,SS-MDK-03,Modjadjiskloof Substation 3,30.5,0.519,0.531,0.648,73.1,1,POLE-MDK-02487,-23.71233,30.11668,200,1996,1,2025-07-16,2026-01-14
T2488,Nkowankowa Substation 2 TX-095,F028,Nkowankowa,SS-NKW-02,Nkowankowa Substation 2,7.9,0.265,0.774,0.831,38.1,0,POLE-NKW-02488,-23.94565,30.24759,50,2018,1,2026-06-03,2026-06-21
T2489,Lenyenye Substation 3 TX-089,F263,Lenyenye,SS-LNY-03,Lenyenye Substation 3,19.1,0.7,0.703,0.67,53.9,0,POLE-LNY-02489,-23.956,30.30128,2000,2007,0,2026-01-06,2026-06-27
T2490,Tzaneen Substation 2 TX-096,F179,Tzaneen,SS-TZN-02,Tzaneen Substation 2,8.8,0.552,0.806,0.624,45.6,0,POLE-TZN-02490,-23.81976,30.18434,800,2017,0,2026-01-07,2025-06-12
T2491,Xihoko Substation 2 TX-097,F172,Xihoko,SS-XHK-02,Xihoko Substation 2,11.0,0.493,0.774,0.589,48.5,0,POLE-XHK-02491,-23.78928,30.29428,100,2015,0,2026-06-11,2025-05-22
T2492,Lenyenye Substation 1 TX-092,F133,Lenyenye,SS-LNY-01,Lenyenye Substation 1,12.3,0.2,0.364,0.408,47.1,0,POLE-LNY-02492,-23.95392,30.27112,500,2014,3,2026-04-14,2026-03-05
T2493,Politsi Substation 1 TX-082,F465,Politsi,SS-PLT-01,Politsi Substation 1,8.4,0.711,0.515,0.575,67.9,0,POLE-PLT-02493,-23.79555,30.07271,1600,2018,3,2026-07-08,2025-11-27
T2494,Lenyenye Substation 1 TX-093,F306,Lenyenye,SS-LNY-01,Lenyenye Substation 1,25.4,0.45,0.186,0.335,70.0,1,POLE-LNY-02494,-23.95866,30.26639,1600,2001,4,2026-02-16,2026-01-24
T2495,Nkowankowa Substation 1 TX-094,F210,Nkowankowa,SS-NKW-01,Nkowankowa Substation 1,9.1,0.793,0.252,0.265,62.6,0,POLE-NKW-02495,-23.90809,30.24322,1600,2017,1,2026-02-24,2025-12-16
T2496,Tzaneen Substation 3 TX-084,F103,Tzaneen,SS-TZN-03,Tzaneen Substation 3,11.9,0.506,0.713,0.715,60.6,1,POLE-TZN-02496,-23.82553,30.20492,315,2014,0,2026-05-09,2026-01-16
T2497,Modjadjiskloof Substation 2 TX-092,F401,Modjadjiskloof,SS-MDK-02,Modjadjiskloof Substation 2,17.7,0.534,0.576,0.593,54.6,0,POLE-MDK-02497,-23.77633,30.13002,2000,2008,2,2026-05-07,2026-01-29
T2498,Bolobedu Substation 3 TX-087,F445,Bolobedu,SS-BLB-03,Bolobedu Substation 3,35.0,0.319,0.099,0.417,64.5,1,POLE-BLB-02498,-23.9872,30.43744,1000,1991,3,2025-11-17,2025-01-30
T2499,Lenyenye Substation 3 TX-090,F017,Lenyenye,SS-LNY-03,Lenyenye Substation 3,18.1,0.376,0.404,0.495,53.9,0,POLE-LNY-02499,-23.94336,30.30648,500,2008,3,2025-11-28,2025-07-31
T2500,Politsi Substation 1 TX-083,F465,Politsi,SS-PLT-01,Politsi Substation 1,12.6,0.701,0.696,0.515,64.8,0,POLE-PLT-02500,-23.80379,30.06631,1600,2013,3,2026-02-15,2026-01-23
T2501,Ga-Kgapane Substation 3 TX-088,F350,Ga-Kgapane,SS-GKG-03,Ga-Kgapane Substation 3,2.1,0.509,0.85,0.763,44.4,0,POLE-GKG-02501,-23.87606,30.37661,2000,2024,0,2026-05-21,2025-12-14
T2502,Xihoko Substation 2 TX-098,F050,Xihoko,SS-XHK-02,Xihoko Substation 2,10.8,0.629,0.878,0.879,58.0,0,POLE-XHK-02502,-23.793,30.29444,50,2015,1,2026-04-09,2025-10-15
T2503,Lenyenye Substation 3 TX-091,F377,Lenyenye,SS-LNY-03,Lenyenye Substation 3,7.3,0.199,0.682,0.757,43.3,0,POLE-LNY-02503,-23.95344,30.30803,800,2019,0,2026-04-30,2026-04-13
T2504,Nkowankowa Substation 1 TX-095,F054,Nkowankowa,SS-NKW-01,Nkowankowa Substation 1,9.5,0.507,0.631,0.576,57.1,0,POLE-NKW-02504,-23.9105,30.22636,1000,2016,1,2026-05-15,2025-02-16
T2505,Xihoko Substation 1 TX-118,F026,Xihoko,SS-XHK-01,Xihoko Substation 1,8.6,0.437,0.771,0.778,37.7,0,POLE-XHK-02505,-23.77983,30.36653,1600,2017,1,2026-05-04,2026-03-25
T2506,Lenyenye Substation 1 TX-094,F058,Lenyenye,SS-LNY-01,Lenyenye Substation 1,17.6,0.321,0.176,0.396,48.0,0,POLE-LNY-02506,-23.9587,30.26734,500,2008,3,2026-04-23,2024-02-29
T2507,Lenyenye Substation 2 TX-086,F230,Lenyenye,SS-LNY-02,Lenyenye Substation 2,10.6,0.419,0.704,0.642,41.7,0,POLE-LNY-02507,-23.93161,30.25922,315,2015,2,2026-06-22,2025-11-06
T2508,Politsi Substation 3 TX-095,F310,Politsi,SS-PLT-03,Politsi Substation 3,6.0,0.357,0.506,0.494,46.4,0,POLE-PLT-02508,-23.83583,30.06996,100,2020,2,2025-11-12,2026-05-29
T2509,Haenertsburg Substation 3 TX-085,F204,Haenertsburg,SS-HBG-03,Haenertsburg Substation 3,21.7,0.499,0.729,0.733,49.1,0,POLE-HBG-02509,-24.00852,29.92164,315,2004,1,2026-03-03,2026-05-03
T2510,Lenyenye Substation 1 TX-095,F061,Lenyenye,SS-LNY-01,Lenyenye Substation 1,4.4,0.476,0.758,0.691,52.9,0,POLE-LNY-02510,-23.95909,30.27281,315,2022,0,2026-06-21,2026-05-14
T2511,Haenertsburg Substation 3 TX-086,F100,Haenertsburg,SS-HBG-03,Haenertsburg Substation 3,12.2,0.502,0.795,0.716,50.5,0,POLE-HBG-02511,-23.99941,29.94665,1600,2014,1,2026-06-19,2025-10-16
T2512,Lenyenye Substation 2 TX-087,F427,Lenyenye,SS-LNY-02,Lenyenye Substation 2,10.9,0.593,0.872,0.687,56.3,0,POLE-LNY-02512,-23.93143,30.25805,1600,2015,2,2026-05-04,2026-04-11
T2513,Politsi Substation 2 TX-095,F482,Politsi,SS-PLT-02,Politsi Substation 2,15.3,0.379,0.653,0.756,47.5,0,POLE-PLT-02513,-23.83775,30.02932,500,2011,0,2026-04-28,2025-12-08
T2514,Bolobedu Substation 1 TX-083,F378,Bolobedu,SS-BLB-01,Bolobedu Substation 1,24.9,0.622,0.301,0.44,70.8,1,POLE-BLB-02514,-23.95955,30.35441,1000,2001,0,2026-05-08,2025-08-06
T2515,Xihoko Substation 1 TX-119,F052,Xihoko,SS-XHK-01,Xihoko Substation 1,35.0,0.459,0.737,0.649,55.6,0,POLE-XHK-02515,-23.78398,30.37039,1000,1991,2,2026-05-27,2026-01-16
T2516,Ga-Kgapane Substation 3 TX-089,F410,Ga-Kgapane,SS-GKG-03,Ga-Kgapane Substation 3,12.6,0.383,0.607,0.511,52.5,0,POLE-GKG-02516,-23.86689,30.37649,800,2013,3,2026-06-04,2024-11-04
T2517,Lenyenye Substation 2 TX-088,F346,Lenyenye,SS-LNY-02,Lenyenye Substation 2,7.2,0.546,0.806,0.85,49.5,0,POLE-LNY-02517,-23.93876,30.2636,1000,2019,0,2026-04-23,2025-12-24
T2518,Lenyenye Substation 3 TX-092,F264,Lenyenye,SS-LNY-03,Lenyenye Substation 3,6.7,0.596,0.29,0.422,58.5,0,POLE-LNY-02518,-23.95605,30.30447,50,2019,1,2025-11-17,2026-06-15
T2519,Tzaneen Substation 3 TX-085,F072,Tzaneen,SS-TZN-03,Tzaneen Substation 3,6.7,0.738,0.234,0.306,59.1,1,POLE-TZN-02519,-23.82757,30.19581,500,2019,2,2026-03-09,2025-07-15
T2520,Bolobedu Substation 2 TX-091,F499,Bolobedu,SS-BLB-02,Bolobedu Substation 2,14.9,0.514,0.484,0.453,49.6,0,POLE-BLB-02520,-23.94487,30.37461,1000,2011,1,2026-04-27,2025-12-12
T2521,Tzaneen Substation 3 TX-086,F222,Tzaneen,SS-TZN-03,Tzaneen Substation 3,1.7,0.443,0.234,0.302,56.4,1,POLE-TZN-02521,-23.83438,30.19871,500,2024,1,2026-06-03,2026-07-01
T2522,Xihoko Substation 2 TX-099,F023,Xihoko,SS-XHK-02,Xihoko Substation 2,4.2,0.258,0.836,0.714,39.4,0,POLE-XHK-02522,-23.79463,30.29693,1000,2022,1,2026-07-11,2025-05-11
T2523,Nkowankowa Substation 2 TX-096,F105,Nkowankowa,SS-NKW-02,Nkowankowa Substation 2,15.0,0.479,0.844,0.734,50.8,0,POLE-NKW-02523,-23.94475,30.25151,200,2011,1,2026-07-06,2025-09-30
T2524,Haenertsburg Substation 1 TX-090,F201,Haenertsburg,SS-HBG-01,Haenertsburg Substation 1,22.4,0.85,0.384,0.47,80.8,1,POLE-HBG-02524,-23.9523,29.95774,2000,2004,2,2026-02-27,2026-01-12
T2525,Tzaneen Substation 2 TX-097,F032,Tzaneen,SS-TZN-02,Tzaneen Substation 2,22.5,0.58,0.822,0.759,59.1,0,POLE-TZN-02525,-23.81317,30.19939,100,2004,0,2026-04-21,2026-04-11
T2526,Haenertsburg Substation 1 TX-091,F162,Haenertsburg,SS-HBG-01,Haenertsburg Substation 1,13.0,0.598,0.287,0.389,57.4,0,POLE-HBG-02526,-23.93619,29.94929,1600,2013,2,2026-07-08,2025-01-04
T2527,Ga-Kgapane Substation 1 TX-094,F235,Ga-Kgapane,SS-GKG-01,Ga-Kgapane Substation 1,20.6,0.657,0.815,0.835,54.9,0,POLE-GKG-02527,-23.84338,30.30731,1000,2005,3,2026-07-06,2025-12-30
T2528,Lenyenye Substation 3 TX-093,F475,Lenyenye,SS-LNY-03,Lenyenye Substation 3,25.2,0.515,0.687,0.745,62.2,1,POLE-LNY-02528,-23.94838,30.30513,50,2001,3,2026-05-30,2026-07-17
T2529,Bolobedu Substation 3 TX-088,F044,Bolobedu,SS-BLB-03,Bolobedu Substation 3,9.0,0.519,0.872,0.682,46.4,0,POLE-BLB-02529,-23.98523,30.45645,200,2017,2,2026-06-08,2024-11-15
T2530,Nkowankowa Substation 1 TX-096,F289,Nkowankowa,SS-NKW-01,Nkowankowa Substation 1,23.6,0.219,0.61,0.702,54.9,0,POLE-NKW-02530,-23.91084,30.24306,2000,2002,1,2025-06-24,2026-01-06
T2531,Nkowankowa Substation 3 TX-089,F458,Nkowankowa,SS-NKW-03,Nkowankowa Substation 3,3.0,0.394,0.341,0.348,55.7,0,POLE-NKW-02531,-23.91801,30.26622,1000,2023,0,2026-07-15,2024-09-01
T2532,Lenyenye Substation 2 TX-089,F404,Lenyenye,SS-LNY-02,Lenyenye Substation 2,4.1,0.673,0.719,0.629,51.5,0,POLE-LNY-02532,-23.93512,30.25961,1600,2022,1,2026-05-21,2025-12-12
T2533,Tzaneen Substation 2 TX-098,F463,Tzaneen,SS-TZN-02,Tzaneen Substation 2,9.4,0.808,0.444,0.589,63.7,0,POLE-TZN-02533,-23.80677,30.19182,1600,2017,5,2026-06-29,2026-02-20
T2534,Nkowankowa Substation 3 TX-090,F086,Nkowankowa,SS-NKW-03,Nkowankowa Substation 3,2.7,0.465,0.505,0.56,47.4,0,POLE-NKW-02534,-23.92317,30.25513,50,2023,1,2026-03-20,2025-11-04
T2535,Modjadjiskloof Substation 2 TX-093,F401,Modjadjiskloof,SS-MDK-02,Modjadjiskloof Substation 2,17.7,0.395,0.692,0.718,49.0,0,POLE-MDK-02535,-23.77783,30.1277,1600,2008,3,2026-06-05,2024-09-04
T2536,Haenertsburg Substation 2 TX-102,F490,Haenertsburg,SS-HBG-02,Haenertsburg Substation 2,8.0,0.487,0.836,0.591,42.6,0,POLE-HBG-02536,-23.97692,29.92891,1000,2018,0,2026-06-07,2026-01-22
T2537,Lenyenye Substation 3 TX-094,F164,Lenyenye,SS-LNY-03,Lenyenye Substation 3,11.0,0.693,0.33,0.441,61.3,1,POLE-LNY-02537,-23.95736,30.30377,200,2015,0,2026-07-25,2026-03-25
T2538,Politsi Substation 3 TX-096,F250,Politsi,SS-PLT-03,Politsi Substation 3,11.2,0.639,0.943,0.84,53.2,0,POLE-PLT-02538,-23.82059,30.0665,200,2015,2,2026-04-15,2026-01-22
T2539,Haenertsburg Substation 2 TX-103,F266,Haenertsburg,SS-HBG-02,Haenertsburg Substation 2,9.2,0.547,0.409,0.565,58.3,1,POLE-HBG-02539,-23.97564,29.93417,315,2017,1,2025-05-19,2024-11-29
T2540,Tzaneen Substation 3 TX-087,F247,Tzaneen,SS-TZN-03,Tzaneen Substation 3,6.6,0.48,0.768,0.749,51.5,0,POLE-TZN-02540,-23.84641,30.19021,800,2019,1,2026-05-15,2026-03-18
T2541,Lenyenye Substation 2 TX-090,F145,Lenyenye,SS-LNY-02,Lenyenye Substation 2,17.2,0.237,0.649,0.595,61.2,0,POLE-LNY-02541,-23.93823,30.25259,200,2009,1,2026-04-23,2023-01-24
T2542,Haenertsburg Substation 1 TX-092,F486,Haenertsburg,SS-HBG-01,Haenertsburg Substation 1,7.9,0.505,0.132,0.242,54.6,1,POLE-HBG-02542,-23.9339,29.95895,200,2018,1,2025-11-13,2026-06-15
T2543,Politsi Substation 2 TX-096,F479,Politsi,SS-PLT-02,Politsi Substation 2,11.1,0.564,0.895,0.802,52.4,0,POLE-PLT-02543,-23.83264,30.03184,500,2015,0,2026-05-23,2025-11-23
T2544,Tzaneen Substation 3 TX-088,F191,Tzaneen,SS-TZN-03,Tzaneen Substation 3,15.4,0.447,0.846,0.746,48.2,0,POLE-TZN-02544,-23.83633,30.19638,1000,2011,0,2026-05-19,2026-01-17
T2545,Ga-Kgapane Substation 1 TX-095,F403,Ga-Kgapane,SS-GKG-01,Ga-Kgapane Substation 1,25.1,0.472,0.547,0.606,65.1,1,POLE-GKG-02545,-23.83508,30.29539,315,2001,1,2026-02-11,2026-03-21
T2546,Ga-Kgapane Substation 3 TX-090,F199,Ga-Kgapane,SS-GKG-03,Ga-Kgapane Substation 3,23.8,0.885,0.75,0.579,64.7,0,POLE-GKG-02546,-23.87712,30.37027,100,2002,3,2026-07-19,2024-08-11
T2547,Politsi Substation 3 TX-097,F398,Politsi,SS-PLT-03,Politsi Substation 3,8.4,0.347,0.892,0.779,49.2,0,POLE-PLT-02547,-23.8276,30.07725,100,2018,0,2026-05-08,2025-12-01
T2548,Politsi Substation 3 TX-098,F293,Politsi,SS-PLT-03,Politsi Substation 3,6.4,0.679,0.362,0.509,51.9,0,POLE-PLT-02548,-23.83222,30.07319,1600,2020,1,2026-05-17,2024-09-17
T2549,Bolobedu Substation 2 TX-092,F236,Bolobedu,SS-BLB-02,Bolobedu Substation 2,28.4,0.552,0.2,0.429,71.3,1,POLE-BLB-02549,-23.9502,30.36441,500,1998,2,2025-09-08,2026-03-23
T2550,Haenertsburg Substation 1 TX-093,F065,Haenertsburg,SS-HBG-01,Haenertsburg Substation 1,7.8,0.8,0.907,0.714,61.5,0,POLE-HBG-02550,-23.95466,29.95366,50,2018,0,2026-05-10,2026-01-13
T2551,Bolobedu Substation 1 TX-084,F328,Bolobedu,SS-BLB-01,Bolobedu Substation 1,16.7,0.64,0.715,0.654,50.6,0,POLE-BLB-02551,-23.96525,30.35369,315,2009,3,2026-06-08,2026-05-20
T2552,Tzaneen Substation 2 TX-099,F161,Tzaneen,SS-TZN-02,Tzaneen Substation 2,2.5,0.253,0.586,0.656,34.5,0,POLE-TZN-02552,-23.8223,30.1994,50,2023,1,2026-03-07,2025-01-07
T2553,Nkowankowa Substation 2 TX-097,F109,Nkowankowa,SS-NKW-02,Nkowankowa Substation 2,1.6,0.821,0.562,0.54,56.5,0,POLE-NKW-02553,-23.94615,30.24839,100,2024,1,2026-01-27,2026-03-15
T2554,Tzaneen Substation 3 TX-089,F097,Tzaneen,SS-TZN-03,Tzaneen Substation 3,12.6,0.614,0.604,0.746,54.3,0,POLE-TZN-02554,-23.83125,30.18205,100,2013,1,2026-04-23,2026-05-14
T2555,Modjadjiskloof Substation 3 TX-102,F491,Modjadjiskloof,SS-MDK-03,Modjadjiskloof Substation 3,10.1,0.855,0.709,0.604,58.5,0,POLE-MDK-02555,-23.70639,30.10964,2000,2016,0,2025-12-13,2025-03-08
T2556,Xihoko Substation 1 TX-120,F052,Xihoko,SS-XHK-01,Xihoko Substation 1,19.6,0.389,0.652,0.597,53.2,0,POLE-XHK-02556,-23.76607,30.36429,315,2006,5,2026-01-01,2024-11-01
T2557,Tzaneen Substation 2 TX-100,F400,Tzaneen,SS-TZN-02,Tzaneen Substation 2,6.7,0.39,0.995,0.906,38.0,0,POLE-TZN-02557,-23.81154,30.18923,100,2019,1,2026-05-22,2026-03-03
T2558,Politsi Substation 1 TX-084,F434,Politsi,SS-PLT-01,Politsi Substation 1,14.6,0.949,0.625,0.679,65.1,1,POLE-PLT-02558,-23.79295,30.0584,800,2011,3,2026-05-27,2025-03-19
T2559,Nkowankowa Substation 1 TX-097,F016,Nkowankowa,SS-NKW-01,Nkowankowa Substation 1,19.0,0.675,0.601,0.62,56.2,1,POLE-NKW-02559,-23.90571,30.25123,2000,2007,2,2026-07-15,2025-10-12
T2560,Nkowankowa Substation 3 TX-091,F295,Nkowankowa,SS-NKW-03,Nkowankowa Substation 3,6.9,0.975,0.484,0.592,62.8,0,POLE-NKW-02560,-23.92234,30.25788,500,2019,0,2026-05-03,2025-09-05
T2561,Nkowankowa Substation 1 TX-098,F289,Nkowankowa,SS-NKW-01,Nkowankowa Substation 1,9.4,0.458,0.729,0.696,46.3,0,POLE-NKW-02561,-23.90316,30.2383,100,2017,0,2026-06-08,2026-05-11
T2562,Nkowankowa Substation 2 TX-098,F180,Nkowankowa,SS-NKW-02,Nkowankowa Substation 2,4.8,0.853,0.765,0.667,53.5,0,POLE-NKW-02562,-23.94339,30.26328,500,2021,0,2026-04-26,2026-04-19
T2563,Nkowankowa Substation 1 TX-099,F334,Nkowankowa,SS-NKW-01,Nkowankowa Substation 1,20.1,0.652,0.969,0.905,62.2,0,POLE-NKW-02563,-23.89249,30.23794,800,2006,2,2026-06-04,2025-10-03
T2564,Haenertsburg Substation 3 TX-087,F205,Haenertsburg,SS-HBG-03,Haenertsburg Substation 3,17.3,0.497,0.448,0.43,64.4,0,POLE-HBG-02564,-24.00785,29.92913,1600,2009,1,2026-04-06,2026-01-04
T2565,Xihoko Substation 1 TX-121,F220,Xihoko,SS-XHK-01,Xihoko Substation 1,18.2,0.44,0.162,0.457,53.4,0,POLE-XHK-02565,-23.78772,30.37768,100,2008,2,2026-02-15,2026-06-17
T2566,Bolobedu Substation 1 TX-085,F216,Bolobedu,SS-BLB-01,Bolobedu Substation 1,10.0,0.339,0.393,0.308,49.6,0,POLE-BLB-02566,-23.96157,30.35281,800,2016,0,2025-11-24,2025-06-22
T2567,Modjadjiskloof Substation 2 TX-094,F401,Modjadjiskloof,SS-MDK-02,Modjadjiskloof Substation 2,17.1,0.768,0.515,0.542,67.3,1,POLE-MDK-02567,-23.78425,30.13099,50,2009,0,2026-05-17,2025-12-05
T2568,Bolobedu Substation 2 TX-093,F317,Bolobedu,SS-BLB-02,Bolobedu Substation 2,10.7,0.813,0.527,0.607,52.2,0,POLE-BLB-02568,-23.95267,30.36622,500,2015,1,2026-05-14,2026-03-07
T2569,Xihoko Substation 2 TX-100,F190,Xihoko,SS-XHK-02,Xihoko Substation 2,31.4,0.638,0.536,0.58,75.7,1,POLE-XHK-02569,-23.78931,30.29613,50,1995,4,2026-02-12,2026-06-12
T2570,Xihoko Substation 1 TX-122,F464,Xihoko,SS-XHK-01,Xihoko Substation 1,11.9,0.636,0.912,0.903,51.6,0,POLE-XHK-02570,-23.78235,30.35955,315,2014,1,2026-01-29,2026-03-10
T2571,Modjadjiskloof Substation 2 TX-095,F402,Modjadjiskloof,SS-MDK-02,Modjadjiskloof Substation 2,22.9,0.728,0.834,0.861,57.4,0,POLE-MDK-02571,-23.77469,30.12739,500,2003,2,2026-04-20,2026-02-22
T2572,Tzaneen Substation 1 TX-082,F467,Tzaneen,SS-TZN-01,Tzaneen Substation 1,10.1,0.392,0.839,0.837,45.7,0,POLE-TZN-02572,-23.82695,30.1682,2000,2016,1,2025-09-28,2026-01-29
T2573,Bolobedu Substation 1 TX-086,F366,Bolobedu,SS-BLB-01,Bolobedu Substation 1,27.3,0.903,0.717,0.777,75.1,1,POLE-BLB-02573,-23.9611,30.36515,100,1999,1,2026-05-07,2026-07-17
T2574,Politsi Substation 2 TX-097,F196,Politsi,SS-PLT-02,Politsi Substation 2,6.3,0.907,0.349,0.33,53.2,1,POLE-PLT-02574,-23.83897,30.02368,200,2020,2,2026-02-06,2025-03-28
T2575,Xihoko Substation 1 TX-123,F387,Xihoko,SS-XHK-01,Xihoko Substation 1,15.9,0.798,0.312,0.369,71.6,1,POLE-XHK-02575,-23.77599,30.37638,800,2010,2,2026-05-02,2025-07-29
T2576,Politsi Substation 3 TX-099,F165,Politsi,SS-PLT-03,Politsi Substation 3,7.4,0.236,0.786,0.738,48.3,0,POLE-PLT-02576,-23.83712,30.07633,100,2019,1,2025-07-13,2026-06-15
T2577,Tzaneen Substation 1 TX-083,F136,Tzaneen,SS-TZN-01,Tzaneen Substation 1,14.2,0.543,0.543,0.549,55.0,0,POLE-TZN-02577,-23.83049,30.16151,50,2012,0,2026-01-20,2025-07-14
T2578,Xihoko Substation 3 TX-113,F226,Xihoko,SS-XHK-03,Xihoko Substation 3,7.9,0.542,0.468,0.588,51.7,1,POLE-XHK-02578,-23.71873,30.3725,500,2018,0,2026-03-10,2025-08-22
T2579,Bolobedu Substation 3 TX-089,F485,Bolobedu,SS-BLB-03,Bolobedu Substation 3,11.8,0.184,0.663,0.686,45.5,0,POLE-BLB-02579,-23.98262,30.44949,200,2014,1,2025-04-27,2025-11-03
T2580,Haenertsburg Substation 2 TX-104,F284,Haenertsburg,SS-HBG-02,Haenertsburg Substation 2,8.8,0.214,0.329,0.49,50.8,0,POLE-HBG-02580,-23.97849,29.92377,1000,2017,3,2026-05-10,2026-02-13
T2581,Modjadjiskloof Substation 3 TX-103,F192,Modjadjiskloof,SS-MDK-03,Modjadjiskloof Substation 3,18.5,0.346,0.165,0.316,55.4,1,POLE-MDK-02581,-23.70999,30.1196,50,2007,1,2026-07-16,2025-01-01
T2582,Modjadjiskloof Substation 2 TX-096,F231,Modjadjiskloof,SS-MDK-02,Modjadjiskloof Substation 2,16.4,0.518,0.846,0.611,56.2,0,POLE-MDK-02582,-23.78512,30.12363,50,2010,1,2026-06-25,2024-10-07
T2583,Lenyenye Substation 2 TX-091,F146,Lenyenye,SS-LNY-02,Lenyenye Substation 2,7.2,0.454,0.805,0.563,49.7,0,POLE-LNY-02583,-23.93879,30.26219,100,2019,0,2026-06-14,2025-12-25
T2584,Modjadjiskloof Substation 2 TX-097,F330,Modjadjiskloof,SS-MDK-02,Modjadjiskloof Substation 2,7.0,0.811,0.337,0.435,63.6,1,POLE-MDK-02584,-23.77638,30.12771,1600,2019,0,2026-02-13,2026-05-01
T2585,Xihoko Substation 2 TX-101,F176,Xihoko,SS-XHK-02,Xihoko Substation 2,5.9,0.145,0.767,0.618,55.0,0,POLE-XHK-02585,-23.79533,30.30105,500,2020,0,2026-03-08,2026-04-17
T2586,Modjadjiskloof Substation 1 TX-117,F278,Modjadjiskloof,SS-MDK-01,Modjadjiskloof Substation 1,5.0,0.824,0.86,0.661,51.5,0,POLE-MDK-02586,-23.72681,30.11776,200,2021,0,2026-07-11,2026-05-05
T2587,Xihoko Substation 2 TX-102,F185,Xihoko,SS-XHK-02,Xihoko Substation 2,19.3,0.278,0.299,0.4,56.9,0,POLE-XHK-02587,-23.80073,30.29499,800,2007,3,2026-01-23,2025-08-19
T2588,Tzaneen Substation 2 TX-101,F161,Tzaneen,SS-TZN-02,Tzaneen Substation 2,5.6,0.346,0.885,0.751,39.7,0,POLE-TZN-02588,-23.80742,30.18364,800,2020,0,2026-07-22,2025-11-15
T2589,Haenertsburg Substation 1 TX-094,F486,Haenertsburg,SS-HBG-01,Haenertsburg Substation 1,15.0,0.739,0.803,0.855,53.4,0,POLE-HBG-02589,-23.9422,29.96426,315,2011,0,2026-06-29,2026-07-17
T2590,Lenyenye Substation 2 TX-092,F173,Lenyenye,SS-LNY-02,Lenyenye Substation 2,8.2,0.384,0.342,0.512,44.8,0,POLE-LNY-02590,-23.92429,30.2637,100,2018,1,2025-11-28,2026-03-11
T2591,Haenertsburg Substation 3 TX-088,F036,Haenertsburg,SS-HBG-03,Haenertsburg Substation 3,22.5,0.466,0.589,0.691,49.7,0,POLE-HBG-02591,-24.0126,29.93536,315,2004,2,2025-11-03,2025-11-04
T2592,Xihoko Substation 2 TX-103,F190,Xihoko,SS-XHK-02,Xihoko Substation 2,35.0,0.437,0.458,0.535,72.9,1,POLE-XHK-02592,-23.79537,30.3004,1600,1991,1,2025-12-17,2025-10-07
T2593,Politsi Substation 2 TX-098,F267,Politsi,SS-PLT-02,Politsi Substation 2,0.4,0.449,0.832,0.833,42.9,0,POLE-PLT-02593,-23.84091,30.02679,1000,2026,0,2026-06-01,2026-04-15
T2594,Xihoko Substation 2 TX-104,F048,Xihoko,SS-XHK-02,Xihoko Substation 2,6.3,0.58,0.426,0.603,52.2,0,POLE-XHK-02594,-23.79582,30.29969,315,2020,2,2026-05-28,2025-12-02
T2595,Modjadjiskloof Substation 3 TX-104,F153,Modjadjiskloof,SS-MDK-03,Modjadjiskloof Substation 3,8.1,0.754,0.981,0.847,47.8,0,POLE-MDK-02595,-23.71538,30.11888,2000,2018,0,2026-03-19,2024-01-24
T2596,Ga-Kgapane Substation 1 TX-096,F084,Ga-Kgapane,SS-GKG-01,Ga-Kgapane Substation 1,10.3,0.347,0.834,0.692,47.0,0,POLE-GKG-02596,-23.83647,30.30215,100,2016,1,2026-06-25,2025-12-22
T2597,Tzaneen Substation 2 TX-102,F251,Tzaneen,SS-TZN-02,Tzaneen Substation 2,9.8,0.804,0.682,0.699,51.2,0,POLE-TZN-02597,-23.81856,30.19242,100,2016,1,2026-03-19,2026-05-08
T2598,Tzaneen Substation 2 TX-103,F362,Tzaneen,SS-TZN-02,Tzaneen Substation 2,4.0,0.679,0.266,0.502,54.2,0,POLE-TZN-02598,-23.80862,30.20001,50,2022,1,2026-05-04,2026-01-13
T2599,Bolobedu Substation 3 TX-090,F485,Bolobedu,SS-BLB-03,Bolobedu Substation 3,35.0,0.236,0.704,0.586,63.3,0,POLE-BLB-02599,-23.98692,30.45755,50,1991,1,2026-03-30,2025-03-05
T2600,Lenyenye Substation 1 TX-096,F195,Lenyenye,SS-LNY-01,Lenyenye Substation 1,10.1,0.447,0.842,0.711,46.4,0,POLE-LNY-02600,-23.95965,30.27739,200,2016,1,2026-07-12,2026-03-04
T2601,Bolobedu Substation 3 TX-091,F432,Bolobedu,SS-BLB-03,Bolobedu Substation 3,16.3,0.849,0.426,0.556,60.7,1,POLE-BLB-02601,-23.9856,30.45849,50,2010,1,2025-09-03,2025-12-20
T2602,Politsi Substation 1 TX-085,F108,Politsi,SS-PLT-01,Politsi Substation 1,16.7,0.537,0.985,0.908,49.0,0,POLE-PLT-02602,-23.79503,30.05825,315,2009,1,2026-07-13,2025-06-04
T2603,Politsi Substation 1 TX-086,F391,Politsi,SS-PLT-01,Politsi Substation 1,3.3,0.615,0.659,0.712,52.7,0,POLE-PLT-02603,-23.78844,30.07234,50,2023,0,2026-06-19,2026-05-08
T2604,Nkowankowa Substation 1 TX-100,F282,Nkowankowa,SS-NKW-01,Nkowankowa Substation 1,9.1,0.589,0.606,0.676,53.3,0,POLE-NKW-02604,-23.89571,30.2433,50,2017,3,2026-04-08,2025-11-22
T2605,Nkowankowa Substation 1 TX-101,F380,Nkowankowa,SS-NKW-01,Nkowankowa Substation 1,19.3,0.878,0.572,0.682,56.6,1,POLE-NKW-02605,-23.90494,30.24338,800,2007,3,2025-11-13,2026-02-15
T2606,Bolobedu Substation 1 TX-087,F378,Bolobedu,SS-BLB-01,Bolobedu Substation 1,28.4,0.444,0.393,0.539,66.7,0,POLE-BLB-02606,-23.96579,30.34922,500,1998,0,2026-06-15,2025-08-30
T2607,Politsi Substation 2 TX-099,F267,Politsi,SS-PLT-02,Politsi Substation 2,9.3,0.543,0.485,0.599,55.5,0,POLE-PLT-02607,-23.83359,30.02467,1600,2017,1,2026-05-04,2026-02-05
T2608,Xihoko Substation 2 TX-105,F129,Xihoko,SS-XHK-02,Xihoko Substation 2,3.8,0.783,0.572,0.725,53.4,0,POLE-XHK-02608,-23.79082,30.28813,500,2022,0,2026-04-21,2026-06-04
T2609,Lenyenye Substation 3 TX-095,F264,Lenyenye,SS-LNY-03,Lenyenye Substation 3,7.6,0.881,0.653,0.638,66.7,0,POLE-LNY-02609,-23.95194,30.30657,1600,2018,1,2026-01-22,2026-05-12
T2610,Lenyenye Substation 2 TX-093,F414,Lenyenye,SS-LNY-02,Lenyenye Substation 2,9.0,0.416,0.641,0.542,50.9,0,POLE-LNY-02610,-23.94342,30.26235,500,2017,1,2026-06-29,2024-12-01
T2611,Haenertsburg Substation 1 TX-095,F486,Haenertsburg,SS-HBG-01,Haenertsburg Substation 1,8.7,0.386,0.885,0.771,48.0,0,POLE-HBG-02611,-23.94092,29.95558,200,2017,0,2026-04-09,2025-12-27
T2612,Xihoko Substation 1 TX-124,F464,Xihoko,SS-XHK-01,Xihoko Substation 1,5.9,0.587,0.741,0.63,53.5,0,POLE-XHK-02612,-23.77849,30.37723,100,2020,1,2026-01-12,2026-01-17
T2613,Nkowankowa Substation 3 TX-092,F091,Nkowankowa,SS-NKW-03,Nkowankowa Substation 3,3.5,0.286,0.358,0.393,51.7,0,POLE-NKW-02613,-23.91,30.26737,500,2023,1,2026-02-28,2024-04-26
T2614,Modjadjiskloof Substation 3 TX-105,F299,Modjadjiskloof,SS-MDK-03,Modjadjiskloof Substation 3,4.8,0.189,0.611,0.63,40.6,0,POLE-MDK-02614,-23.71756,30.11556,315,2021,1,2026-07-10,2025-09-20
T2615,Nkowankowa Substation 1 TX-102,F053,Nkowankowa,SS-NKW-01,Nkowankowa Substation 1,7.6,0.461,0.656,0.66,45.6,0,POLE-NKW-02615,-23.90226,30.24267,500,2018,1,2026-02-22,2026-02-26
T2616,Haenertsburg Substation 2 TX-105,F335,Haenertsburg,SS-HBG-02,Haenertsburg Substation 2,19.1,0.776,0.197,0.187,76.1,1,POLE-HBG-02616,-23.97716,29.94237,2000,2007,1,2025-08-22,2025-06-07
T2617,Politsi Substation 1 TX-087,F497,Politsi,SS-PLT-01,Politsi Substation 1,24.1,0.235,0.51,0.371,63.5,1,POLE-PLT-02617,-23.79732,30.06436,50,2002,2,2026-05-07,2024-09-01
T2618,Modjadjiskloof Substation 3 TX-106,F027,Modjadjiskloof,SS-MDK-03,Modjadjiskloof Substation 3,12.8,0.474,0.66,0.673,58.3,0,POLE-MDK-02618,-23.71876,30.12595,315,2013,1,2026-07-06,2025-06-25
T2619,Lenyenye Substation 3 TX-096,F329,Lenyenye,SS-LNY-03,Lenyenye Substation 3,4.9,0.388,0.363,0.346,53.3,0,POLE-LNY-02619,-23.9505,30.2989,100,2021,0,2026-02-26,2025-12-30
T2620,Ga-Kgapane Substation 2 TX-076,F473,Ga-Kgapane,SS-GKG-02,Ga-Kgapane Substation 2,8.0,0.843,0.835,0.744,47.7,0,POLE-GKG-02620,-23.84831,30.35646,1600,2018,0,2026-05-19,2025-12-09
T2621,Politsi Substation 3 TX-100,F424,Politsi,SS-PLT-03,Politsi Substation 3,1.7,0.499,0.288,0.386,51.9,0,POLE-PLT-02621,-23.82904,30.07197,500,2024,0,2026-06-14,2025-11-18
T2622,Bolobedu Substation 2 TX-094,F197,Bolobedu,SS-BLB-02,Bolobedu Substation 2,28.8,0.397,0.481,0.453,64.0,1,POLE-BLB-02622,-23.95021,30.37026,100,1997,1,2026-01-28,2023-04-13
T2623,Xihoko Substation 1 TX-125,F052,Xihoko,SS-XHK-01,Xihoko Substation 1,7.1,0.585,0.746,0.709,56.5,0,POLE-XHK-02623,-23.78721,30.36629,1600,2019,2,2026-04-13,2025-07-16
T2624,Bolobedu Substation 3 TX-092,F462,Bolobedu,SS-BLB-03,Bolobedu Substation 3,15.4,0.685,0.54,0.64,64.1,0,POLE-BLB-02624,-23.99018,30.44755,100,2011,1,2026-04-23,2026-04-12
T2625,Modjadjiskloof Substation 1 TX-118,F461,Modjadjiskloof,SS-MDK-01,Modjadjiskloof Substation 1,23.0,0.355,0.479,0.651,59.0,0,POLE-MDK-02625,-23.72277,30.11007,1000,2003,2,2026-04-26,2025-06-01
T2626,Haenertsburg Substation 1 TX-096,F290,Haenertsburg,SS-HBG-01,Haenertsburg Substation 1,33.9,0.185,0.545,0.606,49.1,0,POLE-HBG-02626,-23.94628,29.949,2000,1992,3,2026-03-20,2026-06-14
T2627,Haenertsburg Substation 2 TX-106,F490,Haenertsburg,SS-HBG-02,Haenertsburg Substation 2,20.5,0.429,0.903,0.73,50.5,0,POLE-HBG-02627,-23.97691,29.92274,500,2005,1,2026-07-03,2026-06-25
T2628,Lenyenye Substation 1 TX-097,F003,Lenyenye,SS-LNY-01,Lenyenye Substation 1,8.7,0.864,0.342,0.541,58.7,0,POLE-LNY-02628,-23.95895,30.26045,800,2017,1,2025-11-22,2025-10-08
T2629,Bolobedu Substation 1 TX-088,F309,Bolobedu,SS-BLB-01,Bolobedu Substation 1,16.8,0.879,0.726,0.743,60.4,0,POLE-BLB-02629,-23.95744,30.35183,50,2009,2,2026-01-08,2025-12-09
T2630,Haenertsburg Substation 3 TX-089,F020,Haenertsburg,SS-HBG-03,Haenertsburg Substation 3,33.1,0.438,0.218,0.395,69.2,1,POLE-HBG-02630,-24.00512,29.92621,800,1993,3,2026-04-03,2025-08-23
T2631,Haenertsburg Substation 2 TX-107,F468,Haenertsburg,SS-HBG-02,Haenertsburg Substation 2,7.0,0.575,0.371,0.463,61.9,1,POLE-HBG-02631,-23.96777,29.92575,100,2019,1,2026-05-01,2025-05-29
T2632,Nkowankowa Substation 2 TX-099,F341,Nkowankowa,SS-NKW-02,Nkowankowa Substation 2,3.3,0.615,0.772,0.821,50.6,0,POLE-NKW-02632,-23.9401,30.25762,315,2023,0,2026-06-21,2026-03-05
T2633,Lenyenye Substation 1 TX-098,F457,Lenyenye,SS-LNY-01,Lenyenye Substation 1,6.0,0.359,0.745,0.606,42.0,0,POLE-LNY-02633,-23.96888,30.26796,500,2020,0,2026-07-06,2025-04-28
T2634,Nkowankowa Substation 1 TX-103,F282,Nkowankowa,SS-NKW-01,Nkowankowa Substation 1,16.1,0.394,0.349,0.402,52.9,0,POLE-NKW-02634,-23.90602,30.2481,1000,2010,2,2026-05-08,2026-01-05
T2635,Politsi Substation 2 TX-100,F042,Politsi,SS-PLT-02,Politsi Substation 2,8.9,0.548,0.687,0.705,46.1,0,POLE-PLT-02635,-23.81563,30.01805,1600,2017,0,2026-04-25,2025-11-17
T2636,Modjadjiskloof Substation 2 TX-098,F014,Modjadjiskloof,SS-MDK-02,Modjadjiskloof Substation 2,11.1,0.682,0.5,0.608,56.1,0,POLE-MDK-02636,-23.78585,30.13118,2000,2015,1,2026-01-26,2026-03-27
T2637,Modjadjiskloof Substation 1 TX-119,F168,Modjadjiskloof,SS-MDK-01,Modjadjiskloof Substation 1,17.9,0.547,0.556,0.596,62.1,1,POLE-MDK-02637,-23.71745,30.12727,1000,2008,1,2026-06-26,2026-01-02
T2638,Nkowankowa Substation 3 TX-093,F372,Nkowankowa,SS-NKW-03,Nkowankowa Substation 3,5.8,0.842,0.575,0.654,61.1,0,POLE-NKW-02638,-23.90699,30.26967,50,2020,0,2026-05-01,2026-02-24
T2639,Xihoko Substation 3 TX-114,F076,Xihoko,SS-XHK-03,Xihoko Substation 3,10.7,0.594,0.548,0.519,54.2,0,POLE-XHK-02639,-23.72657,30.36963,1000,2015,0,2026-04-23,2025-12-14
T2640,Lenyenye Substation 2 TX-094,F427,Lenyenye,SS-LNY-02,Lenyenye Substation 2,7.9,0.353,0.929,0.69,45.9,0,POLE-LNY-02640,-23.92736,30.26184,100,2018,0,2026-04-27,2025-08-13
T2641,Tzaneen Substation 2 TX-104,F120,Tzaneen,SS-TZN-02,Tzaneen Substation 2,32.3,0.318,0.785,0.801,66.3,1,POLE-TZN-02641,-23.79711,30.19627,2000,1994,1,2026-06-11,2025-08-05
T2642,Haenertsburg Substation 2 TX-108,F249,Haenertsburg,SS-HBG-02,Haenertsburg Substation 2,20.1,0.728,0.22,0.27,61.8,1,POLE-HBG-02642,-23.98135,29.9324,1600,2006,3,2025-08-10,2024-10-16
T2643,Bolobedu Substation 2 TX-095,F102,Bolobedu,SS-BLB-02,Bolobedu Substation 2,8.9,0.706,0.267,0.276,65.1,0,POLE-BLB-02643,-23.96166,30.37677,200,2017,1,2025-11-14,2025-12-14
T2644,Bolobedu Substation 3 TX-093,F233,Bolobedu,SS-BLB-03,Bolobedu Substation 3,8.5,0.301,0.657,0.762,46.7,0,POLE-BLB-02644,-23.9838,30.44357,50,2017,1,2026-04-15,2025-11-09
T2645,Bolobedu Substation 2 TX-096,F227,Bolobedu,SS-BLB-02,Bolobedu Substation 2,34.6,0.709,0.596,0.56,70.8,1,POLE-BLB-02645,-23.95087,30.37599,2000,1991,3,2025-12-03,2026-03-21
T2646,Lenyenye Substation 1 TX-099,F003,Lenyenye,SS-LNY-01,Lenyenye Substation 1,32.9,0.661,0.3,0.465,71.8,1,POLE-LNY-02646,-23.96187,30.27134,315,1993,0,2026-01-19,2025-06-04
T2647,Haenertsburg Substation 2 TX-109,F284,Haenertsburg,SS-HBG-02,Haenertsburg Substation 2,16.0,0.603,0.654,0.555,61.0,0,POLE-HBG-02647,-23.9756,29.93325,1600,2010,1,2026-01-05,2026-05-28
T2648,Politsi Substation 2 TX-101,F394,Politsi,SS-PLT-02,Politsi Substation 2,11.4,0.885,0.648,0.753,57.3,0,POLE-PLT-02648,-23.83459,30.02581,50,2015,2,2026-02-08,2024-10-21
T2649,Tzaneen Substation 2 TX-105,F469,Tzaneen,SS-TZN-02,Tzaneen Substation 2,4.1,0.839,0.732,0.765,50.0,0,POLE-TZN-02649,-23.81601,30.20061,200,2022,0,2026-04-06,2026-04-06
T2650,Ga-Kgapane Substation 3 TX-091,F166,Ga-Kgapane,SS-GKG-03,Ga-Kgapane Substation 3,6.0,0.403,0.441,0.396,47.8,0,POLE-GKG-02650,-23.86497,30.37399,315,2020,0,2026-02-21,2025-06-26
T2651,Politsi Substation 3 TX-101,F441,Politsi,SS-PLT-03,Politsi Substation 3,3.8,0.678,0.726,0.756,58.9,0,POLE-PLT-02651,-23.8269,30.0638,100,2022,1,2026-04-20,2023-10-30
T2652,Xihoko Substation 1 TX-126,F440,Xihoko,SS-XHK-01,Xihoko Substation 1,23.6,0.905,0.898,0.717,65.0,0,POLE-XHK-02652,-23.77777,30.36934,500,2002,3,2025-10-12,2026-02-16
T2653,Nkowankowa Substation 1 TX-104,F495,Nkowankowa,SS-NKW-01,Nkowankowa Substation 1,4.2,0.706,0.571,0.538,55.3,0,POLE-NKW-02653,-23.89589,30.23861,2000,2022,0,2026-01-04,2025-08-07
T2654,Modjadjiskloof Substation 2 TX-099,F187,Modjadjiskloof,SS-MDK-02,Modjadjiskloof Substation 2,8.5,0.718,0.391,0.482,62.1,0,POLE-MDK-02654,-23.78932,30.13042,100,2018,1,2026-03-21,2026-05-16
T2655,Politsi Substation 2 TX-102,F426,Politsi,SS-PLT-02,Politsi Substation 2,2.1,0.796,0.3,0.483,55.0,0,POLE-PLT-02655,-23.8286,30.03829,315,2024,0,2025-09-08,2025-08-14
T2656,Haenertsburg Substation 2 TX-110,F283,Haenertsburg,SS-HBG-02,Haenertsburg Substation 2,3.0,0.192,0.746,0.715,39.3,0,POLE-HBG-02656,-23.98193,29.93252,50,2023,0,2026-06-10,2026-05-09
T2657,Modjadjiskloof Substation 1 TX-120,F030,Modjadjiskloof,SS-MDK-01,Modjadjiskloof Substation 1,18.5,0.619,0.207,0.367,66.6,1,POLE-MDK-02657,-23.71908,30.12255,800,2008,4,2026-02-12,2025-10-20
T2658,Tzaneen Substation 1 TX-084,F136,Tzaneen,SS-TZN-01,Tzaneen Substation 1,14.4,0.605,0.908,0.782,49.6,0,POLE-TZN-02658,-23.82036,30.17541,315,2012,1,2026-06-19,2026-06-17
T2659,Ga-Kgapane Substation 2 TX-077,F337,Ga-Kgapane,SS-GKG-02,Ga-Kgapane Substation 2,11.7,0.636,0.678,0.715,46.5,0,POLE-GKG-02659,-23.85017,30.35576,500,2014,0,2026-04-27,2025-11-02
T2660,Lenyenye Substation 1 TX-100,F081,Lenyenye,SS-LNY-01,Lenyenye Substation 1,8.6,0.51,0.887,0.577,48.3,0,POLE-LNY-02660,-23.96306,30.27592,500,2017,2,2026-06-06,2026-01-04
T2661,Bolobedu Substation 1 TX-089,F218,Bolobedu,SS-BLB-01,Bolobedu Substation 1,2.6,0.596,0.807,0.714,56.5,0,POLE-BLB-02661,-23.95917,30.35188,800,2023,0,2026-05-06,2026-02-08
T2662,Bolobedu Substation 3 TX-094,F388,Bolobedu,SS-BLB-03,Bolobedu Substation 3,7.7,0.552,0.836,0.779,45.9,0,POLE-BLB-02662,-23.991,30.44887,1000,2018,0,2026-06-15,2026-06-24
T2663,Bolobedu Substation 2 TX-097,F075,Bolobedu,SS-BLB-02,Bolobedu Substation 2,10.2,0.794,0.613,0.492,61.4,0,POLE-BLB-02663,-23.94836,30.3662,2000,2016,1,2026-03-31,2025-09-27
T2664,Haenertsburg Substation 2 TX-111,F249,Haenertsburg,SS-HBG-02,Haenertsburg Substation 2,17.7,0.173,0.624,0.59,43.2,0,POLE-HBG-02664,-23.98611,29.93478,1000,2008,3,2026-07-01,2026-01-13
T2665,Politsi Substation 1 TX-088,F108,Politsi,SS-PLT-01,Politsi Substation 1,22.7,0.261,0.78,0.691,59.7,0,POLE-PLT-02665,-23.7886,30.06798,1600,2003,3,2026-05-24,2026-03-30
T2666,Xihoko Substation 1 TX-127,F269,Xihoko,SS-XHK-01,Xihoko Substation 1,18.9,0.46,0.603,0.677,53.8,0,POLE-XHK-02666,-23.77623,30.37346,50,2007,0,2026-05-26,2026-04-24
T2667,Bolobedu Substation 1 TX-090,F121,Bolobedu,SS-BLB-01,Bolobedu Substation 1,14.3,0.345,0.612,0.545,50.1,0,POLE-BLB-02667,-23.96715,30.35607,100,2012,0,2026-07-26,2025-07-17
T2668,Tzaneen Substation 2 TX-106,F483,Tzaneen,SS-TZN-02,Tzaneen Substation 2,11.6,0.528,0.303,0.359,57.5,0,POLE-TZN-02668,-23.79998,30.19339,315,2014,1,2025-11-01,2025-08-02
T2669,Modjadjiskloof Substation 2 TX-100,F039,Modjadjiskloof,SS-MDK-02,Modjadjiskloof Substation 2,13.4,0.653,0.537,0.543,71.2,1,POLE-MDK-02669,-23.77517,30.13195,100,2013,1,2025-09-08,2025-11-12
T2670,Politsi Substation 2 TX-103,F482,Politsi,SS-PLT-02,Politsi Substation 2,7.3,0.714,0.193,0.278,63.3,1,POLE-PLT-02670,-23.84041,30.03574,1600,2019,1,2026-01-12,2023-04-18
T2671,Bolobedu Substation 2 TX-098,F396,Bolobedu,SS-BLB-02,Bolobedu Substation 2,12.3,0.881,0.246,0.429,64.3,1,POLE-BLB-02671,-23.94624,30.37099,1600,2014,3,2026-03-18,2025-01-13
T2672,Haenertsburg Substation 2 TX-112,F428,Haenertsburg,SS-HBG-02,Haenertsburg Substation 2,10.2,0.438,0.811,0.784,33.2,0,POLE-HBG-02672,-23.97538,29.92409,800,2016,0,2026-06-09,2025-10-06
T2673,Politsi Substation 2 TX-104,F426,Politsi,SS-PLT-02,Politsi Substation 2,35.0,0.533,0.645,0.633,74.1,1,POLE-PLT-02673,-23.8442,30.02099,500,1991,3,2026-04-07,2025-12-02
T2674,Lenyenye Substation 3 TX-097,F094,Lenyenye,SS-LNY-03,Lenyenye Substation 3,13.6,0.68,0.668,0.663,53.7,0,POLE-LNY-02674,-23.96668,30.30466,1600,2012,1,2026-02-25,2025-09-14
T2675,Lenyenye Substation 3 TX-098,F466,Lenyenye,SS-LNY-03,Lenyenye Substation 3,1.5,0.426,0.708,0.699,39.5,0,POLE-LNY-02675,-23.95453,30.29804,800,2024,0,2026-01-30,2024-11-12
T2676,Nkowankowa Substation 1 TX-105,F298,Nkowankowa,SS-NKW-01,Nkowankowa Substation 1,8.2,0.705,0.792,0.601,51.8,0,POLE-NKW-02676,-23.90803,30.23976,2000,2018,1,2026-03-16,2026-06-01
T2677,Politsi Substation 2 TX-105,F482,Politsi,SS-PLT-02,Politsi Substation 2,9.4,0.742,0.641,0.693,62.8,0,POLE-PLT-02677,-23.83089,30.02374,1600,2017,2,2026-06-05,2025-11-04
T2678,Xihoko Substation 1 TX-128,F440,Xihoko,SS-XHK-01,Xihoko Substation 1,20.6,0.758,0.312,0.396,67.7,1,POLE-XHK-02678,-23.78477,30.37159,315,2005,1,2026-04-29,2025-06-24
T2679,Haenertsburg Substation 1 TX-097,F290,Haenertsburg,SS-HBG-01,Haenertsburg Substation 1,14.8,0.477,0.756,0.702,45.1,0,POLE-HBG-02679,-23.95021,29.9682,800,2011,3,2026-06-27,2026-05-06
T2680,Nkowankowa Substation 3 TX-094,F188,Nkowankowa,SS-NKW-03,Nkowankowa Substation 3,14.3,0.565,0.474,0.404,58.7,0,POLE-NKW-02680,-23.90959,30.25837,100,2012,3,2026-06-01,2025-09-26
T2681,Xihoko Substation 2 TX-106,F059,Xihoko,SS-XHK-02,Xihoko Substation 2,26.8,0.665,0.861,0.818,57.8,0,POLE-XHK-02681,-23.78802,30.3075,50,1999,0,2026-03-31,2025-09-24
T2682,Haenertsburg Substation 3 TX-090,F051,Haenertsburg,SS-HBG-03,Haenertsburg Substation 3,32.9,0.369,0.473,0.474,67.2,1,POLE-HBG-02682,-24.01511,29.93512,50,1993,2,2026-04-11,2025-06-11
T2683,Lenyenye Substation 1 TX-101,F195,Lenyenye,SS-LNY-01,Lenyenye Substation 1,18.5,0.392,0.402,0.439,55.9,0,POLE-LNY-02683,-23.95268,30.2712,2000,2008,0,2026-01-08,2025-10-22
T2684,Modjadjiskloof Substation 3 TX-107,F406,Modjadjiskloof,SS-MDK-03,Modjadjiskloof Substation 3,8.7,0.795,0.796,0.774,46.9,0,POLE-MDK-02684,-23.70356,30.11986,100,2017,1,2026-02-28,2025-12-04
T2685,Ga-Kgapane Substation 2 TX-078,F253,Ga-Kgapane,SS-GKG-02,Ga-Kgapane Substation 2,8.9,0.658,0.664,0.561,55.3,0,POLE-GKG-02685,-23.84645,30.35806,100,2017,0,2026-04-17,2025-11-02
T2686,Haenertsburg Substation 1 TX-098,F241,Haenertsburg,SS-HBG-01,Haenertsburg Substation 1,24.6,0.518,0.552,0.555,61.9,1,POLE-HBG-02686,-23.94891,29.95903,1000,2001,5,2026-01-27,2026-05-17
T2687,Modjadjiskloof Substation 3 TX-108,F123,Modjadjiskloof,SS-MDK-03,Modjadjiskloof Substation 3,8.9,0.892,0.741,0.599,53.9,0,POLE-MDK-02687,-23.72429,30.12014,100,2017,0,2026-05-20,2026-02-02
T2688,Haenertsburg Substation 2 TX-113,F283,Haenertsburg,SS-HBG-02,Haenertsburg Substation 2,11.1,0.79,0.669,0.497,51.3,0,POLE-HBG-02688,-23.9877,29.92123,100,2015,0,2026-04-16,2025-10-19
T2689,Ga-Kgapane Substation 3 TX-092,F320,Ga-Kgapane,SS-GKG-03,Ga-Kgapane Substation 3,8.1,0.461,0.911,0.71,49.6,0,POLE-GKG-02689,-23.86495,30.3821,1000,2018,1,2026-07-11,2026-03-06
T2690,Ga-Kgapane Substation 3 TX-093,F492,Ga-Kgapane,SS-GKG-03,Ga-Kgapane Substation 3,4.8,0.243,0.507,0.431,45.1,0,POLE-GKG-02690,-23.86711,30.38771,2000,2021,1,2026-05-04,2025-04-30
T2691,Haenertsburg Substation 1 TX-099,F365,Haenertsburg,SS-HBG-01,Haenertsburg Substation 1,35.0,0.742,0.524,0.58,71.8,1,POLE-HBG-02691,-23.94861,29.95031,100,1991,1,2026-06-03,2026-06-03
T2692,Bolobedu Substation 1 TX-091,F304,Bolobedu,SS-BLB-01,Bolobedu Substation 1,11.1,0.285,0.666,0.717,49.8,0,POLE-BLB-02692,-23.9604,30.34823,800,2015,1,2026-07-09,2026-02-25
T2693,Bolobedu Substation 3 TX-095,F456,Bolobedu,SS-BLB-03,Bolobedu Substation 3,29.3,0.823,0.481,0.464,63.6,1,POLE-BLB-02693,-23.97679,30.44643,500,1997,0,2026-03-08,2025-12-21
T2694,Politsi Substation 3 TX-102,F213,Politsi,SS-PLT-03,Politsi Substation 3,9.0,0.504,0.754,0.769,48.9,0,POLE-PLT-02694,-23.83262,30.06905,2000,2017,2,2026-05-15,2025-09-08
T2695,Haenertsburg Substation 2 TX-114,F468,Haenertsburg,SS-HBG-02,Haenertsburg Substation 2,7.1,0.83,0.527,0.639,60.3,0,POLE-HBG-02695,-23.98316,29.92778,2000,2019,0,2026-05-12,2025-11-23
T2696,Xihoko Substation 2 TX-107,F185,Xihoko,SS-XHK-02,Xihoko Substation 2,17.4,0.549,0.57,0.612,56.6,0,POLE-XHK-02696,-23.79634,30.30896,800,2009,3,2026-05-13,2025-11-07
T2697,Haenertsburg Substation 2 TX-115,F064,Haenertsburg,SS-HBG-02,Haenertsburg Substation 2,22.7,0.409,0.825,0.602,50.7,0,POLE-HBG-02697,-23.9812,29.94405,1600,2003,3,2026-07-06,2025-11-28
T2698,Tzaneen Substation 2 TX-107,F209,Tzaneen,SS-TZN-02,Tzaneen Substation 2,23.6,0.261,0.589,0.741,49.3,0,POLE-TZN-02698,-23.79633,30.19558,100,2002,3,2026-02-25,2026-04-24
T2699,Haenertsburg Substation 1 TX-100,F065,Haenertsburg,SS-HBG-01,Haenertsburg Substation 1,10.1,0.355,0.876,0.849,42.4,0,POLE-HBG-02699,-23.94773,29.95469,800,2016,0,2026-04-11,2026-01-08
T2700,Lenyenye Substation 2 TX-095,F060,Lenyenye,SS-LNY-02,Lenyenye Substation 2,18.7,0.334,0.702,0.63,45.3,1,POLE-LNY-02700,-23.9313,30.26453,100,2007,1,2026-06-09,2025-10-25
T2701,Politsi Substation 3 TX-103,F441,Politsi,SS-PLT-03,Politsi Substation 3,7.7,0.594,0.634,0.563,55.4,0,POLE-PLT-02701,-23.81355,30.06399,50,2018,0,2026-06-24,2026-01-09
T2702,Politsi Substation 3 TX-104,F398,Politsi,SS-PLT-03,Politsi Substation 3,12.2,0.73,0.983,0.902,53.2,1,POLE-PLT-02702,-23.81866,30.06944,1000,2014,1,2026-05-11,2025-12-07
T2703,Bolobedu Substation 1 TX-092,F111,Bolobedu,SS-BLB-01,Bolobedu Substation 1,9.4,0.369,0.925,0.827,41.7,0,POLE-BLB-02703,-23.96363,30.3568,800,2017,0,2026-02-02,2026-04-17
T2704,Haenertsburg Substation 1 TX-101,F419,Haenertsburg,SS-HBG-01,Haenertsburg Substation 1,8.4,0.541,0.173,0.372,61.2,1,POLE-HBG-02704,-23.94935,29.9626,50,2018,1,2026-03-05,2025-12-11
T2705,Ga-Kgapane Substation 3 TX-094,F035,Ga-Kgapane,SS-GKG-03,Ga-Kgapane Substation 3,12.6,0.4,0.613,0.603,48.9,0,POLE-GKG-02705,-23.87001,30.38266,1600,2013,0,2026-02-15,2025-01-19
T2706,Politsi Substation 2 TX-106,F143,Politsi,SS-PLT-02,Politsi Substation 2,4.7,0.515,0.834,0.692,55.1,0,POLE-PLT-02706,-23.83403,30.02409,1600,2021,1,2026-06-07,2026-03-22
T2707,Tzaneen Substation 3 TX-090,F354,Tzaneen,SS-TZN-03,Tzaneen Substation 3,21.5,0.568,0.121,0.337,64.0,0,POLE-TZN-02707,-23.84131,30.1918,315,2005,3,2026-02-07,2025-12-21
T2708,Bolobedu Substation 2 TX-099,F152,Bolobedu,SS-BLB-02,Bolobedu Substation 2,8.4,0.372,0.298,0.443,46.5,0,POLE-BLB-02708,-23.93689,30.36812,50,2018,0,2026-07-15,2025-08-21
T2709,Bolobedu Substation 1 TX-093,F366,Bolobedu,SS-BLB-01,Bolobedu Substation 1,20.8,0.289,0.378,0.553,50.3,0,POLE-BLB-02709,-23.96581,30.35879,200,2005,2,2026-05-11,2024-10-13
T2710,Xihoko Substation 1 TX-129,F438,Xihoko,SS-XHK-01,Xihoko Substation 1,5.6,0.42,0.301,0.383,52.1,0,POLE-XHK-02710,-23.78049,30.3717,800,2020,1,2026-06-12,2025-02-24
T2711,Tzaneen Substation 3 TX-091,F034,Tzaneen,SS-TZN-03,Tzaneen Substation 3,8.4,0.239,0.642,0.635,39.5,0,POLE-TZN-02711,-23.83021,30.20096,50,2018,1,2025-09-02,2025-10-27
T2712,Modjadjiskloof Substation 1 TX-121,F012,Modjadjiskloof,SS-MDK-01,Modjadjiskloof Substation 1,4.7,0.37,0.786,0.804,43.2,0,POLE-MDK-02712,-23.72738,30.12334,315,2021,0,2026-05-12,2026-01-21
T2713,Ga-Kgapane Substation 1 TX-097,F471,Ga-Kgapane,SS-GKG-01,Ga-Kgapane Substation 1,4.5,0.611,0.769,0.849,44.9,0,POLE-GKG-02713,-23.83277,30.29561,100,2021,0,2025-07-12,2026-06-29
T2714,Ga-Kgapane Substation 2 TX-079,F261,Ga-Kgapane,SS-GKG-02,Ga-Kgapane Substation 2,6.2,0.341,0.623,0.614,44.1,0,POLE-GKG-02714,-23.84275,30.34621,800,2020,2,2026-04-26,2025-11-02
T2715,Tzaneen Substation 3 TX-092,F254,Tzaneen,SS-TZN-03,Tzaneen Substation 3,5.6,0.725,0.405,0.555,55.1,0,POLE-TZN-02715,-23.83348,30.19197,100,2020,1,2026-02-26,2026-03-21
T2716,Modjadjiskloof Substation 2 TX-101,F232,Modjadjiskloof,SS-MDK-02,Modjadjiskloof Substation 2,4.7,0.757,0.79,0.649,58.8,0,POLE-MDK-02716,-23.77538,30.11469,1600,2021,1,2026-05-19,2026-04-10
T2717,Politsi Substation 1 TX-089,F217,Politsi,SS-PLT-01,Politsi Substation 1,11.6,0.562,0.598,0.576,52.3,0,POLE-PLT-02717,-23.79633,30.06269,200,2014,1,2026-05-18,2026-05-01
T2718,Lenyenye Substation 2 TX-096,F346,Lenyenye,SS-LNY-02,Lenyenye Substation 2,17.2,0.406,0.682,0.679,53.9,0,POLE-LNY-02718,-23.93682,30.26006,100,2009,0,2026-04-06,2025-06-28
T2719,Haenertsburg Substation 1 TX-102,F290,Haenertsburg,SS-HBG-01,Haenertsburg Substation 1,17.8,0.835,0.859,0.68,65.0,0,POLE-HBG-02719,-23.95054,29.95385,200,2008,1,2026-04-02,2026-03-06
T2720,Modjadjiskloof Substation 1 TX-122,F082,Modjadjiskloof,SS-MDK-01,Modjadjiskloof Substation 1,2.4,0.928,0.426,0.433,54.1,0,POLE-MDK-02720,-23.71944,30.12221,2000,2024,1,2026-06-05,2026-04-28
T2721,Nkowankowa Substation 1 TX-106,F314,Nkowankowa,SS-NKW-01,Nkowankowa Substation 1,9.4,0.334,0.456,0.568,51.4,0,POLE-NKW-02721,-23.90101,30.23654,1600,2017,0,2026-05-09,2025-12-26
T2722,Haenertsburg Substation 2 TX-116,F335,Haenertsburg,SS-HBG-02,Haenertsburg Substation 2,8.7,0.491,0.612,0.493,57.2,0,POLE-HBG-02722,-23.98455,29.92258,800,2017,3,2026-07-03,2024-10-19
T2723,Modjadjiskloof Substation 1 TX-123,F057,Modjadjiskloof,SS-MDK-01,Modjadjiskloof Substation 1,27.1,0.435,0.556,0.541,66.9,1,POLE-MDK-02723,-23.71844,30.1243,100,1999,0,2026-07-11,2026-04-12
T2724,Nkowankowa Substation 3 TX-095,F189,Nkowankowa,SS-NKW-03,Nkowankowa Substation 3,9.6,0.421,0.807,0.773,41.6,0,POLE-NKW-02724,-23.93196,30.26508,315,2016,1,2026-03-24,2025-02-18
T2725,Bolobedu Substation 2 TX-100,F396,Bolobedu,SS-BLB-02,Bolobedu Substation 2,11.0,0.896,0.418,0.506,58.0,1,POLE-BLB-02725,-23.94285,30.37222,500,2015,0,2026-02-03,2025-08-22
T2726,Politsi Substation 3 TX-105,F310,Politsi,SS-PLT-03,Politsi Substation 3,3.4,0.729,0.406,0.564,53.7,0,POLE-PLT-02726,-23.8364,30.07174,2000,2023,1,2026-04-21,2024-10-12
T2727,Modjadjiskloof Substation 1 TX-124,F069,Modjadjiskloof,SS-MDK-01,Modjadjiskloof Substation 1,6.1,0.536,0.598,0.484,52.2,0,POLE-MDK-02727,-23.73051,30.12453,200,2020,2,2026-03-02,2025-12-14
T2728,Modjadjiskloof Substation 1 TX-125,F021,Modjadjiskloof,SS-MDK-01,Modjadjiskloof Substation 1,3.2,0.36,0.583,0.567,45.7,0,POLE-MDK-02728,-23.72317,30.12263,1600,2023,0,2026-02-10,2025-05-31
T2729,Nkowankowa Substation 2 TX-100,F291,Nkowankowa,SS-NKW-02,Nkowankowa Substation 2,12.2,0.837,0.582,0.622,58.7,0,POLE-NKW-02729,-23.9409,30.25389,200,2014,1,2025-12-31,2024-07-03
T2730,Modjadjiskloof Substation 2 TX-102,F231,Modjadjiskloof,SS-MDK-02,Modjadjiskloof Substation 2,27.7,0.577,0.56,0.483,67.5,1,POLE-MDK-02730,-23.77941,30.13882,100,1998,2,2026-07-17,2026-02-08
T2731,Politsi Substation 1 TX-090,F481,Politsi,SS-PLT-01,Politsi Substation 1,6.2,0.354,0.737,0.717,31.9,0,POLE-PLT-02731,-23.79092,30.0671,1000,2020,1,2026-05-05,2026-01-20
T2732,Haenertsburg Substation 1 TX-103,F262,Haenertsburg,SS-HBG-01,Haenertsburg Substation 1,9.7,0.722,0.594,0.474,62.5,0,POLE-HBG-02732,-23.94792,29.96201,50,2016,0,2026-06-23,2025-09-30
T2733,Lenyenye Substation 3 TX-099,F466,Lenyenye,SS-LNY-03,Lenyenye Substation 3,5.7,0.963,0.679,0.54,68.2,1,POLE-LNY-02733,-23.95318,30.30386,1000,2020,1,2026-06-12,2025-09-17
T2734,Politsi Substation 1 TX-091,F108,Politsi,SS-PLT-01,Politsi Substation 1,7.2,0.124,0.612,0.569,40.0,0,POLE-PLT-02734,-23.79655,30.05375,2000,2019,0,2026-06-12,2026-07-17
T2735,Ga-Kgapane Substation 1 TX-098,F224,Ga-Kgapane,SS-GKG-01,Ga-Kgapane Substation 1,12.4,0.343,0.363,0.595,51.3,0,POLE-GKG-02735,-23.82841,30.29992,100,2014,1,2026-03-01,2025-08-29
T2736,Politsi Substation 2 TX-107,F070,Politsi,SS-PLT-02,Politsi Substation 2,35.0,0.783,0.893,0.738,79.3,1,POLE-PLT-02736,-23.83699,30.03497,800,1991,0,2026-06-16,2025-11-30
T2737,Bolobedu Substation 3 TX-096,F288,Bolobedu,SS-BLB-03,Bolobedu Substation 3,26.8,0.591,0.482,0.454,67.1,1,POLE-BLB-02737,-23.97218,30.45214,100,1999,0,2026-07-16,2026-01-08
T2738,Lenyenye Substation 2 TX-097,F095,Lenyenye,SS-LNY-02,Lenyenye Substation 2,31.9,0.408,0.67,0.705,62.9,0,POLE-LNY-02738,-23.92465,30.26066,500,1994,3,2026-03-25,2023-12-10
T2739,Tzaneen Substation 3 TX-093,F247,Tzaneen,SS-TZN-03,Tzaneen Substation 3,20.9,0.795,0.85,0.66,73.4,1,POLE-TZN-02739,-23.83875,30.19324,500,2005,3,2026-07-03,2025-05-10
T2740,Lenyenye Substation 2 TX-098,F173,Lenyenye,SS-LNY-02,Lenyenye Substation 2,9.6,0.514,0.598,0.498,64.3,0,POLE-LNY-02740,-23.93097,30.25689,50,2016,1,2026-06-22,2024-08-17
T2741,Ga-Kgapane Substation 3 TX-095,F093,Ga-Kgapane,SS-GKG-03,Ga-Kgapane Substation 3,8.7,0.493,0.804,0.725,43.7,0,POLE-GKG-02741,-23.86774,30.38347,100,2017,1,2025-06-24,2026-02-14
T2742,Haenertsburg Substation 2 TX-117,F049,Haenertsburg,SS-HBG-02,Haenertsburg Substation 2,6.3,0.868,0.588,0.49,58.0,0,POLE-HBG-02742,-23.9785,29.92916,500,2020,0,2025-11-25,2026-02-09
T2743,Nkowankowa Substation 3 TX-096,F257,Nkowankowa,SS-NKW-03,Nkowankowa Substation 3,0.9,0.416,0.677,0.534,50.5,0,POLE-NKW-02743,-23.92978,30.26832,1600,2025,1,2026-06-02,2025-07-24
T2744,Xihoko Substation 3 TX-115,F474,Xihoko,SS-XHK-03,Xihoko Substation 3,9.5,0.65,0.402,0.478,59.9,0,POLE-XHK-02744,-23.71935,30.36621,200,2017,2,2026-06-08,2025-10-08
T2745,Haenertsburg Substation 3 TX-091,F100,Haenertsburg,SS-HBG-03,Haenertsburg Substation 3,27.9,0.269,0.124,0.289,67.0,1,POLE-HBG-02745,-23.98893,29.93052,1600,1998,2,2025-12-10,2025-12-20
T2746,Nkowankowa Substation 2 TX-101,F203,Nkowankowa,SS-NKW-02,Nkowankowa Substation 2,27.7,0.334,0.067,0.409,49.5,1,POLE-NKW-02746,-23.9467,30.23601,100,1998,5,2024-07-31,2026-01-07
T2747,Nkowankowa Substation 3 TX-097,F113,Nkowankowa,SS-NKW-03,Nkowankowa Substation 3,35.0,0.537,0.619,0.69,56.6,0,POLE-NKW-02747,-23.91554,30.26471,50,1991,3,2025-10-25,2026-05-26
T2748,Tzaneen Substation 3 TX-094,F405,Tzaneen,SS-TZN-03,Tzaneen Substation 3,13.0,0.775,0.486,0.528,70.3,0,POLE-TZN-02748,-23.83067,30.18643,315,2013,2,2026-01-25,2025-02-26
T2749,Haenertsburg Substation 2 TX-118,F208,Haenertsburg,SS-HBG-02,Haenertsburg Substation 2,4.1,0.908,0.321,0.357,65.9,0,POLE-HBG-02749,-23.98237,29.9277,50,2022,0,2025-08-03,2025-02-17
T2750,Tzaneen Substation 1 TX-085,F488,Tzaneen,SS-TZN-01,Tzaneen Substation 1,16.5,0.569,0.739,0.612,59.1,1,POLE-TZN-02750,-23.81781,30.14529,50,2010,0,2026-03-30,2026-07-05
T2751,Modjadjiskloof Substation 3 TX-109,F123,Modjadjiskloof,SS-MDK-03,Modjadjiskloof Substation 3,35.0,0.419,0.85,0.73,56.9,0,POLE-MDK-02751,-23.71523,30.11695,200,1991,6,2026-01-09,2025-07-30
T2752,Haenertsburg Substation 3 TX-092,F041,Haenertsburg,SS-HBG-03,Haenertsburg Substation 3,30.3,0.67,0.849,0.868,61.2,0,POLE-HBG-02752,-24.00569,29.93078,800,1996,4,2026-06-19,2024-12-14
T2753,Bolobedu Substation 2 TX-101,F292,Bolobedu,SS-BLB-02,Bolobedu Substation 2,7.9,0.217,0.493,0.403,51.1,0,POLE-BLB-02753,-23.94843,30.36486,2000,2018,0,2025-12-16,2025-02-21
T2754,Xihoko Substation 2 TX-108,F326,Xihoko,SS-XHK-02,Xihoko Substation 2,4.4,0.923,0.369,0.334,56.1,0,POLE-XHK-02754,-23.78775,30.30411,800,2022,1,2026-04-06,2026-01-23
T2755,Bolobedu Substation 1 TX-094,F496,Bolobedu,SS-BLB-01,Bolobedu Substation 1,4.3,0.544,0.574,0.63,45.7,0,POLE-BLB-02755,-23.96441,30.3589,1000,2022,0,2026-02-12,2025-10-17
T2756,Nkowankowa Substation 3 TX-098,F436,Nkowankowa,SS-NKW-03,Nkowankowa Substation 3,6.6,0.198,0.764,0.522,46.8,0,POLE-NKW-02756,-23.90638,30.26904,1000,2019,0,2025-11-29,2026-06-12
T2757,Lenyenye Substation 3 TX-100,F443,Lenyenye,SS-LNY-03,Lenyenye Substation 3,7.4,0.41,0.861,0.694,49.9,0,POLE-LNY-02757,-23.96235,30.3055,500,2019,0,2026-06-02,2026-04-20
T2758,Tzaneen Substation 3 TX-095,F318,Tzaneen,SS-TZN-03,Tzaneen Substation 3,9.1,0.422,0.648,0.567,47.9,0,POLE-TZN-02758,-23.83498,30.19259,50,2017,3,2026-06-10,2025-05-23
T2759,Nkowankowa Substation 2 TX-102,F180,Nkowankowa,SS-NKW-02,Nkowankowa Substation 2,17.9,0.678,0.592,0.452,68.4,0,POLE-NKW-02759,-23.93442,30.25366,315,2008,1,2025-12-23,2026-03-29
T2760,Politsi Substation 3 TX-106,F215,Politsi,SS-PLT-03,Politsi Substation 3,8.8,0.771,0.451,0.413,65.6,0,POLE-PLT-02760,-23.83203,30.06665,100,2017,0,2026-03-14,2025-12-03
T2761,Tzaneen Substation 1 TX-086,F067,Tzaneen,SS-TZN-01,Tzaneen Substation 1,11.8,0.807,0.83,0.858,46.4,0,POLE-TZN-02761,-23.82407,30.16075,800,2014,1,2026-04-22,2026-02-12
T2762,Bolobedu Substation 1 TX-095,F216,Bolobedu,SS-BLB-01,Bolobedu Substation 1,3.0,0.586,0.675,0.655,57.1,0,POLE-BLB-02762,-23.96786,30.3485,1000,2023,0,2026-06-14,2025-07-08
T2763,Modjadjiskloof Substation 1 TX-126,F183,Modjadjiskloof,SS-MDK-01,Modjadjiskloof Substation 1,6.3,0.388,0.666,0.513,54.9,0,POLE-MDK-02763,-23.72825,30.12537,315,2020,2,2026-03-07,2025-12-20
T2764,Xihoko Substation 3 TX-116,F018,Xihoko,SS-XHK-03,Xihoko Substation 3,6.0,0.33,0.637,0.712,45.1,0,POLE-XHK-02764,-23.72173,30.3672,800,2020,0,2026-01-28,2026-04-23
T2765,Tzaneen Substation 3 TX-096,F103,Tzaneen,SS-TZN-03,Tzaneen Substation 3,2.5,0.611,0.29,0.494,51.4,0,POLE-TZN-02765,-23.82686,30.18919,800,2023,2,2026-05-08,2025-08-28
T2766,Bolobedu Substation 1 TX-096,F268,Bolobedu,SS-BLB-01,Bolobedu Substation 1,8.7,0.559,0.765,0.62,56.3,1,POLE-BLB-02766,-23.96571,30.3509,50,2017,1,2026-05-14,2026-05-16
T2767,Xihoko Substation 2 TX-109,F185,Xihoko,SS-XHK-02,Xihoko Substation 2,3.0,0.76,0.705,0.516,57.9,0,POLE-XHK-02767,-23.79563,30.30234,1000,2023,0,2026-06-03,2024-10-21
T2768,Politsi Substation 1 TX-092,F497,Politsi,SS-PLT-01,Politsi Substation 1,8.2,0.364,0.879,0.722,44.6,0,POLE-PLT-02768,-23.79841,30.06881,1000,2018,1,2026-04-16,2026-05-28
T2769,Ga-Kgapane Substation 1 TX-099,F240,Ga-Kgapane,SS-GKG-01,Ga-Kgapane Substation 1,12.5,0.92,0.799,0.748,68.3,0,POLE-GKG-02769,-23.83425,30.30443,2000,2014,1,2026-01-17,2025-07-23
T2770,Xihoko Substation 1 TX-130,F480,Xihoko,SS-XHK-01,Xihoko Substation 1,28.2,0.673,0.056,0.198,63.6,1,POLE-XHK-02770,-23.78989,30.35841,315,1998,2,2026-07-28,2025-03-22
T2771,Bolobedu Substation 2 TX-102,F331,Bolobedu,SS-BLB-02,Bolobedu Substation 2,5.8,0.425,0.911,0.791,41.3,0,POLE-BLB-02771,-23.95055,30.37225,2000,2020,2,2026-06-13,2025-08-14
T2772,Modjadjiskloof Substation 1 TX-127,F021,Modjadjiskloof,SS-MDK-01,Modjadjiskloof Substation 1,12.2,0.844,0.837,0.699,61.6,0,POLE-MDK-02772,-23.72183,30.12103,200,2014,1,2025-11-13,2026-04-30
T2773,Bolobedu Substation 2 TX-103,F102,Bolobedu,SS-BLB-02,Bolobedu Substation 2,7.0,0.767,0.741,0.709,54.0,0,POLE-BLB-02773,-23.95534,30.37121,315,2019,0,2026-05-17,2026-03-28
T2774,Modjadjiskloof Substation 3 TX-110,F353,Modjadjiskloof,SS-MDK-03,Modjadjiskloof Substation 3,2.9,0.768,0.6,0.581,57.6,0,POLE-MDK-02774,-23.70519,30.11901,1000,2023,2,2026-03-31,2026-02-23
T2775,Nkowankowa Substation 2 TX-103,F273,Nkowankowa,SS-NKW-02,Nkowankowa Substation 2,28.4,0.308,0.792,0.764,49.1,0,POLE-NKW-02775,-23.95227,30.24555,500,1998,1,2025-07-14,2026-02-12
T2776,Tzaneen Substation 2 TX-108,F151,Tzaneen,SS-TZN-02,Tzaneen Substation 2,12.9,0.546,0.714,0.659,52.6,0,POLE-TZN-02776,-23.80388,30.19999,315,2013,1,2025-10-25,2026-05-20
T2777,Haenertsburg Substation 1 TX-104,F262,Haenertsburg,SS-HBG-01,Haenertsburg Substation 1,15.9,0.995,0.525,0.515,73.9,1,POLE-HBG-02777,-23.94338,29.95739,800,2010,1,2026-02-17,2025-11-21
T2778,Xihoko Substation 3 TX-117,F452,Xihoko,SS-XHK-03,Xihoko Substation 3,31.4,0.446,0.941,0.825,52.3,1,POLE-XHK-02778,-23.721,30.37957,500,1995,1,2026-06-02,2026-01-30
T2779,Lenyenye Substation 1 TX-102,F195,Lenyenye,SS-LNY-01,Lenyenye Substation 1,8.2,0.295,0.851,0.861,40.7,0,POLE-LNY-02779,-23.94863,30.26932,50,2018,0,2026-03-13,2025-09-19
T2780,Xihoko Substation 2 TX-110,F023,Xihoko,SS-XHK-02,Xihoko Substation 2,3.9,0.726,0.503,0.67,49.6,0,POLE-XHK-02780,-23.7925,30.30124,1600,2022,0,2026-05-22,2026-01-06
T2781,Politsi Substation 1 TX-093,F156,Politsi,SS-PLT-01,Politsi Substation 1,5.7,0.523,0.652,0.585,52.2,0,POLE-PLT-02781,-23.79971,30.0609,1000,2020,0,2026-05-28,2026-06-19
T2782,Haenertsburg Substation 2 TX-119,F468,Haenertsburg,SS-HBG-02,Haenertsburg Substation 2,3.6,0.381,0.202,0.357,52.1,0,POLE-HBG-02782,-23.9755,29.93192,100,2022,2,2026-06-09,2026-05-23
T2783,Haenertsburg Substation 2 TX-120,F381,Haenertsburg,SS-HBG-02,Haenertsburg Substation 2,23.5,0.443,0.51,0.689,57.9,1,POLE-HBG-02783,-23.98201,29.93756,100,2002,3,2026-05-29,2026-04-09
T2784,Haenertsburg Substation 1 TX-105,F419,Haenertsburg,SS-HBG-01,Haenertsburg Substation 1,35.0,0.341,0.467,0.536,63.4,1,POLE-HBG-02784,-23.94853,29.95785,800,1991,0,2026-04-21,2026-01-03
T2785,Bolobedu Substation 3 TX-097,F456,Bolobedu,SS-BLB-03,Bolobedu Substation 3,12.4,0.435,0.709,0.708,50.6,0,POLE-BLB-02785,-23.98023,30.45044,500,2014,2,2026-03-25,2024-12-05
T2786,Xihoko Substation 2 TX-111,F059,Xihoko,SS-XHK-02,Xihoko Substation 2,18.3,0.303,0.569,0.469,54.4,0,POLE-XHK-02786,-23.79184,30.31107,50,2008,2,2026-02-22,2025-01-19
T2787,Tzaneen Substation 2 TX-109,F142,Tzaneen,SS-TZN-02,Tzaneen Substation 2,21.5,0.722,0.621,0.521,65.3,1,POLE-TZN-02787,-23.79961,30.18703,315,2004,2,2026-05-13,2026-01-17
T2788,Modjadjiskloof Substation 1 TX-128,F030,Modjadjiskloof,SS-MDK-01,Modjadjiskloof Substation 1,32.7,0.567,0.744,0.756,71.8,0,POLE-MDK-02788,-23.73464,30.11575,2000,1993,3,2026-04-16,2026-04-12
T2789,Lenyenye Substation 1 TX-103,F003,Lenyenye,SS-LNY-01,Lenyenye Substation 1,35.0,0.246,0.97,0.916,49.9,0,POLE-LNY-02789,-23.95815,30.27139,200,1991,0,2026-02-19,2026-02-19
T2790,Ga-Kgapane Substation 3 TX-096,F418,Ga-Kgapane,SS-GKG-03,Ga-Kgapane Substation 3,2.0,0.829,0.487,0.487,58.3,0,POLE-GKG-02790,-23.85469,30.36905,200,2024,1,2026-01-12,2025-11-10
T2791,Tzaneen Substation 2 TX-110,F469,Tzaneen,SS-TZN-02,Tzaneen Substation 2,7.1,0.501,0.594,0.649,44.9,0,POLE-TZN-02791,-23.81274,30.19733,1600,2019,2,2026-06-09,2026-01-04
T2792,Bolobedu Substation 2 TX-104,F078,Bolobedu,SS-BLB-02,Bolobedu Substation 2,11.4,0.272,0.682,0.735,55.4,0,POLE-BLB-02792,-23.94881,30.36544,2000,2015,0,2026-04-28,2026-05-28
T2793,Tzaneen Substation 2 TX-111,F362,Tzaneen,SS-TZN-02,Tzaneen Substation 2,6.5,0.84,0.743,0.579,58.4,0,POLE-TZN-02793,-23.80734,30.19155,100,2020,2,2026-01-12,2026-02-17
T2794,Bolobedu Substation 1 TX-097,F268,Bolobedu,SS-BLB-01,Bolobedu Substation 1,9.3,0.723,0.609,0.719,48.2,0,POLE-BLB-02794,-23.95771,30.35861,315,2017,0,2026-06-02,2026-03-16
T2795,Ga-Kgapane Substation 3 TX-097,F035,Ga-Kgapane,SS-GKG-03,Ga-Kgapane Substation 3,15.2,0.376,0.602,0.499,53.2,0,POLE-GKG-02795,-23.86704,30.37179,1600,2011,1,2026-06-12,2025-09-14
T2796,Nkowankowa Substation 3 TX-099,F458,Nkowankowa,SS-NKW-03,Nkowankowa Substation 3,14.9,0.282,0.746,0.784,39.7,0,POLE-NKW-02796,-23.91513,30.25534,1600,2011,1,2026-06-07,2025-06-27
T2797,Nkowankowa Substation 3 TX-100,F436,Nkowankowa,SS-NKW-03,Nkowankowa Substation 3,21.1,0.495,0.237,0.455,58.2,1,POLE-NKW-02797,-23.92163,30.25459,315,2005,1,2026-03-29,2026-02-03
T2798,Haenertsburg Substation 2 TX-121,F284,Haenertsburg,SS-HBG-02,Haenertsburg Substation 2,11.6,0.745,0.592,0.655,60.6,0,POLE-HBG-02798,-23.96279,29.93378,1000,2014,1,2026-06-09,2025-11-11
T2799,Tzaneen Substation 3 TX-097,F354,Tzaneen,SS-TZN-03,Tzaneen Substation 3,1.0,0.657,0.32,0.361,61.4,1,POLE-TZN-02799,-23.82913,30.19606,200,2025,2,2026-05-07,2026-07-17
T2800,Ga-Kgapane Substation 3 TX-098,F199,Ga-Kgapane,SS-GKG-03,Ga-Kgapane Substation 3,8.7,0.371,0.739,0.641,53.3,0,POLE-GKG-02800,-23.85,30.37288,200,2017,2,2025-12-17,2025-11-18
T2801,Haenertsburg Substation 3 TX-093,F397,Haenertsburg,SS-HBG-03,Haenertsburg Substation 3,14.2,0.287,0.464,0.527,50.8,0,POLE-HBG-02801,-24.00149,29.9356,2000,2012,2,2025-11-03,2026-07-11
T2802,Modjadjiskloof Substation 2 TX-103,F223,Modjadjiskloof,SS-MDK-02,Modjadjiskloof Substation 2,22.1,0.56,0.405,0.539,64.7,0,POLE-MDK-02802,-23.77941,30.12827,800,2004,5,2026-07-17,2026-04-20
T2803,Nkowankowa Substation 1 TX-107,F495,Nkowankowa,SS-NKW-01,Nkowankowa Substation 1,20.0,0.576,0.634,0.605,63.8,1,POLE-NKW-02803,-23.90276,30.24298,1600,2006,1,2026-07-09,2026-03-20
T2804,Tzaneen Substation 2 TX-112,F032,Tzaneen,SS-TZN-02,Tzaneen Substation 2,10.5,0.641,0.366,0.329,71.7,0,POLE-TZN-02804,-23.80362,30.19977,200,2016,4,2025-12-21,2025-07-29
T2805,Lenyenye Substation 3 TX-101,F087,Lenyenye,SS-LNY-03,Lenyenye Substation 3,6.8,0.884,0.395,0.441,58.5,0,POLE-LNY-02805,-23.96528,30.29248,50,2019,1,2026-05-18,2025-10-29
T2806,Bolobedu Substation 3 TX-098,F485,Bolobedu,SS-BLB-03,Bolobedu Substation 3,10.9,0.472,0.178,0.339,64.4,1,POLE-BLB-02806,-23.98111,30.45306,50,2015,3,2026-05-26,2026-06-12
T2807,Lenyenye Substation 2 TX-099,F145,Lenyenye,SS-LNY-02,Lenyenye Substation 2,2.3,0.33,0.669,0.564,39.0,0,POLE-LNY-02807,-23.93519,30.25244,1000,2024,0,2026-03-26,2025-10-02
T2808,Politsi Substation 1 TX-094,F156,Politsi,SS-PLT-01,Politsi Substation 1,7.3,0.294,0.838,0.83,47.8,0,POLE-PLT-02808,-23.79202,30.05529,200,2019,1,2026-03-29,2025-03-09
T2809,Bolobedu Substation 2 TX-105,F396,Bolobedu,SS-BLB-02,Bolobedu Substation 2,24.7,0.904,0.974,0.916,61.1,0,POLE-BLB-02809,-23.94607,30.36135,500,2001,2,2026-04-11,2026-06-13
T2810,Lenyenye Substation 2 TX-100,F095,Lenyenye,SS-LNY-02,Lenyenye Substation 2,10.8,0.313,0.396,0.478,47.4,0,POLE-LNY-02810,-23.94397,30.26695,1000,2015,1,2026-01-09,2026-02-08
T2811,Nkowankowa Substation 3 TX-101,F257,Nkowankowa,SS-NKW-03,Nkowankowa Substation 3,14.6,0.801,0.762,0.683,58.7,0,POLE-NKW-02811,-23.91935,30.27103,1000,2011,1,2026-04-03,2026-02-02
T2812,Bolobedu Substation 2 TX-106,F144,Bolobedu,SS-BLB-02,Bolobedu Substation 2,3.5,0.684,0.443,0.404,52.0,0,POLE-BLB-02812,-23.94974,30.37524,100,2023,1,2026-04-23,2025-12-22
T2813,Xihoko Substation 2 TX-112,F099,Xihoko,SS-XHK-02,Xihoko Substation 2,22.0,0.423,0.259,0.243,66.2,1,POLE-XHK-02813,-23.80246,30.3008,800,2004,4,2025-11-05,2025-01-13
T2814,Tzaneen Substation 2 TX-113,F483,Tzaneen,SS-TZN-02,Tzaneen Substation 2,10.1,0.498,0.634,0.545,59.3,0,POLE-TZN-02814,-23.79725,30.19167,800,2016,2,2026-01-28,2025-07-29
T2815,Haenertsburg Substation 3 TX-094,F100,Haenertsburg,SS-HBG-03,Haenertsburg Substation 3,14.3,0.453,0.883,0.853,38.6,0,POLE-HBG-02815,-23.99415,29.93188,800,2012,0,2026-02-25,2026-01-13
T2816,Xihoko Substation 2 TX-113,F048,Xihoko,SS-XHK-02,Xihoko Substation 2,16.5,0.639,0.307,0.439,61.2,0,POLE-XHK-02816,-23.79733,30.3001,1000,2010,2,2026-05-28,2025-12-08
T2817,Ga-Kgapane Substation 2 TX-080,F337,Ga-Kgapane,SS-GKG-02,Ga-Kgapane Substation 2,21.4,0.772,0.567,0.454,62.2,0,POLE-GKG-02817,-23.84201,30.35434,315,2005,4,2026-06-12,2025-06-25
T2818,Politsi Substation 1 TX-095,F434,Politsi,SS-PLT-01,Politsi Substation 1,12.8,0.833,0.491,0.589,65.9,0,POLE-PLT-02818,-23.79569,30.06429,200,2013,2,2025-02-09,2026-06-26
T2819,Haenertsburg Substation 2 TX-122,F064,Haenertsburg,SS-HBG-02,Haenertsburg Substation 2,10.3,0.388,0.678,0.741,54.5,0,POLE-HBG-02819,-23.98129,29.93134,200,2016,1,2026-01-11,2024-11-17
T2820,Tzaneen Substation 3 TX-098,F354,Tzaneen,SS-TZN-03,Tzaneen Substation 3,4.2,0.94,0.844,0.61,57.3,0,POLE-TZN-02820,-23.83403,30.20282,50,2022,0,2026-06-13,2025-06-01
T2821,Haenertsburg Substation 2 TX-123,F271,Haenertsburg,SS-HBG-02,Haenertsburg Substation 2,3.2,0.477,0.621,0.666,42.9,0,POLE-HBG-02821,-23.98671,29.9371,50,2023,1,2026-05-10,2025-05-24
T2822,Tzaneen Substation 3 TX-099,F416,Tzaneen,SS-TZN-03,Tzaneen Substation 3,12.6,0.82,0.659,0.562,53.4,1,POLE-TZN-02822,-23.82919,30.19349,800,2013,0,2026-02-25,2024-02-12
T2823,Haenertsburg Substation 2 TX-124,F064,Haenertsburg,SS-HBG-02,Haenertsburg Substation 2,14.3,0.404,0.592,0.453,65.1,0,POLE-HBG-02823,-23.98299,29.92938,2000,2012,1,2026-01-29,2025-04-04
T2824,Tzaneen Substation 1 TX-087,F488,Tzaneen,SS-TZN-01,Tzaneen Substation 1,16.0,0.675,0.751,0.767,63.2,0,POLE-TZN-02824,-23.82151,30.16591,100,2010,1,2026-07-16,2026-05-22
T2825,Politsi Substation 3 TX-107,F310,Politsi,SS-PLT-03,Politsi Substation 3,5.8,0.836,0.876,0.868,42.4,0,POLE-PLT-02825,-23.83133,30.07621,200,2020,1,2026-04-26,2026-01-27
T2826,Tzaneen Substation 1 TX-088,F422,Tzaneen,SS-TZN-01,Tzaneen Substation 1,7.3,0.655,0.229,0.427,60.4,0,POLE-TZN-02826,-23.83221,30.16664,50,2019,0,2025-11-12,2025-04-03
T2827,Ga-Kgapane Substation 1 TX-100,F181,Ga-Kgapane,SS-GKG-01,Ga-Kgapane Substation 1,12.5,0.879,0.256,0.496,58.3,0,POLE-GKG-02827,-23.84252,30.29795,200,2014,0,2026-05-03,2025-10-29
T2828,Lenyenye Substation 1 TX-104,F472,Lenyenye,SS-LNY-01,Lenyenye Substation 1,8.1,0.24,0.457,0.541,43.8,0,POLE-LNY-02828,-23.95825,30.2592,100,2018,0,2026-07-10,2025-10-18
T2829,Nkowankowa Substation 1 TX-108,F314,Nkowankowa,SS-NKW-01,Nkowankowa Substation 1,35.0,0.429,0.865,0.864,54.6,0,POLE-NKW-02829,-23.90529,30.24017,2000,1991,2,2026-03-26,2025-07-25
T2830,Haenertsburg Substation 2 TX-125,F064,Haenertsburg,SS-HBG-02,Haenertsburg Substation 2,7.2,0.514,0.884,0.69,39.2,0,POLE-HBG-02830,-23.98485,29.93579,200,2019,0,2026-07-09,2026-01-30
T2831,Bolobedu Substation 3 TX-099,F462,Bolobedu,SS-BLB-03,Bolobedu Substation 3,15.0,0.854,0.702,0.544,63.8,0,POLE-BLB-02831,-23.97747,30.44129,2000,2011,0,2025-12-22,2024-11-23
T2832,Politsi Substation 3 TX-108,F398,Politsi,SS-PLT-03,Politsi Substation 3,19.6,0.665,0.145,0.389,74.9,1,POLE-PLT-02832,-23.83692,30.07911,1000,2006,3,2026-05-29,2026-02-11
T2833,Tzaneen Substation 2 TX-114,F151,Tzaneen,SS-TZN-02,Tzaneen Substation 2,20.4,0.425,0.588,0.423,55.4,0,POLE-TZN-02833,-23.79837,30.19535,200,2006,1,2026-03-29,2025-09-14
T2834,Nkowankowa Substation 2 TX-104,F273,Nkowankowa,SS-NKW-02,Nkowankowa Substation 2,8.0,0.418,0.679,0.607,53.5,0,POLE-NKW-02834,-23.93525,30.25844,200,2018,0,2026-07-12,2026-06-20
T2835,Lenyenye Substation 1 TX-105,F195,Lenyenye,SS-LNY-01,Lenyenye Substation 1,16.5,0.947,0.542,0.684,69.7,1,POLE-LNY-02835,-23.95514,30.26872,50,2009,0,2026-03-27,2026-06-23
T2836,Politsi Substation 1 TX-096,F272,Politsi,SS-PLT-01,Politsi Substation 1,15.2,0.533,0.808,0.849,55.1,0,POLE-PLT-02836,-23.79096,30.05152,2000,2011,0,2026-05-11,2024-07-15
T2837,Tzaneen Substation 2 TX-115,F483,Tzaneen,SS-TZN-02,Tzaneen Substation 2,17.0,0.468,0.356,0.432,68.7,0,POLE-TZN-02837,-23.81083,30.19147,1600,2009,0,2026-04-19,2025-10-14
T2838,Modjadjiskloof Substation 2 TX-104,F450,Modjadjiskloof,SS-MDK-02,Modjadjiskloof Substation 2,12.3,0.227,0.45,0.599,52.4,0,POLE-MDK-02838,-23.78069,30.12426,1000,2014,2,2026-05-17,2026-01-13
T2839,Politsi Substation 1 TX-097,F108,Politsi,SS-PLT-01,Politsi Substation 1,19.7,0.575,0.039,0.201,75.9,1,POLE-PLT-02839,-23.784,30.05953,50,2006,3,2026-03-19,2025-06-19
T2840,Haenertsburg Substation 1 TX-106,F486,Haenertsburg,SS-HBG-01,Haenertsburg Substation 1,13.4,0.485,0.228,0.322,53.2,1,POLE-HBG-02840,-23.9399,29.96109,2000,2013,0,2026-04-29,2025-05-06
T2841,Xihoko Substation 3 TX-118,F219,Xihoko,SS-XHK-03,Xihoko Substation 3,3.8,0.676,0.656,0.532,57.3,0,POLE-XHK-02841,-23.71577,30.3664,200,2022,1,2026-02-26,2026-04-21
T2842,Modjadjiskloof Substation 3 TX-111,F353,Modjadjiskloof,SS-MDK-03,Modjadjiskloof Substation 3,13.1,0.641,0.821,0.775,61.6,0,POLE-MDK-02842,-23.71602,30.11197,800,2013,2,2026-04-25,2025-08-18
T2843,Nkowankowa Substation 2 TX-105,F383,Nkowankowa,SS-NKW-02,Nkowankowa Substation 2,14.2,0.413,0.765,0.742,46.4,0,POLE-NKW-02843,-23.94729,30.24612,800,2012,0,2026-04-26,2026-03-09
T2844,Ga-Kgapane Substation 2 TX-081,F242,Ga-Kgapane,SS-GKG-02,Ga-Kgapane Substation 2,18.8,0.942,0.739,0.793,46.3,0,POLE-GKG-02844,-23.85223,30.35796,50,2007,1,2026-04-18,2024-06-27
T2845,Ga-Kgapane Substation 3 TX-099,F229,Ga-Kgapane,SS-GKG-03,Ga-Kgapane Substation 3,12.6,0.583,0.63,0.591,49.4,1,POLE-GKG-02845,-23.86809,30.37721,315,2013,2,2026-05-20,2025-10-28
T2846,Ga-Kgapane Substation 3 TX-100,F229,Ga-Kgapane,SS-GKG-03,Ga-Kgapane Substation 3,33.2,0.671,0.372,0.471,68.6,1,POLE-GKG-02846,-23.86553,30.37335,100,1993,2,2026-02-11,2026-07-07
T2847,Bolobedu Substation 3 TX-100,F432,Bolobedu,SS-BLB-03,Bolobedu Substation 3,10.5,0.612,0.643,0.504,59.5,0,POLE-BLB-02847,-23.98607,30.44624,100,2015,2,2026-01-29,2026-02-08
T2848,Tzaneen Substation 1 TX-089,F194,Tzaneen,SS-TZN-01,Tzaneen Substation 1,7.7,0.248,0.857,0.792,39.0,0,POLE-TZN-02848,-23.81797,30.17191,200,2018,0,2026-04-10,2025-12-23
T2849,Bolobedu Substation 3 TX-101,F140,Bolobedu,SS-BLB-03,Bolobedu Substation 3,26.8,0.255,0.848,0.831,52.8,0,POLE-BLB-02849,-23.97424,30.45156,50,1999,0,2026-03-12,2026-06-10
T2850,Ga-Kgapane Substation 1 TX-101,F181,Ga-Kgapane,SS-GKG-01,Ga-Kgapane Substation 1,10.3,0.757,0.602,0.632,54.5,0,POLE-GKG-02850,-23.82938,30.30336,1000,2016,2,2026-02-20,2025-09-24
T2851,Lenyenye Substation 2 TX-101,F098,Lenyenye,SS-LNY-02,Lenyenye Substation 2,11.8,0.463,0.811,0.645,51.0,0,POLE-LNY-02851,-23.94395,30.2658,1000,2014,3,2026-04-16,2025-08-24
T2852,Politsi Substation 2 TX-108,F196,Politsi,SS-PLT-02,Politsi Substation 2,14.2,0.404,0.651,0.547,53.2,0,POLE-PLT-02852,-23.83882,30.0164,800,2012,2,2026-06-26,2025-12-26
T2853,Lenyenye Substation 1 TX-106,F058,Lenyenye,SS-LNY-01,Lenyenye Substation 1,13.4,0.661,0.57,0.469,57.0,0,POLE-LNY-02853,-23.96609,30.26824,500,2013,2,2026-06-02,2026-07-09
T2854,Tzaneen Substation 1 TX-090,F045,Tzaneen,SS-TZN-01,Tzaneen Substation 1,16.9,0.702,0.467,0.421,68.1,0,POLE-TZN-02854,-23.81856,30.17136,100,2009,0,2026-07-08,2024-02-22
T2855,Tzaneen Substation 2 TX-116,F362,Tzaneen,SS-TZN-02,Tzaneen Substation 2,18.1,0.664,0.68,0.746,64.9,0,POLE-TZN-02855,-23.80132,30.18051,800,2008,1,2026-02-05,2026-06-16
T2856,Modjadjiskloof Substation 2 TX-105,F039,Modjadjiskloof,SS-MDK-02,Modjadjiskloof Substation 2,7.1,0.791,0.741,0.712,49.1,0,POLE-MDK-02856,-23.78013,30.11638,1000,2019,1,2026-06-28,2026-03-04
T2857,Modjadjiskloof Substation 2 TX-106,F285,Modjadjiskloof,SS-MDK-02,Modjadjiskloof Substation 2,4.5,0.41,0.834,0.667,46.8,0,POLE-MDK-02857,-23.77781,30.12157,100,2021,1,2026-06-21,2025-07-22
T2858,Modjadjiskloof Substation 3 TX-112,F390,Modjadjiskloof,SS-MDK-03,Modjadjiskloof Substation 3,5.0,0.433,0.816,0.815,36.7,0,POLE-MDK-02858,-23.71104,30.11597,200,2021,0,2026-05-31,2025-11-07
T2859,Haenertsburg Substation 3 TX-095,F363,Haenertsburg,SS-HBG-03,Haenertsburg Substation 3,25.0,0.515,0.734,0.645,51.9,0,POLE-HBG-02859,-24.00204,29.92882,1600,2001,1,2026-05-24,2026-04-07
T2860,Ga-Kgapane Substation 1 TX-102,F224,Ga-Kgapane,SS-GKG-01,Ga-Kgapane Substation 1,9.7,0.457,0.595,0.705,54.4,0,POLE-GKG-02860,-23.83073,30.29232,1000,2016,5,2026-05-02,2026-04-16
T2861,Tzaneen Substation 3 TX-100,F097,Tzaneen,SS-TZN-03,Tzaneen Substation 3,19.5,0.227,0.85,0.878,56.9,0,POLE-TZN-02861,-23.82999,30.19338,500,2006,0,2026-03-07,2026-01-30
T2862,Lenyenye Substation 3 TX-102,F466,Lenyenye,SS-LNY-03,Lenyenye Substation 3,18.4,0.165,0.606,0.548,49.2,0,POLE-LNY-02862,-23.95269,30.31596,200,2008,0,2026-03-21,2026-04-27
T2863,Ga-Kgapane Substation 3 TX-101,F418,Ga-Kgapane,SS-GKG-03,Ga-Kgapane Substation 3,11.8,0.812,0.673,0.734,66.9,0,POLE-GKG-02863,-23.86119,30.37525,100,2014,0,2026-03-09,2025-12-28
T2864,Modjadjiskloof Substation 2 TX-107,F307,Modjadjiskloof,SS-MDK-02,Modjadjiskloof Substation 2,5.8,0.655,0.194,0.387,53.7,0,POLE-MDK-02864,-23.77831,30.11957,100,2020,1,2026-05-25,2025-03-02
T2865,Bolobedu Substation 3 TX-102,F044,Bolobedu,SS-BLB-03,Bolobedu Substation 3,18.7,0.469,0.576,0.432,58.6,1,POLE-BLB-02865,-23.98441,30.44601,1600,2007,1,2026-02-20,2026-02-01
T2866,Xihoko Substation 3 TX-119,F018,Xihoko,SS-XHK-03,Xihoko Substation 3,11.5,0.818,0.67,0.585,68.7,0,POLE-XHK-02866,-23.71958,30.37493,500,2014,1,2026-06-19,2025-12-27
T2867,Tzaneen Substation 2 TX-117,F158,Tzaneen,SS-TZN-02,Tzaneen Substation 2,4.3,0.403,0.61,0.573,42.5,0,POLE-TZN-02867,-23.79872,30.19452,800,2022,1,2026-05-05,2025-09-15
T2868,Nkowankowa Substation 1 TX-109,F079,Nkowankowa,SS-NKW-01,Nkowankowa Substation 1,8.1,0.652,0.498,0.534,60.2,1,POLE-NKW-02868,-23.89526,30.24654,2000,2018,1,2026-05-22,2024-12-06
T2869,Xihoko Substation 1 TX-131,F431,Xihoko,SS-XHK-01,Xihoko Substation 1,2.9,0.618,0.64,0.539,49.9,0,POLE-XHK-02869,-23.78129,30.36689,1000,2023,1,2026-05-28,2025-08-17
T2870,Tzaneen Substation 3 TX-101,F103,Tzaneen,SS-TZN-03,Tzaneen Substation 3,8.4,0.439,0.712,0.649,45.4,0,POLE-TZN-02870,-23.81876,30.19234,800,2018,1,2025-08-04,2026-03-16
T2871,Tzaneen Substation 2 TX-118,F142,Tzaneen,SS-TZN-02,Tzaneen Substation 2,12.3,0.616,0.105,0.46,56.1,1,POLE-TZN-02871,-23.80466,30.20901,200,2014,1,2026-04-15,2025-02-07
T2872,Tzaneen Substation 1 TX-091,F488,Tzaneen,SS-TZN-01,Tzaneen Substation 1,10.7,0.867,0.63,0.663,48.7,0,POLE-TZN-02872,-23.82241,30.1629,315,2015,0,2026-07-16,2025-07-14
T2873,Ga-Kgapane Substation 3 TX-102,F410,Ga-Kgapane,SS-GKG-03,Ga-Kgapane Substation 3,9.8,0.262,0.443,0.407,56.6,0,POLE-GKG-02873,-23.85503,30.37862,50,2016,3,2025-12-28,2025-01-25
T2874,Ga-Kgapane Substation 1 TX-103,F110,Ga-Kgapane,SS-GKG-01,Ga-Kgapane Substation 1,12.2,0.242,0.776,0.664,47.8,0,POLE-GKG-02874,-23.82604,30.30281,500,2014,1,2026-05-15,2026-02-11
T2875,Modjadjiskloof Substation 3 TX-113,F192,Modjadjiskloof,SS-MDK-03,Modjadjiskloof Substation 3,16.2,0.283,0.714,0.612,50.2,0,POLE-MDK-02875,-23.70526,30.13545,200,2010,2,2026-03-19,2025-02-28
T2876,Xihoko Substation 1 TX-132,F258,Xihoko,SS-XHK-01,Xihoko Substation 1,20.5,0.637,0.665,0.648,57.2,0,POLE-XHK-02876,-23.77814,30.37371,315,2005,1,2026-06-12,2026-03-04
T2877,Haenertsburg Substation 3 TX-096,F333,Haenertsburg,SS-HBG-03,Haenertsburg Substation 3,22.4,0.411,0.199,0.339,63.9,1,POLE-HBG-02877,-24.00759,29.92922,315,2004,1,2026-03-27,2026-03-04
T2878,Tzaneen Substation 2 TX-119,F469,Tzaneen,SS-TZN-02,Tzaneen Substation 2,6.5,0.855,0.78,0.801,58.7,0,POLE-TZN-02878,-23.80399,30.19086,50,2019,0,2026-05-10,2025-06-02
T2879,Nkowankowa Substation 3 TX-102,F436,Nkowankowa,SS-NKW-03,Nkowankowa Substation 3,23.8,0.697,0.334,0.564,64.1,0,POLE-NKW-02879,-23.91621,30.27474,500,2002,2,2026-03-26,2025-11-23
T2880,Nkowankowa Substation 3 TX-103,F489,Nkowankowa,SS-NKW-03,Nkowankowa Substation 3,11.5,0.754,0.691,0.656,62.5,0,POLE-NKW-02880,-23.91731,30.26614,1000,2014,3,2026-05-07,2025-12-11
T2881,Modjadjiskloof Substation 1 TX-129,F021,Modjadjiskloof,SS-MDK-01,Modjadjiskloof Substation 1,9.0,0.493,0.696,0.553,53.7,0,POLE-MDK-02881,-23.72095,30.12989,1600,2017,2,2026-02-20,2026-04-26
T2882,Ga-Kgapane Substation 1 TX-104,F119,Ga-Kgapane,SS-GKG-01,Ga-Kgapane Substation 1,5.1,0.652,0.56,0.691,50.5,0,POLE-GKG-02882,-23.84274,30.29854,100,2021,1,2026-01-08,2026-04-29
T2883,Nkowankowa Substation 1 TX-110,F282,Nkowankowa,SS-NKW-01,Nkowankowa Substation 1,0.9,0.613,0.939,0.857,49.1,0,POLE-NKW-02883,-23.90177,30.23855,315,2025,0,2026-06-28,2026-05-01
T2884,Haenertsburg Substation 3 TX-097,F025,Haenertsburg,SS-HBG-03,Haenertsburg Substation 3,15.5,0.844,0.679,0.79,57.1,0,POLE-HBG-02884,-24.00935,29.91985,500,2011,0,2026-02-07,2026-03-15
T2885,Xihoko Substation 2 TX-114,F178,Xihoko,SS-XHK-02,Xihoko Substation 2,15.1,0.746,0.834,0.67,53.2,0,POLE-XHK-02885,-23.80513,30.30379,1600,2011,1,2026-06-19,2026-02-19
T2886,Nkowankowa Substation 2 TX-106,F077,Nkowankowa,SS-NKW-02,Nkowankowa Substation 2,7.6,0.535,0.448,0.515,52.8,0,POLE-NKW-02886,-23.94718,30.23891,50,2018,3,2026-02-15,2026-06-17
T2887,Tzaneen Substation 1 TX-092,F467,Tzaneen,SS-TZN-01,Tzaneen Substation 1,7.7,0.91,0.726,0.541,61.1,0,POLE-TZN-02887,-23.82783,30.17282,500,2018,0,2026-07-19,2025-05-31
T2888,Tzaneen Substation 2 TX-120,F032,Tzaneen,SS-TZN-02,Tzaneen Substation 2,10.4,0.22,0.277,0.443,48.0,0,POLE-TZN-02888,-23.81084,30.18499,1600,2016,1,2025-12-06,2024-03-20
T2889,Bolobedu Substation 2 TX-107,F075,Bolobedu,SS-BLB-02,Bolobedu Substation 2,8.9,0.889,0.196,0.386,69.9,1,POLE-BLB-02889,-23.94867,30.35867,50,2017,2,2026-01-24,2026-04-11
T2890,Lenyenye Substation 2 TX-102,F098,Lenyenye,SS-LNY-02,Lenyenye Substation 2,6.3,0.589,0.66,0.525,55.8,0,POLE-LNY-02890,-23.94402,30.26265,50,2020,0,2026-06-06,2025-11-29
T2891,Bolobedu Substation 2 TX-108,F075,Bolobedu,SS-BLB-02,Bolobedu Substation 2,4.6,0.257,0.577,0.646,42.2,0,POLE-BLB-02891,-23.95696,30.37533,50,2021,1,2026-04-13,2025-05-29
T2892,Modjadjiskloof Substation 2 TX-108,F285,Modjadjiskloof,SS-MDK-02,Modjadjiskloof Substation 2,24.0,0.469,0.552,0.454,62.5,1,POLE-MDK-02892,-23.76988,30.12733,200,2002,0,2026-04-24,2024-12-26
T2893,Modjadjiskloof Substation 1 TX-130,F183,Modjadjiskloof,SS-MDK-01,Modjadjiskloof Substation 1,8.1,0.736,0.467,0.51,58.3,0,POLE-MDK-02893,-23.71436,30.12532,100,2018,0,2026-03-22,2026-02-03
T2894,Lenyenye Substation 1 TX-107,F457,Lenyenye,SS-LNY-01,Lenyenye Substation 1,15.0,0.405,0.304,0.526,57.1,0,POLE-LNY-02894,-23.95869,30.27087,315,2011,2,2026-02-28,2025-03-18
T2895,Tzaneen Substation 1 TX-093,F131,Tzaneen,SS-TZN-01,Tzaneen Substation 1,17.0,0.651,0.894,0.888,54.8,0,POLE-TZN-02895,-23.81696,30.1694,200,2009,2,2026-05-26,2026-06-08
T2896,Xihoko Substation 1 TX-133,F269,Xihoko,SS-XHK-01,Xihoko Substation 1,15.5,0.347,0.451,0.53,52.6,0,POLE-XHK-02896,-23.78482,30.37803,1000,2010,0,2025-09-24,2026-07-17
T2897,Bolobedu Substation 2 TX-109,F331,Bolobedu,SS-BLB-02,Bolobedu Substation 2,17.7,0.4,0.835,0.741,45.4,0,POLE-BLB-02897,-23.94573,30.36537,315,2008,0,2026-06-06,2026-03-08
T2898,Ga-Kgapane Substation 2 TX-082,F313,Ga-Kgapane,SS-GKG-02,Ga-Kgapane Substation 2,15.4,0.717,0.943,0.752,53.9,0,POLE-GKG-02898,-23.8466,30.35377,2000,2011,1,2026-04-29,2024-10-01
T2899,Bolobedu Substation 3 TX-103,F399,Bolobedu,SS-BLB-03,Bolobedu Substation 3,7.0,0.545,0.742,0.654,51.8,0,POLE-BLB-02899,-23.97838,30.43689,100,2019,2,2026-04-12,2025-12-19
T2900,Ga-Kgapane Substation 3 TX-103,F101,Ga-Kgapane,SS-GKG-03,Ga-Kgapane Substation 3,9.2,0.344,0.711,0.759,46.4,0,POLE-GKG-02900,-23.86277,30.3869,100,2017,1,2026-05-23,2024-04-23
T2901,Tzaneen Substation 3 TX-102,F254,Tzaneen,SS-TZN-03,Tzaneen Substation 3,23.6,0.447,0.84,0.885,46.6,0,POLE-TZN-02901,-23.83702,30.18834,1600,2002,1,2026-01-24,2026-06-03
T2902,Modjadjiskloof Substation 2 TX-109,F401,Modjadjiskloof,SS-MDK-02,Modjadjiskloof Substation 2,7.9,0.821,0.872,0.717,53.1,0,POLE-MDK-02902,-23.76939,30.12838,100,2018,2,2026-06-26,2026-03-26
T2903,Bolobedu Substation 3 TX-104,F432,Bolobedu,SS-BLB-03,Bolobedu Substation 3,11.6,0.718,0.898,0.795,49.8,0,POLE-BLB-02903,-23.98972,30.44666,315,2014,2,2026-04-09,2025-09-18
T2904,Bolobedu Substation 1 TX-098,F309,Bolobedu,SS-BLB-01,Bolobedu Substation 1,16.3,0.644,0.805,0.746,63.3,0,POLE-BLB-02904,-23.96951,30.34882,800,2010,2,2026-04-10,2025-05-04
T2905,Xihoko Substation 2 TX-115,F326,Xihoko,SS-XHK-02,Xihoko Substation 2,29.2,0.758,0.92,0.862,65.9,1,POLE-XHK-02905,-23.78631,30.30524,2000,1997,0,2026-05-02,2025-11-26
T2906,Tzaneen Substation 3 TX-103,F433,Tzaneen,SS-TZN-03,Tzaneen Substation 3,22.2,0.738,0.611,0.66,65.8,0,POLE-TZN-02906,-23.82794,30.19379,100,2004,3,2026-04-17,2026-03-01
T2907,Ga-Kgapane Substation 2 TX-083,F313,Ga-Kgapane,SS-GKG-02,Ga-Kgapane Substation 2,5.6,0.408,0.344,0.561,47.9,1,POLE-GKG-02907,-23.85071,30.34953,200,2020,0,2025-12-07,2023-11-03
T2908,Lenyenye Substation 3 TX-103,F475,Lenyenye,SS-LNY-03,Lenyenye Substation 3,14.7,0.755,0.453,0.632,56.9,0,POLE-LNY-02908,-23.95261,30.31299,50,2011,2,2026-06-20,2026-01-03
T2909,Haenertsburg Substation 2 TX-126,F064,Haenertsburg,SS-HBG-02,Haenertsburg Substation 2,13.6,0.623,0.841,0.717,52.7,0,POLE-HBG-02909,-23.98035,29.93658,315,2012,2,2026-06-18,2026-03-14
T2910,Lenyenye Substation 3 TX-104,F174,Lenyenye,SS-LNY-03,Lenyenye Substation 3,9.3,0.877,0.592,0.67,61.3,0,POLE-LNY-02910,-23.95735,30.31226,200,2017,1,2026-03-16,2025-10-17
T2911,Modjadjiskloof Substation 1 TX-131,F057,Modjadjiskloof,SS-MDK-01,Modjadjiskloof Substation 1,11.8,0.851,0.796,0.683,58.2,0,POLE-MDK-02911,-23.72527,30.10955,200,2014,2,2026-06-13,2025-07-13
T2912,Bolobedu Substation 1 TX-099,F046,Bolobedu,SS-BLB-01,Bolobedu Substation 1,7.0,0.518,0.095,0.281,59.0,0,POLE-BLB-02912,-23.96307,30.34913,200,2019,2,2026-05-14,2026-01-20
T2913,Bolobedu Substation 2 TX-110,F236,Bolobedu,SS-BLB-02,Bolobedu Substation 2,10.3,0.179,0.867,0.874,41.1,0,POLE-BLB-02913,-23.94436,30.37545,2000,2016,2,2026-02-14,2026-05-25
T2914,Nkowankowa Substation 3 TX-104,F113,Nkowankowa,SS-NKW-03,Nkowankowa Substation 3,8.0,0.601,0.523,0.466,57.1,0,POLE-NKW-02914,-23.91535,30.25934,500,2018,1,2025-11-18,2025-02-27
T2915,Haenertsburg Substation 3 TX-098,F204,Haenertsburg,SS-HBG-03,Haenertsburg Substation 3,12.4,0.441,0.842,0.625,53.6,0,POLE-HBG-02915,-24.00916,29.92613,500,2014,1,2026-04-14,2026-07-17
T2916,Xihoko Substation 3 TX-120,F219,Xihoko,SS-XHK-03,Xihoko Substation 3,9.1,0.7,0.512,0.449,56.1,0,POLE-XHK-02916,-23.71403,30.36554,500,2017,1,2026-05-25,2026-04-10
T2917,Lenyenye Substation 3 TX-105,F311,Lenyenye,SS-LNY-03,Lenyenye Substation 3,30.6,0.333,0.321,0.523,60.7,0,POLE-LNY-02917,-23.94305,30.30501,800,1995,1,2026-04-28,2026-04-18
T2918,Ga-Kgapane Substation 2 TX-084,F473,Ga-Kgapane,SS-GKG-02,Ga-Kgapane Substation 2,12.7,0.773,0.493,0.636,63.7,0,POLE-GKG-02918,-23.85068,30.35084,315,2013,1,2026-03-20,2026-03-14
T2919,Modjadjiskloof Substation 2 TX-110,F425,Modjadjiskloof,SS-MDK-02,Modjadjiskloof Substation 2,11.1,0.87,0.498,0.38,74.1,0,POLE-MDK-02919,-23.77321,30.12203,100,2015,0,2026-04-23,2025-02-09
T2920,Xihoko Substation 2 TX-116,F190,Xihoko,SS-XHK-02,Xihoko Substation 2,9.9,0.501,0.522,0.486,58.8,0,POLE-XHK-02920,-23.79539,30.31118,200,2016,0,2026-02-03,2025-02-06
T2921,Ga-Kgapane Substation 2 TX-085,F163,Ga-Kgapane,SS-GKG-02,Ga-Kgapane Substation 2,9.1,0.88,0.455,0.546,47.0,0,POLE-GKG-02921,-23.84717,30.35681,200,2017,2,2026-06-13,2025-12-02
T2922,Haenertsburg Substation 1 TX-107,F386,Haenertsburg,SS-HBG-01,Haenertsburg Substation 1,4.3,0.537,0.879,0.668,44.6,0,POLE-HBG-02922,-23.94639,29.96189,200,2022,0,2026-06-30,2025-01-30
T2923,Bolobedu Substation 1 TX-100,F062,Bolobedu,SS-BLB-01,Bolobedu Substation 1,19.5,0.932,0.701,0.577,68.4,1,POLE-BLB-02923,-23.9576,30.35416,100,2007,0,2026-05-07,2024-07-23
T2924,Haenertsburg Substation 2 TX-127,F271,Haenertsburg,SS-HBG-02,Haenertsburg Substation 2,26.9,0.633,0.554,0.611,59.6,1,POLE-HBG-02924,-23.98714,29.93666,1600,1999,1,2025-11-25,2026-01-17
T2925,Haenertsburg Substation 3 TX-099,F212,Haenertsburg,SS-HBG-03,Haenertsburg Substation 3,7.9,0.807,0.27,0.434,55.0,0,POLE-HBG-02925,-24.00586,29.93201,315,2018,0,2026-01-26,2025-06-03
T2926,Politsi Substation 2 TX-109,F092,Politsi,SS-PLT-02,Politsi Substation 2,23.5,0.657,0.539,0.54,62.7,0,POLE-PLT-02926,-23.83679,30.01547,500,2003,2,2026-04-02,2026-03-22
T2927,Bolobedu Substation 1 TX-101,F309,Bolobedu,SS-BLB-01,Bolobedu Substation 1,35.0,0.698,0.266,0.357,77.6,0,POLE-BLB-02927,-23.96235,30.36473,2000,1991,2,2026-03-03,2026-06-19
T2928,Tzaneen Substation 2 TX-121,F161,Tzaneen,SS-TZN-02,Tzaneen Substation 2,35.0,0.589,0.215,0.41,75.7,1,POLE-TZN-02928,-23.80755,30.20447,1600,1991,2,2025-09-15,2025-11-02
T2929,Ga-Kgapane Substation 3 TX-104,F093,Ga-Kgapane,SS-GKG-03,Ga-Kgapane Substation 3,26.1,0.678,0.924,0.84,59.6,0,POLE-GKG-02929,-23.86873,30.37631,200,2000,1,2026-01-03,2026-01-05
T2930,Modjadjiskloof Substation 3 TX-114,F327,Modjadjiskloof,SS-MDK-03,Modjadjiskloof Substation 3,4.7,0.95,0.643,0.676,55.4,0,POLE-MDK-02930,-23.70156,30.11084,2000,2021,1,2026-06-22,2025-09-17
T2931,Nkowankowa Substation 2 TX-107,F088,Nkowankowa,SS-NKW-02,Nkowankowa Substation 2,4.7,0.405,0.504,0.658,41.7,0,POLE-NKW-02931,-23.95795,30.24363,315,2021,0,2026-03-19,2025-12-31
T2932,Ga-Kgapane Substation 2 TX-086,F337,Ga-Kgapane,SS-GKG-02,Ga-Kgapane Substation 2,17.6,0.353,0.819,0.763,53.1,0,POLE-GKG-02932,-23.84211,30.34688,500,2008,2,2026-04-20,2026-06-17
T2933,Modjadjiskloof Substation 1 TX-132,F082,Modjadjiskloof,SS-MDK-01,Modjadjiskloof Substation 1,11.6,0.949,0.687,0.645,64.4,0,POLE-MDK-02933,-23.71666,30.12292,2000,2014,2,2026-05-25,2026-02-20
T2934,Bolobedu Substation 1 TX-102,F218,Bolobedu,SS-BLB-01,Bolobedu Substation 1,1.8,0.665,0.3,0.427,58.6,0,POLE-BLB-02934,-23.96201,30.35084,2000,2024,1,2026-05-20,2024-12-04
T2935,Lenyenye Substation 2 TX-103,F404,Lenyenye,SS-LNY-02,Lenyenye Substation 2,8.6,0.644,0.815,0.62,54.8,0,POLE-LNY-02935,-23.93503,30.25968,2000,2017,1,2026-07-18,2026-06-03
T2936,Nkowankowa Substation 1 TX-111,F115,Nkowankowa,SS-NKW-01,Nkowankowa Substation 1,17.1,0.139,0.273,0.469,44.3,0,POLE-NKW-02936,-23.89968,30.24631,100,2009,2,2026-03-10,2025-11-23
T2937,Tzaneen Substation 3 TX-104,F384,Tzaneen,SS-TZN-03,Tzaneen Substation 3,10.4,0.465,0.328,0.59,50.1,0,POLE-TZN-02937,-23.83494,30.19015,50,2016,1,2025-07-16,2026-02-25
T2938,Haenertsburg Substation 1 TX-108,F361,Haenertsburg,SS-HBG-01,Haenertsburg Substation 1,11.7,0.76,0.42,0.492,65.2,1,POLE-HBG-02938,-23.94868,29.96423,200,2014,0,2025-12-21,2026-01-10
T2939,Xihoko Substation 3 TX-121,F452,Xihoko,SS-XHK-03,Xihoko Substation 3,4.7,0.303,0.661,0.554,36.8,0,POLE-XHK-02939,-23.72092,30.37183,200,2021,3,2026-04-21,2025-03-29
T2940,Bolobedu Substation 1 TX-103,F085,Bolobedu,SS-BLB-01,Bolobedu Substation 1,8.5,0.916,0.573,0.657,59.0,0,POLE-BLB-02940,-23.95961,30.36354,800,2018,0,2026-03-12,2024-05-30
T2941,Lenyenye Substation 3 TX-106,F358,Lenyenye,SS-LNY-03,Lenyenye Substation 3,17.7,0.448,0.205,0.359,61.4,1,POLE-LNY-02941,-23.9489,30.31653,100,2008,1,2026-03-06,2026-02-14
T2942,Tzaneen Substation 2 TX-122,F469,Tzaneen,SS-TZN-02,Tzaneen Substation 2,8.2,0.522,0.844,0.666,60.4,0,POLE-TZN-02942,-23.81272,30.19556,200,2018,1,2026-05-13,2026-05-25
T2943,Xihoko Substation 2 TX-117,F382,Xihoko,SS-XHK-02,Xihoko Substation 2,24.7,0.169,0.485,0.668,49.5,0,POLE-XHK-02943,-23.79582,30.29932,1600,2001,0,2026-01-01,2026-04-26
T2944,Lenyenye Substation 3 TX-107,F094,Lenyenye,SS-LNY-03,Lenyenye Substation 3,11.9,0.395,0.639,0.768,47.4,0,POLE-LNY-02944,-23.95564,30.30271,800,2014,1,2026-04-16,2026-05-11
T2945,Nkowankowa Substation 1 TX-112,F412,Nkowankowa,SS-NKW-01,Nkowankowa Substation 1,15.4,0.454,0.801,0.592,63.0,0,POLE-NKW-02945,-23.90907,30.24901,1600,2011,0,2026-06-30,2025-12-07
T2946,Nkowankowa Substation 1 TX-113,F054,Nkowankowa,SS-NKW-01,Nkowankowa Substation 1,17.4,0.246,0.682,0.726,45.8,0,POLE-NKW-02946,-23.90628,30.24789,2000,2009,1,2026-06-17,2025-06-22
T2947,Nkowankowa Substation 3 TX-105,F295,Nkowankowa,SS-NKW-03,Nkowankowa Substation 3,16.9,0.57,0.487,0.617,63.0,0,POLE-NKW-02947,-23.92701,30.25575,2000,2009,2,2026-05-08,2026-02-13
T2948,Haenertsburg Substation 2 TX-128,F249,Haenertsburg,SS-HBG-02,Haenertsburg Substation 2,5.4,0.419,0.922,0.876,44.7,0,POLE-HBG-02948,-23.99033,29.9353,2000,2021,0,2026-05-02,2026-05-08
T2949,Haenertsburg Substation 2 TX-129,F266,Haenertsburg,SS-HBG-02,Haenertsburg Substation 2,6.2,0.499,0.334,0.352,53.3,0,POLE-HBG-02949,-23.979,29.92963,1000,2020,0,2026-05-27,2024-12-20
T2950,Politsi Substation 1 TX-098,F260,Politsi,SS-PLT-01,Politsi Substation 1,1.8,0.713,0.245,0.45,56.9,0,POLE-PLT-02950,-23.79007,30.06667,500,2024,0,2026-07-06,2026-05-13
T2951,Nkowankowa Substation 1 TX-114,F016,Nkowankowa,SS-NKW-01,Nkowankowa Substation 1,9.2,0.738,0.49,0.612,56.0,1,POLE-NKW-02951,-23.90528,30.24264,800,2017,1,2026-05-03,2025-12-07
T2952,Modjadjiskloof Substation 3 TX-115,F255,Modjadjiskloof,SS-MDK-03,Modjadjiskloof Substation 3,5.9,0.751,0.712,0.595,66.6,0,POLE-MDK-02952,-23.70728,30.11859,1000,2020,1,2026-03-22,2025-08-21
T2953,Tzaneen Substation 2 TX-123,F469,Tzaneen,SS-TZN-02,Tzaneen Substation 2,8.0,0.666,0.746,0.569,44.9,0,POLE-TZN-02953,-23.80175,30.18414,1600,2018,1,2026-02-11,2026-05-02
T2954,Xihoko Substation 3 TX-122,F219,Xihoko,SS-XHK-03,Xihoko Substation 3,9.9,0.769,0.864,0.772,53.6,0,POLE-XHK-02954,-23.72418,30.36268,800,2016,0,2026-06-20,2026-01-13
T2955,Tzaneen Substation 1 TX-094,F139,Tzaneen,SS-TZN-01,Tzaneen Substation 1,12.9,0.262,0.686,0.723,45.3,0,POLE-TZN-02955,-23.83039,30.16414,800,2013,1,2026-05-07,2025-06-15
T2956,Modjadjiskloof Substation 1 TX-133,F498,Modjadjiskloof,SS-MDK-01,Modjadjiskloof Substation 1,10.5,0.794,0.731,0.608,58.1,0,POLE-MDK-02956,-23.72867,30.12044,315,2016,3,2026-06-24,2026-02-18
T2957,Xihoko Substation 2 TX-118,F050,Xihoko,SS-XHK-02,Xihoko Substation 2,10.3,0.405,0.608,0.482,57.8,0,POLE-XHK-02957,-23.79401,30.30084,1600,2016,3,2026-05-22,2025-07-05
T2958,Ga-Kgapane Substation 2 TX-087,F244,Ga-Kgapane,SS-GKG-02,Ga-Kgapane Substation 2,14.6,0.806,0.42,0.422,62.7,1,POLE-GKG-02958,-23.84243,30.35494,315,2011,1,2026-07-05,2026-06-04
T2959,Nkowankowa Substation 3 TX-106,F257,Nkowankowa,SS-NKW-03,Nkowankowa Substation 3,11.3,0.364,0.636,0.727,50.2,0,POLE-NKW-02959,-23.92035,30.26226,315,2015,2,2026-06-29,2026-04-17
T2960,Tzaneen Substation 1 TX-095,F239,Tzaneen,SS-TZN-01,Tzaneen Substation 1,20.4,0.952,0.116,0.235,76.1,1,POLE-TZN-02960,-23.83011,30.15744,800,2006,1,2026-06-13,2026-04-05
T2961,Modjadjiskloof Substation 1 TX-134,F461,Modjadjiskloof,SS-MDK-01,Modjadjiskloof Substation 1,11.3,0.505,0.648,0.547,58.2,0,POLE-MDK-02961,-23.72059,30.12719,800,2015,0,2026-01-16,2026-01-08
T2962,Bolobedu Substation 3 TX-105,F211,Bolobedu,SS-BLB-03,Bolobedu Substation 3,29.3,0.782,0.492,0.478,71.5,1,POLE-BLB-02962,-23.98321,30.45248,315,1997,0,2026-06-05,2026-03-26
T2963,Politsi Substation 2 TX-110,F487,Politsi,SS-PLT-02,Politsi Substation 2,5.3,0.502,0.286,0.409,54.5,1,POLE-PLT-02963,-23.83104,30.0226,50,2021,0,2025-12-22,2024-06-13
T2964,Tzaneen Substation 3 TX-105,F034,Tzaneen,SS-TZN-03,Tzaneen Substation 3,9.1,0.345,0.686,0.764,44.7,0,POLE-TZN-02964,-23.8287,30.19614,1000,2017,1,2026-06-30,2025-11-24
T2965,Nkowankowa Substation 1 TX-115,F367,Nkowankowa,SS-NKW-01,Nkowankowa Substation 1,7.1,0.544,0.366,0.566,47.1,0,POLE-NKW-02965,-23.90161,30.23663,50,2019,2,2026-04-01,2026-05-07
T2966,Tzaneen Substation 1 TX-096,F297,Tzaneen,SS-TZN-01,Tzaneen Substation 1,13.3,0.353,0.771,0.631,58.4,0,POLE-TZN-02966,-23.81864,30.16719,100,2013,1,2026-04-20,2026-03-05
T2967,Bolobedu Substation 1 TX-104,F121,Bolobedu,SS-BLB-01,Bolobedu Substation 1,5.3,0.361,0.734,0.568,43.1,0,POLE-BLB-02967,-23.96836,30.35485,50,2021,0,2026-03-31,2026-02-20
T2968,Xihoko Substation 2 TX-119,F114,Xihoko,SS-XHK-02,Xihoko Substation 2,3.5,0.54,0.378,0.26,52.9,0,POLE-XHK-02968,-23.79914,30.29745,1000,2023,0,2026-07-12,2024-11-03
T2969,Lenyenye Substation 1 TX-108,F360,Lenyenye,SS-LNY-01,Lenyenye Substation 1,6.1,0.882,0.885,0.737,51.5,0,POLE-LNY-02969,-23.96633,30.27247,1000,2020,1,2026-04-20,2025-10-25
T2970,Bolobedu Substation 1 TX-105,F319,Bolobedu,SS-BLB-01,Bolobedu Substation 1,3.7,0.333,0.55,0.604,46.7,0,POLE-BLB-02970,-23.96495,30.34565,500,2022,0,2026-02-15,2025-12-15
T2971,Lenyenye Substation 1 TX-109,F306,Lenyenye,SS-LNY-01,Lenyenye Substation 1,10.0,0.828,0.286,0.465,59.5,1,POLE-LNY-02971,-23.95194,30.26934,50,2016,3,2026-06-01,2025-07-19
T2972,Xihoko Substation 1 TX-134,F026,Xihoko,SS-XHK-01,Xihoko Substation 1,12.9,0.806,0.833,0.684,66.8,0,POLE-XHK-02972,-23.78527,30.36898,50,2013,0,2026-04-07,2025-04-14
T2973,Modjadjiskloof Substation 3 TX-116,F299,Modjadjiskloof,SS-MDK-03,Modjadjiskloof Substation 3,3.0,0.872,0.817,0.652,57.9,0,POLE-MDK-02973,-23.71737,30.11439,800,2023,0,2025-12-18,2024-02-21
T2974,Modjadjiskloof Substation 3 TX-117,F491,Modjadjiskloof,SS-MDK-03,Modjadjiskloof Substation 3,8.7,0.789,0.795,0.8,52.8,0,POLE-MDK-02974,-23.72315,30.12484,1600,2017,0,2026-04-02,2024-12-17
T2975,Modjadjiskloof Substation 1 TX-135,F009,Modjadjiskloof,SS-MDK-01,Modjadjiskloof Substation 1,22.2,0.3,0.774,0.715,48.5,0,POLE-MDK-02975,-23.71637,30.12806,1000,2004,1,2026-07-24,2025-12-16
T2976,Ga-Kgapane Substation 1 TX-105,F235,Ga-Kgapane,SS-GKG-01,Ga-Kgapane Substation 1,26.3,0.129,0.725,0.722,51.1,0,POLE-GKG-02976,-23.83902,30.30032,500,2000,0,2026-03-28,2026-02-23
T2977,Politsi Substation 2 TX-111,F248,Politsi,SS-PLT-02,Politsi Substation 2,18.6,0.86,0.784,0.735,65.4,0,POLE-PLT-02977,-23.82635,30.02735,500,2007,1,2026-07-04,2025-11-16
T2978,Ga-Kgapane Substation 1 TX-106,F449,Ga-Kgapane,SS-GKG-01,Ga-Kgapane Substation 1,1.1,0.284,0.525,0.607,41.8,0,POLE-GKG-02978,-23.83045,30.299,1000,2025,0,2026-03-20,2025-06-14
T2979,Tzaneen Substation 2 TX-124,F142,Tzaneen,SS-TZN-02,Tzaneen Substation 2,12.1,0.765,0.806,0.606,58.5,0,POLE-TZN-02979,-23.81325,30.19363,100,2014,0,2026-04-02,2026-03-17
T2980,Modjadjiskloof Substation 1 TX-136,F238,Modjadjiskloof,SS-MDK-01,Modjadjiskloof Substation 1,23.8,0.272,0.818,0.803,46.7,0,POLE-MDK-02980,-23.72068,30.11824,100,2002,0,2026-04-26,2025-12-28
T2981,Xihoko Substation 3 TX-123,F359,Xihoko,SS-XHK-03,Xihoko Substation 3,8.1,0.328,0.433,0.432,61.5,0,POLE-XHK-02981,-23.71155,30.37229,315,2018,3,2026-01-03,2025-08-08
T2982,Lenyenye Substation 3 TX-108,F031,Lenyenye,SS-LNY-03,Lenyenye Substation 3,4.3,0.306,0.824,0.863,38.8,0,POLE-LNY-02982,-23.95655,30.30158,100,2022,1,2026-06-19,2025-03-27
T2983,Modjadjiskloof Substation 2 TX-111,F401,Modjadjiskloof,SS-MDK-02,Modjadjiskloof Substation 2,22.7,0.266,0.589,0.583,48.1,1,POLE-MDK-02983,-23.77186,30.13839,200,2003,1,2026-02-24,2026-04-07
T2984,Nkowankowa Substation 1 TX-116,F412,Nkowankowa,SS-NKW-01,Nkowankowa Substation 1,24.9,0.401,0.805,0.709,51.6,0,POLE-NKW-02984,-23.91856,30.2413,1600,2001,3,2026-05-31,2026-06-16
T2985,Lenyenye Substation 1 TX-110,F360,Lenyenye,SS-LNY-01,Lenyenye Substation 1,11.3,0.371,0.204,0.394,52.1,0,POLE-LNY-02985,-23.96119,30.26373,500,2015,2,2025-12-30,2026-06-05
T2986,Politsi Substation 3 TX-109,F325,Politsi,SS-PLT-03,Politsi Substation 3,4.4,0.636,0.761,0.778,58.3,0,POLE-PLT-02986,-23.83293,30.06019,500,2022,1,2026-06-29,2025-07-05
T2987,Modjadjiskloof Substation 3 TX-118,F374,Modjadjiskloof,SS-MDK-03,Modjadjiskloof Substation 3,2.7,0.798,0.341,0.489,55.5,1,POLE-MDK-02987,-23.70665,30.12697,1000,2023,1,2026-05-18,2024-10-25
T2988,Politsi Substation 1 TX-099,F391,Politsi,SS-PLT-01,Politsi Substation 1,14.2,0.382,0.639,0.59,50.4,0,POLE-PLT-02988,-23.79821,30.07361,200,2012,3,2026-02-18,2026-02-10
T2989,Xihoko Substation 3 TX-124,F452,Xihoko,SS-XHK-03,Xihoko Substation 3,7.1,0.794,0.5,0.581,61.5,0,POLE-XHK-02989,-23.71426,30.36512,1000,2019,1,2026-04-17,2025-06-03
T2990,Politsi Substation 3 TX-110,F215,Politsi,SS-PLT-03,Politsi Substation 3,10.8,0.761,0.68,0.527,64.3,0,POLE-PLT-02990,-23.82602,30.07421,500,2015,0,2026-06-13,2025-01-06
T2991,Ga-Kgapane Substation 3 TX-105,F229,Ga-Kgapane,SS-GKG-03,Ga-Kgapane Substation 3,10.0,0.338,0.793,0.72,49.8,0,POLE-GKG-02991,-23.86889,30.38232,800,2016,4,2026-03-12,2025-10-29
T2992,Bolobedu Substation 1 TX-106,F319,Bolobedu,SS-BLB-01,Bolobedu Substation 1,5.8,0.425,0.677,0.693,47.4,0,POLE-BLB-02992,-23.95729,30.35343,315,2020,0,2026-06-07,2024-06-30
T2993,Tzaneen Substation 3 TX-106,F097,Tzaneen,SS-TZN-03,Tzaneen Substation 3,2.6,0.788,0.668,0.635,47.9,0,POLE-TZN-02993,-23.82867,30.18413,2000,2023,0,2026-03-26,2026-01-09
T2994,Tzaneen Substation 1 TX-097,F429,Tzaneen,SS-TZN-01,Tzaneen Substation 1,8.2,0.891,0.514,0.597,56.0,0,POLE-TZN-02994,-23.8347,30.16879,2000,2018,1,2026-05-25,2025-06-23
T2995,Haenertsburg Substation 1 TX-109,F386,Haenertsburg,SS-HBG-01,Haenertsburg Substation 1,12.5,0.745,0.838,0.705,49.2,0,POLE-HBG-02995,-23.9435,29.9664,100,2014,0,2025-12-25,2026-07-17
T2996,Tzaneen Substation 3 TX-107,F316,Tzaneen,SS-TZN-03,Tzaneen Substation 3,12.9,0.21,0.327,0.338,51.1,0,POLE-TZN-02996,-23.83476,30.19927,100,2013,0,2026-03-12,2024-02-18
T2997,Tzaneen Substation 2 TX-125,F151,Tzaneen,SS-TZN-02,Tzaneen Substation 2,6.8,0.388,0.729,0.632,45.1,0,POLE-TZN-02997,-23.80378,30.1972,1000,2019,1,2026-05-07,2025-11-03
T2998,Lenyenye Substation 3 TX-109,F174,Lenyenye,SS-LNY-03,Lenyenye Substation 3,24.5,0.947,0.583,0.517,69.6,1,POLE-LNY-02998,-23.95062,30.30827,500,2001,0,2026-01-11,2025-09-05
T2999,Bolobedu Substation 1 TX-107,F218,Bolobedu,SS-BLB-01,Bolobedu Substation 1,4.7,0.306,0.336,0.446,48.9,0,POLE-BLB-02999,-23.95655,30.34247,1000,2021,0,2026-05-22,2025-04-13
T3000,Nkowankowa Substation 2 TX-108,F332,Nkowankowa,SS-NKW-02,Nkowankowa Substation 2,21.1,0.944,0.441,0.459,67.9,1,POLE-NKW-03000,-23.9367,30.2539,200,2005,3,2026-01-21,2025-01-01
