transformer_id,month_offset,oil_quality_index,temperature_rise_c,load_factor
T0001,0,0.571,61.5,0.742
T0001,1,0.614,61.2,0.738
T0001,2,0.574,61.0,0.743
T0001,3,0.568,62.0,0.75
T0001,4,0.576,60.2,0.692
T0001,5,0.603,60.1,0.716
T0001,6,0.627,59.3,0.75
T0001,7,0.637,60.4,0.696
T0001,8,0.612,61.0,0.7
T0001,9,0.648,60.6,0.668
T0001,10,0.627,60.9,0.636
T0001,11,0.644,60.2,0.623
T0002,0,0.509,66.9,0.701
T0002,1,0.53,65.8,0.648
T0002,2,0.538,63.6,0.674
T0002,3,0.546,64.9,0.643
T0002,4,0.566,62.7,0.628
T0002,5,0.567,65.1,0.658
T0002,6,0.583,62.4,0.694
T0002,7,0.594,60.1,0.656
T0002,8,0.554,61.5,0.648
T0002,9,0.578,63.7,0.69
T0002,10,0.577,59.1,0.641
T0002,11,0.604,58.5,0.678
T0003,0,0.863,68.4,0.599
T0003,1,0.848,66.6,0.53
T0003,2,0.876,66.7,0.563
T0003,3,0.844,66.6,0.524
T0003,4,0.876,62.2,0.551
T0003,5,0.838,62.6,0.522
T0003,6,0.833,60.5,0.489
T0003,7,0.848,61.4,0.541
T0003,8,0.877,60.2,0.49
T0003,9,0.848,59.1,0.468
T0003,10,0.822,57.1,0.492
T0003,11,0.832,56.6,0.502
T0004,0,0.829,50.1,0.736
T0004,1,0.788,52.9,0.713
T0004,2,0.799,48.7,0.723
T0004,3,0.79,51.1,0.684
T0004,4,0.762,51.0,0.679
T0004,5,0.779,47.3,0.672
T0004,6,0.732,51.1,0.674
T0004,7,0.74,52.5,0.645
T0004,8,0.728,50.0,0.614
T0004,9,0.731,53.6,0.662
T0004,10,0.717,53.1,0.61
T0004,11,0.654,52.3,0.597
T0005,0,0.279,44.4,0.784
T0005,1,0.222,45.6,0.801
T0005,2,0.235,46.1,0.82
T0005,3,0.251,48.3,0.803
T0005,4,0.256,50.3,0.821
T0005,5,0.294,51.4,0.755
T0005,6,0.244,48.2,0.799
T0005,7,0.239,51.5,0.778
T0005,8,0.245,51.0,0.745
T0005,9,0.271,49.6,0.798
T0005,10,0.26,53.0,0.823
T0005,11,0.225,57.3,0.784
T0006,0,0.713,49.5,0.599
T0006,1,0.703,50.0,0.585
T0006,2,0.706,51.1,0.61
T0006,3,0.723,51.5,0.625
T0006,4,0.664,52.0,0.558
T0006,5,0.711,49.8,0.585
T0006,6,0.756,50.2,0.569
T0006,7,0.686,52.4,0.54
T0006,8,0.695,50.8,0.571
T0006,9,0.722,50.9,0.565
T0006,10,0.671,51.9,0.633
T0006,11,0.711,52.5,0.586
T0007,0,0.768,48.5,0.473
T0007,1,0.792,49.1,0.508
T0007,2,0.754,49.8,0.559
T0007,3,0.73,49.6,0.551
T0007,4,0.764,51.0,0.543
T0007,5,0.77,51.7,0.542
T0007,6,0.77,50.6,0.496
T0007,7,0.754,52.3,0.539
T0007,8,0.741,51.3,0.514
T0007,9,0.711,51.2,0.523
T0007,10,0.718,54.4,0.55
T0007,11,0.696,54.4,0.521
T0008,0,0.785,42.2,0.271
T0008,1,0.83,43.2,0.268
T0008,2,0.773,45.3,0.24
T0008,3,0.81,43.9,0.268
T0008,4,0.817,44.4,0.256
T0008,5,0.803,45.3,0.272
T0008,6,0.774,45.9,0.281
T0008,7,0.79,43.6,0.264
T0008,8,0.754,47.5,0.3
T0008,9,0.747,44.8,0.265
T0008,10,0.744,44.2,0.285
T0008,11,0.734,46.6,0.313
T0009,0,0.334,45.0,0.472
T0009,1,0.389,44.2,0.513
T0009,2,0.349,45.5,0.476
T0009,3,0.395,44.4,0.527
T0009,4,0.405,45.2,0.508
T0009,5,0.347,45.7,0.53
T0009,6,0.393,47.5,0.528
T0009,7,0.422,46.7,0.539
T0009,8,0.413,52.5,0.544
T0009,9,0.449,47.4,0.544
T0009,10,0.454,45.6,0.546
T0009,11,0.424,48.3,0.538
T0010,0,0.8,51.9,0.137
T0010,1,0.782,54.9,0.111
T0010,2,0.737,51.6,0.152
T0010,3,0.719,50.8,0.144
T0010,4,0.719,52.5,0.149
T0010,5,0.726,50.6,0.206
T0010,6,0.727,50.9,0.218
T0010,7,0.728,52.4,0.211
T0010,8,0.688,51.1,0.251
T0010,9,0.755,52.5,0.18
T0010,10,0.745,55.7,0.213
T0010,11,0.682,53.4,0.241
T0011,0,0.327,71.4,0.426
T0011,1,0.323,75.2,0.457
T0011,2,0.358,72.9,0.44
T0011,3,0.354,71.7,0.41
T0011,4,0.336,71.6,0.452
T0011,5,0.332,70.9,0.421
T0011,6,0.328,68.9,0.454
T0011,7,0.367,67.0,0.418
T0011,8,0.381,68.4,0.413
T0011,9,0.333,63.8,0.406
T0011,10,0.329,62.3,0.443
T0011,11,0.342,61.6,0.385
T0012,0,0.467,50.8,0.329
T0012,1,0.503,54.5,0.314
T0012,2,0.501,51.2,0.359
T0012,3,0.513,53.8,0.34
T0012,4,0.531,54.0,0.373
T0012,5,0.511,52.4,0.308
T0012,6,0.51,53.7,0.383
T0012,7,0.566,54.2,0.344
T0012,8,0.567,55.5,0.357
T0012,9,0.559,54.4,0.414
T0012,10,0.546,54.7,0.4
T0012,11,0.592,53.7,0.373
T0013,0,0.485,51.7,0.13
T0013,1,0.513,50.4,0.12
T0013,2,0.512,52.8,0.127
T0013,3,0.484,53.1,0.125
T0013,4,0.548,53.5,0.181
T0013,5,0.579,53.5,0.206
T0013,6,0.565,56.3,0.184
T0013,7,0.543,54.5,0.214
T0013,8,0.566,55.0,0.24
T0013,9,0.57,56.7,0.243
T0013,10,0.588,57.5,0.246
T0013,11,0.578,58.9,0.255
T0014,0,0.591,53.0,0.402
T0014,1,0.621,54.4,0.411
T0014,2,0.648,57.7,0.442
T0014,3,0.643,58.0,0.42
T0014,4,0.65,58.3,0.438
T0014,5,0.652,60.6,0.505
T0014,6,0.661,59.0,0.506
T0014,7,0.678,61.0,0.518
T0014,8,0.672,61.6,0.516
T0014,9,0.712,63.6,0.533
T0014,10,0.681,62.1,0.553
T0014,11,0.679,64.8,0.527
T0015,0,0.618,70.9,0.542
T0015,1,0.663,69.7,0.531
T0015,2,0.684,68.1,0.556
T0015,3,0.654,65.5,0.54
T0015,4,0.66,63.2,0.558
T0015,5,0.687,63.7,0.518
T0015,6,0.711,62.7,0.555
T0015,7,0.725,61.5,0.568
T0015,8,0.708,61.4,0.574
T0015,9,0.727,59.9,0.57
T0015,10,0.785,58.8,0.608
T0015,11,0.771,59.2,0.587
T0016,0,0.0,49.5,0.486
T0016,1,0.017,48.3,0.418
T0016,2,0.0,51.4,0.46
T0016,3,0.067,50.9,0.45
T0016,4,0.067,47.8,0.393
T0016,5,0.069,49.6,0.385
T0016,6,0.093,52.3,0.39
T0016,7,0.137,51.9,0.337
T0016,8,0.128,52.0,0.31
T0016,9,0.15,51.7,0.317
T0016,10,0.175,53.0,0.271
T0016,11,0.18,50.4,0.271
T0017,0,0.657,36.1,0.342
T0017,1,0.645,39.0,0.382
T0017,2,0.678,39.0,0.367
T0017,3,0.713,38.5,0.43
T0017,4,0.656,40.2,0.37
T0017,5,0.672,41.3,0.401
T0017,6,0.651,43.4,0.403
T0017,7,0.599,40.5,0.404
T0017,8,0.674,39.5,0.413
T0017,9,0.636,41.4,0.441
T0017,10,0.663,41.4,0.463
T0017,11,0.627,44.2,0.452
T0018,0,0.981,35.1,0.686
T0018,1,0.901,36.7,0.705
T0018,2,0.935,40.8,0.634
T0018,3,0.894,40.0,0.664
T0018,4,0.894,41.3,0.617
T0018,5,0.862,42.4,0.608
T0018,6,0.893,44.8,0.638
T0018,7,0.892,46.8,0.605
T0018,8,0.881,48.6,0.57
T0018,9,0.821,51.2,0.558
T0018,10,0.837,50.8,0.598
T0018,11,0.833,50.8,0.528
T0019,0,0.581,67.8,0.217
T0019,1,0.554,67.9,0.242
T0019,2,0.566,67.0,0.238
T0019,3,0.591,67.7,0.251
T0019,4,0.573,67.1,0.239
T0019,5,0.624,65.1,0.261
T0019,6,0.593,67.7,0.311
T0019,7,0.58,66.6,0.304
T0019,8,0.588,64.5,0.364
T0019,9,0.607,67.9,0.32
T0019,10,0.631,69.4,0.382
T0019,11,0.622,67.1,0.359
T0020,0,0.578,69.8,0.544
T0020,1,0.585,68.9,0.54
T0020,2,0.574,65.4,0.588
T0020,3,0.602,68.9,0.57
T0020,4,0.541,65.7,0.569
T0020,5,0.533,66.4,0.642
T0020,6,0.558,68.3,0.63
T0020,7,0.519,67.3,0.678
T0020,8,0.499,64.2,0.674
T0020,9,0.501,64.2,0.688
T0020,10,0.489,67.0,0.708
T0020,11,0.474,66.1,0.712
T0021,0,0.387,66.1,0.679
T0021,1,0.407,65.8,0.712
T0021,2,0.405,67.2,0.717
T0021,3,0.435,65.0,0.731
T0021,4,0.413,68.2,0.742
T0021,5,0.402,67.1,0.745
T0021,6,0.424,65.6,0.752
T0021,7,0.449,67.5,0.761
T0021,8,0.455,66.4,0.77
T0021,9,0.418,70.0,0.772
T0021,10,0.455,68.3,0.786
T0021,11,0.478,72.0,0.747
T0022,0,0.373,70.2,0.645
T0022,1,0.373,69.4,0.619
T0022,2,0.39,69.7,0.601
T0022,3,0.364,68.1,0.621
T0022,4,0.428,67.0,0.588
T0022,5,0.445,67.2,0.612
T0022,6,0.453,66.1,0.527
T0022,7,0.456,65.1,0.586
T0022,8,0.487,62.8,0.552
T0022,9,0.542,62.0,0.523
T0022,10,0.506,59.8,0.508
T0022,11,0.481,61.5,0.514
T0023,0,0.342,56.7,0.433
T0023,1,0.365,61.0,0.421
T0023,2,0.394,59.5,0.456
T0023,3,0.422,58.7,0.46
T0023,4,0.419,55.8,0.474
T0023,5,0.434,57.2,0.477
T0023,6,0.419,56.2,0.491
T0023,7,0.509,57.6,0.536
T0023,8,0.533,56.1,0.537
T0023,9,0.507,55.8,0.523
T0023,10,0.535,52.9,0.563
T0023,11,0.574,57.2,0.595
T0024,0,0.577,60.3,0.418
T0024,1,0.586,60.6,0.368
T0024,2,0.621,61.8,0.401
T0024,3,0.613,59.6,0.46
T0024,4,0.661,59.0,0.436
T0024,5,0.629,60.1,0.475
T0024,6,0.64,59.5,0.479
T0024,7,0.646,59.6,0.502
T0024,8,0.697,57.2,0.453
T0024,9,0.689,55.0,0.536
T0024,10,0.701,56.2,0.503
T0024,11,0.679,56.4,0.545
T0025,0,1.0,52.7,0.159
T0025,1,0.996,50.9,0.218
T0025,2,0.993,51.9,0.194
T0025,3,0.987,49.6,0.244
T0025,4,0.955,53.6,0.295
T0025,5,0.961,54.0,0.292
T0025,6,0.929,52.3,0.307
T0025,7,0.89,52.1,0.323
T0025,8,0.886,52.5,0.353
T0025,9,0.901,51.0,0.365
T0025,10,0.831,53.4,0.366
T0025,11,0.837,55.3,0.434
T0026,0,0.715,42.6,0.322
T0026,1,0.715,41.2,0.355
T0026,2,0.735,44.9,0.288
T0026,3,0.755,43.2,0.282
T0026,4,0.725,49.7,0.293
T0026,5,0.743,45.0,0.286
T0026,6,0.705,46.1,0.289
T0026,7,0.753,48.8,0.265
T0026,8,0.765,47.5,0.288
T0026,9,0.759,48.6,0.238
T0026,10,0.766,50.4,0.244
T0026,11,0.737,53.2,0.284
T0027,0,0.088,46.2,0.1
T0027,1,0.102,43.1,0.1
T0027,2,0.158,45.2,0.106
T0027,3,0.141,45.0,0.143
T0027,4,0.175,44.1,0.13
T0027,5,0.178,44.8,0.108
T0027,6,0.172,43.7,0.109
T0027,7,0.239,43.5,0.19
T0027,8,0.25,40.2,0.179
T0027,9,0.288,41.0,0.204
T0027,10,0.32,39.2,0.188
T0027,11,0.346,41.5,0.206
T0028,0,0.439,51.0,0.893
T0028,1,0.444,49.2,0.88
T0028,2,0.433,50.9,0.895
T0028,3,0.435,53.1,0.852
T0028,4,0.422,56.8,0.806
T0028,5,0.414,51.2,0.821
T0028,6,0.461,56.5,0.836
T0028,7,0.441,57.6,0.812
T0028,8,0.41,58.6,0.813
T0028,9,0.438,59.3,0.806
T0028,10,0.419,60.7,0.775
T0028,11,0.415,57.1,0.735
T0029,0,0.473,45.1,0.616
T0029,1,0.497,47.1,0.576
T0029,2,0.516,46.3,0.584
T0029,3,0.492,48.7,0.56
T0029,4,0.529,45.4,0.589
T0029,5,0.478,51.9,0.556
T0029,6,0.467,50.9,0.539
T0029,7,0.502,52.9,0.527
T0029,8,0.489,51.3,0.503
T0029,9,0.493,50.3,0.507
T0029,10,0.538,54.2,0.488
T0029,11,0.542,56.0,0.516
T0030,0,0.776,53.7,0.995
T0030,1,0.722,52.3,0.967
T0030,2,0.785,53.4,0.984
T0030,3,0.768,51.4,1.0
T0030,4,0.799,50.4,0.942
T0030,5,0.812,49.8,0.96
T0030,6,0.774,52.9,0.95
T0030,7,0.772,49.4,0.917
T0030,8,0.805,52.1,0.932
T0030,9,0.808,49.2,0.937
T0030,10,0.849,46.5,0.9
T0030,11,0.822,49.7,0.894
T0031,0,0.547,42.0,0.303
T0031,1,0.577,42.9,0.305
T0031,2,0.581,42.2,0.292
T0031,3,0.581,44.8,0.337
T0031,4,0.595,42.6,0.35
T0031,5,0.623,44.7,0.367
T0031,6,0.631,46.9,0.393
T0031,7,0.614,46.8,0.397
T0031,8,0.596,48.7,0.403
T0031,9,0.611,44.7,0.406
T0031,10,0.621,48.0,0.47
T0031,11,0.658,48.0,0.419
T0032,0,0.309,38.7,0.345
T0032,1,0.326,35.8,0.331
T0032,2,0.402,41.6,0.324
T0032,3,0.383,38.4,0.339
T0032,4,0.388,41.5,0.315
T0032,5,0.406,44.6,0.325
T0032,6,0.405,43.9,0.311
T0032,7,0.427,43.3,0.327
T0032,8,0.436,45.7,0.368
T0032,9,0.445,47.3,0.335
T0032,10,0.46,47.3,0.324
T0032,11,0.459,48.2,0.294
T0033,0,0.54,55.3,0.44
T0033,1,0.567,58.5,0.481
T0033,2,0.569,58.5,0.478
T0033,3,0.575,57.2,0.495
T0033,4,0.563,57.9,0.469
T0033,5,0.565,61.8,0.521
T0033,6,0.596,62.0,0.534
T0033,7,0.598,60.9,0.549
T0033,8,0.597,63.1,0.527
T0033,9,0.621,65.8,0.547
T0033,10,0.606,62.9,0.572
T0033,11,0.614,66.8,0.576
T0034,0,0.266,36.3,0.496
T0034,1,0.329,39.6,0.511
T0034,2,0.322,40.3,0.46
T0034,3,0.35,38.4,0.45
T0034,4,0.392,42.3,0.444
T0034,5,0.416,43.3,0.43
T0034,6,0.411,39.3,0.381
T0034,7,0.461,43.7,0.372
T0034,8,0.487,40.5,0.379
T0034,9,0.522,41.2,0.378
T0034,10,0.496,44.0,0.324
T0034,11,0.53,42.9,0.307
T0035,0,0.594,43.7,0.584
T0035,1,0.633,45.2,0.599
T0035,2,0.625,42.1,0.616
T0035,3,0.67,43.2,0.65
T0035,4,0.682,46.4,0.64
T0035,5,0.669,44.4,0.679
T0035,6,0.68,47.3,0.675
T0035,7,0.684,48.1,0.739
T0035,8,0.74,52.2,0.702
T0035,9,0.771,48.7,0.744
T0035,10,0.753,48.8,0.759
T0035,11,0.783,50.8,0.773
T0036,0,0.768,53.9,0.425
T0036,1,0.812,53.7,0.411
T0036,2,0.773,55.5,0.442
T0036,3,0.78,53.0,0.482
T0036,4,0.828,54.2,0.497
T0036,5,0.836,52.8,0.534
T0036,6,0.798,52.9,0.516
T0036,7,0.799,55.1,0.529
T0036,8,0.812,55.1,0.534
T0036,9,0.802,53.3,0.552
T0036,10,0.826,55.2,0.545
T0036,11,0.828,55.1,0.61
T0037,0,0.508,63.7,0.125
T0037,1,0.471,62.3,0.1
T0037,2,0.475,58.9,0.124
T0037,3,0.495,62.3,0.119
T0037,4,0.477,62.6,0.186
T0037,5,0.469,59.5,0.185
T0037,6,0.441,65.3,0.194
T0037,7,0.457,60.3,0.212
T0037,8,0.423,62.8,0.224
T0037,9,0.416,62.0,0.241
T0037,10,0.425,62.6,0.272
T0037,11,0.387,61.1,0.241
T0038,0,0.714,51.6,0.329
T0038,1,0.726,53.9,0.325
T0038,2,0.724,50.8,0.341
T0038,3,0.708,54.8,0.272
T0038,4,0.676,49.9,0.368
T0038,5,0.704,50.5,0.304
T0038,6,0.684,48.2,0.285
T0038,7,0.663,48.7,0.286
T0038,8,0.68,48.2,0.289
T0038,9,0.606,45.7,0.288
T0038,10,0.664,44.9,0.301
T0038,11,0.667,43.6,0.276
T0039,0,0.834,54.1,0.453
T0039,1,0.791,55.5,0.475
T0039,2,0.766,56.9,0.434
T0039,3,0.707,57.7,0.463
T0039,4,0.761,58.3,0.46
T0039,5,0.686,57.0,0.452
T0039,6,0.67,56.6,0.426
T0039,7,0.661,59.1,0.43
T0039,8,0.585,54.6,0.439
T0039,9,0.581,58.9,0.468
T0039,10,0.55,55.7,0.44
T0039,11,0.549,55.6,0.404
T0040,0,1.0,58.7,0.465
T0040,1,1.0,50.8,0.476
T0040,2,1.0,51.6,0.43
T0040,3,0.954,54.2,0.396
T0040,4,0.975,50.8,0.498
T0040,5,0.991,48.6,0.444
T0040,6,0.944,50.4,0.467
T0040,7,0.918,52.0,0.452
T0040,8,0.918,51.2,0.475
T0040,9,0.909,51.7,0.444
T0040,10,0.916,52.3,0.454
T0040,11,0.867,48.0,0.465
T0041,0,0.049,42.4,0.292
T0041,1,0.076,42.0,0.268
T0041,2,0.11,44.2,0.285
T0041,3,0.101,44.5,0.27
T0041,4,0.136,45.0,0.31
T0041,5,0.16,44.4,0.314
T0041,6,0.214,44.4,0.278
T0041,7,0.215,44.7,0.296
T0041,8,0.236,49.2,0.249
T0041,9,0.339,50.3,0.27
T0041,10,0.318,47.3,0.25
T0041,11,0.326,50.0,0.238
T0042,0,0.855,63.4,0.819
T0042,1,0.845,65.8,0.83
T0042,2,0.853,63.6,0.864
T0042,3,0.858,64.5,0.842
T0042,4,0.829,64.0,0.878
T0042,5,0.823,64.1,0.912
T0042,6,0.832,62.6,0.869
T0042,7,0.798,63.2,0.89
T0042,8,0.789,62.1,0.914
T0042,9,0.814,63.3,0.899
T0042,10,0.801,63.7,0.943
T0042,11,0.764,59.7,0.964
T0043,0,0.689,50.0,0.375
T0043,1,0.681,47.7,0.367
T0043,2,0.673,49.5,0.329
T0043,3,0.651,44.4,0.36
T0043,4,0.687,47.7,0.31
T0043,5,0.632,48.0,0.362
T0043,6,0.609,46.9,0.343
T0043,7,0.59,46.1,0.298
T0043,8,0.604,45.3,0.3
T0043,9,0.561,44.6,0.285
T0043,10,0.558,42.2,0.279
T0043,11,0.545,43.1,0.261
T0044,0,0.367,53.4,0.595
T0044,1,0.354,53.5,0.58
T0044,2,0.324,55.1,0.554
T0044,3,0.325,52.1,0.571
T0044,4,0.35,54.7,0.539
T0044,5,0.316,53.2,0.58
T0044,6,0.307,56.6,0.544
T0044,7,0.344,51.3,0.527
T0044,8,0.348,56.3,0.557
T0044,9,0.328,54.3,0.535
T0044,10,0.318,55.6,0.523
T0044,11,0.323,54.6,0.549
T0045,0,0.209,48.7,0.551
T0045,1,0.193,48.4,0.558
T0045,2,0.253,49.2,0.479
T0045,3,0.273,50.0,0.517
T0045,4,0.278,49.1,0.513
T0045,5,0.334,49.7,0.512
T0045,6,0.324,48.4,0.445
T0045,7,0.382,48.3,0.478
T0045,8,0.372,47.7,0.442
T0045,9,0.389,45.3,0.467
T0045,10,0.43,48.8,0.434
T0045,11,0.456,48.3,0.441
T0046,0,0.381,55.8,0.194
T0046,1,0.381,55.3,0.181
T0046,2,0.374,52.9,0.22
T0046,3,0.404,55.9,0.212
T0046,4,0.393,50.8,0.209
T0046,5,0.387,53.2,0.205
T0046,6,0.377,53.2,0.232
T0046,7,0.357,51.9,0.261
T0046,8,0.425,53.3,0.258
T0046,9,0.404,46.2,0.259
T0046,10,0.409,49.5,0.26
T0046,11,0.435,48.7,0.263
T0047,0,0.47,44.1,0.322
T0047,1,0.498,41.4,0.292
T0047,2,0.499,42.3,0.294
T0047,3,0.536,41.9,0.287
T0047,4,0.53,41.0,0.265
T0047,5,0.556,42.0,0.271
T0047,6,0.546,43.6,0.251
T0047,7,0.59,43.8,0.263
T0047,8,0.599,42.1,0.249
T0047,9,0.589,41.5,0.262
T0047,10,0.639,40.8,0.26
T0047,11,0.596,41.0,0.25
T0048,0,0.597,59.2,0.839
T0048,1,0.591,57.2,0.899
T0048,2,0.574,58.5,0.892
T0048,3,0.584,57.3,0.851
T0048,4,0.561,58.4,0.853
T0048,5,0.537,58.1,0.832
T0048,6,0.525,60.3,0.831
T0048,7,0.525,57.2,0.873
T0048,8,0.538,62.8,0.812
T0048,9,0.551,59.9,0.839
T0048,10,0.536,58.5,0.781
T0048,11,0.504,61.4,0.839
T0049,0,0.705,41.3,0.316
T0049,1,0.7,42.9,0.327
T0049,2,0.704,43.8,0.362
T0049,3,0.675,44.2,0.296
T0049,4,0.655,44.9,0.317
T0049,5,0.649,44.5,0.329
T0049,6,0.627,48.5,0.354
T0049,7,0.623,47.8,0.376
T0049,8,0.571,50.0,0.363
T0049,9,0.557,50.5,0.415
T0049,10,0.515,51.7,0.375
T0049,11,0.521,53.5,0.38
T0050,0,0.741,59.6,0.399
T0050,1,0.733,57.9,0.38
T0050,2,0.726,56.7,0.409
T0050,3,0.694,55.0,0.396
T0050,4,0.689,53.9,0.373
T0050,5,0.688,53.2,0.399
T0050,6,0.719,52.7,0.381
T0050,7,0.683,49.2,0.374
T0050,8,0.625,49.6,0.35
T0050,9,0.657,49.4,0.32
T0050,10,0.648,46.5,0.332
T0050,11,0.649,49.6,0.369
T0051,0,0.374,75.5,0.597
T0051,1,0.383,72.9,0.58
T0051,2,0.399,72.0,0.554
T0051,3,0.397,70.9,0.561
T0051,4,0.404,69.3,0.507
T0051,5,0.432,65.6,0.527
T0051,6,0.478,66.1,0.554
T0051,7,0.462,61.5,0.513
T0051,8,0.467,63.5,0.499
T0051,9,0.469,60.0,0.481
T0051,10,0.524,56.4,0.492
T0051,11,0.511,56.6,0.443
T0052,0,0.584,57.4,0.764
T0052,1,0.557,54.2,0.774
T0052,2,0.529,55.4,0.792
T0052,3,0.538,52.0,0.788
T0052,4,0.579,54.8,0.803
T0052,5,0.51,51.7,0.757
T0052,6,0.525,51.5,0.743
T0052,7,0.516,53.2,0.783
T0052,8,0.475,51.6,0.784
T0052,9,0.482,49.8,0.799
T0052,10,0.44,48.5,0.778
T0052,11,0.49,49.5,0.786
T0053,0,0.434,49.2,0.354
T0053,1,0.427,48.0,0.35
T0053,2,0.42,48.7,0.371
T0053,3,0.423,47.0,0.405
T0053,4,0.425,48.3,0.411
T0053,5,0.399,47.5,0.378
T0053,6,0.402,47.2,0.369
T0053,7,0.391,48.3,0.346
T0053,8,0.481,49.5,0.355
T0053,9,0.427,49.4,0.366
T0053,10,0.413,53.3,0.383
T0053,11,0.443,50.5,0.386
T0054,0,0.592,45.0,0.678
T0054,1,0.581,49.1,0.662
T0054,2,0.541,50.0,0.663
T0054,3,0.553,51.0,0.644
T0054,4,0.517,51.6,0.623
T0054,5,0.506,50.8,0.634
T0054,6,0.543,54.9,0.56
T0054,7,0.516,52.8,0.595
T0054,8,0.495,51.2,0.568
T0054,9,0.461,53.0,0.536
T0054,10,0.469,53.4,0.509
T0054,11,0.407,55.5,0.504
T0055,0,0.351,88.4,0.732
T0055,1,0.337,81.4,0.729
T0055,2,0.339,82.5,0.737
T0055,3,0.324,80.7,0.726
T0055,4,0.373,79.3,0.715
T0055,5,0.375,78.2,0.712
T0055,6,0.391,75.7,0.693
T0055,7,0.366,75.4,0.731
T0055,8,0.36,71.8,0.647
T0055,9,0.363,68.2,0.731
T0055,10,0.358,70.4,0.698
T0055,11,0.383,68.5,0.705
T0056,0,0.494,65.4,0.754
T0056,1,0.467,65.6,0.721
T0056,2,0.448,62.4,0.702
T0056,3,0.493,62.9,0.742
T0056,4,0.463,65.1,0.728
T0056,5,0.467,64.8,0.695
T0056,6,0.448,63.6,0.675
T0056,7,0.439,65.7,0.634
T0056,8,0.473,65.2,0.587
T0056,9,0.42,63.2,0.584
T0056,10,0.415,64.2,0.575
T0056,11,0.418,61.9,0.565
T0057,0,0.752,44.8,0.742
T0057,1,0.749,43.3,0.632
T0057,2,0.731,45.1,0.656
T0057,3,0.743,46.7,0.649
T0057,4,0.793,44.0,0.626
T0057,5,0.747,46.7,0.599
T0057,6,0.754,46.2,0.633
T0057,7,0.758,46.3,0.573
T0057,8,0.811,47.4,0.572
T0057,9,0.79,46.4,0.524
T0057,10,0.807,48.0,0.514
T0057,11,0.764,48.8,0.467
T0058,0,0.736,43.3,0.716
T0058,1,0.735,43.5,0.716
T0058,2,0.723,44.0,0.758
T0058,3,0.753,45.7,0.714
T0058,4,0.772,46.3,0.751
T0058,5,0.75,49.4,0.767
T0058,6,0.783,48.9,0.761
T0058,7,0.802,49.5,0.808
T0058,8,0.786,50.3,0.793
T0058,9,0.761,51.8,0.794
T0058,10,0.765,53.4,0.792
T0058,11,0.814,50.7,0.765
T0059,0,0.789,41.5,0.112
T0059,1,0.787,45.8,0.131
T0059,2,0.76,42.9,0.119
T0059,3,0.772,45.9,0.116
T0059,4,0.752,42.7,0.109
T0059,5,0.7,43.1,0.114
T0059,6,0.693,42.2,0.18
T0059,7,0.646,43.3,0.198
T0059,8,0.643,43.7,0.185
T0059,9,0.613,43.7,0.225
T0059,10,0.623,43.7,0.219
T0059,11,0.577,41.8,0.244
T0060,0,0.741,61.2,0.254
T0060,1,0.767,62.4,0.275
T0060,2,0.742,61.3,0.295
T0060,3,0.698,61.9,0.303
T0060,4,0.733,64.4,0.322
T0060,5,0.697,59.5,0.337
T0060,6,0.708,60.2,0.297
T0060,7,0.712,61.7,0.329
T0060,8,0.667,56.9,0.325
T0060,9,0.658,60.1,0.339
T0060,10,0.666,56.2,0.318
T0060,11,0.64,59.0,0.339
T0061,0,0.613,54.0,0.972
T0061,1,0.601,52.4,0.983
T0061,2,0.619,53.1,0.952
T0061,3,0.62,52.6,0.958
T0061,4,0.606,53.4,0.933
T0061,5,0.606,52.6,0.91
T0061,6,0.611,53.7,0.911
T0061,7,0.575,52.9,0.891
T0061,8,0.615,52.8,0.927
T0061,9,0.601,52.8,0.921
T0061,10,0.584,53.8,0.895
T0061,11,0.612,54.2,0.887
T0062,0,0.502,57.3,0.709
T0062,1,0.489,58.3,0.719
T0062,2,0.5,57.5,0.679
T0062,3,0.551,56.2,0.712
T0062,4,0.577,57.7,0.67
T0062,5,0.554,58.4,0.704
T0062,6,0.586,58.0,0.728
T0062,7,0.597,54.4,0.732
T0062,8,0.577,53.8,0.737
T0062,9,0.663,57.6,0.707
T0062,10,0.69,52.9,0.713
T0062,11,0.685,55.5,0.716
T0063,0,0.622,52.0,0.42
T0063,1,0.63,47.9,0.43
T0063,2,0.627,50.3,0.41
T0063,3,0.659,50.7,0.423
T0063,4,0.648,48.9,0.389
T0063,5,0.666,48.4,0.4
T0063,6,0.662,46.7,0.411
T0063,7,0.661,48.9,0.47
T0063,8,0.664,47.9,0.43
T0063,9,0.706,48.3,0.458
T0063,10,0.728,46.6,0.4
T0063,11,0.732,47.2,0.44
T0064,0,0.582,47.5,0.66
T0064,1,0.551,46.4,0.612
T0064,2,0.568,50.9,0.607
T0064,3,0.592,47.7,0.588
T0064,4,0.552,49.2,0.573
T0064,5,0.549,46.4,0.568
T0064,6,0.55,50.0,0.586
T0064,7,0.574,45.3,0.583
T0064,8,0.532,44.7,0.595
T0064,9,0.564,45.1,0.544
T0064,10,0.584,44.0,0.584
T0064,11,0.566,43.3,0.564
T0065,0,0.732,45.6,0.505
T0065,1,0.724,47.0,0.576
T0065,2,0.742,50.1,0.537
T0065,3,0.71,48.1,0.608
T0065,4,0.712,50.4,0.568
T0065,5,0.72,49.8,0.549
T0065,6,0.678,50.7,0.595
T0065,7,0.684,51.5,0.574
T0065,8,0.652,51.4,0.608
T0065,9,0.654,53.7,0.669
T0065,10,0.654,53.3,0.65
T0065,11,0.677,51.8,0.649
T0066,0,0.513,45.4,0.844
T0066,1,0.538,47.0,0.907
T0066,2,0.597,46.9,0.906
T0066,3,0.597,50.5,0.832
T0066,4,0.644,49.3,0.858
T0066,5,0.686,49.9,0.835
T0066,6,0.667,53.0,0.881
T0066,7,0.677,54.9,0.841
T0066,8,0.746,56.9,0.872
T0066,9,0.753,56.0,0.799
T0066,10,0.763,56.9,0.854
T0066,11,0.828,55.0,0.828
T0067,0,0.837,64.0,0.545
T0067,1,0.82,63.7,0.588
T0067,2,0.809,65.6,0.602
T0067,3,0.8,61.9,0.558
T0067,4,0.781,65.2,0.594
T0067,5,0.767,63.6,0.568
T0067,6,0.809,63.7,0.572
T0067,7,0.771,63.0,0.596
T0067,8,0.733,60.9,0.543
T0067,9,0.739,62.5,0.613
T0067,10,0.702,61.4,0.613
T0067,11,0.716,61.2,0.566
T0068,0,0.476,55.1,0.362
T0068,1,0.466,51.6,0.384
T0068,2,0.49,52.3,0.36
T0068,3,0.516,50.1,0.382
T0068,4,0.519,53.8,0.384
T0068,5,0.525,54.3,0.413
T0068,6,0.571,50.6,0.406
T0068,7,0.568,51.7,0.425
T0068,8,0.6,49.7,0.409
T0068,9,0.622,51.9,0.422
T0068,10,0.642,50.5,0.464
T0068,11,0.595,54.6,0.442
T0069,0,0.363,66.7,0.142
T0069,1,0.398,62.8,0.172
T0069,2,0.41,64.3,0.166
T0069,3,0.412,65.0,0.176
T0069,4,0.453,64.3,0.213
T0069,5,0.44,59.4,0.221
T0069,6,0.513,61.4,0.221
T0069,7,0.475,61.8,0.218
T0069,8,0.548,63.9,0.285
T0069,9,0.512,60.0,0.319
T0069,10,0.52,60.9,0.289
T0069,11,0.553,59.2,0.322
T0070,0,0.844,71.3,0.968
T0070,1,0.812,72.0,0.944
T0070,2,0.792,70.7,0.95
T0070,3,0.798,67.1,0.914
T0070,4,0.801,70.1,0.938
T0070,5,0.773,68.6,0.867
T0070,6,0.766,66.8,0.882
T0070,7,0.764,62.7,0.882
T0070,8,0.703,63.0,0.824
T0070,9,0.715,61.6,0.836
T0070,10,0.684,63.1,0.819
T0070,11,0.719,56.1,0.799
T0071,0,0.447,63.7,0.331
T0071,1,0.49,62.7,0.381
T0071,2,0.457,60.5,0.385
T0071,3,0.486,61.2,0.437
T0071,4,0.445,59.5,0.466
T0071,5,0.479,58.5,0.465
T0071,6,0.466,55.1,0.507
T0071,7,0.498,58.0,0.555
T0071,8,0.477,55.3,0.582
T0071,9,0.542,53.7,0.541
T0071,10,0.561,52.9,0.639
T0071,11,0.571,52.2,0.607
T0072,0,0.629,51.0,0.774
T0072,1,0.587,52.6,0.799
T0072,2,0.572,49.7,0.834
T0072,3,0.613,52.5,0.852
T0072,4,0.58,54.7,0.815
T0072,5,0.565,56.5,0.821
T0072,6,0.604,53.7,0.831
T0072,7,0.572,57.0,0.83
T0072,8,0.617,55.6,0.855
T0072,9,0.533,55.6,0.841
T0072,10,0.575,58.4,0.829
T0072,11,0.554,58.2,0.856
T0073,0,0.578,61.1,0.285
T0073,1,0.572,57.1,0.307
T0073,2,0.497,61.7,0.304
T0073,3,0.526,56.8,0.275
T0073,4,0.496,59.8,0.283
T0073,5,0.487,59.8,0.312
T0073,6,0.472,58.5,0.312
T0073,7,0.476,57.3,0.289
T0073,8,0.399,56.8,0.332
T0073,9,0.483,54.1,0.324
T0073,10,0.449,53.1,0.293
T0073,11,0.407,56.1,0.298
T0074,0,0.663,37.7,0.712
T0074,1,0.602,38.9,0.657
T0074,2,0.621,39.2,0.685
T0074,3,0.618,39.6,0.669
T0074,4,0.587,38.1,0.626
T0074,5,0.589,40.4,0.653
T0074,6,0.576,40.2,0.637
T0074,7,0.556,40.4,0.613
T0074,8,0.589,39.8,0.604
T0074,9,0.564,39.6,0.627
T0074,10,0.559,38.5,0.539
T0074,11,0.538,42.9,0.563
T0075,0,0.562,67.5,0.832
T0075,1,0.535,68.0,0.805
T0075,2,0.563,65.8,0.813
T0075,3,0.602,64.6,0.78
T0075,4,0.632,61.8,0.8
T0075,5,0.612,65.8,0.778
T0075,6,0.675,65.3,0.754
T0075,7,0.68,62.4,0.772
T0075,8,0.689,62.2,0.768
T0075,9,0.692,60.5,0.725
T0075,10,0.688,63.0,0.743
T0075,11,0.699,60.3,0.72
T0076,0,0.572,50.5,0.821
T0076,1,0.616,51.9,0.835
T0076,2,0.586,51.0,0.777
T0076,3,0.587,52.9,0.815
T0076,4,0.664,53.5,0.817
T0076,5,0.643,53.3,0.825
T0076,6,0.629,57.6,0.789
T0076,7,0.699,54.7,0.837
T0076,8,0.647,54.6,0.789
T0076,9,0.712,57.6,0.816
T0076,10,0.662,54.8,0.802
T0076,11,0.658,59.1,0.779
T0077,0,0.63,57.7,0.637
T0077,1,0.635,58.8,0.728
T0077,2,0.594,58.4,0.679
T0077,3,0.647,59.3,0.712
T0077,4,0.648,56.5,0.682
T0077,5,0.682,56.7,0.689
T0077,6,0.691,57.1,0.698
T0077,7,0.688,54.5,0.715
T0077,8,0.739,55.5,0.694
T0077,9,0.701,51.5,0.725
T0077,10,0.69,51.7,0.732
T0077,11,0.717,53.8,0.714
T0078,0,0.509,62.0,0.676
T0078,1,0.514,61.8,0.669
T0078,2,0.51,64.6,0.673
T0078,3,0.512,64.5,0.649
T0078,4,0.47,64.5,0.619
T0078,5,0.452,61.9,0.635
T0078,6,0.463,58.9,0.616
T0078,7,0.462,60.5,0.603
T0078,8,0.497,62.0,0.598
T0078,9,0.513,60.8,0.559
T0078,10,0.489,61.6,0.543
T0078,11,0.458,61.1,0.58
T0079,0,0.726,48.2,0.984
T0079,1,0.738,49.0,0.956
T0079,2,0.7,51.5,0.95
T0079,3,0.676,50.1,0.976
T0079,4,0.682,52.3,0.953
T0079,5,0.713,53.4,0.938
T0079,6,0.714,56.0,0.948
T0079,7,0.728,55.8,0.917
T0079,8,0.702,56.6,0.906
T0079,9,0.645,58.3,0.878
T0079,10,0.683,60.4,0.911
T0079,11,0.681,61.6,0.859
T0080,0,0.63,48.7,0.7
T0080,1,0.593,48.3,0.676
T0080,2,0.606,48.2,0.704
T0080,3,0.598,54.0,0.686
T0080,4,0.576,50.5,0.682
T0080,5,0.573,55.2,0.655
T0080,6,0.556,53.1,0.644
T0080,7,0.514,57.2,0.678
T0080,8,0.532,61.9,0.658
T0080,9,0.484,60.0,0.643
T0080,10,0.533,59.6,0.642
T0080,11,0.467,63.0,0.61
T0081,0,0.919,65.5,0.83
T0081,1,0.924,60.1,0.805
T0081,2,0.937,67.5,0.789
T0081,3,0.903,63.3,0.767
T0081,4,0.954,58.9,0.772
T0081,5,0.923,63.1,0.8
T0081,6,0.932,64.3,0.758
T0081,7,0.903,63.6,0.802
T0081,8,0.867,63.5,0.758
T0081,9,0.865,59.8,0.81
T0081,10,0.875,60.7,0.776
T0081,11,0.861,59.0,0.776
T0082,0,0.602,51.3,0.901
T0082,1,0.657,50.1,0.878
T0082,2,0.613,51.6,0.881
T0082,3,0.594,52.7,0.884
T0082,4,0.582,52.8,0.88
T0082,5,0.605,51.3,0.854
T0082,6,0.559,53.1,0.873
T0082,7,0.575,51.6,0.808
T0082,8,0.542,55.7,0.845
T0082,9,0.539,56.8,0.813
T0082,10,0.533,56.6,0.813
T0082,11,0.509,55.2,0.813
T0083,0,0.419,55.1,0.361
T0083,1,0.441,53.6,0.384
T0083,2,0.428,53.8,0.4
T0083,3,0.445,53.7,0.389
T0083,4,0.456,53.8,0.447
T0083,5,0.463,51.5,0.502
T0083,6,0.435,51.3,0.49
T0083,7,0.451,52.3,0.544
T0083,8,0.461,51.6,0.567
T0083,9,0.474,51.0,0.571
T0083,10,0.431,51.5,0.577
T0083,11,0.489,49.4,0.573
T0084,0,0.525,50.7,0.897
T0084,1,0.526,45.8,0.888
T0084,2,0.536,50.1,0.85
T0084,3,0.531,49.6,0.86
T0084,4,0.519,53.4,0.846
T0084,5,0.525,52.1,0.792
T0084,6,0.53,53.8,0.809
T0084,7,0.543,52.8,0.8
T0084,8,0.469,52.7,0.79
T0084,9,0.547,53.3,0.793
T0084,10,0.536,54.0,0.75
T0084,11,0.525,54.3,0.766
T0085,0,0.455,52.9,0.552
T0085,1,0.476,50.5,0.507
T0085,2,0.521,49.7,0.554
T0085,3,0.533,51.3,0.595
T0085,4,0.526,50.3,0.597
T0085,5,0.605,51.3,0.555
T0085,6,0.609,52.0,0.578
T0085,7,0.659,51.6,0.574
T0085,8,0.614,56.1,0.597
T0085,9,0.661,54.2,0.579
T0085,10,0.653,52.4,0.611
T0085,11,0.71,55.7,0.602
T0086,0,0.635,42.5,0.871
T0086,1,0.614,44.9,0.88
T0086,2,0.579,47.5,0.869
T0086,3,0.628,49.0,0.844
T0086,4,0.611,47.6,0.815
T0086,5,0.648,52.5,0.777
T0086,6,0.649,56.8,0.826
T0086,7,0.659,54.7,0.782
T0086,8,0.657,55.1,0.786
T0086,9,0.656,57.0,0.742
T0086,10,0.661,61.9,0.755
T0086,11,0.72,64.6,0.754
T0087,0,0.275,36.6,0.255
T0087,1,0.344,39.1,0.216
T0087,2,0.352,37.3,0.266
T0087,3,0.367,40.9,0.23
T0087,4,0.377,38.8,0.209
T0087,5,0.359,41.7,0.225
T0087,6,0.444,41.8,0.21
T0087,7,0.451,40.1,0.209
T0087,8,0.489,37.1,0.246
T0087,9,0.455,38.4,0.257
T0087,10,0.537,39.2,0.234
T0087,11,0.551,41.9,0.208
T0088,0,0.436,57.5,1.0
T0088,1,0.495,56.0,0.997
T0088,2,0.462,56.3,0.965
T0088,3,0.479,57.3,0.982
T0088,4,0.552,57.6,0.999
T0088,5,0.502,57.3,1.0
T0088,6,0.527,56.6,0.964
T0088,7,0.541,56.7,0.996
T0088,8,0.552,55.9,0.949
T0088,9,0.56,55.2,0.974
T0088,10,0.591,59.9,0.962
T0088,11,0.584,58.7,0.942
T0089,0,1.0,43.1,0.334
T0089,1,1.0,41.0,0.339
T0089,2,0.981,40.7,0.293
T0089,3,0.939,40.6,0.318
T0089,4,0.948,38.3,0.279
T0089,5,0.966,38.8,0.283
T0089,6,0.912,39.2,0.302
T0089,7,0.872,37.0,0.297
T0089,8,0.855,34.7,0.263
T0089,9,0.904,34.6,0.279
T0089,10,0.909,32.8,0.273
T0089,11,0.875,32.6,0.295
T0090,0,0.834,53.5,0.485
T0090,1,0.841,56.5,0.512
T0090,2,0.78,53.5,0.488
T0090,3,0.826,52.3,0.532
T0090,4,0.853,52.9,0.53
T0090,5,0.807,50.5,0.519
T0090,6,0.863,50.6,0.515
T0090,7,0.825,51.2,0.516
T0090,8,0.809,51.4,0.526
T0090,9,0.789,52.0,0.516
T0090,10,0.791,52.2,0.481
T0090,11,0.78,49.1,0.521
T0091,0,0.488,54.9,0.945
T0091,1,0.48,58.6,0.963
T0091,2,0.492,57.9,0.962
T0091,3,0.46,56.0,0.96
T0091,4,0.488,57.2,0.974
T0091,5,0.447,56.5,0.945
T0091,6,0.467,58.8,0.947
T0091,7,0.477,60.6,0.938
T0091,8,0.467,59.7,0.983
T0091,9,0.458,61.4,0.954
T0091,10,0.507,61.1,0.937
T0091,11,0.495,60.2,0.939
T0092,0,0.459,64.3,0.17
T0092,1,0.426,62.7,0.16
T0092,2,0.47,63.1,0.183
T0092,3,0.442,60.8,0.193
T0092,4,0.456,61.3,0.25
T0092,5,0.462,62.9,0.25
T0092,6,0.464,59.5,0.325
T0092,7,0.455,64.3,0.332
T0092,8,0.436,60.1,0.336
T0092,9,0.493,58.9,0.377
T0092,10,0.444,62.5,0.36
T0092,11,0.461,59.6,0.423
T0093,0,0.537,60.8,0.667
T0093,1,0.585,58.3,0.735
T0093,2,0.611,60.6,0.736
T0093,3,0.627,59.4,0.757
T0093,4,0.599,61.1,0.759
T0093,5,0.646,61.4,0.82
T0093,6,0.614,59.7,0.783
T0093,7,0.553,63.1,0.826
T0093,8,0.623,63.5,0.799
T0093,9,0.638,65.5,0.804
T0093,10,0.632,63.9,0.836
T0093,11,0.621,66.7,0.857
T0094,0,0.453,54.1,0.203
T0094,1,0.494,55.8,0.236
T0094,2,0.473,55.7,0.27
T0094,3,0.479,52.4,0.284
T0094,4,0.509,50.0,0.283
T0094,5,0.521,54.3,0.342
T0094,6,0.48,52.6,0.381
T0094,7,0.514,51.5,0.372
T0094,8,0.515,49.2,0.437
T0094,9,0.5,51.1,0.457
T0094,10,0.502,52.6,0.471
T0094,11,0.495,48.8,0.52
T0095,0,0.717,55.9,0.678
T0095,1,0.7,59.4,0.626
T0095,2,0.669,56.9,0.574
T0095,3,0.685,57.8,0.585
T0095,4,0.647,56.1,0.592
T0095,5,0.654,55.6,0.572
T0095,6,0.63,53.6,0.519
T0095,7,0.583,57.8,0.499
T0095,8,0.625,53.3,0.449
T0095,9,0.581,53.9,0.441
T0095,10,0.56,51.4,0.41
T0095,11,0.526,50.1,0.402
T0096,0,0.469,47.1,0.553
T0096,1,0.504,50.4,0.499
T0096,2,0.51,46.7,0.526
T0096,3,0.515,48.4,0.557
T0096,4,0.531,50.2,0.557
T0096,5,0.531,49.8,0.544
T0096,6,0.567,52.4,0.569
T0096,7,0.595,51.0,0.595
T0096,8,0.604,52.0,0.608
T0096,9,0.663,51.3,0.578
T0096,10,0.632,52.9,0.604
T0096,11,0.64,53.9,0.601
T0097,0,0.608,70.0,0.401
T0097,1,0.619,63.4,0.389
T0097,2,0.669,64.8,0.409
T0097,3,0.693,64.5,0.438
T0097,4,0.694,61.4,0.444
T0097,5,0.68,62.9,0.502
T0097,6,0.727,59.4,0.457
T0097,7,0.704,60.6,0.47
T0097,8,0.713,61.2,0.524
T0097,9,0.761,59.2,0.561
T0097,10,0.72,58.4,0.577
T0097,11,0.74,58.5,0.592
T0098,0,0.554,47.1,0.495
T0098,1,0.581,50.2,0.48
T0098,2,0.612,48.8,0.455
T0098,3,0.669,47.9,0.479
T0098,4,0.632,49.7,0.499
T0098,5,0.642,50.5,0.485
T0098,6,0.623,49.8,0.47
T0098,7,0.68,49.8,0.504
T0098,8,0.698,48.2,0.531
T0098,9,0.722,48.2,0.519
T0098,10,0.719,50.0,0.562
T0098,11,0.724,48.8,0.545
T0099,0,0.513,66.2,0.573
T0099,1,0.539,64.6,0.542
T0099,2,0.49,65.7,0.552
T0099,3,0.591,66.7,0.531
T0099,4,0.573,67.7,0.555
T0099,5,0.548,68.9,0.522
T0099,6,0.532,69.7,0.543
T0099,7,0.572,70.1,0.543
T0099,8,0.563,69.1,0.489
T0099,9,0.601,71.2,0.507
T0099,10,0.591,72.6,0.559
T0099,11,0.599,70.6,0.509
T0100,0,1.0,64.3,0.574
T0100,1,0.975,68.7,0.563
T0100,2,0.924,63.5,0.586
T0100,3,0.932,61.5,0.585
T0100,4,0.951,60.4,0.649
T0100,5,0.891,60.6,0.646
T0100,6,0.879,62.8,0.649
T0100,7,0.852,60.8,0.632
T0100,8,0.857,58.4,0.686
T0100,9,0.85,57.2,0.694
T0100,10,0.809,55.9,0.698
T0100,11,0.79,55.6,0.719
T0101,0,0.991,53.8,0.394
T0101,1,0.976,51.1,0.396
T0101,2,0.96,52.5,0.442
T0101,3,0.969,53.3,0.427
T0101,4,0.888,54.8,0.43
T0101,5,0.86,54.0,0.471
T0101,6,0.853,54.2,0.518
T0101,7,0.831,54.9,0.53
T0101,8,0.823,54.2,0.542
T0101,9,0.779,52.6,0.545
T0101,10,0.78,53.3,0.547
T0101,11,0.778,52.8,0.599
T0102,0,0.678,36.8,0.552
T0102,1,0.68,41.8,0.535
T0102,2,0.653,42.5,0.535
T0102,3,0.616,41.9,0.521
T0102,4,0.618,42.2,0.503
T0102,5,0.539,46.3,0.485
T0102,6,0.517,43.4,0.492
T0102,7,0.506,45.0,0.471
T0102,8,0.498,47.1,0.416
T0102,9,0.472,47.1,0.427
T0102,10,0.408,48.7,0.424
T0102,11,0.399,47.1,0.403
T0103,0,0.431,56.1,0.751
T0103,1,0.417,55.7,0.78
T0103,2,0.492,55.6,0.766
T0103,3,0.465,56.7,0.758
T0103,4,0.503,56.4,0.794
T0103,5,0.528,57.2,0.782
T0103,6,0.515,59.1,0.742
T0103,7,0.533,57.9,0.797
T0103,8,0.524,57.8,0.754
T0103,9,0.576,61.3,0.712
T0103,10,0.611,59.7,0.778
T0103,11,0.614,60.4,0.747
T0104,0,0.123,76.4,0.965
T0104,1,0.175,77.2,0.97
T0104,2,0.193,76.6,0.976
T0104,3,0.202,74.2,0.933
T0104,4,0.211,73.8,0.944
T0104,5,0.241,78.2,0.928
T0104,6,0.257,74.1,0.946
T0104,7,0.257,76.6,0.903
T0104,8,0.34,75.5,0.904
T0104,9,0.295,76.0,0.875
T0104,10,0.331,74.0,0.843
T0104,11,0.353,74.1,0.891
T0105,0,0.846,70.0,0.987
T0105,1,0.857,71.2,1.0
T0105,2,0.824,68.2,0.971
T0105,3,0.847,65.6,0.931
T0105,4,0.767,63.5,0.956
T0105,5,0.797,65.3,0.895
T0105,6,0.785,63.1,0.884
T0105,7,0.738,62.3,0.887
T0105,8,0.785,62.5,0.888
T0105,9,0.731,59.1,0.853
T0105,10,0.728,59.8,0.855
T0105,11,0.725,53.4,0.84
T0106,0,0.423,64.9,0.597
T0106,1,0.463,63.0,0.614
T0106,2,0.498,62.4,0.591
T0106,3,0.492,62.4,0.571
T0106,4,0.49,61.2,0.57
T0106,5,0.526,59.2,0.553
T0106,6,0.52,58.6,0.514
T0106,7,0.517,55.8,0.502
T0106,8,0.566,57.4,0.49
T0106,9,0.619,53.7,0.475
T0106,10,0.577,52.3,0.447
T0106,11,0.637,53.4,0.483
T0107,0,0.624,59.7,0.486
T0107,1,0.659,59.9,0.537
T0107,2,0.633,61.8,0.536
T0107,3,0.661,59.7,0.543
T0107,4,0.631,60.7,0.56
T0107,5,0.637,60.8,0.598
T0107,6,0.635,62.0,0.593
T0107,7,0.621,59.6,0.626
T0107,8,0.627,59.5,0.626
T0107,9,0.644,60.1,0.648
T0107,10,0.607,62.8,0.657
T0107,11,0.599,58.7,0.713
T0108,0,0.437,47.9,0.346
T0108,1,0.511,46.6,0.363
T0108,2,0.502,48.0,0.361
T0108,3,0.535,48.0,0.379
T0108,4,0.535,52.2,0.364
T0108,5,0.597,48.8,0.444
T0108,6,0.599,48.8,0.443
T0108,7,0.607,49.8,0.46
T0108,8,0.608,49.8,0.487
T0108,9,0.642,51.3,0.52
T0108,10,0.654,47.6,0.5
T0108,11,0.686,51.4,0.52
T0109,0,0.75,34.5,0.1
T0109,1,0.688,38.2,0.11
T0109,2,0.684,35.9,0.126
T0109,3,0.664,39.1,0.17
T0109,4,0.69,34.5,0.164
T0109,5,0.639,38.2,0.133
T0109,6,0.623,40.7,0.174
T0109,7,0.622,38.4,0.177
T0109,8,0.63,35.0,0.184
T0109,9,0.572,36.4,0.201
T0109,10,0.572,40.4,0.238
T0109,11,0.544,40.2,0.248
T0110,0,0.635,42.8,0.368
T0110,1,0.603,42.7,0.349
T0110,2,0.615,45.9,0.343
T0110,3,0.627,43.7,0.294
T0110,4,0.61,44.2,0.333
T0110,5,0.621,44.1,0.344
T0110,6,0.655,45.4,0.362
T0110,7,0.655,42.9,0.338
T0110,8,0.618,44.1,0.368
T0110,9,0.587,43.8,0.346
T0110,10,0.618,45.4,0.331
T0110,11,0.671,45.4,0.36
T0111,0,0.418,60.1,0.215
T0111,1,0.406,57.8,0.209
T0111,2,0.416,56.3,0.244
T0111,3,0.443,60.2,0.283
T0111,4,0.401,57.8,0.258
T0111,5,0.442,58.6,0.277
T0111,6,0.413,57.7,0.286
T0111,7,0.401,59.6,0.256
T0111,8,0.469,59.5,0.312
T0111,9,0.481,58.6,0.331
T0111,10,0.473,63.0,0.36
T0111,11,0.45,60.9,0.378
T0112,0,0.842,58.6,0.634
T0112,1,0.763,58.6,0.668
T0112,2,0.744,55.3,0.594
T0112,3,0.732,57.0,0.617
T0112,4,0.683,58.0,0.604
T0112,5,0.582,55.8,0.631
T0112,6,0.561,56.6,0.608
T0112,7,0.553,59.4,0.569
T0112,8,0.513,58.6,0.594
T0112,9,0.473,54.3,0.593
T0112,10,0.435,56.1,0.575
T0112,11,0.413,55.9,0.594
T0113,0,0.583,64.7,0.892
T0113,1,0.578,64.9,0.914
T0113,2,0.544,61.4,0.894
T0113,3,0.544,60.3,0.897
T0113,4,0.56,62.0,0.921
T0113,5,0.586,60.0,0.843
T0113,6,0.548,61.3,0.863
T0113,7,0.555,58.2,0.909
T0113,8,0.56,56.5,0.843
T0113,9,0.544,56.4,0.817
T0113,10,0.525,55.6,0.852
T0113,11,0.547,52.8,0.835
T0114,0,0.254,63.8,0.519
T0114,1,0.288,61.2,0.522
T0114,2,0.298,61.8,0.483
T0114,3,0.322,59.8,0.494
T0114,4,0.306,58.7,0.472
T0114,5,0.362,62.2,0.446
T0114,6,0.358,60.1,0.43
T0114,7,0.374,58.4,0.427
T0114,8,0.355,55.5,0.394
T0114,9,0.399,55.2,0.404
T0114,10,0.415,53.6,0.38
T0114,11,0.461,53.2,0.362
T0115,0,0.195,75.7,0.605
T0115,1,0.199,74.8,0.573
T0115,2,0.222,75.8,0.591
T0115,3,0.256,73.0,0.64
T0115,4,0.241,76.1,0.625
T0115,5,0.242,70.4,0.644
T0115,6,0.258,71.5,0.674
T0115,7,0.279,68.2,0.688
T0115,8,0.302,69.6,0.7
T0115,9,0.295,67.3,0.719
T0115,10,0.332,68.3,0.708
T0115,11,0.348,67.2,0.737
T0116,0,0.631,49.3,0.274
T0116,1,0.617,50.0,0.285
T0116,2,0.56,50.2,0.295
T0116,3,0.579,51.1,0.242
T0116,4,0.573,47.0,0.245
T0116,5,0.518,50.7,0.252
T0116,6,0.565,52.9,0.239
T0116,7,0.471,51.8,0.243
T0116,8,0.482,48.8,0.215
T0116,9,0.483,51.6,0.228
T0116,10,0.435,51.1,0.241
T0116,11,0.462,52.5,0.178
T0117,0,0.13,71.7,0.615
T0117,1,0.161,72.0,0.659
T0117,2,0.16,71.9,0.684
T0117,3,0.158,69.9,0.704
T0117,4,0.194,69.3,0.694
T0117,5,0.21,70.6,0.702
T0117,6,0.227,68.2,0.72
T0117,7,0.244,69.2,0.732
T0117,8,0.254,71.1,0.793
T0117,9,0.271,65.3,0.825
T0117,10,0.237,66.5,0.772
T0117,11,0.312,68.8,0.812
T0118,0,0.645,74.4,0.55
T0118,1,0.601,75.6,0.555
T0118,2,0.581,74.1,0.522
T0118,3,0.614,72.5,0.543
T0118,4,0.542,66.1,0.535
T0118,5,0.519,70.1,0.539
T0118,6,0.543,73.3,0.534
T0118,7,0.517,67.1,0.575
T0118,8,0.507,67.4,0.523
T0118,9,0.468,69.3,0.512
T0118,10,0.478,64.9,0.513
T0118,11,0.429,62.9,0.509
T0119,0,0.642,52.6,0.316
T0119,1,0.646,49.5,0.338
T0119,2,0.648,48.5,0.372
T0119,3,0.666,51.9,0.382
T0119,4,0.686,48.0,0.37
T0119,5,0.685,45.6,0.362
T0119,6,0.736,46.3,0.363
T0119,7,0.758,44.8,0.381
T0119,8,0.769,45.4,0.405
T0119,9,0.779,46.4,0.414
T0119,10,0.816,45.2,0.42
T0119,11,0.824,44.1,0.424
T0120,0,0.436,36.7,0.401
T0120,1,0.458,39.8,0.393
T0120,2,0.449,42.8,0.434
T0120,3,0.464,42.2,0.429
T0120,4,0.487,43.9,0.38
T0120,5,0.476,42.2,0.443
T0120,6,0.446,47.4,0.442
T0120,7,0.436,48.1,0.5
T0120,8,0.471,46.3,0.499
T0120,9,0.445,47.2,0.496
T0120,10,0.441,54.4,0.54
T0120,11,0.439,56.5,0.535
T0121,0,0.484,46.5,0.613
T0121,1,0.482,46.4,0.618
T0121,2,0.505,44.8,0.595
T0121,3,0.556,48.0,0.68
T0121,4,0.552,45.2,0.624
T0121,5,0.584,46.4,0.62
T0121,6,0.618,48.1,0.632
T0121,7,0.568,45.8,0.606
T0121,8,0.604,47.3,0.657
T0121,9,0.656,46.0,0.616
T0121,10,0.692,47.5,0.639
T0121,11,0.69,48.4,0.631
T0122,0,0.887,65.3,0.675
T0122,1,0.908,62.8,0.619
T0122,2,0.874,63.6,0.638
T0122,3,0.869,62.8,0.604
T0122,4,0.856,64.7,0.668
T0122,5,0.852,64.0,0.631
T0122,6,0.821,62.8,0.608
T0122,7,0.822,64.4,0.605
T0122,8,0.801,62.8,0.604
T0122,9,0.8,65.4,0.615
T0122,10,0.787,63.8,0.613
T0122,11,0.767,64.7,0.587
T0123,0,0.95,61.7,0.395
T0123,1,0.926,63.0,0.392
T0123,2,0.904,60.0,0.405
T0123,3,0.898,59.3,0.383
T0123,4,0.847,59.1,0.348
T0123,5,0.889,58.9,0.354
T0123,6,0.853,56.3,0.375
T0123,7,0.817,57.3,0.406
T0123,8,0.809,53.3,0.383
T0123,9,0.784,57.3,0.34
T0123,10,0.781,55.9,0.374
T0123,11,0.766,54.8,0.36
T0124,0,0.548,65.0,0.557
T0124,1,0.523,61.0,0.582
T0124,2,0.535,62.5,0.556
T0124,3,0.503,61.5,0.566
T0124,4,0.493,60.9,0.534
T0124,5,0.5,63.1,0.566
T0124,6,0.495,61.0,0.574
T0124,7,0.51,59.2,0.576
T0124,8,0.503,60.5,0.578
T0124,9,0.477,58.3,0.577
T0124,10,0.475,60.1,0.572
T0124,11,0.489,61.2,0.614
T0125,0,0.746,58.3,0.32
T0125,1,0.763,55.9,0.334
T0125,2,0.738,54.9,0.375
T0125,3,0.788,54.4,0.341
T0125,4,0.744,51.5,0.364
T0125,5,0.754,49.7,0.353
T0125,6,0.748,49.0,0.374
T0125,7,0.781,49.8,0.362
T0125,8,0.798,49.6,0.359
T0125,9,0.804,46.7,0.377
T0125,10,0.804,45.5,0.366
T0125,11,0.811,45.6,0.412
T0126,0,0.726,22.7,0.352
T0126,1,0.738,23.6,0.325
T0126,2,0.729,25.0,0.325
T0126,3,0.775,24.4,0.284
T0126,4,0.778,25.7,0.311
T0126,5,0.764,27.5,0.365
T0126,6,0.779,28.3,0.298
T0126,7,0.796,29.8,0.293
T0126,8,0.827,31.7,0.243
T0126,9,0.82,35.3,0.22
T0126,10,0.851,35.0,0.25
T0126,11,0.866,35.6,0.238
T0127,0,0.633,51.4,0.645
T0127,1,0.653,51.1,0.667
T0127,2,0.658,51.1,0.672
T0127,3,0.662,51.8,0.603
T0127,4,0.653,49.8,0.599
T0127,5,0.677,49.5,0.606
T0127,6,0.705,47.8,0.62
T0127,7,0.668,51.1,0.598
T0127,8,0.641,47.7,0.597
T0127,9,0.67,49.1,0.561
T0127,10,0.667,46.8,0.525
T0127,11,0.662,46.8,0.596
T0128,0,0.15,65.3,0.638
T0128,1,0.176,60.5,0.605
T0128,2,0.176,60.5,0.662
T0128,3,0.214,61.7,0.636
T0128,4,0.222,63.5,0.623
T0128,5,0.285,62.5,0.64
T0128,6,0.27,59.3,0.596
T0128,7,0.262,58.7,0.593
T0128,8,0.289,58.9,0.623
T0128,9,0.293,57.6,0.625
T0128,10,0.361,58.6,0.616
T0128,11,0.388,56.1,0.569
T0129,0,0.699,34.5,0.345
T0129,1,0.698,34.1,0.346
T0129,2,0.716,35.5,0.38
T0129,3,0.709,36.7,0.342
T0129,4,0.74,34.3,0.349
T0129,5,0.756,35.6,0.325
T0129,6,0.802,38.0,0.338
T0129,7,0.787,37.5,0.365
T0129,8,0.773,43.3,0.339
T0129,9,0.823,40.3,0.323
T0129,10,0.849,43.4,0.31
T0129,11,0.848,40.7,0.274
T0130,0,1.0,36.1,0.448
T0130,1,1.0,39.6,0.471
T0130,2,0.935,35.9,0.475
T0130,3,0.959,36.6,0.474
T0130,4,0.899,38.9,0.51
T0130,5,0.89,44.1,0.475
T0130,6,0.869,41.3,0.513
T0130,7,0.876,40.1,0.529
T0130,8,0.9,41.2,0.546
T0130,9,0.886,44.1,0.538
T0130,10,0.845,43.7,0.579
T0130,11,0.818,45.7,0.541
T0131,0,0.422,65.3,0.411
T0131,1,0.415,65.9,0.349
T0131,2,0.416,68.2,0.33
T0131,3,0.462,66.1,0.327
T0131,4,0.47,64.5,0.316
T0131,5,0.478,65.9,0.302
T0131,6,0.489,64.8,0.295
T0131,7,0.52,63.9,0.289
T0131,8,0.45,65.4,0.266
T0131,9,0.508,61.5,0.233
T0131,10,0.504,63.6,0.22
T0131,11,0.548,63.6,0.208
T0132,0,0.52,75.5,0.857
T0132,1,0.516,73.1,0.867
T0132,2,0.53,73.8,0.838
T0132,3,0.502,73.8,0.894
T0132,4,0.49,72.4,0.865
T0132,5,0.544,74.5,0.825
T0132,6,0.499,71.5,0.833
T0132,7,0.515,71.2,0.835
T0132,8,0.468,70.7,0.863
T0132,9,0.517,69.7,0.828
T0132,10,0.536,67.9,0.843
T0132,11,0.517,71.9,0.8
T0133,0,0.843,30.0,0.363
T0133,1,0.845,32.4,0.334
T0133,2,0.812,31.5,0.352
T0133,3,0.813,31.8,0.358
T0133,4,0.769,35.8,0.333
T0133,5,0.767,35.7,0.334
T0133,6,0.731,35.5,0.336
T0133,7,0.733,38.2,0.343
T0133,8,0.71,41.4,0.332
T0133,9,0.672,46.7,0.341
T0133,10,0.642,46.7,0.346
T0133,11,0.681,43.8,0.337
T0134,0,0.696,51.7,0.585
T0134,1,0.687,55.2,0.564
T0134,2,0.698,51.8,0.562
T0134,3,0.7,53.2,0.588
T0134,4,0.708,54.5,0.581
T0134,5,0.673,56.3,0.568
T0134,6,0.698,56.6,0.552
T0134,7,0.678,55.4,0.528
T0134,8,0.704,55.1,0.508
T0134,9,0.663,56.1,0.522
T0134,10,0.634,56.0,0.538
T0134,11,0.648,58.0,0.52
T0135,0,0.839,54.3,0.417
T0135,1,0.834,53.4,0.431
T0135,2,0.787,50.7,0.481
T0135,3,0.807,50.0,0.45
T0135,4,0.83,52.1,0.466
T0135,5,0.808,51.9,0.504
T0135,6,0.806,50.1,0.48
T0135,7,0.826,51.1,0.49
T0135,8,0.822,50.4,0.502
T0135,9,0.833,52.0,0.481
T0135,10,0.806,52.4,0.53
T0135,11,0.848,52.1,0.532
T0136,0,0.839,43.2,1.0
T0136,1,0.849,43.7,0.965
T0136,2,0.861,46.0,0.976
T0136,3,0.79,45.1,0.96
T0136,4,0.801,46.1,0.951
T0136,5,0.73,49.7,0.961
T0136,6,0.803,47.9,0.9
T0136,7,0.722,50.0,0.929
T0136,8,0.713,51.5,0.907
T0136,9,0.731,53.1,0.891
T0136,10,0.739,52.4,0.865
T0136,11,0.679,54.5,0.945
T0137,0,0.628,60.9,0.182
T0137,1,0.611,61.3,0.196
T0137,2,0.582,56.5,0.227
T0137,3,0.597,60.0,0.208
T0137,4,0.623,59.6,0.191
T0137,5,0.578,56.9,0.166
T0137,6,0.579,59.1,0.177
T0137,7,0.565,57.4,0.218
T0137,8,0.553,56.7,0.224
T0137,9,0.55,58.6,0.159
T0137,10,0.591,59.0,0.176
T0137,11,0.552,55.5,0.16
T0138,0,0.829,52.3,0.944
T0138,1,0.821,50.2,0.971
T0138,2,0.809,52.2,0.922
T0138,3,0.831,51.3,0.946
T0138,4,0.829,52.6,0.954
T0138,5,0.825,51.7,0.958
T0138,6,0.816,52.0,0.951
T0138,7,0.818,54.0,0.938
T0138,8,0.816,54.0,0.926
T0138,9,0.798,53.8,0.935
T0138,10,0.792,50.7,0.931
T0138,11,0.821,54.0,0.95
T0139,0,0.502,49.7,0.97
T0139,1,0.466,52.2,0.956
T0139,2,0.463,51.6,0.943
T0139,3,0.431,53.9,0.89
T0139,4,0.431,54.4,0.918
T0139,5,0.422,53.4,0.847
T0139,6,0.443,54.3,0.899
T0139,7,0.456,52.8,0.855
T0139,8,0.445,54.9,0.856
T0139,9,0.444,57.1,0.812
T0139,10,0.459,56.5,0.781
T0139,11,0.45,58.0,0.78
T0140,0,0.618,74.3,0.775
T0140,1,0.671,75.2,0.796
T0140,2,0.628,73.3,0.736
T0140,3,0.592,71.3,0.737
T0140,4,0.579,72.0,0.715
T0140,5,0.545,72.0,0.669
T0140,6,0.524,71.2,0.674
T0140,7,0.521,72.5,0.636
T0140,8,0.509,72.1,0.622
T0140,9,0.49,68.1,0.606
T0140,10,0.464,70.9,0.58
T0140,11,0.473,69.1,0.576
T0141,0,0.586,51.7,0.589
T0141,1,0.513,52.0,0.601
T0141,2,0.51,49.3,0.576
T0141,3,0.481,50.6,0.58
T0141,4,0.465,47.0,0.63
T0141,5,0.457,51.7,0.589
T0141,6,0.416,50.4,0.591
T0141,7,0.433,47.5,0.608
T0141,8,0.384,51.2,0.578
T0141,9,0.361,48.9,0.618
T0141,10,0.347,46.6,0.553
T0141,11,0.342,47.5,0.637
T0142,0,0.128,58.7,0.592
T0142,1,0.184,56.0,0.602
T0142,2,0.19,58.0,0.58
T0142,3,0.248,59.4,0.566
T0142,4,0.297,56.6,0.581
T0142,5,0.292,56.5,0.586
T0142,6,0.368,54.4,0.577
T0142,7,0.375,56.8,0.567
T0142,8,0.409,57.3,0.512
T0142,9,0.455,54.6,0.552
T0142,10,0.45,55.8,0.532
T0142,11,0.53,55.2,0.49
T0143,0,0.955,42.7,0.116
T0143,1,0.9,40.0,0.199
T0143,2,0.928,42.7,0.154
T0143,3,0.875,41.8,0.199
T0143,4,0.852,40.9,0.227
T0143,5,0.812,44.1,0.221
T0143,6,0.801,41.5,0.199
T0143,7,0.762,42.4,0.228
T0143,8,0.748,46.0,0.246
T0143,9,0.726,44.5,0.286
T0143,10,0.706,41.0,0.243
T0143,11,0.654,44.8,0.278
T0144,0,0.83,69.7,0.718
T0144,1,0.785,68.2,0.692
T0144,2,0.811,66.3,0.682
T0144,3,0.786,64.9,0.671
T0144,4,0.847,70.0,0.664
T0144,5,0.797,65.2,0.657
T0144,6,0.803,67.5,0.729
T0144,7,0.764,69.1,0.657
T0144,8,0.779,68.2,0.697
T0144,9,0.768,63.2,0.636
T0144,10,0.765,64.1,0.656
T0144,11,0.743,66.8,0.698
T0145,0,0.613,56.6,0.48
T0145,1,0.619,56.8,0.477
T0145,2,0.632,53.4,0.483
T0145,3,0.64,53.4,0.525
T0145,4,0.671,54.9,0.531
T0145,5,0.714,53.8,0.544
T0145,6,0.692,54.1,0.58
T0145,7,0.679,50.8,0.546
T0145,8,0.633,52.9,0.595
T0145,9,0.667,50.8,0.624
T0145,10,0.703,49.5,0.627
T0145,11,0.7,47.6,0.61
T0146,0,0.596,61.3,0.769
T0146,1,0.55,59.2,0.736
T0146,2,0.544,61.1,0.726
T0146,3,0.56,63.6,0.718
T0146,4,0.532,61.8,0.739
T0146,5,0.495,63.6,0.731
T0146,6,0.428,62.4,0.71
T0146,7,0.508,65.2,0.76
T0146,8,0.442,65.2,0.736
T0146,9,0.49,65.0,0.769
T0146,10,0.397,67.1,0.738
T0146,11,0.452,67.2,0.73
T0147,0,0.223,72.1,0.805
T0147,1,0.249,73.8,0.777
T0147,2,0.324,74.4,0.761
T0147,3,0.333,71.9,0.782
T0147,4,0.315,70.8,0.835
T0147,5,0.33,69.9,0.82
T0147,6,0.341,70.3,0.821
T0147,7,0.346,70.6,0.794
T0147,8,0.318,68.7,0.87
T0147,9,0.436,66.5,0.826
T0147,10,0.442,67.8,0.877
T0147,11,0.436,66.0,0.864
T0148,0,0.503,55.2,0.219
T0148,1,0.5,57.4,0.277
T0148,2,0.516,58.3,0.24
T0148,3,0.484,59.9,0.266
T0148,4,0.537,58.4,0.255
T0148,5,0.474,61.2,0.32
T0148,6,0.474,62.6,0.317
T0148,7,0.517,60.5,0.321
T0148,8,0.472,63.7,0.297
T0148,9,0.48,62.6,0.316
T0148,10,0.475,63.9,0.322
T0148,11,0.485,64.3,0.315
T0149,0,0.664,48.7,0.703
T0149,1,0.677,54.8,0.647
T0149,2,0.662,54.9,0.685
T0149,3,0.639,53.6,0.664
T0149,4,0.641,54.8,0.72
T0149,5,0.625,52.5,0.7
T0149,6,0.643,58.5,0.673
T0149,7,0.56,56.9,0.673
T0149,8,0.579,58.8,0.736
T0149,9,0.533,62.2,0.707
T0149,10,0.546,61.2,0.701
T0149,11,0.496,63.6,0.722
T0150,0,0.224,56.1,0.793
T0150,1,0.203,55.7,0.804
T0150,2,0.203,53.8,0.797
T0150,3,0.196,55.9,0.754
T0150,4,0.253,54.4,0.748
T0150,5,0.225,59.0,0.751
T0150,6,0.249,58.6,0.708
T0150,7,0.25,58.7,0.73
T0150,8,0.246,60.9,0.739
T0150,9,0.252,59.3,0.721
T0150,10,0.284,61.3,0.7
T0150,11,0.278,63.3,0.706
T0151,0,0.197,57.7,0.34
T0151,1,0.238,54.3,0.31
T0151,2,0.277,53.8,0.34
T0151,3,0.315,52.8,0.322
T0151,4,0.389,51.9,0.302
T0151,5,0.361,51.3,0.295
T0151,6,0.389,51.3,0.295
T0151,7,0.445,46.1,0.269
T0151,8,0.525,45.8,0.273
T0151,9,0.475,46.4,0.233
T0151,10,0.526,45.5,0.272
T0151,11,0.551,43.3,0.257
T0152,0,0.845,23.4,0.63
T0152,1,0.886,27.3,0.568
T0152,2,0.854,30.1,0.573
T0152,3,0.906,30.8,0.535
T0152,4,0.897,30.6,0.516
T0152,5,0.901,32.2,0.529
T0152,6,0.851,36.2,0.483
T0152,7,0.872,35.7,0.422
T0152,8,0.881,37.4,0.393
T0152,9,0.845,40.2,0.398
T0152,10,0.91,40.3,0.381
T0152,11,0.877,42.6,0.386
T0153,0,0.629,38.7,0.223
T0153,1,0.571,38.0,0.205
T0153,2,0.56,40.9,0.261
T0153,3,0.565,44.0,0.236
T0153,4,0.573,40.8,0.228
T0153,5,0.587,41.7,0.211
T0153,6,0.589,45.6,0.166
T0153,7,0.598,45.2,0.192
T0153,8,0.598,45.2,0.177
T0153,9,0.579,46.9,0.202
T0153,10,0.588,50.2,0.179
T0153,11,0.637,47.4,0.15
T0154,0,0.675,84.6,0.222
T0154,1,0.681,83.5,0.267
T0154,2,0.607,80.7,0.263
T0154,3,0.645,78.9,0.296
T0154,4,0.641,80.5,0.246
T0154,5,0.621,78.6,0.255
T0154,6,0.578,79.3,0.241
T0154,7,0.539,79.2,0.288
T0154,8,0.534,77.6,0.299
T0154,9,0.5,75.1,0.288
T0154,10,0.483,76.4,0.252
T0154,11,0.464,74.8,0.329
T0155,0,0.708,51.0,0.238
T0155,1,0.682,52.4,0.261
T0155,2,0.724,49.0,0.294
T0155,3,0.663,46.7,0.306
T0155,4,0.634,48.6,0.326
T0155,5,0.643,47.0,0.331
T0155,6,0.618,48.7,0.392
T0155,7,0.616,46.1,0.402
T0155,8,0.589,46.6,0.377
T0155,9,0.591,47.6,0.465
T0155,10,0.581,44.3,0.457
T0155,11,0.605,43.4,0.513
T0156,0,0.973,30.2,0.312
T0156,1,1.0,30.3,0.294
T0156,2,0.948,31.2,0.296
T0156,3,0.884,35.1,0.291
T0156,4,0.857,35.4,0.3
T0156,5,0.856,33.1,0.26
T0156,6,0.826,35.9,0.325
T0156,7,0.791,38.5,0.279
T0156,8,0.77,36.4,0.298
T0156,9,0.762,41.1,0.252
T0156,10,0.711,38.1,0.259
T0156,11,0.725,38.0,0.265
T0157,0,0.637,81.7,0.765
T0157,1,0.641,82.8,0.766
T0157,2,0.653,81.3,0.757
T0157,3,0.627,79.0,0.745
T0157,4,0.589,80.1,0.767
T0157,5,0.609,81.5,0.715
T0157,6,0.642,78.5,0.777
T0157,7,0.607,81.2,0.76
T0157,8,0.641,76.2,0.789
T0157,9,0.641,79.0,0.789
T0157,10,0.671,79.2,0.785
T0157,11,0.62,78.4,0.81
T0158,0,0.476,52.5,0.434
T0158,1,0.534,52.7,0.397
T0158,2,0.467,55.2,0.393
T0158,3,0.459,54.8,0.377
T0158,4,0.43,55.7,0.37
T0158,5,0.439,55.4,0.339
T0158,6,0.399,55.6,0.295
T0158,7,0.417,54.5,0.254
T0158,8,0.434,55.4,0.253
T0158,9,0.402,57.7,0.267
T0158,10,0.437,56.8,0.204
T0158,11,0.401,55.6,0.184
T0159,0,0.748,47.6,0.381
T0159,1,0.727,47.2,0.401
T0159,2,0.682,45.3,0.394
T0159,3,0.695,48.1,0.343
T0159,4,0.701,47.4,0.407
T0159,5,0.71,46.2,0.395
T0159,6,0.661,47.8,0.456
T0159,7,0.673,48.3,0.458
T0159,8,0.667,47.1,0.443
T0159,9,0.635,53.3,0.449
T0159,10,0.628,47.9,0.42
T0159,11,0.684,48.9,0.499
T0160,0,0.717,42.5,0.182
T0160,1,0.762,43.5,0.204
T0160,2,0.777,46.5,0.238
T0160,3,0.742,45.4,0.184
T0160,4,0.794,43.6,0.209
T0160,5,0.812,44.3,0.219
T0160,6,0.814,46.2,0.252
T0160,7,0.894,48.9,0.297
T0160,8,0.816,47.5,0.241
T0160,9,0.856,44.7,0.26
T0160,10,0.825,43.4,0.28
T0160,11,0.855,46.4,0.286
T0161,0,0.659,45.4,0.59
T0161,1,0.656,47.8,0.546
T0161,2,0.677,48.5,0.564
T0161,3,0.652,51.3,0.482
T0161,4,0.655,50.8,0.498
T0161,5,0.631,52.2,0.493
T0161,6,0.616,54.6,0.533
T0161,7,0.633,56.0,0.494
T0161,8,0.645,57.5,0.481
T0161,9,0.641,54.4,0.473
T0161,10,0.631,54.6,0.434
T0161,11,0.626,57.5,0.408
T0162,0,0.924,52.0,0.436
T0162,1,0.868,51.6,0.45
T0162,2,0.874,52.2,0.457
T0162,3,0.836,49.7,0.506
T0162,4,0.767,53.3,0.477
T0162,5,0.721,49.4,0.477
T0162,6,0.714,48.5,0.488
T0162,7,0.645,48.5,0.516
T0162,8,0.645,48.2,0.495
T0162,9,0.576,45.3,0.541
T0162,10,0.542,48.5,0.541
T0162,11,0.516,49.4,0.544
T0163,0,0.875,47.8,0.518
T0163,1,0.832,51.2,0.506
T0163,2,0.882,52.2,0.548
T0163,3,0.879,49.6,0.549
T0163,4,0.875,52.1,0.525
T0163,5,0.848,55.5,0.516
T0163,6,0.867,54.4,0.578
T0163,7,0.905,51.2,0.555
T0163,8,0.908,53.3,0.554
T0163,9,0.939,53.1,0.548
T0163,10,0.945,52.0,0.542
T0163,11,0.94,55.2,0.543
T0164,0,0.849,52.9,0.869
T0164,1,0.84,49.9,0.857
T0164,2,0.878,48.6,0.818
T0164,3,0.824,53.3,0.801
T0164,4,0.797,49.9,0.799
T0164,5,0.816,50.6,0.774
T0164,6,0.802,49.8,0.77
T0164,7,0.801,51.4,0.77
T0164,8,0.787,47.8,0.731
T0164,9,0.795,50.7,0.703
T0164,10,0.768,49.4,0.734
T0164,11,0.781,48.6,0.659
T0165,0,0.695,50.0,0.912
T0165,1,0.709,53.2,0.901
T0165,2,0.68,54.5,0.855
T0165,3,0.717,54.0,0.903
T0165,4,0.684,56.9,0.926
T0165,5,0.642,55.9,0.881
T0165,6,0.705,56.6,0.872
T0165,7,0.658,59.9,0.883
T0165,8,0.694,59.3,0.853
T0165,9,0.686,58.9,0.886
T0165,10,0.691,58.5,0.836
T0165,11,0.704,59.5,0.864
T0166,0,0.739,55.1,0.121
T0166,1,0.722,53.7,0.152
T0166,2,0.725,50.9,0.166
T0166,3,0.731,52.2,0.178
T0166,4,0.719,52.2,0.135
T0166,5,0.717,51.8,0.16
T0166,6,0.66,53.1,0.215
T0166,7,0.631,51.5,0.192
T0166,8,0.624,52.1,0.208
T0166,9,0.638,53.3,0.232
T0166,10,0.593,49.5,0.183
T0166,11,0.586,49.3,0.207
T0167,0,0.378,64.4,0.67
T0167,1,0.409,59.7,0.673
T0167,2,0.38,62.3,0.664
T0167,3,0.399,61.4,0.673
T0167,4,0.431,56.7,0.656
T0167,5,0.447,59.4,0.642
T0167,6,0.417,60.1,0.653
T0167,7,0.44,59.9,0.662
T0167,8,0.426,58.9,0.65
T0167,9,0.493,60.6,0.693
T0167,10,0.444,57.8,0.717
T0167,11,0.471,57.4,0.672
T0168,0,0.432,56.6,0.764
T0168,1,0.407,58.9,0.727
T0168,2,0.396,60.3,0.736
T0168,3,0.4,55.9,0.759
T0168,4,0.315,60.7,0.767
T0168,5,0.36,59.7,0.762
T0168,6,0.334,62.4,0.807
T0168,7,0.292,58.7,0.789
T0168,8,0.247,59.1,0.791
T0168,9,0.261,61.8,0.821
T0168,10,0.235,59.8,0.824
T0168,11,0.22,60.0,0.831
T0169,0,0.408,38.6,0.596
T0169,1,0.471,42.7,0.564
T0169,2,0.41,40.4,0.6
T0169,3,0.448,45.3,0.539
T0169,4,0.413,44.5,0.513
T0169,5,0.436,44.1,0.513
T0169,6,0.432,44.5,0.476
T0169,7,0.456,43.6,0.496
T0169,8,0.448,48.7,0.423
T0169,9,0.467,48.6,0.436
T0169,10,0.455,46.9,0.407
T0169,11,0.454,47.8,0.39
T0170,0,0.411,47.7,0.522
T0170,1,0.415,51.0,0.528
T0170,2,0.421,48.6,0.515
T0170,3,0.414,51.8,0.473
T0170,4,0.39,50.3,0.512
T0170,5,0.438,54.2,0.486
T0170,6,0.413,52.7,0.473
T0170,7,0.434,58.8,0.447
T0170,8,0.416,59.6,0.425
T0170,9,0.44,59.6,0.419
T0170,10,0.416,57.8,0.412
T0170,11,0.454,61.7,0.437
T0171,0,0.532,71.8,0.484
T0171,1,0.578,68.5,0.457
T0171,2,0.554,68.2,0.46
T0171,3,0.56,63.6,0.486
T0171,4,0.623,63.1,0.482
T0171,5,0.587,64.2,0.475
T0171,6,0.616,58.9,0.467
T0171,7,0.61,58.9,0.463
T0171,8,0.6,58.4,0.48
T0171,9,0.623,54.1,0.466
T0171,10,0.632,51.7,0.419
T0171,11,0.639,50.4,0.451
T0172,0,0.551,53.5,0.457
T0172,1,0.567,52.7,0.481
T0172,2,0.521,53.1,0.516
T0172,3,0.55,55.2,0.502
T0172,4,0.55,53.7,0.478
T0172,5,0.533,56.9,0.464
T0172,6,0.504,55.4,0.49
T0172,7,0.533,54.0,0.479
T0172,8,0.487,52.7,0.467
T0172,9,0.488,52.8,0.491
T0172,10,0.507,54.2,0.513
T0172,11,0.497,58.2,0.513
T0173,0,0.42,66.0,0.127
T0173,1,0.441,63.7,0.173
T0173,2,0.435,60.7,0.216
T0173,3,0.423,59.4,0.145
T0173,4,0.491,59.1,0.239
T0173,5,0.453,61.6,0.23
T0173,6,0.5,53.8,0.231
T0173,7,0.49,54.5,0.262
T0173,8,0.521,53.7,0.244
T0173,9,0.507,51.6,0.305
T0173,10,0.56,49.0,0.304
T0173,11,0.547,50.7,0.287
T0174,0,0.98,38.1,0.431
T0174,1,0.984,36.9,0.451
T0174,2,0.971,38.6,0.406
T0174,3,0.982,37.8,0.45
T0174,4,0.98,38.0,0.494
T0174,5,0.926,36.2,0.511
T0174,6,0.934,37.6,0.507
T0174,7,0.91,38.0,0.497
T0174,8,0.909,35.4,0.537
T0174,9,0.886,37.9,0.556
T0174,10,0.869,36.3,0.548
T0174,11,0.899,33.5,0.557
T0175,0,0.445,52.0,0.359
T0175,1,0.427,55.5,0.378
T0175,2,0.458,54.8,0.406
T0175,3,0.431,57.0,0.368
T0175,4,0.454,55.0,0.4
T0175,5,0.518,57.2,0.377
T0175,6,0.479,55.9,0.4
T0175,7,0.521,54.6,0.46
T0175,8,0.512,53.7,0.418
T0175,9,0.524,56.9,0.437
T0175,10,0.498,54.6,0.447
T0175,11,0.56,57.7,0.469
T0176,0,0.701,56.7,0.702
T0176,1,0.778,59.8,0.733
T0176,2,0.769,55.6,0.708
T0176,3,0.729,61.0,0.671
T0176,4,0.787,59.8,0.694
T0176,5,0.76,58.3,0.713
T0176,6,0.76,61.3,0.735
T0176,7,0.788,63.3,0.726
T0176,8,0.711,60.2,0.786
T0176,9,0.758,61.5,0.747
T0176,10,0.759,60.1,0.757
T0176,11,0.764,58.6,0.781
T0177,0,0.777,70.9,0.473
T0177,1,0.785,73.0,0.507
T0177,2,0.746,73.3,0.508
T0177,3,0.737,70.4,0.542
T0177,4,0.738,70.7,0.5
T0177,5,0.681,69.1,0.542
T0177,6,0.703,69.9,0.554
T0177,7,0.684,71.2,0.53
T0177,8,0.647,68.0,0.512
T0177,9,0.64,70.3,0.527
T0177,10,0.623,68.3,0.542
T0177,11,0.601,67.4,0.508
T0178,0,0.827,59.0,0.879
T0178,1,0.799,58.3,0.882
T0178,2,0.788,56.0,0.909
T0178,3,0.756,56.6,0.885
T0178,4,0.679,56.2,0.887
T0178,5,0.711,55.8,0.865
T0178,6,0.71,53.4,0.915
T0178,7,0.677,54.6,0.915
T0178,8,0.622,50.0,0.897
T0178,9,0.662,54.5,0.861
T0178,10,0.61,48.5,0.876
T0178,11,0.612,51.8,0.89
T0179,0,0.798,30.8,0.291
T0179,1,0.837,35.0,0.274
T0179,2,0.836,34.6,0.311
T0179,3,0.82,31.8,0.306
T0179,4,0.775,33.2,0.331
T0179,5,0.792,34.4,0.308
T0179,6,0.806,33.3,0.333
T0179,7,0.779,34.4,0.332
T0179,8,0.787,35.9,0.313
T0179,9,0.758,33.3,0.367
T0179,10,0.789,32.6,0.344
T0179,11,0.769,37.9,0.357
T0180,0,0.426,54.0,0.702
T0180,1,0.441,57.0,0.727
T0180,2,0.471,56.7,0.731
T0180,3,0.439,55.7,0.708
T0180,4,0.454,57.9,0.772
T0180,5,0.452,62.8,0.798
T0180,6,0.459,65.7,0.784
T0180,7,0.504,65.6,0.821
T0180,8,0.478,67.6,0.804
T0180,9,0.53,68.9,0.804
T0180,10,0.515,68.0,0.813
T0180,11,0.53,69.1,0.853
T0181,0,0.615,30.3,0.323
T0181,1,0.587,32.6,0.312
T0181,2,0.572,33.1,0.348
T0181,3,0.545,36.5,0.286
T0181,4,0.581,37.0,0.316
T0181,5,0.561,36.9,0.308
T0181,6,0.562,39.7,0.29
T0181,7,0.557,39.9,0.303
T0181,8,0.604,43.5,0.29
T0181,9,0.563,45.1,0.269
T0181,10,0.572,48.9,0.268
T0181,11,0.56,48.5,0.236
T0182,0,0.979,40.6,0.672
T0182,1,0.951,43.2,0.648
T0182,2,0.93,42.0,0.628
T0182,3,0.934,39.6,0.612
T0182,4,0.924,41.4,0.573
T0182,5,0.872,38.2,0.524
T0182,6,0.882,40.9,0.541
T0182,7,0.854,38.5,0.505
T0182,8,0.832,40.0,0.528
T0182,9,0.838,42.4,0.523
T0182,10,0.849,40.2,0.477
T0182,11,0.842,39.4,0.507
T0183,0,0.471,53.8,0.513
T0183,1,0.42,52.8,0.492
T0183,2,0.438,56.4,0.514
T0183,3,0.48,56.2,0.503
T0183,4,0.438,54.5,0.531
T0183,5,0.438,54.8,0.513
T0183,6,0.462,54.2,0.54
T0183,7,0.421,52.9,0.515
T0183,8,0.431,56.4,0.566
T0183,9,0.436,56.3,0.634
T0183,10,0.387,58.8,0.602
T0183,11,0.408,60.1,0.589
T0184,0,0.65,55.2,0.389
T0184,1,0.65,55.1,0.389
T0184,2,0.61,51.9,0.378
T0184,3,0.596,54.2,0.398
T0184,4,0.601,52.2,0.38
T0184,5,0.607,51.5,0.377
T0184,6,0.598,51.3,0.404
T0184,7,0.57,52.4,0.354
T0184,8,0.571,52.2,0.356
T0184,9,0.541,48.3,0.344
T0184,10,0.548,54.9,0.365
T0184,11,0.544,50.4,0.335
T0185,0,0.806,48.2,0.594
T0185,1,0.759,48.7,0.599
T0185,2,0.76,44.7,0.637
T0185,3,0.733,48.1,0.59
T0185,4,0.706,47.4,0.612
T0185,5,0.686,46.8,0.625
T0185,6,0.708,49.6,0.602
T0185,7,0.65,49.6,0.617
T0185,8,0.633,47.4,0.615
T0185,9,0.64,48.4,0.622
T0185,10,0.636,49.0,0.633
T0185,11,0.606,49.0,0.627
T0186,0,0.32,58.0,0.326
T0186,1,0.341,56.2,0.339
T0186,2,0.376,55.1,0.327
T0186,3,0.39,56.6,0.338
T0186,4,0.445,53.4,0.354
T0186,5,0.496,53.0,0.387
T0186,6,0.428,51.9,0.357
T0186,7,0.481,52.2,0.406
T0186,8,0.498,50.6,0.399
T0186,9,0.524,52.7,0.404
T0186,10,0.547,52.9,0.426
T0186,11,0.597,50.2,0.428
T0187,0,0.343,58.8,0.344
T0187,1,0.312,59.4,0.347
T0187,2,0.353,57.0,0.336
T0187,3,0.329,54.9,0.338
T0187,4,0.32,57.6,0.345
T0187,5,0.357,56.3,0.345
T0187,6,0.326,55.9,0.336
T0187,7,0.318,51.8,0.322
T0187,8,0.349,54.3,0.289
T0187,9,0.341,53.1,0.317
T0187,10,0.306,52.3,0.334
T0187,11,0.3,53.2,0.288
T0188,0,0.526,51.6,0.813
T0188,1,0.52,54.6,0.761
T0188,2,0.474,53.6,0.78
T0188,3,0.521,56.9,0.761
T0188,4,0.494,55.2,0.719
T0188,5,0.506,52.8,0.686
T0188,6,0.522,55.4,0.672
T0188,7,0.524,54.6,0.652
T0188,8,0.528,53.8,0.642
T0188,9,0.535,56.7,0.574
T0188,10,0.47,54.8,0.597
T0188,11,0.493,55.2,0.558
T0189,0,0.713,32.4,0.213
T0189,1,0.716,31.5,0.262
T0189,2,0.722,34.7,0.256
T0189,3,0.751,34.6,0.201
T0189,4,0.737,34.6,0.255
T0189,5,0.714,33.1,0.239
T0189,6,0.746,35.8,0.217
T0189,7,0.74,36.1,0.212
T0189,8,0.77,37.9,0.242
T0189,9,0.761,37.2,0.249
T0189,10,0.782,37.6,0.255
T0189,11,0.767,38.7,0.234
T0190,0,0.811,54.4,0.609
T0190,1,0.8,49.6,0.564
T0190,2,0.838,53.1,0.562
T0190,3,0.816,53.2,0.569
T0190,4,0.795,51.0,0.56
T0190,5,0.788,48.8,0.542
T0190,6,0.775,51.8,0.547
T0190,7,0.792,52.4,0.525
T0190,8,0.761,47.8,0.531
T0190,9,0.742,48.8,0.525
T0190,10,0.746,48.5,0.566
T0190,11,0.715,45.7,0.512
T0191,0,0.398,40.2,0.528
T0191,1,0.439,40.8,0.499
T0191,2,0.436,40.6,0.543
T0191,3,0.421,39.2,0.514
T0191,4,0.452,40.5,0.5
T0191,5,0.443,40.7,0.474
T0191,6,0.492,42.0,0.534
T0191,7,0.511,42.0,0.477
T0191,8,0.503,38.3,0.475
T0191,9,0.508,39.8,0.473
T0191,10,0.555,39.9,0.423
T0191,11,0.533,37.5,0.401
T0192,0,0.504,59.6,0.938
T0192,1,0.522,60.0,0.987
T0192,2,0.525,61.7,0.924
T0192,3,0.543,60.2,0.954
T0192,4,0.517,63.5,0.914
T0192,5,0.521,62.2,0.942
T0192,6,0.53,62.6,0.888
T0192,7,0.564,65.1,0.894
T0192,8,0.582,64.7,0.909
T0192,9,0.582,63.9,0.843
T0192,10,0.547,63.7,0.874
T0192,11,0.581,63.2,0.844
T0193,0,0.873,48.8,0.731
T0193,1,0.861,53.5,0.704
T0193,2,0.84,51.9,0.685
T0193,3,0.845,51.6,0.671
T0193,4,0.856,47.9,0.629
T0193,5,0.857,51.0,0.628
T0193,6,0.852,53.1,0.613
T0193,7,0.924,51.9,0.562
T0193,8,0.893,51.5,0.576
T0193,9,0.905,48.8,0.538
T0193,10,0.88,50.0,0.549
T0193,11,0.873,53.1,0.531
T0194,0,0.775,65.6,0.799
T0194,1,0.762,65.5,0.778
T0194,2,0.739,66.0,0.758
T0194,3,0.704,68.1,0.766
T0194,4,0.693,64.9,0.744
T0194,5,0.647,66.1,0.821
T0194,6,0.661,62.9,0.796
T0194,7,0.59,65.2,0.79
T0194,8,0.567,64.3,0.81
T0194,9,0.517,64.6,0.774
T0194,10,0.55,62.6,0.79
T0194,11,0.476,60.8,0.81
T0195,0,0.501,42.1,0.281
T0195,1,0.49,42.4,0.252
T0195,2,0.511,40.7,0.231
T0195,3,0.549,43.2,0.266
T0195,4,0.569,40.7,0.296
T0195,5,0.576,42.3,0.301
T0195,6,0.595,40.0,0.268
T0195,7,0.637,38.6,0.282
T0195,8,0.637,39.5,0.296
T0195,9,0.676,38.6,0.306
T0195,10,0.623,41.2,0.297
T0195,11,0.697,41.3,0.31
T0196,0,0.678,57.8,0.728
T0196,1,0.726,59.9,0.705
T0196,2,0.728,57.7,0.756
T0196,3,0.722,58.7,0.787
T0196,4,0.72,58.1,0.719
T0196,5,0.721,58.4,0.766
T0196,6,0.73,57.7,0.775
T0196,7,0.715,60.0,0.803
T0196,8,0.701,60.9,0.799
T0196,9,0.739,60.0,0.848
T0196,10,0.707,61.2,0.822
T0196,11,0.747,60.9,0.833
T0197,0,0.701,56.5,0.578
T0197,1,0.681,54.7,0.614
T0197,2,0.645,56.5,0.585
T0197,3,0.654,57.0,0.594
T0197,4,0.651,55.3,0.664
T0197,5,0.602,53.6,0.625
T0197,6,0.607,56.2,0.577
T0197,7,0.626,53.2,0.57
T0197,8,0.568,52.6,0.57
T0197,9,0.558,52.4,0.579
T0197,10,0.565,49.5,0.596
T0197,11,0.57,48.5,0.61
T0198,0,0.611,37.6,0.322
T0198,1,0.577,40.6,0.334
T0198,2,0.613,38.1,0.296
T0198,3,0.545,45.2,0.321
T0198,4,0.577,43.7,0.337
T0198,5,0.555,46.4,0.33
T0198,6,0.562,45.4,0.392
T0198,7,0.522,50.7,0.337
T0198,8,0.528,45.9,0.339
T0198,9,0.544,50.3,0.389
T0198,10,0.48,50.5,0.385
T0198,11,0.502,51.3,0.36
T0199,0,0.523,64.7,0.553
T0199,1,0.545,65.4,0.569
T0199,2,0.554,66.4,0.552
T0199,3,0.585,65.6,0.538
T0199,4,0.609,68.6,0.528
T0199,5,0.577,64.9,0.545
T0199,6,0.581,64.9,0.499
T0199,7,0.618,66.9,0.505
T0199,8,0.628,64.8,0.515
T0199,9,0.649,63.0,0.489
T0199,10,0.674,69.9,0.493
T0199,11,0.719,61.5,0.472
T0200,0,0.539,70.2,0.669
T0200,1,0.544,69.9,0.679
T0200,2,0.562,74.3,0.644
T0200,3,0.534,70.2,0.649
T0200,4,0.518,69.7,0.677
T0200,5,0.559,68.0,0.661
T0200,6,0.531,67.1,0.637
T0200,7,0.573,69.1,0.605
T0200,8,0.512,66.1,0.621
T0200,9,0.538,63.8,0.609
T0200,10,0.558,65.3,0.625
T0200,11,0.559,61.8,0.625
T0201,0,0.359,55.5,0.605
T0201,1,0.395,55.7,0.644
T0201,2,0.408,56.4,0.619
T0201,3,0.42,55.9,0.663
T0201,4,0.426,55.6,0.622
T0201,5,0.465,56.2,0.6
T0201,6,0.489,53.3,0.627
T0201,7,0.536,55.4,0.625
T0201,8,0.54,51.8,0.642
T0201,9,0.569,55.0,0.643
T0201,10,0.599,54.0,0.617
T0201,11,0.602,53.2,0.682
T0202,0,0.767,41.5,0.281
T0202,1,0.772,42.3,0.289
T0202,2,0.737,45.8,0.267
T0202,3,0.731,39.9,0.284
T0202,4,0.736,42.1,0.29
T0202,5,0.709,41.4,0.313
T0202,6,0.712,42.8,0.294
T0202,7,0.699,45.3,0.295
T0202,8,0.657,43.0,0.309
T0202,9,0.679,43.5,0.315
T0202,10,0.701,41.4,0.3
T0202,11,0.648,43.3,0.326
T0203,0,0.633,60.5,0.708
T0203,1,0.647,61.8,0.704
T0203,2,0.67,60.6,0.753
T0203,3,0.665,62.1,0.761
T0203,4,0.626,61.0,0.735
T0203,5,0.606,59.8,0.797
T0203,6,0.595,63.2,0.793
T0203,7,0.608,62.1,0.818
T0203,8,0.596,62.1,0.812
T0203,9,0.599,59.5,0.8
T0203,10,0.574,60.9,0.869
T0203,11,0.564,62.7,0.838
T0204,0,0.413,55.9,0.288
T0204,1,0.416,56.0,0.28
T0204,2,0.399,57.2,0.27
T0204,3,0.404,57.8,0.283
T0204,4,0.381,51.9,0.312
T0204,5,0.409,58.1,0.321
T0204,6,0.456,57.9,0.326
T0204,7,0.424,52.5,0.327
T0204,8,0.452,57.7,0.33
T0204,9,0.486,54.3,0.363
T0204,10,0.492,52.0,0.331
T0204,11,0.419,55.4,0.339
T0205,0,0.49,39.3,0.312
T0205,1,0.503,39.9,0.281
T0205,2,0.503,38.2,0.276
T0205,3,0.536,38.1,0.272
T0205,4,0.549,37.0,0.26
T0205,5,0.556,36.7,0.246
T0205,6,0.559,38.2,0.223
T0205,7,0.599,39.5,0.253
T0205,8,0.579,34.1,0.234
T0205,9,0.613,36.3,0.256
T0205,10,0.614,37.4,0.199
T0205,11,0.657,36.4,0.208
T0206,0,0.737,53.1,0.391
T0206,1,0.743,53.8,0.376
T0206,2,0.717,52.4,0.361
T0206,3,0.734,53.4,0.381
T0206,4,0.734,56.4,0.409
T0206,5,0.728,54.0,0.371
T0206,6,0.746,57.4,0.417
T0206,7,0.7,59.4,0.371
T0206,8,0.701,59.9,0.384
T0206,9,0.675,60.7,0.377
T0206,10,0.712,61.6,0.344
T0206,11,0.736,61.5,0.358
T0207,0,0.488,48.2,0.794
T0207,1,0.528,46.3,0.838
T0207,2,0.519,48.8,0.835
T0207,3,0.466,49.7,0.801
T0207,4,0.517,50.9,0.858
T0207,5,0.485,49.3,0.828
T0207,6,0.523,50.8,0.869
T0207,7,0.54,45.5,0.897
T0207,8,0.548,52.3,0.899
T0207,9,0.553,52.6,0.948
T0207,10,0.611,51.4,0.941
T0207,11,0.565,51.8,0.96
T0208,0,0.2,67.1,0.578
T0208,1,0.173,66.1,0.573
T0208,2,0.208,70.8,0.573
T0208,3,0.229,68.8,0.582
T0208,4,0.237,71.5,0.54
T0208,5,0.233,70.6,0.567
T0208,6,0.262,68.1,0.553
T0208,7,0.29,66.6,0.501
T0208,8,0.283,67.2,0.488
T0208,9,0.29,68.7,0.515
T0208,10,0.358,70.3,0.487
T0208,11,0.378,65.1,0.509
T0209,0,0.411,51.6,0.252
T0209,1,0.39,50.8,0.284
T0209,2,0.449,52.0,0.238
T0209,3,0.402,52.8,0.299
T0209,4,0.407,51.0,0.325
T0209,5,0.409,50.9,0.335
T0209,6,0.424,50.8,0.34
T0209,7,0.377,51.6,0.341
T0209,8,0.435,52.6,0.378
T0209,9,0.408,54.9,0.418
T0209,10,0.415,52.8,0.411
T0209,11,0.387,52.3,0.46
T0210,0,0.554,72.8,0.436
T0210,1,0.523,70.9,0.458
T0210,2,0.571,72.1,0.478
T0210,3,0.537,66.9,0.494
T0210,4,0.54,66.5,0.47
T0210,5,0.482,68.1,0.521
T0210,6,0.506,64.5,0.542
T0210,7,0.481,63.5,0.546
T0210,8,0.443,63.1,0.538
T0210,9,0.432,66.4,0.596
T0210,10,0.413,61.7,0.598
T0210,11,0.404,62.5,0.639
T0211,0,0.568,51.4,0.677
T0211,1,0.557,50.9,0.701
T0211,2,0.512,49.9,0.673
T0211,3,0.56,49.1,0.611
T0211,4,0.589,49.4,0.646
T0211,5,0.556,50.1,0.654
T0211,6,0.608,52.2,0.594
T0211,7,0.598,50.4,0.572
T0211,8,0.556,50.6,0.6
T0211,9,0.587,50.2,0.587
T0211,10,0.618,47.3,0.593
T0211,11,0.616,50.7,0.554
T0212,0,0.416,60.7,0.577
T0212,1,0.429,58.8,0.571
T0212,2,0.445,57.8,0.588
T0212,3,0.487,57.9,0.626
T0212,4,0.438,56.7,0.631
T0212,5,0.449,57.3,0.617
T0212,6,0.477,55.5,0.667
T0212,7,0.485,56.3,0.688
T0212,8,0.491,55.9,0.676
T0212,9,0.515,57.1,0.753
T0212,10,0.516,58.1,0.754
T0212,11,0.571,54.7,0.764
T0213,0,0.589,65.4,0.3
T0213,1,0.571,60.4,0.274
T0213,2,0.603,59.9,0.337
T0213,3,0.618,60.4,0.315
T0213,4,0.61,61.3,0.306
T0213,5,0.658,60.8,0.271
T0213,6,0.639,60.3,0.291
T0213,7,0.645,58.7,0.293
T0213,8,0.671,60.6,0.309
T0213,9,0.673,59.6,0.292
T0213,10,0.696,60.7,0.324
T0213,11,0.711,59.2,0.304
T0214,0,0.522,50.2,0.822
T0214,1,0.486,53.1,0.866
T0214,2,0.502,51.8,0.84
T0214,3,0.496,55.0,0.87
T0214,4,0.435,53.5,0.822
T0214,5,0.459,57.2,0.833
T0214,6,0.458,56.7,0.845
T0214,7,0.4,57.5,0.882
T0214,8,0.4,55.0,0.839
T0214,9,0.359,56.2,0.862
T0214,10,0.321,60.0,0.822
T0214,11,0.335,58.0,0.858
T0215,0,0.459,71.3,0.688
T0215,1,0.485,70.0,0.718
T0215,2,0.485,70.6,0.699
T0215,3,0.462,69.3,0.714
T0215,4,0.53,69.1,0.723
T0215,5,0.54,68.8,0.718
T0215,6,0.548,68.3,0.731
T0215,7,0.561,69.1,0.731
T0215,8,0.563,69.0,0.702
T0215,9,0.573,68.3,0.774
T0215,10,0.613,67.0,0.761
T0215,11,0.598,67.7,0.717
T0216,0,0.177,41.9,0.128
T0216,1,0.195,43.5,0.12
T0216,2,0.164,49.0,0.1
T0216,3,0.235,46.9,0.1
T0216,4,0.209,48.2,0.1
T0216,5,0.207,50.9,0.1
T0216,6,0.246,52.1,0.102
T0216,7,0.279,56.2,0.1
T0216,8,0.302,55.9,0.116
T0216,9,0.292,54.7,0.1
T0216,10,0.31,56.2,0.132
T0216,11,0.313,59.1,0.142
T0217,0,0.618,48.8,0.499
T0217,1,0.558,49.7,0.494
T0217,2,0.587,47.5,0.548
T0217,3,0.577,44.1,0.563
T0217,4,0.552,45.2,0.581
T0217,5,0.551,46.9,0.588
T0217,6,0.543,45.8,0.612
T0217,7,0.548,46.1,0.573
T0217,8,0.521,44.9,0.582
T0217,9,0.539,44.9,0.603
T0217,10,0.518,43.2,0.595
T0217,11,0.531,45.0,0.642
T0218,0,0.595,49.8,0.358
T0218,1,0.581,50.0,0.359
T0218,2,0.605,57.1,0.332
T0218,3,0.6,52.5,0.41
T0218,4,0.576,54.7,0.42
T0218,5,0.604,54.4,0.409
T0218,6,0.601,57.7,0.418
T0218,7,0.585,59.2,0.392
T0218,8,0.569,59.4,0.454
T0218,9,0.586,59.3,0.428
T0218,10,0.59,58.1,0.459
T0218,11,0.563,59.5,0.442
T0219,0,0.778,50.1,0.739
T0219,1,0.782,46.7,0.693
T0219,2,0.732,46.5,0.684
T0219,3,0.735,47.4,0.728
T0219,4,0.71,47.8,0.704
T0219,5,0.714,46.5,0.714
T0219,6,0.68,49.4,0.687
T0219,7,0.703,47.2,0.67
T0219,8,0.678,47.7,0.711
T0219,9,0.646,46.0,0.638
T0219,10,0.649,48.7,0.671
T0219,11,0.621,49.5,0.647
T0220,0,0.789,54.9,0.196
T0220,1,0.838,52.3,0.203
T0220,2,0.802,52.6,0.194
T0220,3,0.827,50.6,0.245
T0220,4,0.807,49.6,0.215
T0220,5,0.815,47.1,0.235
T0220,6,0.803,46.1,0.275
T0220,7,0.776,46.6,0.244
T0220,8,0.748,44.6,0.292
T0220,9,0.801,44.3,0.304
T0220,10,0.777,42.8,0.259
T0220,11,0.763,40.3,0.299
T0221,0,0.498,43.1,0.841
T0221,1,0.487,43.9,0.81
T0221,2,0.524,43.8,0.807
T0221,3,0.515,44.0,0.783
T0221,4,0.553,44.8,0.788
T0221,5,0.576,44.0,0.78
T0221,6,0.605,48.8,0.813
T0221,7,0.626,46.2,0.755
T0221,8,0.617,48.6,0.776
T0221,9,0.623,49.4,0.781
T0221,10,0.612,47.5,0.727
T0221,11,0.608,47.7,0.782
T0222,0,0.849,57.6,1.0
T0222,1,0.833,58.6,0.995
T0222,2,0.837,55.1,0.979
T0222,3,0.772,53.2,0.934
T0222,4,0.752,55.5,0.896
T0222,5,0.763,57.0,0.909
T0222,6,0.724,51.2,0.876
T0222,7,0.74,54.8,0.87
T0222,8,0.678,57.2,0.868
T0222,9,0.671,52.7,0.838
T0222,10,0.711,53.9,0.795
T0222,11,0.662,53.8,0.781
T0223,0,0.233,46.6,0.553
T0223,1,0.284,47.1,0.531
T0223,2,0.3,47.2,0.507
T0223,3,0.283,43.5,0.488
T0223,4,0.307,46.2,0.473
T0223,5,0.332,47.1,0.495
T0223,6,0.388,45.0,0.421
T0223,7,0.4,48.0,0.423
T0223,8,0.379,50.1,0.411
T0223,9,0.41,48.2,0.379
T0223,10,0.448,50.5,0.359
T0223,11,0.482,50.8,0.337
T0224,0,0.561,81.6,0.415
T0224,1,0.558,78.6,0.413
T0224,2,0.568,74.8,0.454
T0224,3,0.535,73.1,0.477
T0224,4,0.558,71.9,0.487
T0224,5,0.56,71.0,0.521
T0224,6,0.544,69.3,0.507
T0224,7,0.543,65.8,0.497
T0224,8,0.54,64.6,0.57
T0224,9,0.541,63.8,0.522
T0224,10,0.533,60.1,0.56
T0224,11,0.493,58.7,0.576
T0225,0,0.64,51.9,0.54
T0225,1,0.626,50.5,0.531
T0225,2,0.623,54.6,0.579
T0225,3,0.647,52.5,0.574
T0225,4,0.663,52.6,0.614
T0225,5,0.625,54.4,0.588
T0225,6,0.612,49.4,0.584
T0225,7,0.63,50.5,0.63
T0225,8,0.606,50.3,0.593
T0225,9,0.673,53.7,0.621
T0225,10,0.632,52.0,0.655
T0225,11,0.629,49.7,0.631
T0226,0,0.69,55.8,0.443
T0226,1,0.672,58.3,0.432
T0226,2,0.622,56.5,0.442
T0226,3,0.625,54.8,0.411
T0226,4,0.61,55.1,0.43
T0226,5,0.612,51.4,0.391
T0226,6,0.571,57.6,0.433
T0226,7,0.569,53.9,0.4
T0226,8,0.541,54.4,0.418
T0226,9,0.507,54.2,0.369
T0226,10,0.488,54.5,0.433
T0226,11,0.53,53.0,0.398
T0227,0,0.792,60.4,0.653
T0227,1,0.769,57.4,0.641
T0227,2,0.805,58.5,0.642
T0227,3,0.822,55.5,0.629
T0227,4,0.811,58.8,0.575
T0227,5,0.786,56.1,0.547
T0227,6,0.798,58.1,0.549
T0227,7,0.821,57.4,0.563
T0227,8,0.841,55.4,0.514
T0227,9,0.796,56.2,0.54
T0227,10,0.801,54.3,0.499
T0227,11,0.79,55.9,0.474
T0228,0,0.627,55.6,0.423
T0228,1,0.59,53.9,0.44
T0228,2,0.616,55.5,0.421
T0228,3,0.573,53.6,0.433
T0228,4,0.591,56.3,0.413
T0228,5,0.625,55.1,0.483
T0228,6,0.626,57.2,0.488
T0228,7,0.581,54.5,0.515
T0228,8,0.573,56.0,0.494
T0228,9,0.552,54.6,0.517
T0228,10,0.553,54.3,0.526
T0228,11,0.569,56.1,0.534
T0229,0,0.593,46.2,0.274
T0229,1,0.596,45.5,0.275
T0229,2,0.583,43.8,0.274
T0229,3,0.616,46.4,0.29
T0229,4,0.588,47.9,0.294
T0229,5,0.572,47.2,0.319
T0229,6,0.599,47.7,0.319
T0229,7,0.613,43.9,0.372
T0229,8,0.639,46.3,0.359
T0229,9,0.627,48.0,0.371
T0229,10,0.637,50.4,0.414
T0229,11,0.604,49.2,0.423
T0230,0,0.584,66.3,0.887
T0230,1,0.56,67.9,0.862
T0230,2,0.578,64.0,0.863
T0230,3,0.589,64.7,0.816
T0230,4,0.558,65.0,0.861
T0230,5,0.591,63.6,0.865
T0230,6,0.538,63.8,0.82
T0230,7,0.536,66.0,0.875
T0230,8,0.561,65.8,0.817
T0230,9,0.56,64.2,0.83
T0230,10,0.553,65.6,0.784
T0230,11,0.533,62.7,0.837
T0231,0,0.653,71.1,0.524
T0231,1,0.636,66.5,0.566
T0231,2,0.656,64.2,0.548
T0231,3,0.623,59.6,0.553
T0231,4,0.646,58.7,0.521
T0231,5,0.641,58.8,0.49
T0231,6,0.607,57.2,0.525
T0231,7,0.589,57.2,0.531
T0231,8,0.624,56.4,0.504
T0231,9,0.588,55.1,0.536
T0231,10,0.558,56.1,0.454
T0231,11,0.553,51.8,0.533
T0232,0,0.326,61.0,0.676
T0232,1,0.294,58.6,0.673
T0232,2,0.33,59.6,0.666
T0232,3,0.316,60.9,0.608
T0232,4,0.361,56.7,0.672
T0232,5,0.319,62.3,0.673
T0232,6,0.323,60.6,0.642
T0232,7,0.361,60.7,0.681
T0232,8,0.343,59.6,0.629
T0232,9,0.367,60.6,0.63
T0232,10,0.352,64.6,0.65
T0232,11,0.381,62.7,0.648
T0233,0,0.417,88.4,0.466
T0233,1,0.447,88.5,0.48
T0233,2,0.411,87.5,0.473
T0233,3,0.476,85.6,0.505
T0233,4,0.417,85.4,0.535
T0233,5,0.449,83.2,0.488
T0233,6,0.421,82.4,0.523
T0233,7,0.438,80.6,0.57
T0233,8,0.459,79.3,0.562
T0233,9,0.441,77.1,0.577
T0233,10,0.469,75.1,0.588
T0233,11,0.465,75.1,0.592
T0234,0,0.9,38.2,0.424
T0234,1,0.876,40.6,0.347
T0234,2,0.81,41.0,0.413
T0234,3,0.827,38.4,0.403
T0234,4,0.797,38.7,0.361
T0234,5,0.745,37.0,0.349
T0234,6,0.757,35.9,0.375
T0234,7,0.737,38.3,0.345
T0234,8,0.757,37.1,0.383
T0234,9,0.711,36.3,0.351
T0234,10,0.686,36.0,0.329
T0234,11,0.663,38.3,0.306
T0235,0,0.634,53.8,0.458
T0235,1,0.611,54.4,0.482
T0235,2,0.619,56.1,0.497
T0235,3,0.599,53.5,0.533
T0235,4,0.622,58.3,0.526
T0235,5,0.591,57.6,0.568
T0235,6,0.665,55.9,0.581
T0235,7,0.62,57.8,0.61
T0235,8,0.617,57.7,0.652
T0235,9,0.636,59.6,0.66
T0235,10,0.614,59.3,0.671
T0235,11,0.64,63.2,0.692
T0236,0,1.0,61.2,0.551
T0236,1,0.98,61.1,0.517
T0236,2,0.973,61.7,0.52
T0236,3,0.929,59.6,0.541
T0236,4,0.884,60.4,0.494
T0236,5,0.826,58.6,0.53
T0236,6,0.806,59.2,0.518
T0236,7,0.792,55.7,0.512
T0236,8,0.765,57.7,0.505
T0236,9,0.688,56.2,0.478
T0236,10,0.69,56.2,0.481
T0236,11,0.664,56.3,0.513
T0237,0,0.903,50.6,0.87
T0237,1,0.881,47.8,0.859
T0237,2,0.932,49.7,0.89
T0237,3,0.914,51.5,0.866
T0237,4,0.876,49.6,0.861
T0237,5,0.941,50.2,0.861
T0237,6,0.883,50.5,0.902
T0237,7,0.867,48.3,0.851
T0237,8,0.94,50.0,0.855
T0237,9,0.902,52.0,0.861
T0237,10,0.91,51.3,0.81
T0237,11,0.882,48.6,0.826
T0238,0,0.2,57.1,0.712
T0238,1,0.216,60.8,0.672
T0238,2,0.265,60.3,0.649
T0238,3,0.284,58.4,0.67
T0238,4,0.307,60.5,0.64
T0238,5,0.326,59.4,0.674
T0238,6,0.335,59.5,0.665
T0238,7,0.425,58.0,0.65
T0238,8,0.376,53.8,0.652
T0238,9,0.381,58.2,0.644
T0238,10,0.412,57.2,0.684
T0238,11,0.437,55.8,0.675
T0239,0,0.16,57.0,0.879
T0239,1,0.193,56.2,0.895
T0239,2,0.178,56.5,0.925
T0239,3,0.257,55.7,0.891
T0239,4,0.315,60.9,0.891
T0239,5,0.279,60.8,0.935
T0239,6,0.31,58.6,0.9
T0239,7,0.365,58.5,0.918
T0239,8,0.346,61.4,0.916
T0239,9,0.393,58.5,0.93
T0239,10,0.411,60.2,0.896
T0239,11,0.449,60.2,0.914
T0240,0,0.837,72.9,0.888
T0240,1,0.8,71.5,0.88
T0240,2,0.77,73.8,0.867
T0240,3,0.753,73.2,0.877
T0240,4,0.732,74.6,0.887
T0240,5,0.779,72.1,0.829
T0240,6,0.684,72.7,0.872
T0240,7,0.709,72.2,0.81
T0240,8,0.665,70.0,0.836
T0240,9,0.626,70.7,0.849
T0240,10,0.638,67.8,0.853
T0240,11,0.617,71.9,0.893
T0241,0,0.671,48.5,0.365
T0241,1,0.703,42.3,0.368
T0241,2,0.667,45.3,0.336
T0241,3,0.686,45.7,0.39
T0241,4,0.686,45.4,0.356
T0241,5,0.665,44.4,0.361
T0241,6,0.692,45.9,0.376
T0241,7,0.702,45.6,0.377
T0241,8,0.727,44.9,0.416
T0241,9,0.682,43.5,0.396
T0241,10,0.713,45.0,0.339
T0241,11,0.704,43.1,0.375
T0242,0,0.198,51.6,0.243
T0242,1,0.231,51.1,0.287
T0242,2,0.263,54.9,0.269
T0242,3,0.261,54.4,0.299
T0242,4,0.282,59.0,0.308
T0242,5,0.304,56.0,0.34
T0242,6,0.314,56.0,0.364
T0242,7,0.309,59.1,0.368
T0242,8,0.359,58.4,0.38
T0242,9,0.338,58.5,0.386
T0242,10,0.373,58.4,0.408
T0242,11,0.372,61.4,0.409
T0243,0,0.684,58.2,0.26
T0243,1,0.635,52.7,0.261
T0243,2,0.634,52.2,0.229
T0243,3,0.63,55.7,0.278
T0243,4,0.574,55.1,0.232
T0243,5,0.591,51.1,0.287
T0243,6,0.543,49.1,0.269
T0243,7,0.535,50.4,0.283
T0243,8,0.515,47.1,0.273
T0243,9,0.478,46.6,0.225
T0243,10,0.466,47.3,0.239
T0243,11,0.415,47.3,0.241
T0244,0,0.732,24.8,0.314
T0244,1,0.705,29.3,0.318
T0244,2,0.753,26.2,0.332
T0244,3,0.764,26.6,0.365
T0244,4,0.747,27.2,0.32
T0244,5,0.752,28.3,0.337
T0244,6,0.736,32.8,0.37
T0244,7,0.757,32.7,0.374
T0244,8,0.738,33.1,0.34
T0244,9,0.768,35.0,0.387
T0244,10,0.745,38.2,0.381
T0244,11,0.743,37.3,0.391
T0245,0,0.364,52.6,0.597
T0245,1,0.425,52.2,0.614
T0245,2,0.405,52.8,0.671
T0245,3,0.375,53.7,0.588
T0245,4,0.405,57.3,0.6
T0245,5,0.408,57.5,0.613
T0245,6,0.436,58.4,0.604
T0245,7,0.439,59.7,0.583
T0245,8,0.475,55.6,0.565
T0245,9,0.451,58.9,0.593
T0245,10,0.459,57.1,0.57
T0245,11,0.447,56.0,0.595
T0246,0,0.574,47.8,0.665
T0246,1,0.602,47.7,0.622
T0246,2,0.568,48.7,0.631
T0246,3,0.565,47.8,0.593
T0246,4,0.541,49.2,0.627
T0246,5,0.473,51.6,0.624
T0246,6,0.503,49.0,0.569
T0246,7,0.511,50.4,0.586
T0246,8,0.468,56.0,0.557
T0246,9,0.477,53.5,0.553
T0246,10,0.482,52.3,0.589
T0246,11,0.419,57.6,0.548
T0247,0,0.921,34.3,0.193
T0247,1,0.959,37.0,0.196
T0247,2,0.915,35.4,0.256
T0247,3,0.917,38.1,0.242
T0247,4,0.927,39.4,0.249
T0247,5,0.927,37.7,0.289
T0247,6,0.943,38.0,0.288
T0247,7,0.944,37.7,0.306
T0247,8,0.936,38.5,0.332
T0247,9,0.974,39.1,0.288
T0247,10,0.897,41.3,0.315
T0247,11,0.909,42.4,0.358
T0248,0,0.549,66.7,0.547
T0248,1,0.515,64.1,0.491
T0248,2,0.538,63.4,0.501
T0248,3,0.509,60.9,0.544
T0248,4,0.503,62.2,0.571
T0248,5,0.523,64.6,0.538
T0248,6,0.528,59.5,0.559
T0248,7,0.505,56.5,0.549
T0248,8,0.501,55.3,0.557
T0248,9,0.487,56.4,0.584
T0248,10,0.501,54.0,0.603
T0248,11,0.53,55.1,0.583
T0249,0,0.617,48.5,0.751
T0249,1,0.662,51.5,0.732
T0249,2,0.672,51.9,0.719
T0249,3,0.65,54.8,0.77
T0249,4,0.664,53.4,0.727
T0249,5,0.644,53.5,0.69
T0249,6,0.645,54.4,0.725
T0249,7,0.658,54.2,0.697
T0249,8,0.656,54.9,0.732
T0249,9,0.626,58.5,0.667
T0249,10,0.636,60.0,0.695
T0249,11,0.635,58.9,0.659
T0250,0,0.625,58.8,0.577
T0250,1,0.631,58.8,0.554
T0250,2,0.665,63.0,0.563
T0250,3,0.652,60.5,0.549
T0250,4,0.682,58.6,0.574
T0250,5,0.693,59.8,0.547
T0250,6,0.723,61.2,0.547
T0250,7,0.732,61.7,0.527
T0250,8,0.717,57.1,0.541
T0250,9,0.722,62.3,0.543
T0250,10,0.73,59.9,0.533
T0250,11,0.76,59.9,0.533
T0251,0,0.429,51.8,0.334
T0251,1,0.489,49.9,0.264
T0251,2,0.453,51.5,0.305
T0251,3,0.471,50.5,0.313
T0251,4,0.489,52.7,0.284
T0251,5,0.518,51.6,0.283
T0251,6,0.532,47.7,0.339
T0251,7,0.55,50.4,0.289
T0251,8,0.561,50.4,0.338
T0251,9,0.594,50.7,0.311
T0251,10,0.631,49.1,0.33
T0251,11,0.592,48.3,0.354
T0252,0,0.651,71.3,0.861
T0252,1,0.646,71.0,0.878
T0252,2,0.655,72.0,0.853
T0252,3,0.635,72.5,0.822
T0252,4,0.625,70.0,0.848
T0252,5,0.65,70.9,0.811
T0252,6,0.578,71.8,0.815
T0252,7,0.582,72.7,0.81
T0252,8,0.568,73.3,0.761
T0252,9,0.548,71.8,0.775
T0252,10,0.544,72.4,0.771
T0252,11,0.557,71.1,0.746
T0253,0,0.435,75.5,0.771
T0253,1,0.375,74.1,0.732
T0253,2,0.443,73.9,0.705
T0253,3,0.381,71.7,0.704
T0253,4,0.38,67.1,0.715
T0253,5,0.373,67.3,0.664
T0253,6,0.435,65.5,0.68
T0253,7,0.394,67.6,0.696
T0253,8,0.382,65.7,0.698
T0253,9,0.387,63.5,0.673
T0253,10,0.377,60.6,0.644
T0253,11,0.39,58.8,0.648
T0254,0,0.566,57.8,0.561
T0254,1,0.585,55.8,0.535
T0254,2,0.562,55.6,0.533
T0254,3,0.522,56.9,0.522
T0254,4,0.547,54.9,0.496
T0254,5,0.56,58.7,0.527
T0254,6,0.522,56.8,0.526
T0254,7,0.592,56.5,0.55
T0254,8,0.576,55.7,0.483
T0254,9,0.581,56.1,0.531
T0254,10,0.582,55.0,0.518
T0254,11,0.555,59.3,0.473
T0255,0,0.479,46.7,0.309
T0255,1,0.504,46.4,0.349
T0255,2,0.56,48.3,0.338
T0255,3,0.625,48.1,0.374
T0255,4,0.61,48.3,0.373
T0255,5,0.663,47.9,0.361
T0255,6,0.707,46.2,0.341
T0255,7,0.711,45.8,0.37
T0255,8,0.776,45.6,0.362
T0255,9,0.827,45.7,0.421
T0255,10,0.852,45.6,0.389
T0255,11,0.919,44.0,0.414
T0256,0,0.59,34.7,1.0
T0256,1,0.595,38.4,1.0
T0256,2,0.603,42.0,0.972
T0256,3,0.594,39.5,0.999
T0256,4,0.629,39.8,0.977
T0256,5,0.6,42.8,0.975
T0256,6,0.637,48.7,0.943
T0256,7,0.631,47.6,0.96
T0256,8,0.631,48.5,0.976
T0256,9,0.667,50.6,0.974
T0256,10,0.658,51.6,0.94
T0256,11,0.691,54.1,0.954
T0257,0,0.603,65.5,1.0
T0257,1,0.595,65.8,0.979
T0257,2,0.608,63.4,0.937
T0257,3,0.606,63.8,0.914
T0257,4,0.6,63.0,0.869
T0257,5,0.592,61.9,0.835
T0257,6,0.618,63.4,0.823
T0257,7,0.638,63.3,0.786
T0257,8,0.626,65.4,0.757
T0257,9,0.602,63.0,0.702
T0257,10,0.562,58.6,0.691
T0257,11,0.625,61.7,0.699
T0258,0,0.825,27.7,0.39
T0258,1,0.832,33.9,0.376
T0258,2,0.802,30.6,0.389
T0258,3,0.763,31.8,0.382
T0258,4,0.792,30.5,0.356
T0258,5,0.749,34.3,0.388
T0258,6,0.757,35.5,0.359
T0258,7,0.737,38.2,0.348
T0258,8,0.7,38.2,0.327
T0258,9,0.698,41.3,0.337
T0258,10,0.681,42.3,0.354
T0258,11,0.689,43.3,0.351
T0259,0,0.529,41.3,0.698
T0259,1,0.52,41.0,0.671
T0259,2,0.493,42.6,0.644
T0259,3,0.507,43.8,0.647
T0259,4,0.49,44.5,0.663
T0259,5,0.502,43.0,0.615
T0259,6,0.509,41.7,0.624
T0259,7,0.51,43.5,0.604
T0259,8,0.501,43.2,0.573
T0259,9,0.46,43.3,0.568
T0259,10,0.449,43.8,0.61
T0259,11,0.432,44.0,0.561
T0260,0,0.941,60.4,0.708
T0260,1,0.935,59.7,0.687
T0260,2,0.898,58.5,0.684
T0260,3,0.908,58.8,0.684
T0260,4,0.808,54.8,0.65
T0260,5,0.811,58.0,0.642
T0260,6,0.825,58.3,0.66
T0260,7,0.792,57.8,0.646
T0260,8,0.8,57.7,0.628
T0260,9,0.701,54.9,0.653
T0260,10,0.71,56.3,0.606
T0260,11,0.706,55.4,0.578
T0261,0,0.337,43.8,0.708
T0261,1,0.347,46.6,0.724
T0261,2,0.392,46.6,0.665
T0261,3,0.442,43.9,0.651
T0261,4,0.44,44.6,0.619
T0261,5,0.465,46.0,0.595
T0261,6,0.526,44.5,0.619
T0261,7,0.574,48.3,0.594
T0261,8,0.584,46.1,0.556
T0261,9,0.598,43.6,0.556
T0261,10,0.647,45.5,0.566
T0261,11,0.69,44.4,0.512
T0262,0,0.592,47.5,0.727
T0262,1,0.585,47.0,0.71
T0262,2,0.602,48.2,0.681
T0262,3,0.616,50.1,0.66
T0262,4,0.592,51.4,0.713
T0262,5,0.622,51.0,0.655
T0262,6,0.64,53.9,0.665
T0262,7,0.669,55.8,0.647
T0262,8,0.686,53.6,0.658
T0262,9,0.666,54.2,0.645
T0262,10,0.702,58.2,0.608
T0262,11,0.674,55.6,0.59
T0263,0,0.578,42.1,0.31
T0263,1,0.563,44.3,0.301
T0263,2,0.574,42.8,0.326
T0263,3,0.547,41.6,0.313
T0263,4,0.549,42.8,0.318
T0263,5,0.568,45.1,0.322
T0263,6,0.534,44.2,0.307
T0263,7,0.537,45.4,0.294
T0263,8,0.57,43.3,0.287
T0263,9,0.537,44.4,0.339
T0263,10,0.564,46.4,0.322
T0263,11,0.559,43.0,0.29
T0264,0,0.178,51.7,0.509
T0264,1,0.18,53.7,0.494
T0264,2,0.256,51.8,0.48
T0264,3,0.28,54.0,0.484
T0264,4,0.287,48.7,0.507
T0264,5,0.285,51.6,0.494
T0264,6,0.308,52.5,0.471
T0264,7,0.351,51.7,0.483
T0264,8,0.36,54.0,0.441
T0264,9,0.389,49.5,0.453
T0264,10,0.362,49.5,0.483
T0264,11,0.39,50.4,0.442
T0265,0,0.445,80.2,0.718
T0265,1,0.447,83.4,0.732
T0265,2,0.46,83.4,0.716
T0265,3,0.44,83.9,0.707
T0265,4,0.448,85.6,0.703
T0265,5,0.489,87.0,0.709
T0265,6,0.472,82.7,0.692
T0265,7,0.5,82.6,0.687
T0265,8,0.476,82.1,0.685
T0265,9,0.457,85.4,0.672
T0265,10,0.457,83.5,0.65
T0265,11,0.452,82.2,0.656
T0266,0,0.567,52.4,0.587
T0266,1,0.549,52.2,0.627
T0266,2,0.548,52.3,0.651
T0266,3,0.518,51.7,0.681
T0266,4,0.56,56.2,0.693
T0266,5,0.521,54.3,0.701
T0266,6,0.544,55.4,0.772
T0266,7,0.483,58.6,0.675
T0266,8,0.503,56.6,0.744
T0266,9,0.572,58.1,0.793
T0266,10,0.497,57.2,0.762
T0266,11,0.456,58.4,0.781
T0267,0,0.534,55.8,0.23
T0267,1,0.506,53.2,0.25
T0267,2,0.512,53.2,0.277
T0267,3,0.484,55.5,0.279
T0267,4,0.497,54.2,0.277
T0267,5,0.517,52.7,0.28
T0267,6,0.477,54.7,0.275
T0267,7,0.472,54.3,0.306
T0267,8,0.46,56.0,0.335
T0267,9,0.488,56.9,0.369
T0267,10,0.502,55.6,0.378
T0267,11,0.46,56.1,0.386
T0268,0,0.642,70.7,0.752
T0268,1,0.615,68.7,0.741
T0268,2,0.605,70.3,0.704
T0268,3,0.576,69.8,0.709
T0268,4,0.557,72.2,0.707
T0268,5,0.552,72.6,0.705
T0268,6,0.579,72.2,0.712
T0268,7,0.531,71.8,0.704
T0268,8,0.486,72.7,0.696
T0268,9,0.536,70.6,0.688
T0268,10,0.501,70.7,0.726
T0268,11,0.516,70.7,0.737
T0269,0,0.238,43.5,0.641
T0269,1,0.288,47.4,0.649
T0269,2,0.314,48.3,0.656
T0269,3,0.31,48.4,0.677
T0269,4,0.328,50.9,0.697
T0269,5,0.349,49.0,0.713
T0269,6,0.39,50.1,0.711
T0269,7,0.458,48.4,0.685
T0269,8,0.446,51.2,0.718
T0269,9,0.489,52.7,0.734
T0269,10,0.494,54.6,0.695
T0269,11,0.51,53.8,0.735
T0270,0,0.588,64.7,0.789
T0270,1,0.615,66.7,0.757
T0270,2,0.616,65.8,0.767
T0270,3,0.667,63.9,0.755
T0270,4,0.63,68.2,0.765
T0270,5,0.658,67.9,0.751
T0270,6,0.685,61.2,0.792
T0270,7,0.733,65.6,0.776
T0270,8,0.702,61.9,0.777
T0270,9,0.729,61.9,0.766
T0270,10,0.765,65.0,0.801
T0270,11,0.777,67.3,0.783
T0271,0,0.443,70.9,0.442
T0271,1,0.468,68.4,0.494
T0271,2,0.465,69.8,0.47
T0271,3,0.439,69.2,0.455
T0271,4,0.458,69.9,0.464
T0271,5,0.463,68.5,0.491
T0271,6,0.452,69.6,0.485
T0271,7,0.469,69.3,0.507
T0271,8,0.494,68.3,0.483
T0271,9,0.48,70.1,0.501
T0271,10,0.493,68.9,0.529
T0271,11,0.479,69.9,0.538
T0272,0,0.681,77.9,1.0
T0272,1,0.676,76.2,1.0
T0272,2,0.635,73.3,1.0
T0272,3,0.671,69.6,0.953
T0272,4,0.644,73.2,0.966
T0272,5,0.633,73.0,0.952
T0272,6,0.705,70.1,0.976
T0272,7,0.667,68.8,0.968
T0272,8,0.645,65.9,0.916
T0272,9,0.664,69.5,0.925
T0272,10,0.655,65.8,0.958
T0272,11,0.631,67.3,0.939
T0273,0,0.634,37.1,0.234
T0273,1,0.666,39.8,0.3
T0273,2,0.661,37.5,0.306
T0273,3,0.695,39.4,0.262
T0273,4,0.655,41.5,0.311
T0273,5,0.707,42.0,0.321
T0273,6,0.716,40.3,0.353
T0273,7,0.77,43.1,0.341
T0273,8,0.783,43.4,0.363
T0273,9,0.794,42.8,0.359
T0273,10,0.794,44.4,0.357
T0273,11,0.791,44.7,0.387
T0274,0,0.479,51.2,0.611
T0274,1,0.484,50.1,0.614
T0274,2,0.506,48.8,0.65
T0274,3,0.476,50.2,0.608
T0274,4,0.517,52.4,0.611
T0274,5,0.525,50.1,0.581
T0274,6,0.555,51.3,0.535
T0274,7,0.525,53.6,0.62
T0274,8,0.571,55.9,0.576
T0274,9,0.57,53.2,0.58
T0274,10,0.563,53.4,0.58
T0274,11,0.592,52.3,0.536
T0275,0,0.428,56.5,0.367
T0275,1,0.395,52.8,0.368
T0275,2,0.44,53.5,0.356
T0275,3,0.425,52.6,0.386
T0275,4,0.43,54.8,0.402
T0275,5,0.465,54.0,0.397
T0275,6,0.474,56.0,0.363
T0275,7,0.483,54.7,0.412
T0275,8,0.465,54.2,0.372
T0275,9,0.493,53.5,0.408
T0275,10,0.493,55.4,0.43
T0275,11,0.473,51.5,0.394
T0276,0,0.774,47.9,0.492
T0276,1,0.746,52.5,0.457
T0276,2,0.757,49.4,0.446
T0276,3,0.735,53.0,0.472
T0276,4,0.76,54.8,0.459
T0276,5,0.713,53.3,0.482
T0276,6,0.702,52.3,0.498
T0276,7,0.662,52.1,0.51
T0276,8,0.713,53.1,0.504
T0276,9,0.7,56.1,0.527
T0276,10,0.667,56.6,0.521
T0276,11,0.638,51.0,0.519
T0277,0,0.697,41.8,0.648
T0277,1,0.63,45.1,0.663
T0277,2,0.685,43.6,0.662
T0277,3,0.645,44.7,0.63
T0277,4,0.668,45.0,0.612
T0277,5,0.622,47.2,0.585
T0277,6,0.655,46.9,0.576
T0277,7,0.652,47.2,0.558
T0277,8,0.642,48.5,0.58
T0277,9,0.62,49.6,0.565
T0277,10,0.621,48.7,0.509
T0277,11,0.611,51.6,0.487
T0278,0,0.572,64.7,0.637
T0278,1,0.537,65.2,0.613
T0278,2,0.556,67.9,0.584
T0278,3,0.519,64.7,0.599
T0278,4,0.525,59.8,0.582
T0278,5,0.512,66.1,0.584
T0278,6,0.5,63.3,0.579
T0278,7,0.498,61.6,0.519
T0278,8,0.491,60.3,0.501
T0278,9,0.481,61.0,0.55
T0278,10,0.428,61.3,0.5
T0278,11,0.451,63.0,0.479
T0279,0,0.531,60.6,0.821
T0279,1,0.502,60.6,0.867
T0279,2,0.508,62.4,0.822
T0279,3,0.499,60.5,0.87
T0279,4,0.531,63.4,0.868
T0279,5,0.477,61.1,0.86
T0279,6,0.511,60.9,0.839
T0279,7,0.517,60.0,0.837
T0279,8,0.49,60.3,0.895
T0279,9,0.496,60.7,0.878
T0279,10,0.442,57.6,0.91
T0279,11,0.464,58.7,0.844
T0280,0,0.867,65.5,0.356
T0280,1,0.863,63.6,0.358
T0280,2,0.818,64.4,0.392
T0280,3,0.809,61.0,0.433
T0280,4,0.766,57.7,0.459
T0280,5,0.729,60.6,0.437
T0280,6,0.722,59.4,0.436
T0280,7,0.67,61.3,0.501
T0280,8,0.596,56.2,0.56
T0280,9,0.576,52.9,0.55
T0280,10,0.552,54.3,0.573
T0280,11,0.494,53.2,0.575
T0281,0,0.458,57.8,0.503
T0281,1,0.47,58.2,0.463
T0281,2,0.477,56.4,0.491
T0281,3,0.461,51.8,0.497
T0281,4,0.516,55.0,0.451
T0281,5,0.508,54.3,0.476
T0281,6,0.508,53.6,0.445
T0281,7,0.483,52.0,0.431
T0281,8,0.483,49.7,0.438
T0281,9,0.529,52.0,0.398
T0281,10,0.546,53.0,0.387
T0281,11,0.541,47.2,0.394
T0282,0,0.524,59.3,0.837
T0282,1,0.494,58.7,0.816
T0282,2,0.544,60.8,0.812
T0282,3,0.554,60.7,0.8
T0282,4,0.545,59.7,0.782
T0282,5,0.587,56.7,0.789
T0282,6,0.523,58.9,0.768
T0282,7,0.585,59.0,0.8
T0282,8,0.535,59.0,0.728
T0282,9,0.534,59.6,0.757
T0282,10,0.526,56.7,0.766
T0282,11,0.543,54.0,0.7
T0283,0,0.539,61.1,0.643
T0283,1,0.498,59.9,0.633
T0283,2,0.525,60.1,0.605
T0283,3,0.498,61.5,0.572
T0283,4,0.493,61.5,0.539
T0283,5,0.513,60.0,0.558
T0283,6,0.535,55.3,0.526
T0283,7,0.54,58.6,0.528
T0283,8,0.544,58.2,0.49
T0283,9,0.53,56.9,0.518
T0283,10,0.49,54.7,0.481
T0283,11,0.507,54.1,0.503
T0284,0,0.967,50.8,0.667
T0284,1,0.992,53.9,0.64
T0284,2,0.969,52.9,0.679
T0284,3,0.978,52.4,0.709
T0284,4,0.953,50.8,0.684
T0284,5,0.933,54.4,0.694
T0284,6,0.994,57.7,0.669
T0284,7,0.924,59.0,0.675
T0284,8,0.905,61.1,0.719
T0284,9,0.926,60.2,0.716
T0284,10,0.891,62.0,0.698
T0284,11,0.892,64.4,0.735
T0285,0,0.993,50.1,0.384
T0285,1,1.0,48.6,0.34
T0285,2,0.972,49.8,0.393
T0285,3,0.929,46.9,0.394
T0285,4,0.925,49.4,0.354
T0285,5,0.868,47.4,0.392
T0285,6,0.834,50.1,0.367
T0285,7,0.856,48.7,0.417
T0285,8,0.795,49.7,0.391
T0285,9,0.784,47.7,0.391
T0285,10,0.765,48.6,0.391
T0285,11,0.718,50.8,0.42
T0286,0,0.5,70.5,0.473
T0286,1,0.509,68.4,0.497
T0286,2,0.517,69.0,0.486
T0286,3,0.544,68.1,0.488
T0286,4,0.52,65.5,0.466
T0286,5,0.504,70.2,0.481
T0286,6,0.521,64.9,0.472
T0286,7,0.508,66.3,0.481
T0286,8,0.47,69.4,0.489
T0286,9,0.513,65.6,0.438
T0286,10,0.498,69.3,0.472
T0286,11,0.471,68.0,0.466
T0287,0,0.644,46.3,0.49
T0287,1,0.629,46.3,0.483
T0287,2,0.602,45.5,0.447
T0287,3,0.639,46.2,0.42
T0287,4,0.608,47.9,0.481
T0287,5,0.584,46.5,0.4
T0287,6,0.615,47.2,0.415
T0287,7,0.616,46.2,0.457
T0287,8,0.605,48.6,0.414
T0287,9,0.586,43.6,0.368
T0287,10,0.574,43.8,0.354
T0287,11,0.584,42.9,0.404
T0288,0,0.818,59.0,0.532
T0288,1,0.776,60.4,0.522
T0288,2,0.796,60.3,0.542
T0288,3,0.72,55.7,0.518
T0288,4,0.751,58.1,0.518
T0288,5,0.705,57.9,0.558
T0288,6,0.688,55.8,0.555
T0288,7,0.697,52.5,0.559
T0288,8,0.663,52.6,0.607
T0288,9,0.634,53.4,0.583
T0288,10,0.593,53.5,0.558
T0288,11,0.628,52.5,0.613
T0289,0,0.463,73.6,0.666
T0289,1,0.474,71.6,0.677
T0289,2,0.486,69.5,0.661
T0289,3,0.482,67.8,0.618
T0289,4,0.52,66.4,0.616
T0289,5,0.512,64.5,0.577
T0289,6,0.513,64.1,0.56
T0289,7,0.515,61.4,0.579
T0289,8,0.547,60.4,0.553
T0289,9,0.509,55.8,0.554
T0289,10,0.524,57.9,0.549
T0289,11,0.569,55.9,0.507
T0290,0,0.163,64.9,0.693
T0290,1,0.141,65.8,0.701
T0290,2,0.176,64.8,0.688
T0290,3,0.136,64.5,0.734
T0290,4,0.13,62.7,0.66
T0290,5,0.176,66.0,0.594
T0290,6,0.168,67.0,0.604
T0290,7,0.171,64.4,0.635
T0290,8,0.205,66.3,0.607
T0290,9,0.207,66.7,0.558
T0290,10,0.181,66.5,0.602
T0290,11,0.188,64.0,0.533
T0291,0,0.008,40.6,0.655
T0291,1,0.002,46.2,0.661
T0291,2,0.119,45.2,0.657
T0291,3,0.15,43.4,0.674
T0291,4,0.145,48.1,0.664
T0291,5,0.213,45.4,0.738
T0291,6,0.213,47.5,0.662
T0291,7,0.3,47.6,0.731
T0291,8,0.34,48.0,0.71
T0291,9,0.325,45.3,0.679
T0291,10,0.431,48.9,0.689
T0291,11,0.441,48.3,0.702
T0292,0,0.463,63.2,0.516
T0292,1,0.443,64.1,0.537
T0292,2,0.447,64.3,0.522
T0292,3,0.463,65.2,0.479
T0292,4,0.434,64.1,0.514
T0292,5,0.452,67.8,0.494
T0292,6,0.439,68.1,0.495
T0292,7,0.42,70.7,0.48
T0292,8,0.391,67.0,0.43
T0292,9,0.385,70.3,0.481
T0292,10,0.414,70.3,0.5
T0292,11,0.38,70.4,0.495
T0293,0,0.482,56.1,0.371
T0293,1,0.461,54.1,0.426
T0293,2,0.528,55.0,0.381
T0293,3,0.524,55.4,0.381
T0293,4,0.536,55.1,0.444
T0293,5,0.511,55.5,0.415
T0293,6,0.551,54.3,0.416
T0293,7,0.539,55.6,0.437
T0293,8,0.54,56.0,0.424
T0293,9,0.527,55.7,0.462
T0293,10,0.564,51.0,0.438
T0293,11,0.575,53.5,0.478
T0294,0,0.476,65.5,0.347
T0294,1,0.515,65.9,0.371
T0294,2,0.459,63.7,0.375
T0294,3,0.468,59.3,0.408
T0294,4,0.487,60.7,0.431
T0294,5,0.468,57.9,0.457
T0294,6,0.456,55.7,0.454
T0294,7,0.382,53.7,0.465
T0294,8,0.426,54.6,0.498
T0294,9,0.391,52.6,0.513
T0294,10,0.401,53.4,0.509
T0294,11,0.416,51.1,0.539
T0295,0,0.432,74.9,0.756
T0295,1,0.372,74.8,0.736
T0295,2,0.415,77.6,0.743
T0295,3,0.45,74.4,0.757
T0295,4,0.428,74.0,0.735
T0295,5,0.43,75.7,0.738
T0295,6,0.456,71.3,0.752
T0295,7,0.448,72.7,0.765
T0295,8,0.436,73.5,0.761
T0295,9,0.44,73.1,0.741
T0295,10,0.419,71.7,0.745
T0295,11,0.439,69.3,0.737
T0296,0,0.407,51.1,0.802
T0296,1,0.375,49.3,0.804
T0296,2,0.472,50.9,0.855
T0296,3,0.488,47.9,0.862
T0296,4,0.471,51.5,0.81
T0296,5,0.51,52.9,0.814
T0296,6,0.545,49.7,0.843
T0296,7,0.507,48.9,0.87
T0296,8,0.583,54.0,0.878
T0296,9,0.58,52.4,0.851
T0296,10,0.627,52.5,0.887
T0296,11,0.641,51.4,0.853
T0297,0,0.493,52.3,0.458
T0297,1,0.527,51.2,0.429
T0297,2,0.504,51.2,0.438
T0297,3,0.506,52.0,0.429
T0297,4,0.53,52.5,0.423
T0297,5,0.536,54.3,0.427
T0297,6,0.539,50.9,0.414
T0297,7,0.535,51.6,0.39
T0297,8,0.549,53.2,0.375
T0297,9,0.57,50.4,0.357
T0297,10,0.512,54.4,0.374
T0297,11,0.538,51.1,0.39
T0298,0,0.681,69.7,0.978
T0298,1,0.68,69.1,0.955
T0298,2,0.694,68.5,0.984
T0298,3,0.701,69.2,0.962
T0298,4,0.672,68.3,0.971
T0298,5,0.673,68.1,0.943
T0298,6,0.702,67.3,0.953
T0298,7,0.724,69.4,0.96
T0298,8,0.693,69.2,0.962
T0298,9,0.728,68.4,0.962
T0298,10,0.676,70.3,0.954
T0298,11,0.733,68.6,0.915
T0299,0,0.38,62.2,0.505
T0299,1,0.385,62.7,0.516
T0299,2,0.39,64.1,0.551
T0299,3,0.439,63.4,0.59
T0299,4,0.403,63.5,0.586
T0299,5,0.383,66.3,0.619
T0299,6,0.364,60.8,0.633
T0299,7,0.408,63.9,0.629
T0299,8,0.428,62.7,0.642
T0299,9,0.408,65.2,0.617
T0299,10,0.416,61.6,0.67
T0299,11,0.415,66.5,0.707
T0300,0,0.491,55.1,0.371
T0300,1,0.492,55.7,0.319
T0300,2,0.482,56.6,0.38
T0300,3,0.512,55.4,0.356
T0300,4,0.475,57.5,0.399
T0300,5,0.506,57.7,0.388
T0300,6,0.517,57.7,0.382
T0300,7,0.497,59.5,0.42
T0300,8,0.484,55.3,0.385
T0300,9,0.503,55.8,0.399
T0300,10,0.508,55.2,0.424
T0300,11,0.484,57.4,0.393
T0301,0,0.72,46.6,0.53
T0301,1,0.738,44.9,0.582
T0301,2,0.652,48.4,0.569
T0301,3,0.722,47.4,0.568
T0301,4,0.682,44.6,0.533
T0301,5,0.649,48.8,0.545
T0301,6,0.698,50.8,0.538
T0301,7,0.661,50.8,0.585
T0301,8,0.693,46.7,0.532
T0301,9,0.673,50.2,0.565
T0301,10,0.685,49.9,0.541
T0301,11,0.663,51.1,0.566
T0302,0,0.72,27.3,0.311
T0302,1,0.635,30.7,0.313
T0302,2,0.714,33.6,0.301
T0302,3,0.673,35.5,0.334
T0302,4,0.662,36.2,0.266
T0302,5,0.689,36.5,0.302
T0302,6,0.716,35.3,0.331
T0302,7,0.693,35.7,0.288
T0302,8,0.689,39.2,0.293
T0302,9,0.668,40.3,0.286
T0302,10,0.688,39.8,0.325
T0302,11,0.686,42.7,0.307
T0303,0,0.694,65.3,0.34
T0303,1,0.695,63.7,0.367
T0303,2,0.692,65.7,0.379
T0303,3,0.753,62.2,0.366
T0303,4,0.741,63.5,0.395
T0303,5,0.749,61.7,0.439
T0303,6,0.745,59.7,0.392
T0303,7,0.77,56.1,0.43
T0303,8,0.743,58.5,0.446
T0303,9,0.716,57.3,0.489
T0303,10,0.76,58.2,0.467
T0303,11,0.758,55.8,0.5
T0304,0,0.585,59.9,0.505
T0304,1,0.615,61.2,0.55
T0304,2,0.598,58.8,0.548
T0304,3,0.568,60.4,0.574
T0304,4,0.548,59.7,0.602
T0304,5,0.54,58.7,0.61
T0304,6,0.566,58.3,0.644
T0304,7,0.56,56.3,0.655
T0304,8,0.525,59.3,0.689
T0304,9,0.549,56.5,0.705
T0304,10,0.543,59.0,0.687
T0304,11,0.517,56.2,0.723
T0305,0,0.212,56.4,0.926
T0305,1,0.195,54.0,0.884
T0305,2,0.241,54.3,0.909
T0305,3,0.214,53.6,0.865
T0305,4,0.223,52.2,0.849
T0305,5,0.208,54.0,0.859
T0305,6,0.192,52.6,0.863
T0305,7,0.21,50.3,0.849
T0305,8,0.212,51.3,0.865
T0305,9,0.223,48.5,0.843
T0305,10,0.215,49.4,0.81
T0305,11,0.258,43.5,0.78
T0306,0,0.742,46.7,0.112
T0306,1,0.751,45.6,0.144
T0306,2,0.741,47.3,0.135
T0306,3,0.763,47.6,0.171
T0306,4,0.719,48.9,0.161
T0306,5,0.732,48.9,0.211
T0306,6,0.756,48.1,0.211
T0306,7,0.736,47.8,0.209
T0306,8,0.753,47.3,0.251
T0306,9,0.762,51.2,0.274
T0306,10,0.748,47.1,0.245
T0306,11,0.749,48.2,0.329
T0307,0,0.866,37.7,0.194
T0307,1,0.882,39.0,0.227
T0307,2,0.877,40.2,0.26
T0307,3,0.856,37.7,0.235
T0307,4,0.849,35.7,0.237
T0307,5,0.855,37.3,0.218
T0307,6,0.851,36.9,0.273
T0307,7,0.846,38.9,0.259
T0307,8,0.842,40.1,0.224
T0307,9,0.858,39.6,0.278
T0307,10,0.877,39.2,0.243
T0307,11,0.853,39.7,0.237
T0308,0,0.665,65.8,0.559
T0308,1,0.706,65.0,0.538
T0308,2,0.707,65.9,0.558
T0308,3,0.705,68.1,0.533
T0308,4,0.718,64.4,0.496
T0308,5,0.695,62.2,0.537
T0308,6,0.763,59.7,0.531
T0308,7,0.73,63.2,0.527
T0308,8,0.758,61.8,0.562
T0308,9,0.773,59.0,0.495
T0308,10,0.743,58.5,0.501
T0308,11,0.765,55.3,0.473
T0309,0,0.554,62.1,0.375
T0309,1,0.618,57.4,0.383
T0309,2,0.608,57.0,0.375
T0309,3,0.603,56.4,0.403
T0309,4,0.649,54.0,0.407
T0309,5,0.642,57.4,0.425
T0309,6,0.632,54.8,0.467
T0309,7,0.712,52.8,0.474
T0309,8,0.642,52.8,0.464
T0309,9,0.727,53.0,0.489
T0309,10,0.716,50.6,0.498
T0309,11,0.704,49.9,0.486
T0310,0,0.501,34.3,0.809
T0310,1,0.495,38.5,0.82
T0310,2,0.525,39.4,0.827
T0310,3,0.54,41.6,0.777
T0310,4,0.518,43.1,0.79
T0310,5,0.527,45.0,0.766
T0310,6,0.529,44.1,0.773
T0310,7,0.557,46.3,0.751
T0310,8,0.525,45.6,0.757
T0310,9,0.509,47.0,0.701
T0310,10,0.52,47.2,0.708
T0310,11,0.52,50.8,0.715
T0311,0,0.541,59.9,0.221
T0311,1,0.534,61.5,0.209
T0311,2,0.539,58.8,0.213
T0311,3,0.562,55.5,0.209
T0311,4,0.61,56.0,0.244
T0311,5,0.599,53.6,0.226
T0311,6,0.612,50.4,0.238
T0311,7,0.596,51.5,0.222
T0311,8,0.636,48.7,0.236
T0311,9,0.614,47.5,0.2
T0311,10,0.645,46.7,0.25
T0311,11,0.646,49.0,0.25
T0312,0,0.856,68.0,0.537
T0312,1,0.854,65.7,0.562
T0312,2,0.882,64.0,0.574
T0312,3,0.803,65.7,0.601
T0312,4,0.799,64.9,0.582
T0312,5,0.796,64.8,0.603
T0312,6,0.786,65.9,0.581
T0312,7,0.77,64.3,0.595
T0312,8,0.788,63.9,0.607
T0312,9,0.737,67.1,0.584
T0312,10,0.728,65.9,0.635
T0312,11,0.73,62.3,0.665
T0313,0,0.622,66.0,0.659
T0313,1,0.607,63.8,0.653
T0313,2,0.619,63.6,0.691
T0313,3,0.563,63.1,0.659
T0313,4,0.585,63.4,0.709
T0313,5,0.598,62.4,0.719
T0313,6,0.601,62.8,0.739
T0313,7,0.603,62.6,0.729
T0313,8,0.578,61.2,0.784
T0313,9,0.575,62.5,0.778
T0313,10,0.573,60.9,0.776
T0313,11,0.549,59.7,0.775
T0314,0,0.287,71.8,0.945
T0314,1,0.361,73.5,0.954
T0314,2,0.393,72.6,0.951
T0314,3,0.385,71.6,0.952
T0314,4,0.382,73.9,0.93
T0314,5,0.406,75.7,0.957
T0314,6,0.47,73.2,0.971
T0314,7,0.482,73.7,0.93
T0314,8,0.492,72.1,0.949
T0314,9,0.512,70.4,0.961
T0314,10,0.552,71.1,0.951
T0314,11,0.557,72.1,0.954
T0315,0,0.719,54.5,0.932
T0315,1,0.676,52.3,0.9
T0315,2,0.681,53.7,0.928
T0315,3,0.675,55.2,0.828
T0315,4,0.672,54.2,0.841
T0315,5,0.685,49.8,0.804
T0315,6,0.661,53.5,0.811
T0315,7,0.668,51.0,0.773
T0315,8,0.635,53.4,0.693
T0315,9,0.621,54.2,0.723
T0315,10,0.626,51.5,0.695
T0315,11,0.623,53.2,0.705
T0316,0,0.411,48.0,0.374
T0316,1,0.431,48.9,0.354
T0316,2,0.434,48.3,0.359
T0316,3,0.388,45.7,0.32
T0316,4,0.434,47.8,0.318
T0316,5,0.426,46.8,0.322
T0316,6,0.482,46.9,0.325
T0316,7,0.458,47.9,0.327
T0316,8,0.462,47.2,0.286
T0316,9,0.447,45.7,0.324
T0316,10,0.463,47.7,0.336
T0316,11,0.433,48.1,0.279
T0317,0,0.875,54.8,0.622
T0317,1,0.894,52.3,0.615
T0317,2,0.872,50.7,0.563
T0317,3,0.835,52.7,0.607
T0317,4,0.872,52.9,0.544
T0317,5,0.838,52.3,0.511
T0317,6,0.819,47.1,0.515
T0317,7,0.811,46.0,0.475
T0317,8,0.82,45.3,0.466
T0317,9,0.865,42.8,0.48
T0317,10,0.834,39.5,0.417
T0317,11,0.797,39.3,0.415
T0318,0,0.448,55.0,0.494
T0318,1,0.487,58.6,0.461
T0318,2,0.502,58.5,0.487
T0318,3,0.48,57.4,0.466
T0318,4,0.497,57.7,0.45
T0318,5,0.525,60.8,0.387
T0318,6,0.512,59.3,0.43
T0318,7,0.496,64.2,0.397
T0318,8,0.52,61.0,0.404
T0318,9,0.525,66.0,0.394
T0318,10,0.534,63.8,0.367
T0318,11,0.578,65.8,0.41
T0319,0,0.545,45.6,0.729
T0319,1,0.54,45.1,0.713
T0319,2,0.576,46.5,0.715
T0319,3,0.498,48.3,0.687
T0319,4,0.541,47.6,0.677
T0319,5,0.503,45.6,0.672
T0319,6,0.561,46.0,0.63
T0319,7,0.527,44.7,0.603
T0319,8,0.539,46.8,0.618
T0319,9,0.535,45.7,0.587
T0319,10,0.522,45.8,0.58
T0319,11,0.555,44.1,0.55
T0320,0,0.595,63.7,0.937
T0320,1,0.59,65.5,0.914
T0320,2,0.565,65.3,0.909
T0320,3,0.592,67.8,0.921
T0320,4,0.577,66.3,0.907
T0320,5,0.568,65.5,0.906
T0320,6,0.534,64.9,0.925
T0320,7,0.551,67.7,0.876
T0320,8,0.544,70.8,0.926
T0320,9,0.585,63.9,0.927
T0320,10,0.577,68.9,0.935
T0320,11,0.553,66.6,0.946
T0321,0,0.462,69.5,0.524
T0321,1,0.513,69.8,0.48
T0321,2,0.503,66.8,0.514
T0321,3,0.522,64.1,0.469
T0321,4,0.529,64.0,0.472
T0321,5,0.571,63.4,0.425
T0321,6,0.592,62.1,0.465
T0321,7,0.629,60.2,0.455
T0321,8,0.636,61.6,0.439
T0321,9,0.632,60.4,0.428
T0321,10,0.663,57.2,0.454
T0321,11,0.653,56.7,0.375
T0322,0,0.506,51.6,0.517
T0322,1,0.51,53.4,0.543
T0322,2,0.467,53.8,0.574
T0322,3,0.52,52.9,0.543
T0322,4,0.456,57.0,0.54
T0322,5,0.456,59.4,0.505
T0322,6,0.441,59.4,0.524
T0322,7,0.434,61.1,0.499
T0322,8,0.464,58.7,0.501
T0322,9,0.471,60.2,0.493
T0322,10,0.455,61.9,0.486
T0322,11,0.411,59.4,0.497
T0323,0,0.679,37.2,0.102
T0323,1,0.655,36.8,0.122
T0323,2,0.705,37.7,0.125
T0323,3,0.67,35.6,0.111
T0323,4,0.719,35.2,0.111
T0323,5,0.684,33.1,0.112
T0323,6,0.743,31.3,0.113
T0323,7,0.689,33.0,0.107
T0323,8,0.746,32.3,0.124
T0323,9,0.731,28.7,0.135
T0323,10,0.717,30.0,0.139
T0323,11,0.769,32.0,0.1
T0324,0,0.34,46.1,0.147
T0324,1,0.385,46.8,0.147
T0324,2,0.401,47.2,0.12
T0324,3,0.423,46.1,0.152
T0324,4,0.472,45.4,0.205
T0324,5,0.476,46.2,0.194
T0324,6,0.497,44.3,0.211
T0324,7,0.481,41.3,0.236
T0324,8,0.459,43.4,0.245
T0324,9,0.505,40.8,0.259
T0324,10,0.501,39.5,0.297
T0324,11,0.53,42.4,0.281
T0325,0,0.388,40.9,0.485
T0325,1,0.365,45.4,0.422
T0325,2,0.404,47.3,0.445
T0325,3,0.37,46.0,0.49
T0325,4,0.416,45.0,0.465
T0325,5,0.397,49.1,0.443
T0325,6,0.385,49.9,0.441
T0325,7,0.388,52.8,0.458
T0325,8,0.4,54.8,0.47
T0325,9,0.429,53.1,0.422
T0325,10,0.432,55.0,0.422
T0325,11,0.405,59.0,0.423
T0326,0,0.784,55.5,0.825
T0326,1,0.813,55.5,0.806
T0326,2,0.837,52.2,0.818
T0326,3,0.843,52.7,0.77
T0326,4,0.787,54.3,0.824
T0326,5,0.828,54.7,0.787
T0326,6,0.779,49.6,0.785
T0326,7,0.784,51.3,0.787
T0326,8,0.817,51.1,0.787
T0326,9,0.806,49.2,0.774
T0326,10,0.792,50.8,0.749
T0326,11,0.748,49.4,0.788
T0327,0,0.374,54.6,0.948
T0327,1,0.437,53.9,0.943
T0327,2,0.44,53.7,0.902
T0327,3,0.483,53.1,0.881
T0327,4,0.473,54.1,0.845
T0327,5,0.514,56.0,0.876
T0327,6,0.533,55.7,0.832
T0327,7,0.535,53.5,0.849
T0327,8,0.567,50.4,0.805
T0327,9,0.607,52.9,0.785
T0327,10,0.622,52.9,0.736
T0327,11,0.613,53.9,0.726
T0328,0,0.704,79.5,0.886
T0328,1,0.67,79.1,0.879
T0328,2,0.638,80.4,0.908
T0328,3,0.622,76.1,0.837
T0328,4,0.617,80.3,0.824
T0328,5,0.587,78.8,0.829
T0328,6,0.536,75.2,0.844
T0328,7,0.518,75.8,0.827
T0328,8,0.554,75.7,0.821
T0328,9,0.502,76.4,0.826
T0328,10,0.489,73.3,0.835
T0328,11,0.452,77.8,0.811
T0329,0,0.852,52.1,0.353
T0329,1,0.839,52.8,0.346
T0329,2,0.838,52.8,0.377
T0329,3,0.839,48.8,0.333
T0329,4,0.802,49.3,0.371
T0329,5,0.804,45.6,0.35
T0329,6,0.814,47.2,0.358
T0329,7,0.774,46.7,0.391
T0329,8,0.798,46.3,0.346
T0329,9,0.769,46.0,0.34
T0329,10,0.752,44.7,0.372
T0329,11,0.762,45.4,0.367
T0330,0,0.12,49.8,0.809
T0330,1,0.126,52.9,0.825
T0330,2,0.172,54.3,0.849
T0330,3,0.146,55.0,0.832
T0330,4,0.186,52.8,0.818
T0330,5,0.196,55.1,0.813
T0330,6,0.217,54.2,0.765
T0330,7,0.205,58.0,0.791
T0330,8,0.179,56.4,0.752
T0330,9,0.241,55.2,0.72
T0330,10,0.213,56.3,0.745
T0330,11,0.24,57.2,0.708
T0331,0,0.594,58.5,0.484
T0331,1,0.615,57.6,0.492
T0331,2,0.567,54.7,0.477
T0331,3,0.559,57.1,0.552
T0331,4,0.608,57.1,0.567
T0331,5,0.543,56.2,0.546
T0331,6,0.554,54.7,0.577
T0331,7,0.558,55.5,0.553
T0331,8,0.594,52.1,0.571
T0331,9,0.559,52.5,0.599
T0331,10,0.571,53.7,0.595
T0331,11,0.6,55.6,0.597
T0332,0,0.867,39.1,0.506
T0332,1,0.828,38.8,0.507
T0332,2,0.783,43.0,0.519
T0332,3,0.769,39.5,0.514
T0332,4,0.743,41.7,0.533
T0332,5,0.711,42.1,0.576
T0332,6,0.741,42.2,0.556
T0332,7,0.694,41.8,0.589
T0332,8,0.674,40.8,0.649
T0332,9,0.675,42.7,0.618
T0332,10,0.6,44.3,0.637
T0332,11,0.584,41.7,0.653
T0333,0,0.691,48.1,0.445
T0333,1,0.66,46.8,0.439
T0333,2,0.672,45.2,0.432
T0333,3,0.671,47.9,0.412
T0333,4,0.679,44.4,0.398
T0333,5,0.694,46.7,0.337
T0333,6,0.683,46.2,0.351
T0333,7,0.66,44.6,0.372
T0333,8,0.752,44.6,0.317
T0333,9,0.712,47.4,0.29
T0333,10,0.753,41.1,0.273
T0333,11,0.75,45.4,0.269
T0334,0,0.623,57.8,0.778
T0334,1,0.634,54.8,0.798
T0334,2,0.624,55.7,0.784
T0334,3,0.612,59.7,0.75
T0334,4,0.62,56.4,0.754
T0334,5,0.649,54.2,0.736
T0334,6,0.61,55.0,0.714
T0334,7,0.577,54.7,0.745
T0334,8,0.697,52.9,0.686
T0334,9,0.629,52.4,0.682
T0334,10,0.678,56.6,0.678
T0334,11,0.65,54.4,0.647
T0335,0,0.765,74.2,1.0
T0335,1,0.733,67.1,1.0
T0335,2,0.741,68.9,1.0
T0335,3,0.735,70.2,0.984
T0335,4,0.684,66.4,1.0
T0335,5,0.686,68.6,0.965
T0335,6,0.698,66.2,0.966
T0335,7,0.65,64.4,0.984
T0335,8,0.63,64.0,0.944
T0335,9,0.596,62.0,0.956
T0335,10,0.592,63.7,0.955
T0335,11,0.584,62.7,0.928
T0336,0,0.656,73.9,0.495
T0336,1,0.65,73.6,0.473
T0336,2,0.659,73.9,0.466
T0336,3,0.618,76.6,0.468
T0336,4,0.592,76.6,0.417
T0336,5,0.606,78.2,0.415
T0336,6,0.575,76.0,0.467
T0336,7,0.587,77.8,0.437
T0336,8,0.53,77.7,0.422
T0336,9,0.537,78.4,0.398
T0336,10,0.515,77.8,0.396
T0336,11,0.509,78.3,0.383
T0337,0,0.216,48.1,0.192
T0337,1,0.206,48.5,0.212
T0337,2,0.23,46.6,0.22
T0337,3,0.282,45.8,0.203
T0337,4,0.286,44.6,0.24
T0337,5,0.26,47.0,0.23
T0337,6,0.292,47.1,0.223
T0337,7,0.343,44.4,0.247
T0337,8,0.299,45.3,0.277
T0337,9,0.386,43.3,0.254
T0337,10,0.399,44.7,0.286
T0337,11,0.371,44.9,0.269
T0338,0,0.702,67.5,0.782
T0338,1,0.716,68.2,0.858
T0338,2,0.674,68.6,0.838
T0338,3,0.734,69.3,0.844
T0338,4,0.699,66.0,0.887
T0338,5,0.692,65.6,0.9
T0338,6,0.681,66.2,0.924
T0338,7,0.677,64.5,0.93
T0338,8,0.698,62.4,0.945
T0338,9,0.663,61.7,0.97
T0338,10,0.634,62.2,0.959
T0338,11,0.658,62.6,0.942
T0339,0,0.489,78.2,0.91
T0339,1,0.51,75.5,0.888
T0339,2,0.467,75.5,0.868
T0339,3,0.496,71.8,0.865
T0339,4,0.448,72.4,0.839
T0339,5,0.474,71.0,0.79
T0339,6,0.439,66.0,0.763
T0339,7,0.444,66.4,0.775
T0339,8,0.427,63.7,0.76
T0339,9,0.383,66.7,0.73
T0339,10,0.401,61.4,0.687
T0339,11,0.377,58.8,0.662
T0340,0,0.478,80.3,0.814
T0340,1,0.468,80.4,0.777
T0340,2,0.472,77.5,0.796
T0340,3,0.45,75.3,0.747
T0340,4,0.435,76.1,0.772
T0340,5,0.452,71.0,0.735
T0340,6,0.478,71.3,0.752
T0340,7,0.45,69.3,0.725
T0340,8,0.427,65.5,0.785
T0340,9,0.4,67.4,0.731
T0340,10,0.448,62.3,0.734
T0340,11,0.47,64.3,0.727
T0341,0,0.558,56.0,0.894
T0341,1,0.586,56.3,0.928
T0341,2,0.552,57.2,0.926
T0341,3,0.545,58.8,0.905
T0341,4,0.524,57.8,0.91
T0341,5,0.522,56.9,0.887
T0341,6,0.518,56.4,0.869
T0341,7,0.494,56.1,0.863
T0341,8,0.477,60.1,0.85
T0341,9,0.456,58.3,0.835
T0341,10,0.461,56.7,0.89
T0341,11,0.453,59.7,0.83
T0342,0,0.221,72.4,0.636
T0342,1,0.185,72.3,0.637
T0342,2,0.177,72.6,0.639
T0342,3,0.279,74.1,0.685
T0342,4,0.211,75.2,0.708
T0342,5,0.212,72.4,0.701
T0342,6,0.214,70.5,0.745
T0342,7,0.269,70.7,0.727
T0342,8,0.296,72.9,0.79
T0342,9,0.282,73.7,0.803
T0342,10,0.332,72.2,0.799
T0342,11,0.267,77.5,0.812
T0343,0,0.858,58.4,0.456
T0343,1,0.795,60.4,0.392
T0343,2,0.837,59.3,0.463
T0343,3,0.785,60.0,0.453
T0343,4,0.758,57.7,0.431
T0343,5,0.744,59.0,0.385
T0343,6,0.702,55.6,0.42
T0343,7,0.654,53.7,0.412
T0343,8,0.651,59.5,0.411
T0343,9,0.588,53.7,0.415
T0343,10,0.595,61.3,0.365
T0343,11,0.565,59.6,0.374
T0344,0,0.439,53.2,0.371
T0344,1,0.475,59.3,0.385
T0344,2,0.462,52.1,0.368
T0344,3,0.412,54.4,0.377
T0344,4,0.425,55.7,0.343
T0344,5,0.49,53.6,0.362
T0344,6,0.502,54.9,0.357
T0344,7,0.455,55.6,0.325
T0344,8,0.517,56.1,0.326
T0344,9,0.522,54.9,0.281
T0344,10,0.515,55.5,0.296
T0344,11,0.505,58.0,0.277
T0345,0,0.447,47.1,0.84
T0345,1,0.471,45.6,0.814
T0345,2,0.484,47.8,0.818
T0345,3,0.462,45.7,0.881
T0345,4,0.506,48.9,0.846
T0345,5,0.56,48.8,0.823
T0345,6,0.558,48.8,0.853
T0345,7,0.576,48.3,0.836
T0345,8,0.561,48.3,0.835
T0345,9,0.589,48.7,0.809
T0345,10,0.613,50.0,0.802
T0345,11,0.581,50.5,0.793
T0346,0,0.379,53.6,0.294
T0346,1,0.39,56.2,0.28
T0346,2,0.399,57.2,0.344
T0346,3,0.398,59.6,0.351
T0346,4,0.397,58.2,0.32
T0346,5,0.369,60.4,0.345
T0346,6,0.344,57.3,0.335
T0346,7,0.333,61.6,0.382
T0346,8,0.372,61.8,0.381
T0346,9,0.391,63.0,0.362
T0346,10,0.402,63.2,0.382
T0346,11,0.364,62.9,0.423
T0347,0,0.553,53.1,0.542
T0347,1,0.561,53.7,0.537
T0347,2,0.614,49.6,0.496
T0347,3,0.619,51.0,0.531
T0347,4,0.67,49.8,0.463
T0347,5,0.668,48.5,0.459
T0347,6,0.665,47.2,0.442
T0347,7,0.724,45.8,0.432
T0347,8,0.715,47.6,0.393
T0347,9,0.752,47.8,0.345
T0347,10,0.779,47.7,0.37
T0347,11,0.818,47.1,0.326
T0348,0,0.415,57.5,0.917
T0348,1,0.418,57.8,0.89
T0348,2,0.434,55.3,0.926
T0348,3,0.459,56.5,0.917
T0348,4,0.448,56.1,0.878
T0348,5,0.486,56.5,0.891
T0348,6,0.489,55.2,0.908
T0348,7,0.499,55.1,0.911
T0348,8,0.528,56.6,0.878
T0348,9,0.524,53.0,0.809
T0348,10,0.559,54.6,0.864
T0348,11,0.566,51.7,0.838
T0349,0,0.627,36.8,0.285
T0349,1,0.658,38.7,0.315
T0349,2,0.621,37.6,0.349
T0349,3,0.69,35.0,0.288
T0349,4,0.715,39.3,0.302
T0349,5,0.706,39.8,0.327
T0349,6,0.773,40.6,0.314
T0349,7,0.762,37.5,0.33
T0349,8,0.794,35.9,0.336
T0349,9,0.778,37.8,0.327
T0349,10,0.807,41.1,0.361
T0349,11,0.863,37.7,0.369
T0350,0,0.651,46.9,0.333
T0350,1,0.612,46.5,0.323
T0350,2,0.583,47.6,0.344
T0350,3,0.57,46.8,0.337
T0350,4,0.598,48.4,0.361
T0350,5,0.61,52.1,0.418
T0350,6,0.558,49.9,0.392
T0350,7,0.566,47.5,0.412
T0350,8,0.556,50.6,0.405
T0350,9,0.541,49.2,0.431
T0350,10,0.535,53.3,0.432
T0350,11,0.526,50.5,0.478
T0351,0,0.857,70.2,0.845
T0351,1,0.801,70.7,0.851
T0351,2,0.874,67.7,0.832
T0351,3,0.804,68.3,0.849
T0351,4,0.804,66.8,0.847
T0351,5,0.764,67.8,0.853
T0351,6,0.752,67.1,0.859
T0351,7,0.7,65.9,0.849
T0351,8,0.717,65.5,0.852
T0351,9,0.681,63.5,0.853
T0351,10,0.615,65.5,0.908
T0351,11,0.632,63.1,0.861
T0352,0,0.704,54.4,0.1
T0352,1,0.645,54.9,0.124
T0352,2,0.659,55.5,0.138
T0352,3,0.723,54.2,0.121
T0352,4,0.681,54.9,0.151
T0352,5,0.674,54.4,0.148
T0352,6,0.639,52.8,0.166
T0352,7,0.662,54.4,0.171
T0352,8,0.58,54.2,0.176
T0352,9,0.631,53.4,0.205
T0352,10,0.589,52.8,0.186
T0352,11,0.598,54.4,0.248
T0353,0,0.796,58.7,0.967
T0353,1,0.764,56.1,0.95
T0353,2,0.761,59.9,0.933
T0353,3,0.732,62.2,0.981
T0353,4,0.737,61.8,0.935
T0353,5,0.751,62.0,0.946
T0353,6,0.682,63.5,0.933
T0353,7,0.685,65.2,0.943
T0353,8,0.708,68.3,0.912
T0353,9,0.663,67.6,0.934
T0353,10,0.669,67.8,0.903
T0353,11,0.626,70.5,0.912
T0354,0,0.592,56.1,0.105
T0354,1,0.605,57.5,0.116
T0354,2,0.624,56.8,0.154
T0354,3,0.592,58.4,0.134
T0354,4,0.62,59.0,0.134
T0354,5,0.645,59.4,0.139
T0354,6,0.684,58.1,0.142
T0354,7,0.688,56.5,0.196
T0354,8,0.682,58.5,0.162
T0354,9,0.667,59.4,0.211
T0354,10,0.674,62.0,0.205
T0354,11,0.708,61.8,0.192
T0355,0,0.735,32.5,0.516
T0355,1,0.745,33.7,0.494
T0355,2,0.693,35.1,0.519
T0355,3,0.658,31.9,0.499
T0355,4,0.693,39.3,0.466
T0355,5,0.696,39.8,0.487
T0355,6,0.684,37.9,0.477
T0355,7,0.689,39.7,0.441
T0355,8,0.64,39.7,0.453
T0355,9,0.64,42.6,0.443
T0355,10,0.655,46.3,0.427
T0355,11,0.64,46.1,0.437
T0356,0,0.672,45.4,0.269
T0356,1,0.671,45.4,0.263
T0356,2,0.671,44.8,0.253
T0356,3,0.679,45.6,0.282
T0356,4,0.644,42.8,0.258
T0356,5,0.653,44.7,0.266
T0356,6,0.67,42.1,0.282
T0356,7,0.677,40.8,0.259
T0356,8,0.647,43.1,0.291
T0356,9,0.656,47.1,0.272
T0356,10,0.682,40.8,0.259
T0356,11,0.692,42.9,0.267
T0357,0,0.962,60.8,0.432
T0357,1,0.903,60.9,0.498
T0357,2,0.827,62.5,0.475
T0357,3,0.833,62.3,0.473
T0357,4,0.825,61.7,0.489
T0357,5,0.767,63.6,0.471
T0357,6,0.72,59.0,0.482
T0357,7,0.689,60.7,0.472
T0357,8,0.664,63.5,0.491
T0357,9,0.648,64.9,0.483
T0357,10,0.581,66.9,0.513
T0357,11,0.562,65.8,0.504
T0358,0,0.669,54.2,0.663
T0358,1,0.64,54.9,0.644
T0358,2,0.67,56.4,0.616
T0358,3,0.632,54.6,0.613
T0358,4,0.626,57.6,0.573
T0358,5,0.615,55.4,0.604
T0358,6,0.586,53.8,0.633
T0358,7,0.56,55.7,0.616
T0358,8,0.545,58.2,0.59
T0358,9,0.515,55.7,0.602
T0358,10,0.504,58.5,0.615
T0358,11,0.502,56.4,0.565
T0359,0,0.506,40.4,0.474
T0359,1,0.487,40.5,0.469
T0359,2,0.506,41.6,0.454
T0359,3,0.536,43.2,0.447
T0359,4,0.519,42.9,0.421
T0359,5,0.532,41.3,0.372
T0359,6,0.481,43.2,0.418
T0359,7,0.509,42.5,0.39
T0359,8,0.541,42.6,0.34
T0359,9,0.545,41.9,0.353
T0359,10,0.528,41.9,0.364
T0359,11,0.576,42.9,0.316
T0360,0,0.53,54.1,0.665
T0360,1,0.503,53.5,0.617
T0360,2,0.545,52.9,0.626
T0360,3,0.534,56.7,0.646
T0360,4,0.501,55.8,0.643
T0360,5,0.51,56.6,0.575
T0360,6,0.545,55.4,0.556
T0360,7,0.522,56.0,0.591
T0360,8,0.514,58.2,0.536
T0360,9,0.558,56.8,0.56
T0360,10,0.536,57.6,0.534
T0360,11,0.549,56.3,0.492
T0361,0,0.598,44.6,0.359
T0361,1,0.594,43.7,0.345
T0361,2,0.629,44.9,0.355
T0361,3,0.664,44.2,0.362
T0361,4,0.66,45.9,0.329
T0361,5,0.684,44.5,0.358
T0361,6,0.767,49.9,0.356
T0361,7,0.741,47.1,0.389
T0361,8,0.8,48.2,0.345
T0361,9,0.826,50.4,0.369
T0361,10,0.83,52.6,0.32
T0361,11,0.869,51.6,0.294
T0362,0,0.662,58.0,0.524
T0362,1,0.637,55.6,0.533
T0362,2,0.657,57.4,0.532
T0362,3,0.627,57.3,0.538
T0362,4,0.641,52.4,0.529
T0362,5,0.619,56.2,0.489
T0362,6,0.598,56.2,0.493
T0362,7,0.599,52.6,0.559
T0362,8,0.548,56.6,0.5
T0362,9,0.545,55.4,0.51
T0362,10,0.56,50.8,0.541
T0362,11,0.53,54.7,0.581
T0363,0,0.984,30.6,0.513
T0363,1,0.958,31.5,0.539
T0363,2,0.97,28.5,0.532
T0363,3,0.943,34.1,0.462
T0363,4,0.921,34.3,0.463
T0363,5,0.897,33.6,0.442
T0363,6,0.854,37.3,0.406
T0363,7,0.799,34.7,0.408
T0363,8,0.83,37.8,0.391
T0363,9,0.792,37.2,0.335
T0363,10,0.756,40.9,0.376
T0363,11,0.766,37.8,0.298
T0364,0,0.746,53.6,0.601
T0364,1,0.782,53.3,0.574
T0364,2,0.709,53.3,0.587
T0364,3,0.737,52.7,0.563
T0364,4,0.712,52.9,0.575
T0364,5,0.729,53.4,0.545
T0364,6,0.74,52.6,0.568
T0364,7,0.737,59.7,0.562
T0364,8,0.738,56.6,0.539
T0364,9,0.731,56.3,0.558
T0364,10,0.662,56.9,0.581
T0364,11,0.685,58.8,0.58
T0365,0,0.602,40.7,0.178
T0365,1,0.565,40.1,0.202
T0365,2,0.581,44.1,0.219
T0365,3,0.553,44.0,0.227
T0365,4,0.558,43.3,0.193
T0365,5,0.577,45.2,0.237
T0365,6,0.535,45.6,0.231
T0365,7,0.521,46.8,0.256
T0365,8,0.514,44.7,0.283
T0365,9,0.5,44.8,0.358
T0365,10,0.51,46.7,0.287
T0365,11,0.482,49.2,0.319
T0366,0,0.538,64.1,0.564
T0366,1,0.548,62.2,0.605
T0366,2,0.525,61.2,0.624
T0366,3,0.543,58.9,0.572
T0366,4,0.548,61.1,0.6
T0366,5,0.571,59.9,0.589
T0366,6,0.561,59.8,0.516
T0366,7,0.59,57.5,0.521
T0366,8,0.562,58.3,0.585
T0366,9,0.616,57.4,0.556
T0366,10,0.58,60.7,0.561
T0366,11,0.619,57.2,0.553
T0367,0,0.663,47.6,0.204
T0367,1,0.642,47.6,0.195
T0367,2,0.646,47.2,0.249
T0367,3,0.651,47.0,0.229
T0367,4,0.622,48.4,0.249
T0367,5,0.647,47.4,0.271
T0367,6,0.583,46.6,0.257
T0367,7,0.565,45.5,0.288
T0367,8,0.579,48.2,0.273
T0367,9,0.539,44.9,0.293
T0367,10,0.523,45.9,0.286
T0367,11,0.577,44.3,0.297
T0368,0,0.481,48.9,0.328
T0368,1,0.509,49.2,0.337
T0368,2,0.521,49.9,0.355
T0368,3,0.522,51.5,0.365
T0368,4,0.546,53.1,0.36
T0368,5,0.491,52.3,0.327
T0368,6,0.527,52.8,0.399
T0368,7,0.533,57.4,0.397
T0368,8,0.546,57.1,0.418
T0368,9,0.558,59.3,0.392
T0368,10,0.5,58.5,0.39
T0368,11,0.539,60.7,0.398
T0369,0,0.624,63.7,0.488
T0369,1,0.621,59.8,0.485
T0369,2,0.624,64.8,0.55
T0369,3,0.618,64.7,0.489
T0369,4,0.584,62.3,0.563
T0369,5,0.586,63.9,0.538
T0369,6,0.546,64.8,0.541
T0369,7,0.556,64.2,0.62
T0369,8,0.552,63.2,0.581
T0369,9,0.518,63.8,0.586
T0369,10,0.509,64.7,0.576
T0369,11,0.515,63.2,0.598
T0370,0,0.236,44.1,0.248
T0370,1,0.256,44.1,0.238
T0370,2,0.237,45.9,0.243
T0370,3,0.305,47.7,0.299
T0370,4,0.325,47.6,0.294
T0370,5,0.352,47.7,0.272
T0370,6,0.325,47.9,0.322
T0370,7,0.342,48.2,0.308
T0370,8,0.357,48.8,0.322
T0370,9,0.37,50.4,0.335
T0370,10,0.352,50.0,0.327
T0370,11,0.425,52.9,0.367
T0371,0,0.238,67.9,0.16
T0371,1,0.215,66.1,0.112
T0371,2,0.214,66.1,0.148
T0371,3,0.23,65.8,0.131
T0371,4,0.243,66.6,0.163
T0371,5,0.242,64.1,0.114
T0371,6,0.254,62.4,0.18
T0371,7,0.257,62.5,0.138
T0371,8,0.274,63.1,0.148
T0371,9,0.244,62.3,0.193
T0371,10,0.286,62.4,0.162
T0371,11,0.258,63.3,0.151
T0372,0,0.24,39.6,0.107
T0372,1,0.235,42.7,0.12
T0372,2,0.272,43.3,0.113
T0372,3,0.272,39.7,0.135
T0372,4,0.291,42.8,0.155
T0372,5,0.301,41.4,0.103
T0372,6,0.275,44.2,0.138
T0372,7,0.309,42.3,0.137
T0372,8,0.32,43.1,0.159
T0372,9,0.298,44.8,0.128
T0372,10,0.324,42.4,0.2
T0372,11,0.356,42.4,0.161
T0373,0,0.462,68.1,0.454
T0373,1,0.459,66.0,0.466
T0373,2,0.461,66.4,0.491
T0373,3,0.439,58.3,0.481
T0373,4,0.384,63.6,0.537
T0373,5,0.457,61.2,0.585
T0373,6,0.458,62.4,0.568
T0373,7,0.425,61.7,0.57
T0373,8,0.378,60.3,0.565
T0373,9,0.38,56.3,0.6
T0373,10,0.407,55.3,0.598
T0373,11,0.375,55.8,0.615
T0374,0,0.039,44.2,0.674
T0374,1,0.081,45.7,0.661
T0374,2,0.092,49.5,0.665
T0374,3,0.196,50.6,0.701
T0374,4,0.21,50.9,0.702
T0374,5,0.256,51.2,0.723
T0374,6,0.238,53.4,0.725
T0374,7,0.308,54.1,0.716
T0374,8,0.323,55.4,0.729
T0374,9,0.37,58.5,0.722
T0374,10,0.391,61.7,0.728
T0374,11,0.433,62.6,0.736
T0375,0,0.533,72.7,0.831
T0375,1,0.509,70.4,0.835
T0375,2,0.467,70.9,0.857
T0375,3,0.472,70.2,0.839
T0375,4,0.428,69.3,0.819
T0375,5,0.365,73.8,0.855
T0375,6,0.369,72.2,0.844
T0375,7,0.346,71.6,0.85
T0375,8,0.305,69.6,0.854
T0375,9,0.323,69.3,0.856
T0375,10,0.246,72.1,0.849
T0375,11,0.272,69.6,0.852
T0376,0,0.95,53.0,1.0
T0376,1,0.917,53.4,0.967
T0376,2,0.915,52.9,0.963
T0376,3,0.905,56.2,0.924
T0376,4,0.81,56.8,0.913
T0376,5,0.816,55.7,0.867
T0376,6,0.744,55.1,0.84
T0376,7,0.754,58.5,0.857
T0376,8,0.741,57.4,0.778
T0376,9,0.684,57.5,0.774
T0376,10,0.688,60.3,0.741
T0376,11,0.605,59.4,0.745
T0377,0,0.734,66.9,0.392
T0377,1,0.744,64.3,0.438
T0377,2,0.714,67.5,0.467
T0377,3,0.795,65.2,0.417
T0377,4,0.722,63.2,0.435
T0377,5,0.749,66.1,0.43
T0377,6,0.784,62.6,0.468
T0377,7,0.755,64.8,0.439
T0377,8,0.806,64.2,0.468
T0377,9,0.784,62.5,0.489
T0377,10,0.79,64.1,0.464
T0377,11,0.828,65.9,0.478
T0378,0,0.439,48.6,0.124
T0378,1,0.432,45.8,0.104
T0378,2,0.486,47.1,0.133
T0378,3,0.499,48.2,0.133
T0378,4,0.557,45.6,0.106
T0378,5,0.522,48.3,0.128
T0378,6,0.57,50.7,0.1
T0378,7,0.573,45.5,0.1
T0378,8,0.626,46.9,0.113
T0378,9,0.623,44.7,0.102
T0378,10,0.696,47.7,0.1
T0378,11,0.712,47.4,0.113
T0379,0,0.791,54.0,0.277
T0379,1,0.716,51.4,0.306
T0379,2,0.71,51.0,0.289
T0379,3,0.672,50.5,0.229
T0379,4,0.664,48.0,0.317
T0379,5,0.596,49.4,0.286
T0379,6,0.605,47.1,0.285
T0379,7,0.577,49.2,0.306
T0379,8,0.509,45.8,0.321
T0379,9,0.47,42.9,0.295
T0379,10,0.485,44.3,0.274
T0379,11,0.457,39.2,0.269
T0380,0,0.75,42.7,0.672
T0380,1,0.805,42.0,0.654
T0380,2,0.768,41.6,0.666
T0380,3,0.762,41.4,0.652
T0380,4,0.744,45.9,0.623
T0380,5,0.721,44.2,0.658
T0380,6,0.749,45.4,0.667
T0380,7,0.746,49.7,0.638
T0380,8,0.739,50.9,0.601
T0380,9,0.706,46.3,0.628
T0380,10,0.73,51.0,0.608
T0380,11,0.723,50.6,0.635
T0381,0,0.72,42.9,0.17
T0381,1,0.679,42.0,0.218
T0381,2,0.79,42.5,0.234
T0381,3,0.744,42.5,0.252
T0381,4,0.753,42.8,0.289
T0381,5,0.721,43.0,0.264
T0381,6,0.767,44.7,0.31
T0381,7,0.749,42.6,0.309
T0381,8,0.761,44.7,0.269
T0381,9,0.768,41.2,0.303
T0381,10,0.757,43.5,0.315
T0381,11,0.768,45.1,0.341
T0382,0,0.439,52.4,0.737
T0382,1,0.419,51.5,0.712
T0382,2,0.442,50.9,0.696
T0382,3,0.393,53.2,0.688
T0382,4,0.435,54.1,0.713
T0382,5,0.437,54.1,0.689
T0382,6,0.467,55.5,0.684
T0382,7,0.456,57.9,0.644
T0382,8,0.445,58.9,0.631
T0382,9,0.454,58.4,0.678
T0382,10,0.453,61.6,0.652
T0382,11,0.486,62.6,0.627
T0383,0,0.616,68.9,0.575
T0383,1,0.603,67.5,0.598
T0383,2,0.624,69.0,0.585
T0383,3,0.615,72.1,0.644
T0383,4,0.649,69.0,0.604
T0383,5,0.652,66.7,0.602
T0383,6,0.645,68.5,0.603
T0383,7,0.612,67.3,0.586
T0383,8,0.615,65.5,0.621
T0383,9,0.644,67.7,0.601
T0383,10,0.581,68.6,0.613
T0383,11,0.624,66.7,0.58
T0384,0,0.543,49.2,0.86
T0384,1,0.521,52.7,0.84
T0384,2,0.527,48.8,0.839
T0384,3,0.487,52.9,0.784
T0384,4,0.498,51.2,0.744
T0384,5,0.45,53.1,0.775
T0384,6,0.452,52.6,0.76
T0384,7,0.395,51.4,0.702
T0384,8,0.37,50.0,0.719
T0384,9,0.377,48.4,0.706
T0384,10,0.372,49.1,0.68
T0384,11,0.323,50.0,0.626
T0385,0,0.702,55.9,0.387
T0385,1,0.668,58.7,0.42
T0385,2,0.653,59.8,0.396
T0385,3,0.694,55.2,0.436
T0385,4,0.703,53.3,0.431
T0385,5,0.657,51.4,0.42
T0385,6,0.697,53.9,0.414
T0385,7,0.689,53.5,0.431
T0385,8,0.704,53.3,0.413
T0385,9,0.668,51.8,0.44
T0385,10,0.723,51.4,0.402
T0385,11,0.695,51.1,0.459
T0386,0,0.855,49.6,0.688
T0386,1,0.822,49.0,0.668
T0386,2,0.808,49.7,0.708
T0386,3,0.879,47.7,0.706
T0386,4,0.811,51.9,0.739
T0386,5,0.816,51.7,0.744
T0386,6,0.813,49.5,0.756
T0386,7,0.812,51.4,0.778
T0386,8,0.803,52.3,0.789
T0386,9,0.845,52.1,0.784
T0386,10,0.778,54.3,0.845
T0386,11,0.846,55.8,0.836
T0387,0,0.76,36.6,0.44
T0387,1,0.773,37.4,0.469
T0387,2,0.777,36.3,0.444
T0387,3,0.787,38.3,0.431
T0387,4,0.746,41.3,0.437
T0387,5,0.746,38.4,0.449
T0387,6,0.751,39.0,0.467
T0387,7,0.714,42.8,0.445
T0387,8,0.74,40.6,0.45
T0387,9,0.706,43.8,0.441
T0387,10,0.73,44.0,0.442
T0387,11,0.684,42.1,0.427
T0388,0,0.747,50.0,0.771
T0388,1,0.722,50.4,0.784
T0388,2,0.744,52.5,0.77
T0388,3,0.736,49.1,0.79
T0388,4,0.721,51.7,0.803
T0388,5,0.69,50.4,0.79
T0388,6,0.701,51.8,0.812
T0388,7,0.689,50.4,0.837
T0388,8,0.714,50.5,0.809
T0388,9,0.71,46.4,0.823
T0388,10,0.664,52.4,0.806
T0388,11,0.71,49.1,0.812
T0389,0,0.254,57.3,0.246
T0389,1,0.286,56.1,0.294
T0389,2,0.292,55.4,0.263
T0389,3,0.29,54.7,0.31
T0389,4,0.348,54.8,0.238
T0389,5,0.325,51.4,0.273
T0389,6,0.318,57.9,0.322
T0389,7,0.362,56.3,0.299
T0389,8,0.348,52.7,0.316
T0389,9,0.364,53.8,0.326
T0389,10,0.39,53.1,0.29
T0389,11,0.433,55.0,0.319
T0390,0,0.871,58.6,0.905
T0390,1,0.83,60.3,0.864
T0390,2,0.835,61.7,0.881
T0390,3,0.848,61.1,0.842
T0390,4,0.795,62.1,0.86
T0390,5,0.799,64.3,0.88
T0390,6,0.816,62.8,0.818
T0390,7,0.797,62.0,0.854
T0390,8,0.764,65.2,0.84
T0390,9,0.769,65.5,0.803
T0390,10,0.783,63.0,0.82
T0390,11,0.796,65.0,0.848
T0391,0,0.4,52.8,0.465
T0391,1,0.427,54.9,0.456
T0391,2,0.436,59.1,0.478
T0391,3,0.451,54.0,0.485
T0391,4,0.472,58.7,0.483
T0391,5,0.474,57.8,0.546
T0391,6,0.523,57.5,0.532
T0391,7,0.528,61.3,0.552
T0391,8,0.524,58.7,0.594
T0391,9,0.521,60.8,0.584
T0391,10,0.571,62.0,0.613
T0391,11,0.586,63.1,0.631
T0392,0,0.78,67.0,0.324
T0392,1,0.756,65.9,0.317
T0392,2,0.805,66.2,0.379
T0392,3,0.763,66.8,0.351
T0392,4,0.753,63.6,0.334
T0392,5,0.73,62.4,0.304
T0392,6,0.748,61.7,0.321
T0392,7,0.76,59.2,0.358
T0392,8,0.684,57.6,0.3
T0392,9,0.668,58.6,0.34
T0392,10,0.678,59.0,0.333
T0392,11,0.662,56.7,0.332
T0393,0,0.24,57.0,0.24
T0393,1,0.218,54.8,0.259
T0393,2,0.226,55.7,0.216
T0393,3,0.268,57.5,0.241
T0393,4,0.255,56.7,0.178
T0393,5,0.271,56.9,0.22
T0393,6,0.275,56.4,0.225
T0393,7,0.3,54.0,0.199
T0393,8,0.314,58.6,0.207
T0393,9,0.348,55.4,0.197
T0393,10,0.333,56.2,0.189
T0393,11,0.346,56.9,0.193
T0394,0,0.469,50.7,0.501
T0394,1,0.468,51.6,0.535
T0394,2,0.487,51.9,0.517
T0394,3,0.446,51.1,0.549
T0394,4,0.461,52.8,0.603
T0394,5,0.49,56.1,0.619
T0394,6,0.451,54.7,0.579
T0394,7,0.477,57.1,0.637
T0394,8,0.509,57.2,0.674
T0394,9,0.485,58.9,0.692
T0394,10,0.524,57.8,0.694
T0394,11,0.514,55.4,0.73
T0395,0,0.833,56.3,0.455
T0395,1,0.832,56.4,0.501
T0395,2,0.821,57.0,0.492
T0395,3,0.845,55.6,0.486
T0395,4,0.824,56.4,0.494
T0395,5,0.815,53.9,0.449
T0395,6,0.818,54.2,0.46
T0395,7,0.787,55.2,0.475
T0395,8,0.804,54.2,0.464
T0395,9,0.824,54.2,0.446
T0395,10,0.801,52.5,0.439
T0395,11,0.787,56.2,0.43
T0396,0,0.264,38.1,0.278
T0396,1,0.307,40.1,0.29
T0396,2,0.308,39.7,0.285
T0396,3,0.343,41.4,0.286
T0396,4,0.346,42.8,0.333
T0396,5,0.453,43.4,0.341
T0396,6,0.419,50.5,0.307
T0396,7,0.431,47.9,0.396
T0396,8,0.475,45.1,0.398
T0396,9,0.502,48.1,0.465
T0396,10,0.524,50.6,0.442
T0396,11,0.566,50.3,0.457
T0397,0,0.3,64.5,0.379
T0397,1,0.272,64.5,0.403
T0397,2,0.315,63.9,0.428
T0397,3,0.356,65.4,0.449
T0397,4,0.289,65.2,0.45
T0397,5,0.351,65.9,0.477
T0397,6,0.349,63.7,0.5
T0397,7,0.395,64.8,0.539
T0397,8,0.381,64.8,0.546
T0397,9,0.41,64.8,0.539
T0397,10,0.373,68.3,0.567
T0397,11,0.434,69.7,0.616
T0398,0,0.577,66.8,0.368
T0398,1,0.563,65.9,0.375
T0398,2,0.564,64.6,0.413
T0398,3,0.609,63.5,0.413
T0398,4,0.597,62.0,0.363
T0398,5,0.583,61.2,0.388
T0398,6,0.629,60.4,0.39
T0398,7,0.618,62.6,0.375
T0398,8,0.609,63.7,0.391
T0398,9,0.658,59.4,0.435
T0398,10,0.639,59.5,0.406
T0398,11,0.654,60.7,0.393
T0399,0,0.54,53.2,0.905
T0399,1,0.568,51.9,0.824
T0399,2,0.553,55.2,0.863
T0399,3,0.575,57.2,0.852
T0399,4,0.546,57.9,0.837
T0399,5,0.549,57.1,0.842
T0399,6,0.549,58.2,0.812
T0399,7,0.535,59.7,0.819
T0399,8,0.588,61.3,0.818
T0399,9,0.534,59.3,0.803
T0399,10,0.552,62.9,0.821
T0399,11,0.547,64.1,0.828
T0400,0,0.673,42.0,0.563
T0400,1,0.676,39.0,0.578
T0400,2,0.677,42.2,0.575
T0400,3,0.685,42.2,0.599
T0400,4,0.676,40.7,0.547
T0400,5,0.633,41.6,0.579
T0400,6,0.624,40.9,0.558
T0400,7,0.657,42.3,0.581
T0400,8,0.637,41.2,0.589
T0400,9,0.655,42.2,0.544
T0400,10,0.612,41.8,0.592
T0400,11,0.612,40.3,0.578
T0401,0,0.505,60.3,0.755
T0401,1,0.524,64.3,0.803
T0401,2,0.522,62.1,0.788
T0401,3,0.483,65.7,0.811
T0401,4,0.502,63.9,0.795
T0401,5,0.461,67.8,0.845
T0401,6,0.442,61.7,0.831
T0401,7,0.469,62.1,0.811
T0401,8,0.432,65.8,0.818
T0401,9,0.428,66.9,0.853
T0401,10,0.459,63.5,0.813
T0401,11,0.402,63.8,0.833
T0402,0,0.951,57.3,0.132
T0402,1,0.923,55.2,0.181
T0402,2,0.922,52.8,0.17
T0402,3,0.903,58.4,0.24
T0402,4,0.891,54.5,0.229
T0402,5,0.859,53.5,0.216
T0402,6,0.845,53.6,0.251
T0402,7,0.81,53.6,0.283
T0402,8,0.824,52.3,0.274
T0402,9,0.781,52.5,0.282
T0402,10,0.785,53.5,0.306
T0402,11,0.724,52.2,0.312
T0403,0,0.808,66.1,0.284
T0403,1,0.769,66.2,0.333
T0403,2,0.801,65.6,0.33
T0403,3,0.806,62.5,0.335
T0403,4,0.779,62.1,0.341
T0403,5,0.752,61.3,0.375
T0403,6,0.793,62.6,0.383
T0403,7,0.779,60.7,0.417
T0403,8,0.752,58.9,0.436
T0403,9,0.726,59.6,0.435
T0403,10,0.742,61.2,0.48
T0403,11,0.731,60.0,0.49
T0404,0,0.584,55.3,0.379
T0404,1,0.64,55.2,0.348
T0404,2,0.591,52.1,0.362
T0404,3,0.578,50.7,0.377
T0404,4,0.564,50.5,0.385
T0404,5,0.589,48.6,0.413
T0404,6,0.58,50.8,0.422
T0404,7,0.514,52.3,0.439
T0404,8,0.561,50.3,0.442
T0404,9,0.547,48.6,0.478
T0404,10,0.543,49.2,0.476
T0404,11,0.518,48.8,0.475
T0405,0,0.117,54.3,0.12
T0405,1,0.148,53.0,0.1
T0405,2,0.184,53.4,0.102
T0405,3,0.129,54.3,0.15
T0405,4,0.181,55.2,0.136
T0405,5,0.199,52.3,0.143
T0405,6,0.214,54.1,0.214
T0405,7,0.203,54.9,0.224
T0405,8,0.22,58.9,0.208
T0405,9,0.244,57.9,0.247
T0405,10,0.233,58.8,0.272
T0405,11,0.233,60.1,0.259
T0406,0,0.823,74.4,0.741
T0406,1,0.823,70.8,0.708
T0406,2,0.777,69.4,0.697
T0406,3,0.808,69.0,0.795
T0406,4,0.812,69.2,0.762
T0406,5,0.79,66.1,0.775
T0406,6,0.762,67.9,0.783
T0406,7,0.766,65.7,0.801
T0406,8,0.736,64.9,0.806
T0406,9,0.764,63.9,0.815
T0406,10,0.783,60.4,0.829
T0406,11,0.724,61.6,0.822
T0407,0,0.742,48.5,0.54
T0407,1,0.717,48.5,0.516
T0407,2,0.709,47.5,0.49
T0407,3,0.72,49.2,0.534
T0407,4,0.658,49.7,0.522
T0407,5,0.672,51.3,0.542
T0407,6,0.626,49.8,0.555
T0407,7,0.649,50.2,0.513
T0407,8,0.635,48.6,0.516
T0407,9,0.602,54.4,0.559
T0407,10,0.596,50.5,0.553
T0407,11,0.528,50.8,0.536
T0408,0,0.51,67.3,0.368
T0408,1,0.494,65.3,0.361
T0408,2,0.52,67.0,0.355
T0408,3,0.508,67.1,0.374
T0408,4,0.513,66.2,0.412
T0408,5,0.503,64.8,0.366
T0408,6,0.505,62.9,0.365
T0408,7,0.487,64.8,0.403
T0408,8,0.47,63.9,0.407
T0408,9,0.474,61.5,0.4
T0408,10,0.48,64.7,0.39
T0408,11,0.451,63.2,0.418
T0409,0,0.733,43.9,0.437
T0409,1,0.746,44.4,0.396
T0409,2,0.732,44.1,0.431
T0409,3,0.676,46.6,0.386
T0409,4,0.671,45.2,0.34
T0409,5,0.671,48.0,0.389
T0409,6,0.631,47.6,0.347
T0409,7,0.68,51.6,0.34
T0409,8,0.657,49.6,0.37
T0409,9,0.659,54.9,0.296
T0409,10,0.58,57.3,0.356
T0409,11,0.62,54.7,0.302
T0410,0,0.942,73.2,0.514
T0410,1,0.897,71.7,0.507
T0410,2,0.874,73.3,0.479
T0410,3,0.867,72.1,0.492
T0410,4,0.826,72.5,0.491
T0410,5,0.781,74.7,0.511
T0410,6,0.788,70.1,0.516
T0410,7,0.751,68.5,0.517
T0410,8,0.696,69.0,0.549
T0410,9,0.653,68.2,0.546
T0410,10,0.636,65.5,0.512
T0410,11,0.598,68.6,0.526
T0411,0,0.275,59.4,0.113
T0411,1,0.321,62.2,0.1
T0411,2,0.358,59.7,0.106
T0411,3,0.394,57.0,0.1
T0411,4,0.384,58.1,0.113
T0411,5,0.449,54.2,0.136
T0411,6,0.414,51.6,0.149
T0411,7,0.503,53.3,0.142
T0411,8,0.507,52.3,0.148
T0411,9,0.509,50.5,0.188
T0411,10,0.555,50.2,0.142
T0411,11,0.574,47.7,0.129
T0412,0,0.43,65.3,0.567
T0412,1,0.412,65.8,0.554
T0412,2,0.418,64.7,0.567
T0412,3,0.414,65.6,0.522
T0412,4,0.42,66.3,0.536
T0412,5,0.466,62.9,0.528
T0412,6,0.421,63.2,0.537
T0412,7,0.431,66.1,0.539
T0412,8,0.46,66.7,0.522
T0412,9,0.429,65.2,0.517
T0412,10,0.421,65.9,0.512
T0412,11,0.463,64.0,0.497
T0413,0,0.675,47.8,0.217
T0413,1,0.688,51.2,0.212
T0413,2,0.649,49.3,0.272
T0413,3,0.646,52.3,0.253
T0413,4,0.652,50.4,0.269
T0413,5,0.621,54.9,0.287
T0413,6,0.7,51.8,0.32
T0413,7,0.626,51.8,0.298
T0413,8,0.624,56.6,0.326
T0413,9,0.612,53.5,0.347
T0413,10,0.604,51.3,0.32
T0413,11,0.58,50.7,0.329
T0414,0,1.0,51.9,0.374
T0414,1,0.977,56.6,0.423
T0414,2,0.997,55.4,0.405
T0414,3,0.923,55.3,0.419
T0414,4,0.892,51.5,0.418
T0414,5,0.868,54.9,0.469
T0414,6,0.823,54.4,0.418
T0414,7,0.821,49.5,0.454
T0414,8,0.848,54.1,0.425
T0414,9,0.778,53.3,0.447
T0414,10,0.757,55.0,0.434
T0414,11,0.756,51.2,0.444
T0415,0,0.586,42.5,0.346
T0415,1,0.6,38.9,0.37
T0415,2,0.618,40.1,0.371
T0415,3,0.608,41.4,0.367
T0415,4,0.624,43.2,0.361
T0415,5,0.635,42.8,0.366
T0415,6,0.671,43.8,0.351
T0415,7,0.712,42.7,0.339
T0415,8,0.725,47.5,0.331
T0415,9,0.73,48.6,0.341
T0415,10,0.752,48.5,0.331
T0415,11,0.751,46.0,0.381
T0416,0,0.32,81.2,0.654
T0416,1,0.293,79.4,0.668
T0416,2,0.292,80.2,0.66
T0416,3,0.292,78.3,0.707
T0416,4,0.296,78.0,0.709
T0416,5,0.307,78.1,0.757
T0416,6,0.295,72.2,0.71
T0416,7,0.362,72.1,0.72
T0416,8,0.288,69.8,0.713
T0416,9,0.309,70.3,0.781
T0416,10,0.289,72.2,0.769
T0416,11,0.307,68.7,0.761
T0417,0,0.555,61.4,0.714
T0417,1,0.584,63.4,0.704
T0417,2,0.579,60.8,0.709
T0417,3,0.523,61.9,0.698
T0417,4,0.499,66.2,0.664
T0417,5,0.504,63.9,0.696
T0417,6,0.499,68.9,0.669
T0417,7,0.543,73.1,0.669
T0417,8,0.513,71.3,0.697
T0417,9,0.45,71.2,0.688
T0417,10,0.491,72.8,0.692
T0417,11,0.477,72.4,0.698
T0418,0,0.854,47.6,0.824
T0418,1,0.812,47.7,0.842
T0418,2,0.857,47.8,0.824
T0418,3,0.837,49.7,0.828
T0418,4,0.813,49.2,0.806
T0418,5,0.815,52.0,0.83
T0418,6,0.766,53.5,0.758
T0418,7,0.778,52.8,0.772
T0418,8,0.781,56.2,0.762
T0418,9,0.734,56.7,0.768
T0418,10,0.731,59.9,0.752
T0418,11,0.7,60.0,0.709
T0419,0,0.296,48.6,0.212
T0419,1,0.282,47.9,0.224
T0419,2,0.338,50.6,0.249
T0419,3,0.354,50.9,0.259
T0419,4,0.375,50.6,0.271
T0419,5,0.427,52.3,0.33
T0419,6,0.453,54.0,0.331
T0419,7,0.465,51.3,0.337
T0419,8,0.492,54.2,0.362
T0419,9,0.491,51.6,0.37
T0419,10,0.551,55.4,0.398
T0419,11,0.598,55.7,0.44
T0420,0,0.511,61.9,0.486
T0420,1,0.511,60.2,0.497
T0420,2,0.537,62.2,0.479
T0420,3,0.551,63.3,0.521
T0420,4,0.491,64.5,0.564
T0420,5,0.559,63.6,0.492
T0420,6,0.564,66.8,0.518
T0420,7,0.551,67.8,0.568
T0420,8,0.584,65.4,0.561
T0420,9,0.561,68.8,0.564
T0420,10,0.602,66.2,0.561
T0420,11,0.602,72.0,0.569
T0421,0,0.321,68.2,0.374
T0421,1,0.289,67.6,0.276
T0421,2,0.296,69.1,0.342
T0421,3,0.297,68.6,0.316
T0421,4,0.315,64.7,0.3
T0421,5,0.343,68.1,0.285
T0421,6,0.282,65.1,0.281
T0421,7,0.284,63.2,0.312
T0421,8,0.329,63.7,0.266
T0421,9,0.3,63.4,0.295
T0421,10,0.303,62.3,0.294
T0421,11,0.309,61.7,0.279
T0422,0,0.546,56.6,0.293
T0422,1,0.579,59.8,0.335
T0422,2,0.548,57.9,0.355
T0422,3,0.62,59.5,0.375
T0422,4,0.647,60.2,0.413
T0422,5,0.647,58.8,0.365
T0422,6,0.681,57.4,0.405
T0422,7,0.689,60.5,0.456
T0422,8,0.716,55.9,0.445
T0422,9,0.726,61.4,0.499
T0422,10,0.752,61.1,0.48
T0422,11,0.759,60.8,0.498
T0423,0,0.278,58.0,0.799
T0423,1,0.3,55.6,0.831
T0423,2,0.285,57.3,0.85
T0423,3,0.354,57.2,0.85
T0423,4,0.346,58.2,0.869
T0423,5,0.338,58.0,0.898
T0423,6,0.333,55.2,0.869
T0423,7,0.387,57.4,0.936
T0423,8,0.363,54.3,0.944
T0423,9,0.406,56.6,0.893
T0423,10,0.413,55.9,0.928
T0423,11,0.428,58.2,0.963
T0424,0,0.958,43.1,0.705
T0424,1,1.0,44.9,0.652
T0424,2,0.947,45.2,0.64
T0424,3,0.937,45.0,0.633
T0424,4,0.895,42.7,0.629
T0424,5,0.864,46.4,0.618
T0424,6,0.786,44.2,0.621
T0424,7,0.798,47.2,0.643
T0424,8,0.769,47.7,0.625
T0424,9,0.731,50.5,0.614
T0424,10,0.701,47.5,0.608
T0424,11,0.668,52.7,0.628
T0425,0,0.438,65.6,1.0
T0425,1,0.406,63.2,0.99
T0425,2,0.393,61.5,0.985
T0425,3,0.419,64.4,0.981
T0425,4,0.399,62.8,0.96
T0425,5,0.43,62.8,0.975
T0425,6,0.408,57.2,0.932
T0425,7,0.379,61.2,0.932
T0425,8,0.406,58.8,0.924
T0425,9,0.393,56.8,0.895
T0425,10,0.429,57.8,0.895
T0425,11,0.434,58.9,0.92
T0426,0,0.712,54.2,0.175
T0426,1,0.729,56.5,0.15
T0426,2,0.73,52.9,0.177
T0426,3,0.679,51.6,0.145
T0426,4,0.718,51.9,0.193
T0426,5,0.685,48.2,0.199
T0426,6,0.653,51.1,0.168
T0426,7,0.661,47.1,0.226
T0426,8,0.672,46.0,0.201
T0426,9,0.637,47.4,0.21
T0426,10,0.637,42.6,0.178
T0426,11,0.668,42.6,0.216
T0427,0,0.803,47.4,0.247
T0427,1,0.764,47.2,0.235
T0427,2,0.794,46.0,0.273
T0427,3,0.801,45.8,0.302
T0427,4,0.778,48.3,0.287
T0427,5,0.811,49.7,0.287
T0427,6,0.81,46.4,0.296
T0427,7,0.811,46.7,0.291
T0427,8,0.806,45.6,0.312
T0427,9,0.759,43.3,0.345
T0427,10,0.819,45.9,0.315
T0427,11,0.783,44.2,0.368
T0428,0,0.528,60.5,0.459
T0428,1,0.527,59.8,0.456
T0428,2,0.489,57.0,0.472
T0428,3,0.472,59.6,0.471
T0428,4,0.481,57.8,0.489
T0428,5,0.453,58.3,0.536
T0428,6,0.468,57.4,0.541
T0428,7,0.425,56.3,0.561
T0428,8,0.433,56.2,0.574
T0428,9,0.424,54.1,0.543
T0428,10,0.438,57.4,0.606
T0428,11,0.386,56.5,0.563
T0429,0,0.336,71.8,0.1
T0429,1,0.332,69.1,0.14
T0429,2,0.396,70.6,0.165
T0429,3,0.353,71.3,0.172
T0429,4,0.368,69.8,0.196
T0429,5,0.361,70.9,0.286
T0429,6,0.399,71.6,0.305
T0429,7,0.41,70.9,0.293
T0429,8,0.417,69.5,0.321
T0429,9,0.423,71.4,0.377
T0429,10,0.391,67.9,0.383
T0429,11,0.41,71.3,0.399
T0430,0,0.729,75.3,0.826
T0430,1,0.735,70.5,0.843
T0430,2,0.737,73.7,0.843
T0430,3,0.72,72.2,0.805
T0430,4,0.727,72.6,0.836
T0430,5,0.719,71.5,0.779
T0430,6,0.717,70.4,0.818
T0430,7,0.744,70.5,0.791
T0430,8,0.705,68.0,0.818
T0430,9,0.674,69.3,0.841
T0430,10,0.657,64.2,0.803
T0430,11,0.711,65.7,0.819
T0431,0,0.98,74.8,0.7
T0431,1,0.945,75.7,0.693
T0431,2,0.913,75.0,0.725
T0431,3,0.869,72.8,0.711
T0431,4,0.828,74.4,0.722
T0431,5,0.841,74.2,0.696
T0431,6,0.808,74.3,0.734
T0431,7,0.749,74.6,0.715
T0431,8,0.683,75.3,0.701
T0431,9,0.669,74.0,0.713
T0431,10,0.633,74.9,0.705
T0431,11,0.591,73.3,0.74
T0432,0,0.673,53.9,0.553
T0432,1,0.687,54.8,0.557
T0432,2,0.714,53.0,0.566
T0432,3,0.714,50.8,0.525
T0432,4,0.682,52.9,0.541
T0432,5,0.725,52.0,0.571
T0432,6,0.702,49.0,0.562
T0432,7,0.718,48.9,0.561
T0432,8,0.763,48.0,0.53
T0432,9,0.697,48.3,0.563
T0432,10,0.714,46.4,0.56
T0432,11,0.718,44.6,0.583
T0433,0,0.821,60.9,0.4
T0433,1,0.783,59.9,0.446
T0433,2,0.754,60.5,0.433
T0433,3,0.712,62.2,0.389
T0433,4,0.737,60.8,0.427
T0433,5,0.683,59.1,0.462
T0433,6,0.649,59.6,0.415
T0433,7,0.651,59.7,0.394
T0433,8,0.576,59.3,0.452
T0433,9,0.554,58.3,0.434
T0433,10,0.559,58.6,0.468
T0433,11,0.539,56.2,0.455
T0434,0,0.422,48.0,0.391
T0434,1,0.423,51.6,0.436
T0434,2,0.436,52.6,0.378
T0434,3,0.433,51.9,0.425
T0434,4,0.451,52.9,0.434
T0434,5,0.505,55.3,0.413
T0434,6,0.485,58.3,0.442
T0434,7,0.493,56.2,0.412
T0434,8,0.546,55.9,0.399
T0434,9,0.524,57.0,0.469
T0434,10,0.546,58.0,0.421
T0434,11,0.563,58.9,0.434
T0435,0,0.785,64.6,0.441
T0435,1,0.694,65.6,0.493
T0435,2,0.708,67.4,0.468
T0435,3,0.632,65.4,0.476
T0435,4,0.659,71.0,0.503
T0435,5,0.588,68.2,0.509
T0435,6,0.557,70.5,0.516
T0435,7,0.565,71.6,0.462
T0435,8,0.532,72.8,0.443
T0435,9,0.511,75.3,0.471
T0435,10,0.485,75.4,0.432
T0435,11,0.437,75.1,0.476
T0436,0,0.647,47.9,0.734
T0436,1,0.652,49.6,0.759
T0436,2,0.638,51.6,0.716
T0436,3,0.652,48.6,0.751
T0436,4,0.624,53.5,0.746
T0436,5,0.628,53.5,0.766
T0436,6,0.651,56.9,0.733
T0436,7,0.669,56.9,0.714
T0436,8,0.66,56.2,0.734
T0436,9,0.653,58.0,0.75
T0436,10,0.663,57.6,0.752
T0436,11,0.683,60.4,0.785
T0437,0,0.71,33.6,0.136
T0437,1,0.69,31.0,0.136
T0437,2,0.664,37.0,0.141
T0437,3,0.624,33.9,0.152
T0437,4,0.629,39.1,0.183
T0437,5,0.651,38.5,0.153
T0437,6,0.67,36.3,0.186
T0437,7,0.618,39.3,0.136
T0437,8,0.645,37.8,0.184
T0437,9,0.598,36.8,0.209
T0437,10,0.596,41.3,0.213
T0437,11,0.605,45.1,0.182
T0438,0,0.763,29.7,0.211
T0438,1,0.802,29.8,0.258
T0438,2,0.775,31.6,0.209
T0438,3,0.761,33.0,0.272
T0438,4,0.778,34.2,0.285
T0438,5,0.762,34.9,0.302
T0438,6,0.763,37.5,0.328
T0438,7,0.746,39.8,0.31
T0438,8,0.745,38.8,0.335
T0438,9,0.779,39.8,0.331
T0438,10,0.716,39.9,0.349
T0438,11,0.766,39.8,0.353
T0439,0,0.429,46.7,0.238
T0439,1,0.46,51.5,0.262
T0439,2,0.42,48.8,0.217
T0439,3,0.338,48.8,0.232
T0439,4,0.344,49.4,0.215
T0439,5,0.362,50.5,0.213
T0439,6,0.338,49.7,0.229
T0439,7,0.327,55.8,0.25
T0439,8,0.292,53.2,0.23
T0439,9,0.243,58.5,0.281
T0439,10,0.302,54.6,0.25
T0439,11,0.233,59.0,0.251
T0440,0,0.334,44.1,0.505
T0440,1,0.351,46.3,0.514
T0440,2,0.356,50.3,0.473
T0440,3,0.323,49.7,0.472
T0440,4,0.344,55.6,0.46
T0440,5,0.336,53.6,0.484
T0440,6,0.353,55.7,0.434
T0440,7,0.342,59.2,0.433
T0440,8,0.311,56.7,0.42
T0440,9,0.345,60.8,0.429
T0440,10,0.329,61.0,0.419
T0440,11,0.304,64.2,0.371
T0441,0,0.388,46.7,0.32
T0441,1,0.405,48.9,0.314
T0441,2,0.412,49.0,0.321
T0441,3,0.402,46.3,0.332
T0441,4,0.485,49.3,0.283
T0441,5,0.442,47.8,0.314
T0441,6,0.503,51.9,0.259
T0441,7,0.486,52.2,0.323
T0441,8,0.513,49.6,0.305
T0441,9,0.499,50.7,0.282
T0441,10,0.514,50.9,0.309
T0441,11,0.527,53.2,0.278
T0442,0,0.223,66.2,0.26
T0442,1,0.297,61.5,0.33
T0442,2,0.309,61.7,0.314
T0442,3,0.346,60.6,0.349
T0442,4,0.333,61.7,0.385
T0442,5,0.389,62.0,0.47
T0442,6,0.43,62.2,0.451
T0442,7,0.478,62.4,0.478
T0442,8,0.47,61.7,0.475
T0442,9,0.468,61.6,0.515
T0442,10,0.506,60.9,0.562
T0442,11,0.542,59.4,0.568
T0443,0,0.93,65.0,0.159
T0443,1,0.915,65.3,0.216
T0443,2,0.857,65.0,0.225
T0443,3,0.838,65.2,0.272
T0443,4,0.846,67.5,0.29
T0443,5,0.818,66.4,0.321
T0443,6,0.817,69.1,0.351
T0443,7,0.801,65.3,0.358
T0443,8,0.77,66.7,0.341
T0443,9,0.774,67.9,0.4
T0443,10,0.782,69.8,0.449
T0443,11,0.756,69.5,0.462
T0444,0,0.627,64.6,0.323
T0444,1,0.689,64.3,0.316
T0444,2,0.684,61.8,0.338
T0444,3,0.712,62.3,0.28
T0444,4,0.727,61.0,0.32
T0444,5,0.726,62.0,0.375
T0444,6,0.757,60.9,0.358
T0444,7,0.75,59.3,0.34
T0444,8,0.815,59.0,0.374
T0444,9,0.835,58.7,0.356
T0444,10,0.871,60.7,0.419
T0444,11,0.914,58.2,0.418
T0445,0,0.613,48.1,0.1
T0445,1,0.643,49.7,0.12
T0445,2,0.69,49.0,0.108
T0445,3,0.652,46.6,0.123
T0445,4,0.732,49.7,0.189
T0445,5,0.671,48.9,0.165
T0445,6,0.704,46.5,0.182
T0445,7,0.714,48.2,0.175
T0445,8,0.778,46.1,0.194
T0445,9,0.747,46.3,0.218
T0445,10,0.743,49.9,0.182
T0445,11,0.789,45.2,0.189
T0446,0,0.474,60.6,0.67
T0446,1,0.45,56.5,0.653
T0446,2,0.489,60.2,0.61
T0446,3,0.488,57.4,0.583
T0446,4,0.488,53.9,0.587
T0446,5,0.528,52.1,0.524
T0446,6,0.521,50.8,0.527
T0446,7,0.501,52.0,0.433
T0446,8,0.544,52.9,0.448
T0446,9,0.538,50.8,0.406
T0446,10,0.522,49.7,0.385
T0446,11,0.553,47.2,0.336
T0447,0,0.757,56.4,0.852
T0447,1,0.775,55.5,0.844
T0447,2,0.784,55.2,0.881
T0447,3,0.834,55.0,0.879
T0447,4,0.828,55.2,0.824
T0447,5,0.844,57.3,0.855
T0447,6,0.864,54.7,0.845
T0447,7,0.828,55.4,0.86
T0447,8,0.885,57.5,0.879
T0447,9,0.878,55.7,0.902
T0447,10,0.863,57.3,0.848
T0447,11,0.903,54.5,0.871
T0448,0,0.845,52.4,0.636
T0448,1,0.871,52.5,0.616
T0448,2,0.848,49.9,0.604
T0448,3,0.842,54.1,0.589
T0448,4,0.872,48.5,0.563
T0448,5,0.83,50.9,0.533
T0448,6,0.857,52.5,0.522
T0448,7,0.883,48.3,0.523
T0448,8,0.862,51.0,0.509
T0448,9,0.877,50.5,0.437
T0448,10,0.866,49.8,0.46
T0448,11,0.864,49.7,0.431
T0449,0,0.632,50.0,0.88
T0449,1,0.636,46.1,0.827
T0449,2,0.598,49.1,0.826
T0449,3,0.626,49.3,0.847
T0449,4,0.588,53.4,0.824
T0449,5,0.632,54.9,0.856
T0449,6,0.614,53.4,0.847
T0449,7,0.601,53.8,0.807
T0449,8,0.638,54.7,0.834
T0449,9,0.614,54.9,0.794
T0449,10,0.568,55.1,0.811
T0449,11,0.605,55.8,0.814
T0450,0,0.37,50.0,0.548
T0450,1,0.353,51.6,0.529
T0450,2,0.394,50.9,0.539
T0450,3,0.413,53.6,0.534
T0450,4,0.414,51.1,0.509
T0450,5,0.458,51.4,0.556
T0450,6,0.447,52.9,0.523
T0450,7,0.414,53.9,0.566
T0450,8,0.431,54.8,0.552
T0450,9,0.467,53.1,0.502
T0450,10,0.469,56.5,0.523
T0450,11,0.467,52.8,0.539
T0451,0,0.472,66.8,0.488
T0451,1,0.477,62.9,0.558
T0451,2,0.461,67.5,0.558
T0451,3,0.423,64.2,0.564
T0451,4,0.419,66.0,0.603
T0451,5,0.374,63.9,0.614
T0451,6,0.399,65.6,0.626
T0451,7,0.339,63.7,0.703
T0451,8,0.358,63.0,0.687
T0451,9,0.367,65.7,0.738
T0451,10,0.318,63.2,0.735
T0451,11,0.289,62.2,0.765
T0452,0,0.852,45.9,0.551
T0452,1,0.829,48.9,0.538
T0452,2,0.847,47.7,0.519
T0452,3,0.806,45.9,0.52
T0452,4,0.802,47.8,0.539
T0452,5,0.788,47.9,0.52
T0452,6,0.802,49.1,0.45
T0452,7,0.812,49.6,0.474
T0452,8,0.825,47.1,0.441
T0452,9,0.786,49.6,0.462
T0452,10,0.781,47.8,0.437
T0452,11,0.809,48.4,0.435
T0453,0,0.659,59.9,0.63
T0453,1,0.641,59.0,0.67
T0453,2,0.649,61.0,0.658
T0453,3,0.623,57.4,0.666
T0453,4,0.607,58.0,0.664
T0453,5,0.579,59.2,0.666
T0453,6,0.583,57.5,0.669
T0453,7,0.586,57.5,0.643
T0453,8,0.564,61.2,0.716
T0453,9,0.567,57.7,0.68
T0453,10,0.564,58.4,0.666
T0453,11,0.542,59.2,0.707
T0454,0,0.579,33.5,0.171
T0454,1,0.575,32.9,0.161
T0454,2,0.565,36.1,0.181
T0454,3,0.574,36.0,0.162
T0454,4,0.606,32.8,0.193
T0454,5,0.573,34.9,0.227
T0454,6,0.535,34.7,0.235
T0454,7,0.631,36.9,0.218
T0454,8,0.623,35.3,0.259
T0454,9,0.594,35.9,0.24
T0454,10,0.629,38.3,0.241
T0454,11,0.634,40.5,0.235
T0455,0,0.327,80.8,0.646
T0455,1,0.324,80.1,0.654
T0455,2,0.342,77.8,0.67
T0455,3,0.336,77.5,0.652
T0455,4,0.343,77.0,0.701
T0455,5,0.357,74.7,0.663
T0455,6,0.359,73.5,0.691
T0455,7,0.35,72.7,0.705
T0455,8,0.354,70.5,0.693
T0455,9,0.312,69.4,0.745
T0455,10,0.334,68.2,0.739
T0455,11,0.346,67.1,0.707
T0456,0,0.754,46.4,0.735
T0456,1,0.803,47.1,0.737
T0456,2,0.78,49.8,0.748
T0456,3,0.768,46.0,0.726
T0456,4,0.772,47.2,0.726
T0456,5,0.831,49.9,0.763
T0456,6,0.834,49.8,0.727
T0456,7,0.826,49.3,0.74
T0456,8,0.822,49.2,0.745
T0456,9,0.83,51.7,0.691
T0456,10,0.835,50.6,0.755
T0456,11,0.837,49.7,0.777
T0457,0,0.32,48.0,0.92
T0457,1,0.37,52.6,0.904
T0457,2,0.396,48.0,0.939
T0457,3,0.384,49.4,0.942
T0457,4,0.462,52.9,0.932
T0457,5,0.426,52.9,0.894
T0457,6,0.463,51.8,0.868
T0457,7,0.497,50.6,0.839
T0457,8,0.528,53.2,0.881
T0457,9,0.504,54.1,0.854
T0457,10,0.58,54.6,0.874
T0457,11,0.567,55.8,0.857
T0458,0,0.332,28.6,0.258
T0458,1,0.352,28.1,0.241
T0458,2,0.348,33.4,0.232
T0458,3,0.387,30.8,0.259
T0458,4,0.409,34.8,0.271
T0458,5,0.434,35.8,0.29
T0458,6,0.421,35.4,0.291
T0458,7,0.429,34.9,0.339
T0458,8,0.476,36.2,0.317
T0458,9,0.511,37.1,0.334
T0458,10,0.472,37.4,0.333
T0458,11,0.525,39.0,0.388
T0459,0,0.498,62.6,0.958
T0459,1,0.475,65.9,0.911
T0459,2,0.507,61.4,0.917
T0459,3,0.514,61.8,0.889
T0459,4,0.545,60.4,0.881
T0459,5,0.556,58.6,0.849
T0459,6,0.547,56.8,0.838
T0459,7,0.537,54.7,0.804
T0459,8,0.561,56.8,0.733
T0459,9,0.577,50.7,0.78
T0459,10,0.548,49.7,0.729
T0459,11,0.626,48.0,0.69
T0460,0,0.773,39.9,0.59
T0460,1,0.804,42.4,0.595
T0460,2,0.737,38.9,0.594
T0460,3,0.754,40.6,0.56
T0460,4,0.769,42.2,0.531
T0460,5,0.765,46.9,0.562
T0460,6,0.702,45.8,0.575
T0460,7,0.729,45.3,0.535
T0460,8,0.742,45.1,0.569
T0460,9,0.735,46.8,0.523
T0460,10,0.71,48.1,0.533
T0460,11,0.747,50.8,0.521
T0461,0,0.677,27.8,0.253
T0461,1,0.656,30.0,0.251
T0461,2,0.617,31.5,0.262
T0461,3,0.685,35.3,0.308
T0461,4,0.659,32.9,0.292
T0461,5,0.686,35.3,0.307
T0461,6,0.643,38.3,0.308
T0461,7,0.669,36.6,0.343
T0461,8,0.676,44.7,0.342
T0461,9,0.594,44.3,0.346
T0461,10,0.66,46.4,0.343
T0461,11,0.612,47.1,0.366
T0462,0,0.706,48.5,0.442
T0462,1,0.738,48.2,0.495
T0462,2,0.701,49.1,0.451
T0462,3,0.71,48.7,0.5
T0462,4,0.73,50.2,0.55
T0462,5,0.738,53.7,0.549
T0462,6,0.779,52.5,0.564
T0462,7,0.79,50.3,0.561
T0462,8,0.742,51.0,0.588
T0462,9,0.765,56.5,0.627
T0462,10,0.761,56.4,0.626
T0462,11,0.774,57.5,0.64
T0463,0,0.759,42.4,0.456
T0463,1,0.786,41.9,0.473
T0463,2,0.773,39.6,0.478
T0463,3,0.721,42.2,0.448
T0463,4,0.729,43.1,0.411
T0463,5,0.751,42.4,0.422
T0463,6,0.696,41.9,0.427
T0463,7,0.687,40.5,0.464
T0463,8,0.678,43.9,0.387
T0463,9,0.664,47.4,0.407
T0463,10,0.675,40.6,0.365
T0463,11,0.657,41.9,0.405
T0464,0,0.397,68.7,0.668
T0464,1,0.408,68.2,0.636
T0464,2,0.406,68.6,0.655
T0464,3,0.425,68.6,0.6
T0464,4,0.43,66.1,0.629
T0464,5,0.428,65.0,0.613
T0464,6,0.44,66.3,0.597
T0464,7,0.456,63.6,0.603
T0464,8,0.458,61.9,0.625
T0464,9,0.473,64.6,0.593
T0464,10,0.514,64.1,0.576
T0464,11,0.465,63.6,0.572
T0465,0,0.168,46.9,0.1
T0465,1,0.148,45.3,0.103
T0465,2,0.132,48.9,0.127
T0465,3,0.162,48.6,0.1
T0465,4,0.202,47.0,0.111
T0465,5,0.164,47.1,0.157
T0465,6,0.18,48.2,0.158
T0465,7,0.223,46.8,0.13
T0465,8,0.224,49.2,0.157
T0465,9,0.222,46.8,0.18
T0465,10,0.245,45.3,0.195
T0465,11,0.273,48.7,0.175
T0466,0,0.33,69.4,0.745
T0466,1,0.326,67.5,0.793
T0466,2,0.275,69.8,0.773
T0466,3,0.291,67.3,0.754
T0466,4,0.326,64.5,0.802
T0466,5,0.285,69.4,0.8
T0466,6,0.273,63.9,0.76
T0466,7,0.298,65.8,0.76
T0466,8,0.296,67.0,0.782
T0466,9,0.287,63.2,0.759
T0466,10,0.283,65.0,0.757
T0466,11,0.305,63.6,0.771
T0467,0,0.918,39.7,0.585
T0467,1,0.93,38.2,0.535
T0467,2,0.862,40.9,0.537
T0467,3,0.862,38.9,0.576
T0467,4,0.845,42.0,0.554
T0467,5,0.822,44.4,0.551
T0467,6,0.81,41.8,0.507
T0467,7,0.818,41.9,0.532
T0467,8,0.772,44.7,0.535
T0467,9,0.741,46.0,0.525
T0467,10,0.746,45.1,0.518
T0467,11,0.781,48.7,0.522
T0468,0,0.914,71.4,0.485
T0468,1,0.908,69.8,0.466
T0468,2,0.849,71.6,0.457
T0468,3,0.87,66.5,0.468
T0468,4,0.86,69.8,0.442
T0468,5,0.839,65.5,0.5
T0468,6,0.851,67.7,0.472
T0468,7,0.825,64.4,0.457
T0468,8,0.827,64.5,0.455
T0468,9,0.854,63.7,0.479
T0468,10,0.853,65.7,0.494
T0468,11,0.823,66.0,0.517
T0469,0,0.786,38.3,0.922
T0469,1,0.794,38.5,0.908
T0469,2,0.795,36.9,0.889
T0469,3,0.802,40.2,0.843
T0469,4,0.825,38.8,0.841
T0469,5,0.86,38.2,0.748
T0469,6,0.809,38.5,0.762
T0469,7,0.878,41.4,0.755
T0469,8,0.848,41.7,0.71
T0469,9,0.811,39.2,0.632
T0469,10,0.866,40.3,0.649
T0469,11,0.916,43.5,0.606
T0470,0,0.632,60.8,0.661
T0470,1,0.675,60.2,0.66
T0470,2,0.666,61.3,0.69
T0470,3,0.67,57.7,0.709
T0470,4,0.664,58.6,0.694
T0470,5,0.64,61.0,0.717
T0470,6,0.674,59.4,0.712
T0470,7,0.662,58.8,0.748
T0470,8,0.643,61.1,0.757
T0470,9,0.65,60.6,0.744
T0470,10,0.653,59.6,0.779
T0470,11,0.65,62.6,0.78
T0471,0,1.0,40.0,0.308
T0471,1,0.988,43.6,0.283
T0471,2,0.961,42.9,0.299
T0471,3,0.959,43.5,0.271
T0471,4,0.91,40.9,0.27
T0471,5,0.887,38.7,0.282
T0471,6,0.901,40.1,0.25
T0471,7,0.817,39.1,0.283
T0471,8,0.833,37.8,0.269
T0471,9,0.775,39.7,0.24
T0471,10,0.745,36.6,0.244
T0471,11,0.715,36.2,0.26
T0472,0,0.329,67.6,0.634
T0472,1,0.425,66.0,0.644
T0472,2,0.387,68.1,0.631
T0472,3,0.427,68.8,0.664
T0472,4,0.399,68.1,0.684
T0472,5,0.498,70.6,0.644
T0472,6,0.457,70.4,0.676
T0472,7,0.512,71.2,0.661
T0472,8,0.514,71.3,0.661
T0472,9,0.565,72.7,0.688
T0472,10,0.557,70.9,0.702
T0472,11,0.593,72.9,0.675
T0473,0,0.633,55.8,0.506
T0473,1,0.62,53.9,0.505
T0473,2,0.611,54.2,0.466
T0473,3,0.604,58.0,0.491
T0473,4,0.602,54.9,0.464
T0473,5,0.638,51.5,0.446
T0473,6,0.612,51.2,0.451
T0473,7,0.63,52.9,0.407
T0473,8,0.628,51.8,0.414
T0473,9,0.592,49.8,0.397
T0473,10,0.618,49.0,0.414
T0473,11,0.606,50.6,0.372
T0474,0,0.124,54.3,0.588
T0474,1,0.162,53.9,0.602
T0474,2,0.218,52.5,0.597
T0474,3,0.235,53.5,0.583
T0474,4,0.293,54.3,0.592
T0474,5,0.322,51.9,0.62
T0474,6,0.361,53.8,0.628
T0474,7,0.368,55.2,0.58
T0474,8,0.385,51.9,0.57
T0474,9,0.433,51.3,0.634
T0474,10,0.465,53.1,0.572
T0474,11,0.498,52.3,0.539
T0475,0,0.606,45.2,0.454
T0475,1,0.598,42.4,0.454
T0475,2,0.644,44.0,0.467
T0475,3,0.599,44.9,0.454
T0475,4,0.62,43.2,0.443
T0475,5,0.669,45.2,0.467
T0475,6,0.662,46.2,0.411
T0475,7,0.665,45.7,0.482
T0475,8,0.671,45.6,0.465
T0475,9,0.69,48.4,0.432
T0475,10,0.692,44.9,0.458
T0475,11,0.71,43.4,0.532
T0476,0,0.528,56.5,0.138
T0476,1,0.59,58.0,0.122
T0476,2,0.598,53.2,0.137
T0476,3,0.615,55.7,0.156
T0476,4,0.568,53.1,0.165
T0476,5,0.563,51.3,0.151
T0476,6,0.574,52.7,0.147
T0476,7,0.554,46.5,0.185
T0476,8,0.581,48.2,0.182
T0476,9,0.574,44.4,0.201
T0476,10,0.572,44.8,0.211
T0476,11,0.562,43.8,0.236
T0477,0,0.898,50.9,0.332
T0477,1,0.873,52.1,0.307
T0477,2,0.882,50.8,0.346
T0477,3,0.856,51.3,0.376
T0477,4,0.863,49.3,0.383
T0477,5,0.846,52.2,0.355
T0477,6,0.83,50.2,0.403
T0477,7,0.83,51.6,0.369
T0477,8,0.841,50.3,0.364
T0477,9,0.843,51.0,0.381
T0477,10,0.833,52.8,0.399
T0477,11,0.809,53.2,0.44
T0478,0,0.768,51.2,0.461
T0478,1,0.707,53.2,0.44
T0478,2,0.797,50.7,0.46
T0478,3,0.753,49.4,0.455
T0478,4,0.739,49.2,0.441
T0478,5,0.767,45.8,0.419
T0478,6,0.749,47.2,0.391
T0478,7,0.751,42.3,0.378
T0478,8,0.776,45.3,0.365
T0478,9,0.736,43.2,0.335
T0478,10,0.753,40.4,0.367
T0478,11,0.733,37.8,0.355
T0479,0,0.424,48.5,0.702
T0479,1,0.392,50.0,0.689
T0479,2,0.444,51.0,0.718
T0479,3,0.398,51.5,0.697
T0479,4,0.368,55.9,0.678
T0479,5,0.345,58.2,0.719
T0479,6,0.365,56.9,0.691
T0479,7,0.347,59.7,0.692
T0479,8,0.359,61.8,0.693
T0479,9,0.349,62.2,0.665
T0479,10,0.327,62.5,0.689
T0479,11,0.301,66.2,0.699
T0480,0,0.153,48.2,0.495
T0480,1,0.224,47.1,0.448
T0480,2,0.244,49.9,0.469
T0480,3,0.299,47.1,0.448
T0480,4,0.328,48.5,0.439
T0480,5,0.302,48.9,0.447
T0480,6,0.364,46.6,0.427
T0480,7,0.374,48.2,0.452
T0480,8,0.419,48.3,0.408
T0480,9,0.471,47.4,0.365
T0480,10,0.51,47.1,0.412
T0480,11,0.495,48.6,0.43
T0481,0,0.594,46.2,0.704
T0481,1,0.67,47.3,0.715
T0481,2,0.647,49.2,0.711
T0481,3,0.652,46.7,0.728
T0481,4,0.648,49.5,0.738
T0481,5,0.665,47.2,0.743
T0481,6,0.666,49.0,0.78
T0481,7,0.661,51.4,0.761
T0481,8,0.66,52.8,0.768
T0481,9,0.656,54.0,0.815
T0481,10,0.684,53.3,0.819
T0481,11,0.63,55.4,0.776
T0482,0,0.721,72.1,0.432
T0482,1,0.717,71.4,0.427
T0482,2,0.712,72.5,0.474
T0482,3,0.69,71.0,0.482
T0482,4,0.657,70.1,0.488
T0482,5,0.644,71.2,0.51
T0482,6,0.65,71.3,0.491
T0482,7,0.627,73.7,0.489
T0482,8,0.559,66.7,0.491
T0482,9,0.58,73.8,0.528
T0482,10,0.599,71.9,0.566
T0482,11,0.572,71.9,0.554
T0483,0,0.558,61.1,0.576
T0483,1,0.554,58.8,0.597
T0483,2,0.568,57.9,0.536
T0483,3,0.57,57.1,0.551
T0483,4,0.614,57.5,0.534
T0483,5,0.565,53.8,0.531
T0483,6,0.549,55.3,0.506
T0483,7,0.605,57.0,0.467
T0483,8,0.566,56.3,0.514
T0483,9,0.501,52.9,0.465
T0483,10,0.566,53.3,0.488
T0483,11,0.599,52.2,0.472
T0484,0,0.47,69.7,0.536
T0484,1,0.508,67.5,0.512
T0484,2,0.525,68.4,0.602
T0484,3,0.551,69.3,0.596
T0484,4,0.538,66.5,0.635
T0484,5,0.567,69.5,0.664
T0484,6,0.569,68.4,0.693
T0484,7,0.599,67.4,0.689
T0484,8,0.618,67.3,0.766
T0484,9,0.616,68.2,0.748
T0484,10,0.67,69.3,0.849
T0484,11,0.681,69.2,0.818
T0485,0,0.162,42.9,0.395
T0485,1,0.194,46.0,0.413
T0485,2,0.176,46.9,0.382
T0485,3,0.239,45.1,0.417
T0485,4,0.234,45.5,0.359
T0485,5,0.276,46.2,0.348
T0485,6,0.303,46.8,0.326
T0485,7,0.331,46.1,0.286
T0485,8,0.365,46.9,0.291
T0485,9,0.371,50.1,0.3
T0485,10,0.421,48.0,0.256
T0485,11,0.435,48.8,0.208
T0486,0,0.241,55.6,0.497
T0486,1,0.286,56.5,0.461
T0486,2,0.334,58.5,0.507
T0486,3,0.377,57.2,0.49
T0486,4,0.341,59.8,0.515
T0486,5,0.398,59.7,0.546
T0486,6,0.366,59.3,0.529
T0486,7,0.45,60.7,0.566
T0486,8,0.449,60.2,0.592
T0486,9,0.47,59.7,0.601
T0486,10,0.479,61.8,0.638
T0486,11,0.485,61.8,0.619
T0487,0,0.632,57.3,0.606
T0487,1,0.679,55.2,0.593
T0487,2,0.624,56.0,0.53
T0487,3,0.658,56.8,0.567
T0487,4,0.625,55.1,0.5
T0487,5,0.63,53.8,0.486
T0487,6,0.606,51.7,0.491
T0487,7,0.606,49.6,0.456
T0487,8,0.651,54.2,0.409
T0487,9,0.614,52.6,0.368
T0487,10,0.624,51.6,0.349
T0487,11,0.645,50.4,0.312
T0488,0,0.63,50.5,0.497
T0488,1,0.675,52.3,0.469
T0488,2,0.666,51.3,0.519
T0488,3,0.656,55.1,0.511
T0488,4,0.715,53.5,0.517
T0488,5,0.698,55.5,0.519
T0488,6,0.756,56.7,0.488
T0488,7,0.756,58.6,0.538
T0488,8,0.79,57.7,0.536
T0488,9,0.824,56.1,0.549
T0488,10,0.789,59.4,0.536
T0488,11,0.838,56.6,0.518
T0489,0,0.641,47.4,0.903
T0489,1,0.679,44.8,0.877
T0489,2,0.728,45.1,0.9
T0489,3,0.7,46.4,0.852
T0489,4,0.697,43.5,0.853
T0489,5,0.736,47.0,0.82
T0489,6,0.727,48.5,0.789
T0489,7,0.781,49.1,0.798
T0489,8,0.769,48.2,0.81
T0489,9,0.798,46.8,0.765
T0489,10,0.782,49.7,0.746
T0489,11,0.771,50.9,0.776
T0490,0,0.849,53.5,0.24
T0490,1,0.825,53.1,0.307
T0490,2,0.805,52.2,0.331
T0490,3,0.767,50.7,0.345
T0490,4,0.781,54.5,0.344
T0490,5,0.781,52.6,0.375
T0490,6,0.759,48.8,0.41
T0490,7,0.76,47.4,0.465
T0490,8,0.728,51.2,0.469
T0490,9,0.741,47.8,0.498
T0490,10,0.68,48.5,0.531
T0490,11,0.694,48.5,0.551
T0491,0,0.163,70.8,0.429
T0491,1,0.177,65.6,0.45
T0491,2,0.226,68.8,0.433
T0491,3,0.225,65.0,0.461
T0491,4,0.28,64.0,0.484
T0491,5,0.261,62.3,0.512
T0491,6,0.3,62.5,0.525
T0491,7,0.326,59.4,0.558
T0491,8,0.365,58.4,0.563
T0491,9,0.363,55.8,0.598
T0491,10,0.404,56.5,0.587
T0491,11,0.419,56.8,0.601
T0492,0,0.801,41.4,0.375
T0492,1,0.772,45.4,0.388
T0492,2,0.749,41.0,0.34
T0492,3,0.74,43.8,0.35
T0492,4,0.768,42.2,0.305
T0492,5,0.724,44.7,0.309
T0492,6,0.732,43.5,0.312
T0492,7,0.655,43.7,0.291
T0492,8,0.688,47.9,0.252
T0492,9,0.668,45.2,0.242
T0492,10,0.642,46.4,0.25
T0492,11,0.662,45.7,0.254
T0493,0,0.64,53.4,0.428
T0493,1,0.674,51.5,0.437
T0493,2,0.674,52.4,0.452
T0493,3,0.64,52.2,0.467
T0493,4,0.679,52.2,0.47
T0493,5,0.643,53.4,0.485
T0493,6,0.668,51.3,0.493
T0493,7,0.658,52.4,0.544
T0493,8,0.677,52.5,0.529
T0493,9,0.664,52.0,0.538
T0493,10,0.624,51.6,0.573
T0493,11,0.638,51.6,0.61
T0494,0,0.604,58.3,0.842
T0494,1,0.608,59.2,0.837
T0494,2,0.635,61.7,0.812
T0494,3,0.625,60.1,0.81
T0494,4,0.614,62.3,0.836
T0494,5,0.605,64.5,0.77
T0494,6,0.629,66.8,0.796
T0494,7,0.656,68.9,0.822
T0494,8,0.644,68.6,0.772
T0494,9,0.635,69.3,0.773
T0494,10,0.663,71.0,0.792
T0494,11,0.65,70.9,0.767
T0495,0,0.582,53.7,0.432
T0495,1,0.616,54.3,0.45
T0495,2,0.648,51.3,0.434
T0495,3,0.638,53.1,0.456
T0495,4,0.696,49.9,0.46
T0495,5,0.714,52.7,0.447
T0495,6,0.758,49.4,0.463
T0495,7,0.755,52.4,0.491
T0495,8,0.762,53.4,0.459
T0495,9,0.836,53.3,0.491
T0495,10,0.861,50.9,0.488
T0495,11,0.842,49.7,0.506
T0496,0,0.687,38.3,0.58
T0496,1,0.654,42.1,0.565
T0496,2,0.711,40.8,0.578
T0496,3,0.694,41.5,0.582
T0496,4,0.681,43.2,0.57
T0496,5,0.723,44.0,0.599
T0496,6,0.719,44.0,0.571
T0496,7,0.708,48.3,0.567
T0496,8,0.734,48.3,0.614
T0496,9,0.732,48.7,0.57
T0496,10,0.747,49.2,0.588
T0496,11,0.733,54.1,0.6
T0497,0,0.564,42.8,0.672
T0497,1,0.587,43.0,0.659
T0497,2,0.546,39.6,0.677
T0497,3,0.561,44.5,0.61
T0497,4,0.543,43.1,0.685
T0497,5,0.54,43.2,0.604
T0497,6,0.535,43.5,0.598
T0497,7,0.514,46.9,0.559
T0497,8,0.516,45.2,0.59
T0497,9,0.538,45.5,0.563
T0497,10,0.532,46.7,0.522
T0497,11,0.54,44.4,0.541
T0498,0,0.538,47.5,0.767
T0498,1,0.578,47.4,0.765
T0498,2,0.545,50.1,0.753
T0498,3,0.619,51.7,0.752
T0498,4,0.649,49.7,0.791
T0498,5,0.664,47.2,0.785
T0498,6,0.702,49.7,0.818
T0498,7,0.721,46.0,0.788
T0498,8,0.734,52.6,0.851
T0498,9,0.773,46.7,0.817
T0498,10,0.774,46.9,0.842
T0498,11,0.863,50.3,0.811
T0499,0,0.675,38.1,0.195
T0499,1,0.728,42.3,0.202
T0499,2,0.692,41.4,0.191
T0499,3,0.732,39.9,0.211
T0499,4,0.722,44.6,0.22
T0499,5,0.724,42.9,0.235
T0499,6,0.746,43.8,0.213
T0499,7,0.745,44.5,0.234
T0499,8,0.741,43.5,0.211
T0499,9,0.756,44.1,0.215
T0499,10,0.762,42.0,0.245
T0499,11,0.747,43.7,0.233
T0500,0,0.503,87.8,0.933
T0500,1,0.449,84.6,0.902
T0500,2,0.478,82.7,0.906
T0500,3,0.505,80.9,0.898
T0500,4,0.442,80.8,0.896
T0500,5,0.472,81.6,0.898
T0500,6,0.476,78.9,0.864
T0500,7,0.527,76.2,0.794
T0500,8,0.482,73.1,0.795
T0500,9,0.519,73.6,0.739
T0500,10,0.499,71.4,0.739
T0500,11,0.514,73.4,0.721
T0501,0,0.297,52.5,0.803
T0501,1,0.307,52.8,0.814
T0501,2,0.349,53.2,0.873
T0501,3,0.422,50.7,0.799
T0501,4,0.421,52.4,0.797
T0501,5,0.452,52.9,0.818
T0501,6,0.489,56.6,0.859
T0501,7,0.543,55.7,0.823
T0501,8,0.561,54.1,0.843
T0501,9,0.625,52.0,0.839
T0501,10,0.651,56.0,0.852
T0501,11,0.677,56.1,0.876
T0502,0,0.519,41.9,0.57
T0502,1,0.537,41.6,0.593
T0502,2,0.515,43.2,0.545
T0502,3,0.532,47.0,0.583
T0502,4,0.541,41.8,0.562
T0502,5,0.589,46.5,0.516
T0502,6,0.612,47.2,0.529
T0502,7,0.638,44.9,0.523
T0502,8,0.652,45.3,0.5
T0502,9,0.7,47.8,0.512
T0502,10,0.685,49.2,0.49
T0502,11,0.654,48.0,0.481
T0503,0,0.731,68.5,0.467
T0503,1,0.752,66.9,0.466
T0503,2,0.73,64.7,0.483
T0503,3,0.71,62.2,0.449
T0503,4,0.713,62.0,0.491
T0503,5,0.707,58.7,0.513
T0503,6,0.726,57.9,0.526
T0503,7,0.75,58.1,0.498
T0503,8,0.726,57.1,0.534
T0503,9,0.698,55.1,0.501
T0503,10,0.683,54.8,0.525
T0503,11,0.664,50.0,0.553
T0504,0,0.695,54.2,0.6
T0504,1,0.679,52.9,0.596
T0504,2,0.699,55.7,0.623
T0504,3,0.731,56.9,0.592
T0504,4,0.718,58.4,0.578
T0504,5,0.708,57.0,0.567
T0504,6,0.731,56.7,0.508
T0504,7,0.789,55.7,0.566
T0504,8,0.756,54.5,0.544
T0504,9,0.752,59.1,0.545
T0504,10,0.742,62.6,0.496
T0504,11,0.791,60.4,0.504
T0505,0,0.693,54.7,0.636
T0505,1,0.626,56.5,0.677
T0505,2,0.641,56.5,0.715
T0505,3,0.631,53.4,0.683
T0505,4,0.587,52.9,0.689
T0505,5,0.562,56.6,0.718
T0505,6,0.537,57.1,0.729
T0505,7,0.551,55.4,0.675
T0505,8,0.506,57.2,0.699
T0505,9,0.527,57.3,0.716
T0505,10,0.455,58.9,0.705
T0505,11,0.453,63.6,0.771
T0506,0,0.923,56.6,0.715
T0506,1,0.921,56.4,0.727
T0506,2,0.923,56.1,0.735
T0506,3,0.887,54.4,0.741
T0506,4,0.868,54.0,0.721
T0506,5,0.87,59.4,0.736
T0506,6,0.834,54.2,0.682
T0506,7,0.797,55.9,0.732
T0506,8,0.799,56.8,0.71
T0506,9,0.768,54.8,0.733
T0506,10,0.75,57.7,0.673
T0506,11,0.751,53.0,0.694
T0507,0,0.373,65.3,0.796
T0507,1,0.415,70.0,0.764
T0507,2,0.395,67.7,0.742
T0507,3,0.455,67.7,0.737
T0507,4,0.444,69.3,0.783
T0507,5,0.523,65.4,0.714
T0507,6,0.494,66.9,0.696
T0507,7,0.546,67.6,0.699
T0507,8,0.536,67.2,0.688
T0507,9,0.551,64.6,0.724
T0507,10,0.6,70.5,0.646
T0507,11,0.608,64.9,0.668
T0508,0,0.375,66.1,0.688
T0508,1,0.44,64.9,0.728
T0508,2,0.447,67.9,0.723
T0508,3,0.52,65.0,0.736
T0508,4,0.481,62.9,0.695
T0508,5,0.526,64.0,0.721
T0508,6,0.564,64.4,0.671
T0508,7,0.614,64.0,0.749
T0508,8,0.605,66.1,0.716
T0508,9,0.642,63.3,0.708
T0508,10,0.629,63.5,0.708
T0508,11,0.69,65.6,0.712
T0509,0,0.683,42.1,0.428
T0509,1,0.67,39.9,0.389
T0509,2,0.684,40.2,0.373
T0509,3,0.673,43.2,0.394
T0509,4,0.672,42.6,0.37
T0509,5,0.647,39.9,0.381
T0509,6,0.653,42.7,0.326
T0509,7,0.662,45.3,0.377
T0509,8,0.63,45.0,0.283
T0509,9,0.635,44.7,0.312
T0509,10,0.62,43.8,0.311
T0509,11,0.6,44.3,0.329
T0510,0,0.59,41.9,0.413
T0510,1,0.613,45.3,0.443
T0510,2,0.619,46.2,0.403
T0510,3,0.612,43.5,0.422
T0510,4,0.594,44.7,0.411
T0510,5,0.597,44.1,0.372
T0510,6,0.568,40.1,0.385
T0510,7,0.599,41.7,0.341
T0510,8,0.603,41.6,0.322
T0510,9,0.603,42.7,0.325
T0510,10,0.609,40.6,0.286
T0510,11,0.601,39.4,0.313
T0511,0,0.357,62.8,0.643
T0511,1,0.375,61.3,0.678
T0511,2,0.387,63.2,0.671
T0511,3,0.329,60.8,0.673
T0511,4,0.322,63.5,0.654
T0511,5,0.316,61.8,0.711
T0511,6,0.31,60.8,0.748
T0511,7,0.303,59.4,0.745
T0511,8,0.28,63.4,0.749
T0511,9,0.282,62.7,0.797
T0511,10,0.252,58.1,0.806
T0511,11,0.234,58.9,0.75
T0512,0,0.715,54.4,0.78
T0512,1,0.733,55.2,0.749
T0512,2,0.728,52.5,0.743
T0512,3,0.703,55.7,0.723
T0512,4,0.699,54.0,0.739
T0512,5,0.698,55.9,0.748
T0512,6,0.689,55.0,0.693
T0512,7,0.701,54.1,0.694
T0512,8,0.705,56.8,0.703
T0512,9,0.695,53.6,0.721
T0512,10,0.672,54.8,0.685
T0512,11,0.62,52.8,0.65
T0513,0,0.653,73.7,0.1
T0513,1,0.67,70.6,0.1
T0513,2,0.627,73.3,0.134
T0513,3,0.647,68.9,0.118
T0513,4,0.653,71.0,0.136
T0513,5,0.653,69.6,0.118
T0513,6,0.616,64.5,0.121
T0513,7,0.669,64.0,0.13
T0513,8,0.631,63.5,0.1
T0513,9,0.634,61.4,0.129
T0513,10,0.638,59.9,0.102
T0513,11,0.632,55.6,0.106
T0514,0,0.714,64.8,0.615
T0514,1,0.699,67.2,0.617
T0514,2,0.731,63.7,0.628
T0514,3,0.746,63.3,0.597
T0514,4,0.767,65.2,0.602
T0514,5,0.811,68.0,0.577
T0514,6,0.796,62.6,0.575
T0514,7,0.8,66.9,0.58
T0514,8,0.844,69.5,0.594
T0514,9,0.808,67.2,0.599
T0514,10,0.84,65.8,0.605
T0514,11,0.859,65.6,0.586
T0515,0,0.947,45.5,0.501
T0515,1,0.903,43.7,0.496
T0515,2,0.917,45.5,0.472
T0515,3,0.879,47.4,0.428
T0515,4,0.907,45.0,0.451
T0515,5,0.934,47.5,0.455
T0515,6,0.877,48.3,0.395
T0515,7,0.884,47.7,0.383
T0515,8,0.896,46.7,0.376
T0515,9,0.858,49.3,0.357
T0515,10,0.816,48.9,0.367
T0515,11,0.83,50.3,0.343
T0516,0,0.986,53.9,0.1
T0516,1,0.947,49.6,0.1
T0516,2,0.897,49.9,0.14
T0516,3,0.954,52.6,0.108
T0516,4,0.918,52.0,0.173
T0516,5,0.878,51.4,0.136
T0516,6,0.852,46.8,0.159
T0516,7,0.817,48.4,0.189
T0516,8,0.791,48.2,0.192
T0516,9,0.811,48.1,0.219
T0516,10,0.753,49.6,0.214
T0516,11,0.753,49.9,0.234
T0517,0,0.479,58.8,0.384
T0517,1,0.548,61.4,0.378
T0517,2,0.515,59.2,0.39
T0517,3,0.515,59.3,0.445
T0517,4,0.49,57.3,0.405
T0517,5,0.546,59.2,0.423
T0517,6,0.552,58.9,0.364
T0517,7,0.544,56.1,0.436
T0517,8,0.585,56.2,0.41
T0517,9,0.596,54.0,0.425
T0517,10,0.597,56.5,0.442
T0517,11,0.605,55.3,0.425
T0518,0,0.655,54.4,0.677
T0518,1,0.596,55.1,0.681
T0518,2,0.599,60.2,0.725
T0518,3,0.548,56.7,0.746
T0518,4,0.612,62.0,0.762
T0518,5,0.542,63.1,0.789
T0518,6,0.506,63.0,0.778
T0518,7,0.514,61.7,0.794
T0518,8,0.505,65.0,0.82
T0518,9,0.449,63.1,0.838
T0518,10,0.463,63.2,0.904
T0518,11,0.395,66.3,0.863
T0519,0,0.556,52.8,0.172
T0519,1,0.542,49.3,0.197
T0519,2,0.524,48.7,0.198
T0519,3,0.542,49.8,0.198
T0519,4,0.544,50.3,0.204
T0519,5,0.519,50.2,0.229
T0519,6,0.51,52.6,0.212
T0519,7,0.55,53.3,0.239
T0519,8,0.56,51.5,0.265
T0519,9,0.543,52.2,0.283
T0519,10,0.559,52.6,0.237
T0519,11,0.576,51.6,0.239
T0520,0,0.547,55.2,0.451
T0520,1,0.532,56.8,0.435
T0520,2,0.511,58.5,0.436
T0520,3,0.513,56.8,0.43
T0520,4,0.518,58.8,0.467
T0520,5,0.492,58.8,0.425
T0520,6,0.509,55.3,0.469
T0520,7,0.55,58.6,0.403
T0520,8,0.551,59.1,0.455
T0520,9,0.524,60.6,0.423
T0520,10,0.52,58.9,0.48
T0520,11,0.457,56.8,0.459
T0521,0,0.373,61.3,0.438
T0521,1,0.355,57.3,0.424
T0521,2,0.367,56.4,0.422
T0521,3,0.395,57.3,0.433
T0521,4,0.397,58.2,0.399
T0521,5,0.381,54.6,0.402
T0521,6,0.38,55.9,0.451
T0521,7,0.431,56.6,0.389
T0521,8,0.459,54.8,0.445
T0521,9,0.434,54.2,0.432
T0521,10,0.471,57.6,0.437
T0521,11,0.478,54.3,0.453
T0522,0,0.59,43.3,0.855
T0522,1,0.636,43.3,0.826
T0522,2,0.617,43.8,0.838
T0522,3,0.652,42.3,0.838
T0522,4,0.654,48.1,0.776
T0522,5,0.698,46.0,0.746
T0522,6,0.701,47.4,0.703
T0522,7,0.697,48.1,0.693
T0522,8,0.699,48.8,0.7
T0522,9,0.696,47.6,0.63
T0522,10,0.746,48.9,0.643
T0522,11,0.738,52.7,0.606
T0523,0,0.897,63.6,0.24
T0523,1,0.868,64.7,0.21
T0523,2,0.891,63.4,0.249
T0523,3,0.851,62.1,0.233
T0523,4,0.818,60.0,0.209
T0523,5,0.813,61.4,0.211
T0523,6,0.778,59.7,0.208
T0523,7,0.799,59.3,0.242
T0523,8,0.797,58.4,0.204
T0523,9,0.754,56.7,0.211
T0523,10,0.732,61.0,0.211
T0523,11,0.744,57.3,0.2
T0524,0,0.293,48.4,0.461
T0524,1,0.289,47.9,0.462
T0524,2,0.313,48.4,0.462
T0524,3,0.365,49.9,0.472
T0524,4,0.309,45.1,0.459
T0524,5,0.357,49.9,0.438
T0524,6,0.358,48.5,0.484
T0524,7,0.393,45.8,0.468
T0524,8,0.386,47.3,0.433
T0524,9,0.405,46.7,0.479
T0524,10,0.43,48.0,0.446
T0524,11,0.421,47.7,0.476
T0525,0,0.389,73.7,0.848
T0525,1,0.383,73.5,0.826
T0525,2,0.353,75.0,0.861
T0525,3,0.383,75.2,0.827
T0525,4,0.337,67.3,0.823
T0525,5,0.381,68.1,0.795
T0525,6,0.356,69.3,0.788
T0525,7,0.36,67.1,0.726
T0525,8,0.374,67.6,0.78
T0525,9,0.329,67.3,0.753
T0525,10,0.358,64.8,0.734
T0525,11,0.332,63.6,0.719
T0526,0,0.605,68.8,0.352
T0526,1,0.611,65.7,0.394
T0526,2,0.603,64.5,0.403
T0526,3,0.614,65.1,0.453
T0526,4,0.64,69.3,0.391
T0526,5,0.642,67.4,0.392
T0526,6,0.646,69.4,0.388
T0526,7,0.667,67.4,0.425
T0526,8,0.682,67.5,0.381
T0526,9,0.651,65.2,0.408
T0526,10,0.637,65.6,0.447
T0526,11,0.662,65.3,0.45
T0527,0,0.978,45.2,0.654
T0527,1,0.928,43.6,0.71
T0527,2,0.922,46.7,0.699
T0527,3,0.863,46.8,0.692
T0527,4,0.847,48.7,0.66
T0527,5,0.834,49.4,0.685
T0527,6,0.773,47.9,0.702
T0527,7,0.757,50.1,0.67
T0527,8,0.795,51.2,0.737
T0527,9,0.702,51.9,0.688
T0527,10,0.694,51.4,0.749
T0527,11,0.643,55.2,0.765
T0528,0,0.765,27.0,0.457
T0528,1,0.733,27.9,0.479
T0528,2,0.797,26.8,0.457
T0528,3,0.803,30.6,0.452
T0528,4,0.773,31.6,0.477
T0528,5,0.797,32.6,0.502
T0528,6,0.819,37.2,0.544
T0528,7,0.83,35.9,0.521
T0528,8,0.841,34.8,0.507
T0528,9,0.815,38.9,0.555
T0528,10,0.844,41.0,0.602
T0528,11,0.802,41.2,0.558
T0529,0,0.266,20.5,0.404
T0529,1,0.265,27.6,0.447
T0529,2,0.307,28.6,0.413
T0529,3,0.281,35.0,0.467
T0529,4,0.299,34.5,0.449
T0529,5,0.323,40.6,0.427
T0529,6,0.315,44.9,0.446
T0529,7,0.309,45.0,0.42
T0529,8,0.306,46.9,0.463
T0529,9,0.326,53.6,0.447
T0529,10,0.366,55.7,0.477
T0529,11,0.388,56.8,0.444
T0530,0,0.841,42.5,0.77
T0530,1,0.779,42.6,0.752
T0530,2,0.758,41.1,0.711
T0530,3,0.753,46.5,0.659
T0530,4,0.74,44.0,0.652
T0530,5,0.714,46.1,0.566
T0530,6,0.629,44.7,0.545
T0530,7,0.628,45.5,0.481
T0530,8,0.659,42.3,0.442
T0530,9,0.628,45.1,0.411
T0530,10,0.597,43.9,0.394
T0530,11,0.592,45.5,0.335
T0531,0,0.768,53.7,0.705
T0531,1,0.815,56.0,0.757
T0531,2,0.761,54.4,0.771
T0531,3,0.777,57.2,0.74
T0531,4,0.8,58.7,0.76
T0531,5,0.788,56.5,0.745
T0531,6,0.773,57.2,0.768
T0531,7,0.795,56.9,0.803
T0531,8,0.824,60.6,0.764
T0531,9,0.813,60.6,0.755
T0531,10,0.806,60.3,0.79
T0531,11,0.831,60.2,0.756
T0532,0,0.266,57.9,0.703
T0532,1,0.218,57.4,0.732
T0532,2,0.267,57.0,0.684
T0532,3,0.274,60.2,0.685
T0532,4,0.296,56.8,0.699
T0532,5,0.313,55.9,0.655
T0532,6,0.307,58.5,0.662
T0532,7,0.325,60.2,0.666
T0532,8,0.321,61.4,0.674
T0532,9,0.319,60.5,0.661
T0532,10,0.393,63.1,0.668
T0532,11,0.34,59.9,0.646
T0533,0,0.654,67.5,0.535
T0533,1,0.672,67.7,0.507
T0533,2,0.673,70.3,0.559
T0533,3,0.667,67.0,0.591
T0533,4,0.638,69.7,0.604
T0533,5,0.627,69.9,0.595
T0533,6,0.6,71.0,0.603
T0533,7,0.611,68.0,0.658
T0533,8,0.602,66.4,0.645
T0533,9,0.607,69.1,0.656
T0533,10,0.603,65.9,0.69
T0533,11,0.557,68.2,0.715
T0534,0,0.714,37.2,0.498
T0534,1,0.692,43.3,0.512
T0534,2,0.691,41.2,0.482
T0534,3,0.667,45.5,0.445
T0534,4,0.694,42.6,0.443
T0534,5,0.691,46.6,0.44
T0534,6,0.65,46.9,0.464
T0534,7,0.688,47.6,0.431
T0534,8,0.641,52.3,0.404
T0534,9,0.642,51.2,0.387
T0534,10,0.631,52.6,0.395
T0534,11,0.644,54.1,0.381
T0535,0,0.668,52.8,0.33
T0535,1,0.649,55.8,0.309
T0535,2,0.69,56.9,0.357
T0535,3,0.691,55.3,0.314
T0535,4,0.7,56.5,0.298
T0535,5,0.678,54.5,0.295
T0535,6,0.71,54.6,0.248
T0535,7,0.668,56.2,0.253
T0535,8,0.663,54.8,0.282
T0535,9,0.677,55.7,0.232
T0535,10,0.685,55.2,0.235
T0535,11,0.673,58.4,0.24
T0536,0,0.683,54.6,0.51
T0536,1,0.669,52.6,0.524
T0536,2,0.693,53.1,0.514
T0536,3,0.73,52.7,0.453
T0536,4,0.71,54.0,0.424
T0536,5,0.726,52.2,0.473
T0536,6,0.739,55.0,0.432
T0536,7,0.72,54.5,0.446
T0536,8,0.756,52.1,0.444
T0536,9,0.734,51.8,0.438
T0536,10,0.789,52.0,0.441
T0536,11,0.776,54.1,0.376
T0537,0,0.576,58.2,0.386
T0537,1,0.551,56.4,0.424
T0537,2,0.585,59.0,0.399
T0537,3,0.565,58.7,0.387
T0537,4,0.6,56.5,0.429
T0537,5,0.6,56.7,0.484
T0537,6,0.538,57.2,0.413
T0537,7,0.564,57.9,0.488
T0537,8,0.583,57.1,0.441
T0537,9,0.607,58.3,0.461
T0537,10,0.606,56.4,0.464
T0537,11,0.585,57.7,0.496
T0538,0,0.932,44.6,0.371
T0538,1,0.962,46.7,0.419
T0538,2,0.966,44.6,0.416
T0538,3,0.906,45.2,0.447
T0538,4,0.891,42.2,0.468
T0538,5,0.893,42.4,0.458
T0538,6,0.865,42.7,0.429
T0538,7,0.861,41.2,0.465
T0538,8,0.812,40.4,0.508
T0538,9,0.846,39.4,0.471
T0538,10,0.878,39.0,0.509
T0538,11,0.813,37.4,0.464
T0539,0,0.426,70.3,0.572
T0539,1,0.496,72.2,0.59
T0539,2,0.459,67.1,0.596
T0539,3,0.461,69.5,0.595
T0539,4,0.452,70.1,0.633
T0539,5,0.468,68.4,0.62
T0539,6,0.442,70.6,0.614
T0539,7,0.44,67.6,0.616
T0539,8,0.463,66.3,0.647
T0539,9,0.466,66.1,0.679
T0539,10,0.467,63.8,0.638
T0539,11,0.481,63.9,0.662
T0540,0,1.0,46.7,0.442
T0540,1,0.986,46.4,0.414
T0540,2,0.954,50.3,0.432
T0540,3,0.913,49.1,0.45
T0540,4,0.919,54.2,0.444
T0540,5,0.857,53.8,0.452
T0540,6,0.85,54.3,0.458
T0540,7,0.83,54.9,0.385
T0540,8,0.867,57.0,0.43
T0540,9,0.786,54.4,0.439
T0540,10,0.788,58.8,0.426
T0540,11,0.762,61.5,0.45
T0541,0,0.53,67.3,0.845
T0541,1,0.472,65.9,0.835
T0541,2,0.521,66.6,0.848
T0541,3,0.519,69.7,0.862
T0541,4,0.525,66.9,0.87
T0541,5,0.527,66.7,0.853
T0541,6,0.579,66.5,0.87
T0541,7,0.567,70.2,0.916
T0541,8,0.614,66.0,0.91
T0541,9,0.59,67.7,0.917
T0541,10,0.645,65.5,0.936
T0541,11,0.63,66.6,0.911
T0542,0,0.197,76.6,1.0
T0542,1,0.21,73.2,0.99
T0542,2,0.235,77.1,0.989
T0542,3,0.327,75.1,0.969
T0542,4,0.379,73.1,0.947
T0542,5,0.407,74.3,0.955
T0542,6,0.435,69.6,1.0
T0542,7,0.501,73.3,0.937
T0542,8,0.512,70.8,0.922
T0542,9,0.552,72.4,0.882
T0542,10,0.611,71.0,0.902
T0542,11,0.626,68.5,0.895
T0543,0,0.682,57.6,0.431
T0543,1,0.685,54.9,0.451
T0543,2,0.662,55.8,0.441
T0543,3,0.655,52.8,0.412
T0543,4,0.598,55.7,0.442
T0543,5,0.636,57.4,0.452
T0543,6,0.634,58.7,0.431
T0543,7,0.569,56.2,0.431
T0543,8,0.613,59.2,0.458
T0543,9,0.576,58.2,0.447
T0543,10,0.566,57.9,0.455
T0543,11,0.543,59.2,0.43
T0544,0,0.986,50.2,0.508
T0544,1,0.959,50.2,0.526
T0544,2,0.979,50.1,0.448
T0544,3,0.962,48.3,0.46
T0544,4,0.939,46.4,0.472
T0544,5,0.906,47.5,0.447
T0544,6,0.906,46.9,0.424
T0544,7,0.844,42.2,0.446
T0544,8,0.852,43.2,0.418
T0544,9,0.898,41.2,0.397
T0544,10,0.835,41.5,0.389
T0544,11,0.831,38.7,0.385
T0545,0,0.799,49.5,0.1
T0545,1,0.811,48.8,0.138
T0545,2,0.773,49.2,0.164
T0545,3,0.773,50.2,0.125
T0545,4,0.806,46.4,0.125
T0545,5,0.767,48.5,0.111
T0545,6,0.781,45.4,0.12
T0545,7,0.791,46.8,0.165
T0545,8,0.793,49.6,0.17
T0545,9,0.795,49.9,0.149
T0545,10,0.805,49.2,0.18
T0545,11,0.785,48.1,0.168
T0546,0,0.757,54.4,0.583
T0546,1,0.704,54.3,0.568
T0546,2,0.755,55.5,0.578
T0546,3,0.696,53.3,0.601
T0546,4,0.664,57.1,0.641
T0546,5,0.656,57.4,0.602
T0546,6,0.637,58.3,0.613
T0546,7,0.599,60.2,0.618
T0546,8,0.599,62.5,0.659
T0546,9,0.56,62.7,0.643
T0546,10,0.565,64.1,0.629
T0546,11,0.58,64.0,0.65
T0547,0,0.379,50.1,0.389
T0547,1,0.401,46.0,0.376
T0547,2,0.423,49.9,0.383
T0547,3,0.448,49.6,0.419
T0547,4,0.472,53.9,0.368
T0547,5,0.506,53.8,0.416
T0547,6,0.503,51.6,0.391
T0547,7,0.537,53.3,0.457
T0547,8,0.567,54.6,0.442
T0547,9,0.549,55.4,0.458
T0547,10,0.603,56.5,0.464
T0547,11,0.616,55.3,0.431
T0548,0,0.809,56.7,0.791
T0548,1,0.799,56.1,0.754
T0548,2,0.819,52.1,0.775
T0548,3,0.787,55.1,0.741
T0548,4,0.795,54.7,0.761
T0548,5,0.751,53.6,0.8
T0548,6,0.814,51.7,0.793
T0548,7,0.761,55.0,0.752
T0548,8,0.791,54.8,0.778
T0548,9,0.757,52.1,0.782
T0548,10,0.75,54.7,0.758
T0548,11,0.765,53.3,0.767
T0549,0,0.686,49.4,0.515
T0549,1,0.692,50.7,0.541
T0549,2,0.699,51.1,0.56
T0549,3,0.684,50.4,0.533
T0549,4,0.691,53.4,0.531
T0549,5,0.719,54.8,0.578
T0549,6,0.702,51.5,0.586
T0549,7,0.741,53.0,0.605
T0549,8,0.751,52.1,0.607
T0549,9,0.718,55.3,0.594
T0549,10,0.764,52.8,0.636
T0549,11,0.742,52.1,0.646
T0550,0,0.529,44.9,0.518
T0550,1,0.565,45.4,0.449
T0550,2,0.58,49.5,0.458
T0550,3,0.579,44.1,0.442
T0550,4,0.575,43.9,0.413
T0550,5,0.6,44.7,0.417
T0550,6,0.586,46.5,0.446
T0550,7,0.592,45.7,0.439
T0550,8,0.622,42.9,0.392
T0550,9,0.588,43.7,0.379
T0550,10,0.643,43.8,0.367
T0550,11,0.631,42.7,0.378
T0551,0,0.83,50.2,0.335
T0551,1,0.846,48.1,0.367
T0551,2,0.78,49.6,0.363
T0551,3,0.8,52.4,0.358
T0551,4,0.781,51.4,0.371
T0551,5,0.752,54.0,0.347
T0551,6,0.734,57.0,0.391
T0551,7,0.745,57.0,0.387
T0551,8,0.704,58.9,0.4
T0551,9,0.655,61.7,0.366
T0551,10,0.636,64.9,0.403
T0551,11,0.577,64.5,0.417
T0552,0,0.444,52.6,0.439
T0552,1,0.463,54.8,0.448
T0552,2,0.433,55.5,0.469
T0552,3,0.451,56.9,0.482
T0552,4,0.42,57.9,0.494
T0552,5,0.432,58.5,0.474
T0552,6,0.405,60.1,0.454
T0552,7,0.408,57.9,0.481
T0552,8,0.42,61.5,0.486
T0552,9,0.413,60.6,0.514
T0552,10,0.452,58.8,0.483
T0552,11,0.397,62.2,0.516
T0553,0,0.178,54.9,0.258
T0553,1,0.187,57.0,0.292
T0553,2,0.225,51.3,0.247
T0553,3,0.288,50.8,0.26
T0553,4,0.281,55.5,0.251
T0553,5,0.342,51.4,0.286
T0553,6,0.363,52.0,0.33
T0553,7,0.41,52.2,0.265
T0553,8,0.436,50.3,0.259
T0553,9,0.44,47.9,0.299
T0553,10,0.483,49.8,0.318
T0553,11,0.539,50.0,0.326
T0554,0,0.467,36.7,0.1
T0554,1,0.481,36.2,0.133
T0554,2,0.449,37.9,0.105
T0554,3,0.405,38.1,0.121
T0554,4,0.422,40.7,0.1
T0554,5,0.438,39.5,0.133
T0554,6,0.375,44.9,0.127
T0554,7,0.415,44.8,0.138
T0554,8,0.41,44.0,0.158
T0554,9,0.365,43.8,0.129
T0554,10,0.387,46.0,0.172
T0554,11,0.412,47.7,0.175
T0555,0,0.841,66.8,0.798
T0555,1,0.793,66.1,0.755
T0555,2,0.793,70.9,0.776
T0555,3,0.722,64.7,0.736
T0555,4,0.735,66.5,0.759
T0555,5,0.715,65.7,0.753
T0555,6,0.635,67.3,0.802
T0555,7,0.673,67.2,0.805
T0555,8,0.657,65.8,0.776
T0555,9,0.557,67.5,0.782
T0555,10,0.585,69.1,0.8
T0555,11,0.529,68.4,0.795
T0556,0,0.285,67.3,0.645
T0556,1,0.256,69.8,0.697
T0556,2,0.273,65.3,0.691
T0556,3,0.339,62.8,0.708
T0556,4,0.377,64.0,0.731
T0556,5,0.339,67.5,0.714
T0556,6,0.407,67.3,0.776
T0556,7,0.443,63.0,0.723
T0556,8,0.42,62.7,0.786
T0556,9,0.471,65.6,0.813
T0556,10,0.518,64.8,0.793
T0556,11,0.524,63.6,0.82
T0557,0,0.349,61.4,0.381
T0557,1,0.362,59.4,0.364
T0557,2,0.403,61.7,0.305
T0557,3,0.399,58.5,0.323
T0557,4,0.435,58.6,0.366
T0557,5,0.485,58.5,0.37
T0557,6,0.465,59.1,0.323
T0557,7,0.518,60.1,0.339
T0557,8,0.537,58.6,0.321
T0557,9,0.537,56.4,0.346
T0557,10,0.585,60.0,0.314
T0557,11,0.611,56.8,0.305
T0558,0,0.259,68.7,0.821
T0558,1,0.277,67.3,0.801
T0558,2,0.335,64.4,0.832
T0558,3,0.317,62.9,0.806
T0558,4,0.304,62.0,0.807
T0558,5,0.329,63.7,0.768
T0558,6,0.343,62.0,0.796
T0558,7,0.382,61.0,0.727
T0558,8,0.348,60.4,0.74
T0558,9,0.418,58.6,0.711
T0558,10,0.409,56.7,0.674
T0558,11,0.403,54.3,0.676
T0559,0,0.421,47.1,0.77
T0559,1,0.437,46.7,0.795
T0559,2,0.46,49.5,0.746
T0559,3,0.513,53.6,0.773
T0559,4,0.477,50.3,0.815
T0559,5,0.533,51.3,0.797
T0559,6,0.535,53.5,0.807
T0559,7,0.594,57.7,0.765
T0559,8,0.612,56.1,0.795
T0559,9,0.625,57.6,0.802
T0559,10,0.637,57.6,0.818
T0559,11,0.672,58.7,0.788
T0560,0,0.784,52.4,0.344
T0560,1,0.804,54.2,0.349
T0560,2,0.798,52.1,0.349
T0560,3,0.805,50.1,0.348
T0560,4,0.797,47.7,0.363
T0560,5,0.799,48.0,0.4
T0560,6,0.814,50.0,0.375
T0560,7,0.831,46.6,0.367
T0560,8,0.825,44.3,0.425
T0560,9,0.842,46.3,0.429
T0560,10,0.808,43.9,0.396
T0560,11,0.804,44.0,0.439
T0561,0,0.649,66.8,0.503
T0561,1,0.691,63.2,0.493
T0561,2,0.659,61.4,0.485
T0561,3,0.671,58.9,0.46
T0561,4,0.708,59.2,0.475
T0561,5,0.678,59.5,0.427
T0561,6,0.694,55.2,0.453
T0561,7,0.701,54.1,0.472
T0561,8,0.639,55.0,0.438
T0561,9,0.675,53.4,0.415
T0561,10,0.666,49.9,0.407
T0561,11,0.678,49.9,0.404
T0562,0,0.624,85.5,0.847
T0562,1,0.567,84.2,0.822
T0562,2,0.538,83.1,0.8
T0562,3,0.545,82.0,0.798
T0562,4,0.493,80.6,0.775
T0562,5,0.483,84.9,0.779
T0562,6,0.42,81.4,0.757
T0562,7,0.397,81.2,0.784
T0562,8,0.412,81.5,0.699
T0562,9,0.35,80.8,0.737
T0562,10,0.368,80.2,0.753
T0562,11,0.349,79.6,0.691
T0563,0,0.99,56.9,0.179
T0563,1,0.974,56.8,0.173
T0563,2,0.969,55.4,0.152
T0563,3,0.914,55.6,0.106
T0563,4,0.89,54.9,0.15
T0563,5,0.884,55.5,0.151
T0563,6,0.863,52.8,0.129
T0563,7,0.819,50.4,0.131
T0563,8,0.819,46.6,0.142
T0563,9,0.823,45.4,0.108
T0563,10,0.732,47.8,0.12
T0563,11,0.763,46.8,0.1
T0564,0,0.178,58.4,0.61
T0564,1,0.173,57.4,0.608
T0564,2,0.178,60.0,0.66
T0564,3,0.22,57.8,0.717
T0564,4,0.268,59.9,0.713
T0564,5,0.273,60.7,0.742
T0564,6,0.27,62.3,0.763
T0564,7,0.312,61.8,0.803
T0564,8,0.343,65.3,0.812
T0564,9,0.35,63.4,0.87
T0564,10,0.39,65.9,0.886
T0564,11,0.415,66.7,0.9
T0565,0,0.734,58.5,0.1
T0565,1,0.775,58.0,0.1
T0565,2,0.728,60.0,0.12
T0565,3,0.772,57.5,0.1
T0565,4,0.709,57.1,0.131
T0565,5,0.683,53.3,0.123
T0565,6,0.677,54.3,0.132
T0565,7,0.639,52.5,0.145
T0565,8,0.651,49.3,0.156
T0565,9,0.605,50.3,0.134
T0565,10,0.574,45.9,0.14
T0565,11,0.593,44.3,0.174
T0566,0,0.538,54.2,0.609
T0566,1,0.524,55.3,0.584
T0566,2,0.521,54.6,0.58
T0566,3,0.49,55.4,0.56
T0566,4,0.482,56.7,0.549
T0566,5,0.509,55.5,0.569
T0566,6,0.454,53.9,0.582
T0566,7,0.432,58.3,0.551
T0566,8,0.451,57.8,0.592
T0566,9,0.432,58.3,0.594
T0566,10,0.471,63.7,0.586
T0566,11,0.404,57.7,0.561
T0567,0,0.692,63.6,0.872
T0567,1,0.673,62.7,0.844
T0567,2,0.652,64.3,0.84
T0567,3,0.661,64.9,0.868
T0567,4,0.663,63.2,0.849
T0567,5,0.669,67.7,0.887
T0567,6,0.647,66.2,0.889
T0567,7,0.678,64.8,0.909
T0567,8,0.684,65.4,0.909
T0567,9,0.697,70.2,0.92
T0567,10,0.672,68.1,0.936
T0567,11,0.651,69.2,0.927
T0568,0,0.616,50.3,0.985
T0568,1,0.615,49.3,0.958
T0568,2,0.643,50.1,0.932
T0568,3,0.67,50.9,0.914
T0568,4,0.611,50.2,0.845
T0568,5,0.573,53.5,0.863
T0568,6,0.581,54.2,0.773
T0568,7,0.595,52.1,0.786
T0568,8,0.558,54.6,0.728
T0568,9,0.527,52.0,0.695
T0568,10,0.495,54.5,0.705
T0568,11,0.509,51.1,0.646
T0569,0,0.278,46.5,0.654
T0569,1,0.292,45.3,0.672
T0569,2,0.276,50.6,0.633
T0569,3,0.282,49.1,0.639
T0569,4,0.308,50.3,0.619
T0569,5,0.319,49.8,0.581
T0569,6,0.341,48.2,0.617
T0569,7,0.327,48.6,0.566
T0569,8,0.369,49.5,0.575
T0569,9,0.376,47.6,0.58
T0569,10,0.417,47.2,0.552
T0569,11,0.394,48.4,0.576
T0570,0,0.558,55.7,0.448
T0570,1,0.582,55.5,0.512
T0570,2,0.586,55.6,0.49
T0570,3,0.601,57.0,0.528
T0570,4,0.621,56.4,0.487
T0570,5,0.594,54.9,0.449
T0570,6,0.566,54.7,0.538
T0570,7,0.589,52.7,0.504
T0570,8,0.589,54.1,0.486
T0570,9,0.589,52.4,0.513
T0570,10,0.585,52.8,0.515
T0570,11,0.55,51.8,0.537
T0571,0,0.556,63.0,0.328
T0571,1,0.551,64.0,0.336
T0571,2,0.59,65.5,0.324
T0571,3,0.592,62.5,0.296
T0571,4,0.595,59.3,0.295
T0571,5,0.597,62.2,0.306
T0571,6,0.605,61.2,0.302
T0571,7,0.582,58.3,0.315
T0571,8,0.613,59.5,0.257
T0571,9,0.607,59.1,0.267
T0571,10,0.648,57.5,0.234
T0571,11,0.661,56.7,0.256
T0572,0,0.608,47.3,0.852
T0572,1,0.638,49.8,0.845
T0572,2,0.634,46.4,0.884
T0572,3,0.643,47.2,0.862
T0572,4,0.623,49.3,0.867
T0572,5,0.619,47.3,0.828
T0572,6,0.64,48.5,0.855
T0572,7,0.65,50.9,0.86
T0572,8,0.649,51.1,0.804
T0572,9,0.654,47.7,0.802
T0572,10,0.645,46.5,0.819
T0572,11,0.639,50.6,0.77
T0573,0,0.958,57.7,0.339
T0573,1,0.895,56.2,0.395
T0573,2,0.914,55.9,0.41
T0573,3,0.849,54.7,0.429
T0573,4,0.82,53.5,0.445
T0573,5,0.823,52.7,0.452
T0573,6,0.759,52.9,0.507
T0573,7,0.771,50.4,0.547
T0573,8,0.731,52.0,0.518
T0573,9,0.735,51.5,0.565
T0573,10,0.678,49.5,0.582
T0573,11,0.683,50.8,0.594
T0574,0,0.874,43.5,0.933
T0574,1,0.894,43.3,0.915
T0574,2,0.907,48.2,0.947
T0574,3,0.877,46.9,0.933
T0574,4,0.849,46.1,0.895
T0574,5,0.899,46.4,0.919
T0574,6,0.815,47.3,0.911
T0574,7,0.844,52.1,0.918
T0574,8,0.854,53.5,0.934
T0574,9,0.81,52.3,0.922
T0574,10,0.845,55.1,0.905
T0574,11,0.82,57.0,0.929
T0575,0,0.52,62.3,0.305
T0575,1,0.53,61.4,0.295
T0575,2,0.558,59.3,0.3
T0575,3,0.58,64.9,0.266
T0575,4,0.554,62.0,0.272
T0575,5,0.541,63.4,0.264
T0575,6,0.577,63.5,0.287
T0575,7,0.535,63.6,0.271
T0575,8,0.592,64.7,0.246
T0575,9,0.591,67.0,0.225
T0575,10,0.576,64.5,0.272
T0575,11,0.592,62.7,0.292
T0576,0,0.337,43.7,0.763
T0576,1,0.384,42.4,0.751
T0576,2,0.363,45.4,0.737
T0576,3,0.413,45.4,0.707
T0576,4,0.412,49.2,0.699
T0576,5,0.403,47.9,0.691
T0576,6,0.418,48.3,0.645
T0576,7,0.447,46.2,0.626
T0576,8,0.491,46.7,0.651
T0576,9,0.474,48.4,0.663
T0576,10,0.477,48.6,0.626
T0576,11,0.486,48.6,0.671
T0577,0,0.797,45.3,0.807
T0577,1,0.832,44.9,0.792
T0577,2,0.787,45.7,0.817
T0577,3,0.784,44.8,0.748
T0577,4,0.772,47.5,0.727
T0577,5,0.721,44.5,0.725
T0577,6,0.738,44.7,0.695
T0577,7,0.727,47.4,0.689
T0577,8,0.723,49.5,0.695
T0577,9,0.734,49.0,0.665
T0577,10,0.698,49.0,0.605
T0577,11,0.697,48.1,0.622
T0578,0,0.519,39.9,0.696
T0578,1,0.493,43.3,0.734
T0578,2,0.515,39.9,0.708
T0578,3,0.515,43.2,0.696
T0578,4,0.546,41.5,0.664
T0578,5,0.534,46.8,0.702
T0578,6,0.526,45.7,0.637
T0578,7,0.528,45.4,0.635
T0578,8,0.542,45.6,0.636
T0578,9,0.548,49.5,0.62
T0578,10,0.541,45.8,0.576
T0578,11,0.497,50.7,0.581
T0579,0,0.304,71.0,0.306
T0579,1,0.317,69.0,0.303
T0579,2,0.337,72.3,0.332
T0579,3,0.334,70.1,0.332
T0579,4,0.348,64.8,0.316
T0579,5,0.352,68.3,0.312
T0579,6,0.364,65.4,0.321
T0579,7,0.409,63.0,0.343
T0579,8,0.424,62.0,0.344
T0579,9,0.466,62.2,0.354
T0579,10,0.449,59.6,0.352
T0579,11,0.498,55.3,0.391
T0580,0,0.615,75.4,0.969
T0580,1,0.635,73.7,0.948
T0580,2,0.608,69.6,0.947
T0580,3,0.553,71.0,0.979
T0580,4,0.558,70.1,0.921
T0580,5,0.56,68.2,0.877
T0580,6,0.528,71.2,0.905
T0580,7,0.557,66.6,0.887
T0580,8,0.54,67.3,0.884
T0580,9,0.519,67.1,0.83
T0580,10,0.489,67.2,0.792
T0580,11,0.476,63.7,0.772
T0581,0,0.49,54.8,0.511
T0581,1,0.502,54.3,0.525
T0581,2,0.547,54.4,0.518
T0581,3,0.516,49.9,0.492
T0581,4,0.559,50.1,0.498
T0581,5,0.556,47.4,0.484
T0581,6,0.578,47.5,0.457
T0581,7,0.587,50.0,0.407
T0581,8,0.587,46.6,0.404
T0581,9,0.617,41.5,0.41
T0581,10,0.655,44.5,0.408
T0581,11,0.673,43.7,0.373
T0582,0,0.64,51.9,0.458
T0582,1,0.651,51.7,0.454
T0582,2,0.675,52.8,0.466
T0582,3,0.641,49.5,0.432
T0582,4,0.635,50.3,0.459
T0582,5,0.676,50.3,0.472
T0582,6,0.647,51.5,0.425
T0582,7,0.653,52.6,0.431
T0582,8,0.584,49.1,0.415
T0582,9,0.582,48.2,0.424
T0582,10,0.607,48.4,0.474
T0582,11,0.62,50.2,0.446
T0583,0,0.68,55.6,0.728
T0583,1,0.666,53.1,0.707
T0583,2,0.654,53.4,0.683
T0583,3,0.66,54.9,0.699
T0583,4,0.67,53.0,0.712
T0583,5,0.66,54.4,0.678
T0583,6,0.621,52.7,0.706
T0583,7,0.629,54.9,0.694
T0583,8,0.652,53.4,0.729
T0583,9,0.626,55.3,0.73
T0583,10,0.603,53.4,0.675
T0583,11,0.593,55.1,0.717
T0584,0,0.473,60.9,0.582
T0584,1,0.49,56.7,0.57
T0584,2,0.487,60.4,0.525
T0584,3,0.52,61.4,0.582
T0584,4,0.499,59.7,0.565
T0584,5,0.498,59.1,0.603
T0584,6,0.501,57.6,0.571
T0584,7,0.469,58.7,0.584
T0584,8,0.516,56.5,0.622
T0584,9,0.486,58.2,0.609
T0584,10,0.488,60.7,0.614
T0584,11,0.469,62.8,0.576
T0585,0,0.825,40.1,0.366
T0585,1,0.809,45.4,0.38
T0585,2,0.772,42.2,0.395
T0585,3,0.777,43.8,0.409
T0585,4,0.739,47.9,0.478
T0585,5,0.782,47.1,0.502
T0585,6,0.741,46.3,0.502
T0585,7,0.709,47.6,0.553
T0585,8,0.683,47.5,0.579
T0585,9,0.674,48.4,0.647
T0585,10,0.694,50.0,0.69
T0585,11,0.644,50.2,0.686
T0586,0,0.463,64.0,0.688
T0586,1,0.434,64.6,0.67
T0586,2,0.475,66.1,0.636
T0586,3,0.493,68.8,0.666
T0586,4,0.477,68.4,0.619
T0586,5,0.465,69.2,0.652
T0586,6,0.476,70.9,0.618
T0586,7,0.481,70.8,0.605
T0586,8,0.501,72.2,0.621
T0586,9,0.556,72.8,0.591
T0586,10,0.529,74.6,0.599
T0586,11,0.525,80.0,0.559
T0587,0,0.847,36.4,0.175
T0587,1,0.833,38.5,0.158
T0587,2,0.849,39.1,0.181
T0587,3,0.852,37.8,0.181
T0587,4,0.844,32.8,0.172
T0587,5,0.853,35.3,0.153
T0587,6,0.857,34.4,0.149
T0587,7,0.89,33.4,0.153
T0587,8,0.908,33.4,0.206
T0587,9,0.938,34.9,0.169
T0587,10,0.901,32.7,0.175
T0587,11,0.904,35.9,0.197
T0588,0,0.61,49.6,0.358
T0588,1,0.555,45.8,0.35
T0588,2,0.539,48.7,0.371
T0588,3,0.543,51.1,0.308
T0588,4,0.522,49.0,0.388
T0588,5,0.561,48.4,0.416
T0588,6,0.556,48.4,0.388
T0588,7,0.541,50.2,0.392
T0588,8,0.517,51.8,0.372
T0588,9,0.536,49.7,0.402
T0588,10,0.511,52.4,0.377
T0588,11,0.493,50.0,0.368
T0589,0,0.612,47.6,0.24
T0589,1,0.605,49.3,0.272
T0589,2,0.618,46.9,0.271
T0589,3,0.558,47.5,0.302
T0589,4,0.57,45.4,0.273
T0589,5,0.559,47.6,0.284
T0589,6,0.573,47.1,0.277
T0589,7,0.592,47.5,0.288
T0589,8,0.552,46.0,0.266
T0589,9,0.545,47.3,0.285
T0589,10,0.516,44.8,0.306
T0589,11,0.514,46.8,0.267
T0590,0,0.806,63.7,0.687
T0590,1,0.747,63.5,0.696
T0590,2,0.768,61.8,0.719
T0590,3,0.795,64.6,0.698
T0590,4,0.745,63.5,0.729
T0590,5,0.724,63.3,0.767
T0590,6,0.699,60.5,0.746
T0590,7,0.707,64.5,0.773
T0590,8,0.646,63.1,0.774
T0590,9,0.696,59.0,0.787
T0590,10,0.688,58.9,0.805
T0590,11,0.644,62.6,0.81
T0591,0,0.661,63.5,0.132
T0591,1,0.667,63.9,0.133
T0591,2,0.661,60.9,0.1
T0591,3,0.69,63.5,0.1
T0591,4,0.697,59.2,0.103
T0591,5,0.684,58.6,0.128
T0591,6,0.71,56.8,0.112
T0591,7,0.671,57.8,0.143
T0591,8,0.707,58.3,0.16
T0591,9,0.637,56.5,0.121
T0591,10,0.714,57.6,0.135
T0591,11,0.673,57.5,0.134
T0592,0,0.647,59.4,0.409
T0592,1,0.595,60.2,0.421
T0592,2,0.599,56.3,0.415
T0592,3,0.565,57.3,0.442
T0592,4,0.57,57.5,0.452
T0592,5,0.566,56.4,0.497
T0592,6,0.585,56.8,0.514
T0592,7,0.556,56.2,0.539
T0592,8,0.56,54.6,0.569
T0592,9,0.557,55.2,0.596
T0592,10,0.573,52.6,0.626
T0592,11,0.545,49.6,0.635
T0593,0,1.0,47.1,0.374
T0593,1,0.943,49.8,0.359
T0593,2,0.972,44.4,0.35
T0593,3,0.972,44.0,0.35
T0593,4,0.968,43.7,0.282
T0593,5,0.917,41.0,0.276
T0593,6,0.936,43.9,0.275
T0593,7,0.889,45.3,0.237
T0593,8,0.897,39.9,0.266
T0593,9,0.857,38.8,0.188
T0593,10,0.856,39.8,0.184
T0593,11,0.831,35.0,0.22
T0594,0,0.54,53.7,0.306
T0594,1,0.538,54.4,0.312
T0594,2,0.547,57.6,0.335
T0594,3,0.615,54.7,0.334
T0594,4,0.622,52.2,0.358
T0594,5,0.612,48.8,0.35
T0594,6,0.593,50.3,0.346
T0594,7,0.647,50.2,0.347
T0594,8,0.615,47.6,0.332
T0594,9,0.636,51.6,0.344
T0594,10,0.655,48.3,0.342
T0594,11,0.662,45.3,0.353
T0595,0,0.578,41.2,0.282
T0595,1,0.608,41.7,0.248
T0595,2,0.587,39.1,0.277
T0595,3,0.6,39.1,0.302
T0595,4,0.615,40.9,0.295
T0595,5,0.628,44.1,0.305
T0595,6,0.606,40.9,0.318
T0595,7,0.641,41.2,0.322
T0595,8,0.607,43.3,0.286
T0595,9,0.626,37.4,0.278
T0595,10,0.603,44.4,0.328
T0595,11,0.645,40.2,0.304
T0596,0,0.694,52.0,0.666
T0596,1,0.713,50.3,0.691
T0596,2,0.676,51.8,0.668
T0596,3,0.664,49.3,0.675
T0596,4,0.695,51.9,0.667
T0596,5,0.635,51.3,0.659
T0596,6,0.659,51.5,0.686
T0596,7,0.604,48.6,0.645
T0596,8,0.616,52.0,0.606
T0596,9,0.618,52.6,0.618
T0596,10,0.57,48.6,0.643
T0596,11,0.586,50.6,0.619
T0597,0,0.147,73.1,0.523
T0597,1,0.13,73.8,0.549
T0597,2,0.14,74.3,0.496
T0597,3,0.184,73.5,0.521
T0597,4,0.192,71.1,0.539
T0597,5,0.163,75.0,0.55
T0597,6,0.19,69.7,0.53
T0597,7,0.181,70.0,0.522
T0597,8,0.163,72.3,0.518
T0597,9,0.209,71.7,0.534
T0597,10,0.24,71.2,0.507
T0597,11,0.244,72.3,0.523
T0598,0,0.609,62.5,0.906
T0598,1,0.65,61.6,0.928
T0598,2,0.707,60.9,0.869
T0598,3,0.676,61.0,0.891
T0598,4,0.673,60.6,0.905
T0598,5,0.692,57.5,0.915
T0598,6,0.694,56.9,0.877
T0598,7,0.733,56.8,0.915
T0598,8,0.73,57.2,0.869
T0598,9,0.764,55.4,0.867
T0598,10,0.764,56.1,0.839
T0598,11,0.815,56.0,0.856
T0599,0,0.65,39.7,0.37
T0599,1,0.651,37.7,0.374
T0599,2,0.683,37.1,0.346
T0599,3,0.692,40.0,0.367
T0599,4,0.709,39.7,0.354
T0599,5,0.679,41.6,0.363
T0599,6,0.684,38.7,0.365
T0599,7,0.712,42.3,0.348
T0599,8,0.763,42.3,0.367
T0599,9,0.756,44.3,0.384
T0599,10,0.761,44.4,0.352
T0599,11,0.762,45.8,0.384
T0600,0,0.758,33.4,0.43
T0600,1,0.749,34.8,0.459
T0600,2,0.757,34.8,0.425
T0600,3,0.721,34.0,0.468
T0600,4,0.749,36.3,0.483
T0600,5,0.74,36.1,0.499
T0600,6,0.718,37.5,0.454
T0600,7,0.725,37.0,0.494
T0600,8,0.717,36.1,0.478
T0600,9,0.742,37.7,0.52
T0600,10,0.737,38.0,0.506
T0600,11,0.727,40.5,0.54
T0601,0,0.891,41.9,0.299
T0601,1,0.874,42.8,0.315
T0601,2,0.85,43.4,0.258
T0601,3,0.845,48.4,0.296
T0601,4,0.847,48.5,0.338
T0601,5,0.816,49.7,0.265
T0601,6,0.784,51.3,0.323
T0601,7,0.766,51.7,0.28
T0601,8,0.757,56.2,0.301
T0601,9,0.763,56.1,0.293
T0601,10,0.732,53.1,0.273
T0601,11,0.731,58.7,0.32
T0602,0,0.632,67.6,1.0
T0602,1,0.585,68.0,0.931
T0602,2,0.62,64.3,0.954
T0602,3,0.605,71.9,0.927
T0602,4,0.561,65.4,0.926
T0602,5,0.587,67.8,0.921
T0602,6,0.581,69.7,0.919
T0602,7,0.533,70.4,0.916
T0602,8,0.561,68.6,0.937
T0602,9,0.559,68.6,0.867
T0602,10,0.596,69.6,0.883
T0602,11,0.562,71.0,0.86
T0603,0,0.667,59.4,0.923
T0603,1,0.685,55.2,0.849
T0603,2,0.646,56.8,0.921
T0603,3,0.64,59.8,0.854
T0603,4,0.627,56.9,0.82
T0603,5,0.626,58.0,0.786
T0603,6,0.595,58.6,0.823
T0603,7,0.606,57.4,0.799
T0603,8,0.592,59.6,0.788
T0603,9,0.604,55.2,0.764
T0603,10,0.533,57.4,0.783
T0603,11,0.543,59.8,0.712
T0604,0,0.807,46.5,0.906
T0604,1,0.833,47.5,0.921
T0604,2,0.825,50.0,0.916
T0604,3,0.787,47.6,0.896
T0604,4,0.748,48.1,0.921
T0604,5,0.768,50.2,0.868
T0604,6,0.741,53.4,0.855
T0604,7,0.69,51.0,0.891
T0604,8,0.67,54.0,0.899
T0604,9,0.69,54.6,0.853
T0604,10,0.658,54.0,0.819
T0604,11,0.687,54.5,0.813
T0605,0,0.701,45.0,0.42
T0605,1,0.723,44.0,0.389
T0605,2,0.656,44.8,0.431
T0605,3,0.684,47.8,0.417
T0605,4,0.675,44.0,0.414
T0605,5,0.648,44.3,0.434
T0605,6,0.649,46.7,0.455
T0605,7,0.668,45.0,0.456
T0605,8,0.644,44.3,0.453
T0605,9,0.632,43.1,0.466
T0605,10,0.596,46.3,0.455
T0605,11,0.593,46.7,0.471
T0606,0,0.695,42.1,0.749
T0606,1,0.688,39.8,0.714
T0606,2,0.689,42.1,0.715
T0606,3,0.667,41.4,0.656
T0606,4,0.659,39.3,0.7
T0606,5,0.657,41.2,0.661
T0606,6,0.674,38.3,0.673
T0606,7,0.664,40.5,0.624
T0606,8,0.642,40.9,0.627
T0606,9,0.669,41.9,0.599
T0606,10,0.675,42.4,0.611
T0606,11,0.625,40.2,0.605
T0607,0,0.516,65.0,0.889
T0607,1,0.551,68.0,0.871
T0607,2,0.536,63.5,0.869
T0607,3,0.519,64.0,0.833
T0607,4,0.595,61.9,0.855
T0607,5,0.576,62.0,0.832
T0607,6,0.544,61.9,0.881
T0607,7,0.58,60.0,0.844
T0607,8,0.6,60.5,0.873
T0607,9,0.564,59.7,0.856
T0607,10,0.569,60.4,0.83
T0607,11,0.621,60.2,0.842
T0608,0,0.377,68.3,0.964
T0608,1,0.366,72.6,0.969
T0608,2,0.344,68.4,0.97
T0608,3,0.372,67.9,0.98
T0608,4,0.399,68.0,0.954
T0608,5,0.377,70.5,0.95
T0608,6,0.383,68.8,0.929
T0608,7,0.336,70.7,0.9
T0608,8,0.358,72.5,0.936
T0608,9,0.344,69.3,0.929
T0608,10,0.336,73.4,0.966
T0608,11,0.34,73.5,0.936
T0609,0,0.663,83.7,0.725
T0609,1,0.62,80.5,0.764
T0609,2,0.575,81.2,0.744
T0609,3,0.609,79.2,0.772
T0609,4,0.586,78.6,0.751
T0609,5,0.564,76.7,0.725
T0609,6,0.57,75.9,0.774
T0609,7,0.531,73.8,0.737
T0609,8,0.5,69.1,0.764
T0609,9,0.506,69.0,0.76
T0609,10,0.436,69.4,0.744
T0609,11,0.423,70.7,0.759
T0610,0,0.908,75.4,0.988
T0610,1,0.864,72.1,1.0
T0610,2,0.858,71.4,0.981
T0610,3,0.825,69.8,0.971
T0610,4,0.823,70.0,0.983
T0610,5,0.809,69.2,0.956
T0610,6,0.783,69.8,0.996
T0610,7,0.737,68.3,0.963
T0610,8,0.723,67.6,0.968
T0610,9,0.718,66.0,1.0
T0610,10,0.685,70.1,1.0
T0610,11,0.624,65.9,0.975
T0611,0,0.724,52.4,0.704
T0611,1,0.734,51.4,0.73
T0611,2,0.692,51.8,0.712
T0611,3,0.687,54.4,0.721
T0611,4,0.66,53.1,0.726
T0611,5,0.675,53.4,0.776
T0611,6,0.691,56.1,0.725
T0611,7,0.639,51.6,0.748
T0611,8,0.643,54.7,0.752
T0611,9,0.644,57.3,0.8
T0611,10,0.642,58.0,0.788
T0611,11,0.619,55.0,0.81
T0612,0,0.348,51.5,0.697
T0612,1,0.401,53.7,0.635
T0612,2,0.388,52.7,0.655
T0612,3,0.369,51.3,0.647
T0612,4,0.371,49.9,0.613
T0612,5,0.381,50.3,0.58
T0612,6,0.404,49.7,0.56
T0612,7,0.426,47.1,0.534
T0612,8,0.384,47.7,0.522
T0612,9,0.387,49.4,0.498
T0612,10,0.417,46.2,0.449
T0612,11,0.393,48.2,0.456
T0613,0,0.72,58.2,0.554
T0613,1,0.76,59.4,0.535
T0613,2,0.75,61.7,0.513
T0613,3,0.744,58.3,0.524
T0613,4,0.778,61.6,0.506
T0613,5,0.753,61.9,0.492
T0613,6,0.763,60.1,0.505
T0613,7,0.73,62.6,0.476
T0613,8,0.766,61.4,0.488
T0613,9,0.767,61.6,0.468
T0613,10,0.747,62.0,0.469
T0613,11,0.763,61.0,0.445
T0614,0,0.625,39.1,0.498
T0614,1,0.658,38.4,0.448
T0614,2,0.618,40.8,0.417
T0614,3,0.641,40.9,0.423
T0614,4,0.634,43.2,0.396
T0614,5,0.636,45.4,0.388
T0614,6,0.619,45.7,0.396
T0614,7,0.664,44.0,0.429
T0614,8,0.603,49.2,0.368
T0614,9,0.623,50.2,0.341
T0614,10,0.63,49.7,0.34
T0614,11,0.624,52.2,0.283
T0615,0,0.985,32.9,0.56
T0615,1,0.963,32.5,0.553
T0615,2,0.975,32.6,0.521
T0615,3,0.939,34.4,0.568
T0615,4,0.936,33.9,0.529
T0615,5,0.895,35.7,0.498
T0615,6,0.894,35.1,0.537
T0615,7,0.881,35.5,0.534
T0615,8,0.866,35.3,0.557
T0615,9,0.808,36.7,0.538
T0615,10,0.845,37.2,0.541
T0615,11,0.781,40.4,0.55
T0616,0,0.846,51.1,0.485
T0616,1,0.825,53.2,0.533
T0616,2,0.835,52.5,0.52
T0616,3,0.773,56.0,0.498
T0616,4,0.732,54.9,0.516
T0616,5,0.697,56.8,0.506
T0616,6,0.686,58.0,0.51
T0616,7,0.651,56.1,0.519
T0616,8,0.644,57.1,0.515
T0616,9,0.6,55.3,0.56
T0616,10,0.564,56.1,0.546
T0616,11,0.56,56.8,0.571
T0617,0,0.957,52.3,0.665
T0617,1,0.915,53.2,0.679
T0617,2,0.867,50.4,0.672
T0617,3,0.853,54.9,0.638
T0617,4,0.864,55.0,0.598
T0617,5,0.832,53.7,0.573
T0617,6,0.79,54.9,0.579
T0617,7,0.834,54.9,0.565
T0617,8,0.785,54.5,0.48
T0617,9,0.779,52.5,0.503
T0617,10,0.762,54.1,0.513
T0617,11,0.745,51.5,0.506
T0618,0,0.253,60.8,0.424
T0618,1,0.296,56.9,0.429
T0618,2,0.315,58.5,0.448
T0618,3,0.331,57.2,0.453
T0618,4,0.36,56.2,0.488
T0618,5,0.396,56.1,0.456
T0618,6,0.401,57.0,0.481
T0618,7,0.437,52.7,0.509
T0618,8,0.524,51.9,0.565
T0618,9,0.514,51.7,0.554
T0618,10,0.539,48.6,0.566
T0618,11,0.571,49.5,0.542
T0619,0,0.62,58.5,0.694
T0619,1,0.558,59.5,0.718
T0619,2,0.58,60.9,0.733
T0619,3,0.602,61.5,0.696
T0619,4,0.587,59.2,0.659
T0619,5,0.573,59.1,0.661
T0619,6,0.586,59.6,0.607
T0619,7,0.595,58.8,0.635
T0619,8,0.535,58.4,0.634
T0619,9,0.601,58.9,0.622
T0619,10,0.568,58.7,0.596
T0619,11,0.581,56.3,0.621
T0620,0,0.658,40.5,0.496
T0620,1,0.669,41.5,0.509
T0620,2,0.651,44.1,0.545
T0620,3,0.647,44.8,0.575
T0620,4,0.671,46.6,0.535
T0620,5,0.666,48.8,0.551
T0620,6,0.65,49.4,0.532
T0620,7,0.653,50.7,0.564
T0620,8,0.686,52.6,0.544
T0620,9,0.672,52.9,0.577
T0620,10,0.622,55.8,0.571
T0620,11,0.693,55.8,0.598
T0621,0,0.501,42.9,0.278
T0621,1,0.535,43.5,0.325
T0621,2,0.529,44.4,0.286
T0621,3,0.511,46.7,0.275
T0621,4,0.518,49.3,0.333
T0621,5,0.534,47.9,0.346
T0621,6,0.506,49.7,0.358
T0621,7,0.59,49.2,0.346
T0621,8,0.561,50.9,0.344
T0621,9,0.563,50.7,0.388
T0621,10,0.598,51.2,0.365
T0621,11,0.553,51.5,0.401
T0622,0,0.723,71.8,0.899
T0622,1,0.708,71.7,0.885
T0622,2,0.7,73.6,0.876
T0622,3,0.639,69.5,0.877
T0622,4,0.638,71.1,0.84
T0622,5,0.634,67.3,0.791
T0622,6,0.585,68.3,0.828
T0622,7,0.596,66.7,0.814
T0622,8,0.581,67.8,0.807
T0622,9,0.544,65.8,0.797
T0622,10,0.532,67.6,0.825
T0622,11,0.503,65.4,0.759
T0623,0,0.656,55.9,0.233
T0623,1,0.674,54.8,0.256
T0623,2,0.634,54.6,0.221
T0623,3,0.687,51.4,0.237
T0623,4,0.697,52.7,0.28
T0623,5,0.7,52.5,0.229
T0623,6,0.72,51.6,0.215
T0623,7,0.716,49.4,0.261
T0623,8,0.713,51.1,0.229
T0623,9,0.731,48.9,0.206
T0623,10,0.754,48.5,0.195
T0623,11,0.76,48.2,0.212
T0624,0,0.626,58.1,0.984
T0624,1,0.615,57.0,0.926
T0624,2,0.593,57.8,0.951
T0624,3,0.638,55.6,0.925
T0624,4,0.654,57.7,0.929
T0624,5,0.649,53.7,0.953
T0624,6,0.686,55.3,0.954
T0624,7,0.692,54.9,0.955
T0624,8,0.698,53.2,0.97
T0624,9,0.676,51.6,0.917
T0624,10,0.73,53.2,0.932
T0624,11,0.76,56.2,0.979
T0625,0,0.757,32.8,0.4
T0625,1,0.761,37.0,0.445
T0625,2,0.732,36.2,0.482
T0625,3,0.765,36.8,0.478
T0625,4,0.767,38.6,0.511
T0625,5,0.771,40.4,0.533
T0625,6,0.748,42.5,0.567
T0625,7,0.772,46.8,0.541
T0625,8,0.79,44.8,0.569
T0625,9,0.751,46.8,0.615
T0625,10,0.806,46.7,0.632
T0625,11,0.81,48.8,0.6
T0626,0,0.685,48.3,0.1
T0626,1,0.627,50.7,0.145
T0626,2,0.594,49.3,0.173
T0626,3,0.621,48.1,0.223
T0626,4,0.587,48.3,0.2
T0626,5,0.556,50.1,0.247
T0626,6,0.544,48.8,0.234
T0626,7,0.497,52.0,0.3
T0626,8,0.462,46.5,0.306
T0626,9,0.424,51.4,0.316
T0626,10,0.457,46.6,0.357
T0626,11,0.41,49.3,0.348
T0627,0,0.682,48.3,0.345
T0627,1,0.663,48.0,0.323
T0627,2,0.658,47.5,0.327
T0627,3,0.653,49.2,0.313
T0627,4,0.629,49.9,0.35
T0627,5,0.628,46.4,0.351
T0627,6,0.604,52.0,0.394
T0627,7,0.554,47.0,0.348
T0627,8,0.525,51.0,0.344
T0627,9,0.564,54.8,0.355
T0627,10,0.529,52.1,0.356
T0627,11,0.468,53.1,0.386
T0628,0,0.649,34.4,0.25
T0628,1,0.657,34.8,0.251
T0628,2,0.647,39.2,0.23
T0628,3,0.637,39.8,0.249
T0628,4,0.633,42.4,0.298
T0628,5,0.616,40.8,0.309
T0628,6,0.634,43.0,0.331
T0628,7,0.598,42.1,0.315
T0628,8,0.593,45.2,0.32
T0628,9,0.549,46.3,0.343
T0628,10,0.593,45.6,0.368
T0628,11,0.57,47.5,0.374
T0629,0,0.957,51.2,0.606
T0629,1,0.967,52.6,0.656
T0629,2,0.936,54.4,0.647
T0629,3,0.929,53.1,0.638
T0629,4,0.902,50.4,0.626
T0629,5,0.912,51.3,0.64
T0629,6,0.907,45.7,0.629
T0629,7,0.912,49.5,0.616
T0629,8,0.9,48.1,0.619
T0629,9,0.887,46.9,0.629
T0629,10,0.845,49.5,0.619
T0629,11,0.852,47.4,0.598
T0630,0,0.478,63.9,0.535
T0630,1,0.475,64.7,0.487
T0630,2,0.453,64.2,0.531
T0630,3,0.526,61.1,0.519
T0630,4,0.498,62.9,0.518
T0630,5,0.512,61.2,0.536
T0630,6,0.532,61.8,0.515
T0630,7,0.501,63.2,0.503
T0630,8,0.49,61.2,0.535
T0630,9,0.518,58.9,0.52
T0630,10,0.525,60.1,0.569
T0630,11,0.513,60.5,0.523
T0631,0,0.156,74.6,0.519
T0631,1,0.175,73.6,0.555
T0631,2,0.192,73.3,0.522
T0631,3,0.186,70.3,0.546
T0631,4,0.245,71.3,0.563
T0631,5,0.246,68.0,0.536
T0631,6,0.268,67.3,0.606
T0631,7,0.306,71.0,0.59
T0631,8,0.294,68.7,0.566
T0631,9,0.33,68.1,0.58
T0631,10,0.334,67.7,0.61
T0631,11,0.34,68.5,0.634
T0632,0,0.612,54.8,0.112
T0632,1,0.643,52.8,0.128
T0632,2,0.623,54.9,0.192
T0632,3,0.642,52.8,0.16
T0632,4,0.63,50.1,0.217
T0632,5,0.648,50.8,0.184
T0632,6,0.615,48.2,0.175
T0632,7,0.649,50.7,0.209
T0632,8,0.639,49.0,0.191
T0632,9,0.632,48.4,0.212
T0632,10,0.643,48.7,0.243
T0632,11,0.645,49.3,0.215
T0633,0,0.661,32.4,0.787
T0633,1,0.615,38.1,0.742
T0633,2,0.617,36.5,0.746
T0633,3,0.606,35.2,0.739
T0633,4,0.617,38.7,0.731
T0633,5,0.649,38.2,0.707
T0633,6,0.629,40.1,0.694
T0633,7,0.647,39.4,0.697
T0633,8,0.59,40.3,0.733
T0633,9,0.594,41.8,0.731
T0633,10,0.595,40.4,0.699
T0633,11,0.559,42.4,0.712
T0634,0,0.551,69.0,0.925
T0634,1,0.591,67.3,0.9
T0634,2,0.62,66.2,0.91
T0634,3,0.61,66.8,0.913
T0634,4,0.623,67.6,0.879
T0634,5,0.661,64.8,0.844
T0634,6,0.678,65.5,0.836
T0634,7,0.689,61.9,0.865
T0634,8,0.712,65.4,0.855
T0634,9,0.74,64.8,0.807
T0634,10,0.754,64.7,0.833
T0634,11,0.781,62.0,0.828
T0635,0,0.572,47.5,0.838
T0635,1,0.602,48.2,0.904
T0635,2,0.607,48.5,0.879
T0635,3,0.646,46.9,0.813
T0635,4,0.619,47.5,0.799
T0635,5,0.652,48.3,0.837
T0635,6,0.617,48.8,0.82
T0635,7,0.672,50.3,0.797
T0635,8,0.635,48.5,0.809
T0635,9,0.68,49.3,0.772
T0635,10,0.68,49.6,0.776
T0635,11,0.665,48.9,0.768
T0636,0,0.731,50.8,0.827
T0636,1,0.696,52.7,0.799
T0636,2,0.686,55.0,0.789
T0636,3,0.623,55.9,0.841
T0636,4,0.624,58.0,0.792
T0636,5,0.602,55.4,0.82
T0636,6,0.599,57.7,0.85
T0636,7,0.591,60.7,0.791
T0636,8,0.567,62.1,0.87
T0636,9,0.527,60.5,0.827
T0636,10,0.541,61.7,0.83
T0636,11,0.484,67.0,0.855
T0637,0,0.792,54.9,0.579
T0637,1,0.802,53.1,0.552
T0637,2,0.794,51.2,0.517
T0637,3,0.735,48.7,0.507
T0637,4,0.72,53.3,0.454
T0637,5,0.726,48.7,0.459
T0637,6,0.686,49.3,0.427
T0637,7,0.673,51.4,0.395
T0637,8,0.686,49.2,0.394
T0637,9,0.679,49.0,0.408
T0637,10,0.671,50.4,0.349
T0637,11,0.635,48.1,0.348
T0638,0,0.395,55.3,0.145
T0638,1,0.432,57.7,0.141
T0638,2,0.387,55.5,0.164
T0638,3,0.424,54.9,0.131
T0638,4,0.446,53.4,0.212
T0638,5,0.439,53.2,0.196
T0638,6,0.485,51.1,0.241
T0638,7,0.469,49.0,0.23
T0638,8,0.463,49.1,0.241
T0638,9,0.513,48.0,0.285
T0638,10,0.488,45.3,0.3
T0638,11,0.529,45.3,0.305
T0639,0,0.578,54.4,0.666
T0639,1,0.565,56.4,0.646
T0639,2,0.556,53.6,0.688
T0639,3,0.563,52.6,0.727
T0639,4,0.504,51.2,0.72
T0639,5,0.54,50.9,0.728
T0639,6,0.535,50.6,0.754
T0639,7,0.537,51.6,0.736
T0639,8,0.54,55.6,0.781
T0639,9,0.536,53.3,0.79
T0639,10,0.531,50.1,0.812
T0639,11,0.544,51.8,0.81
T0640,0,0.482,50.2,0.957
T0640,1,0.506,54.8,0.927
T0640,2,0.531,54.1,0.886
T0640,3,0.552,55.6,0.879
T0640,4,0.572,53.6,0.869
T0640,5,0.585,52.6,0.865
T0640,6,0.538,52.5,0.872
T0640,7,0.599,51.6,0.862
T0640,8,0.577,52.0,0.845
T0640,9,0.597,52.6,0.884
T0640,10,0.649,54.6,0.81
T0640,11,0.617,55.0,0.834
T0641,0,0.704,48.0,0.195
T0641,1,0.714,46.1,0.17
T0641,2,0.668,49.8,0.198
T0641,3,0.738,48.2,0.146
T0641,4,0.711,48.1,0.13
T0641,5,0.681,47.6,0.165
T0641,6,0.683,50.6,0.181
T0641,7,0.676,48.3,0.149
T0641,8,0.7,46.3,0.176
T0641,9,0.685,50.0,0.165
T0641,10,0.677,47.6,0.158
T0641,11,0.69,48.2,0.153
T0642,0,0.347,60.5,0.638
T0642,1,0.322,57.2,0.629
T0642,2,0.394,56.7,0.595
T0642,3,0.373,54.1,0.581
T0642,4,0.398,54.8,0.594
T0642,5,0.438,51.9,0.614
T0642,6,0.449,51.7,0.624
T0642,7,0.463,53.0,0.583
T0642,8,0.484,50.5,0.594
T0642,9,0.506,48.2,0.621
T0642,10,0.549,45.6,0.605
T0642,11,0.562,46.6,0.55
T0643,0,0.513,72.7,0.983
T0643,1,0.466,75.6,0.929
T0643,2,0.5,77.0,0.944
T0643,3,0.495,76.0,0.957
T0643,4,0.485,76.0,0.935
T0643,5,0.468,76.1,0.907
T0643,6,0.533,74.9,0.906
T0643,7,0.531,77.8,0.901
T0643,8,0.574,78.0,0.918
T0643,9,0.553,77.2,0.914
T0643,10,0.584,78.9,0.879
T0643,11,0.563,78.8,0.892
T0644,0,0.312,56.3,0.892
T0644,1,0.326,57.3,0.902
T0644,2,0.349,57.4,0.903
T0644,3,0.323,62.0,0.874
T0644,4,0.371,61.7,0.857
T0644,5,0.368,60.6,0.866
T0644,6,0.386,61.6,0.802
T0644,7,0.417,61.5,0.816
T0644,8,0.427,60.4,0.76
T0644,9,0.452,63.4,0.772
T0644,10,0.435,64.4,0.725
T0644,11,0.465,65.2,0.705
T0645,0,0.706,69.5,0.569
T0645,1,0.694,68.3,0.559
T0645,2,0.691,70.1,0.574
T0645,3,0.71,69.9,0.559
T0645,4,0.705,73.3,0.542
T0645,5,0.685,71.3,0.573
T0645,6,0.696,73.3,0.586
T0645,7,0.681,73.5,0.569
T0645,8,0.668,74.7,0.578
T0645,9,0.668,71.8,0.621
T0645,10,0.651,73.2,0.604
T0645,11,0.692,72.5,0.617
T0646,0,0.531,56.8,0.575
T0646,1,0.513,55.5,0.578
T0646,2,0.494,54.4,0.602
T0646,3,0.478,55.0,0.622
T0646,4,0.482,55.4,0.604
T0646,5,0.474,58.4,0.595
T0646,6,0.432,58.1,0.608
T0646,7,0.427,57.1,0.602
T0646,8,0.414,57.9,0.602
T0646,9,0.347,56.0,0.604
T0646,10,0.427,54.4,0.643
T0646,11,0.414,58.8,0.645
T0647,0,0.978,61.3,0.542
T0647,1,0.984,59.5,0.558
T0647,2,0.979,59.7,0.562
T0647,3,0.944,60.2,0.592
T0647,4,0.915,56.8,0.57
T0647,5,0.875,54.8,0.588
T0647,6,0.829,58.6,0.599
T0647,7,0.862,57.2,0.603
T0647,8,0.861,57.2,0.596
T0647,9,0.819,55.0,0.606
T0647,10,0.784,54.6,0.606
T0647,11,0.764,55.3,0.684
T0648,0,0.508,45.2,0.727
T0648,1,0.519,43.2,0.739
T0648,2,0.545,46.4,0.712
T0648,3,0.498,42.9,0.674
T0648,4,0.539,44.0,0.666
T0648,5,0.511,44.0,0.672
T0648,6,0.555,45.7,0.662
T0648,7,0.547,47.2,0.646
T0648,8,0.565,45.4,0.65
T0648,9,0.554,51.0,0.63
T0648,10,0.585,49.8,0.652
T0648,11,0.607,49.3,0.608
T0649,0,0.235,65.9,0.348
T0649,1,0.226,65.5,0.347
T0649,2,0.229,66.7,0.284
T0649,3,0.283,67.0,0.355
T0649,4,0.287,68.1,0.281
T0649,5,0.296,69.3,0.288
T0649,6,0.356,70.1,0.287
T0649,7,0.339,70.9,0.229
T0649,8,0.41,70.6,0.251
T0649,9,0.399,74.1,0.245
T0649,10,0.4,73.6,0.259
T0649,11,0.413,75.1,0.24
T0650,0,0.514,54.1,0.548
T0650,1,0.52,55.1,0.572
T0650,2,0.519,59.4,0.511
T0650,3,0.56,55.4,0.543
T0650,4,0.528,54.9,0.533
T0650,5,0.56,56.6,0.495
T0650,6,0.54,55.5,0.519
T0650,7,0.565,54.7,0.498
T0650,8,0.563,54.2,0.511
T0650,9,0.577,55.4,0.518
T0650,10,0.571,54.5,0.461
T0650,11,0.554,55.9,0.458
T0651,0,0.88,42.6,0.308
T0651,1,0.839,41.4,0.27
T0651,2,0.807,45.8,0.342
T0651,3,0.782,43.9,0.326
T0651,4,0.745,42.4,0.36
T0651,5,0.755,44.4,0.368
T0651,6,0.726,42.2,0.414
T0651,7,0.742,42.4,0.417
T0651,8,0.714,42.9,0.446
T0651,9,0.661,42.3,0.495
T0651,10,0.646,43.3,0.506
T0651,11,0.621,43.7,0.489
T0652,0,0.459,42.0,0.554
T0652,1,0.458,39.8,0.561
T0652,2,0.493,44.2,0.578
T0652,3,0.471,45.3,0.573
T0652,4,0.511,45.1,0.633
T0652,5,0.531,46.0,0.602
T0652,6,0.536,49.9,0.626
T0652,7,0.556,52.8,0.6
T0652,8,0.539,52.7,0.627
T0652,9,0.548,53.8,0.678
T0652,10,0.589,54.4,0.675
T0652,11,0.597,55.5,0.685
T0653,0,0.31,63.9,0.814
T0653,1,0.308,63.8,0.815
T0653,2,0.253,60.8,0.794
T0653,3,0.249,63.8,0.815
T0653,4,0.236,61.9,0.815
T0653,5,0.246,65.0,0.848
T0653,6,0.193,66.7,0.829
T0653,7,0.178,68.0,0.827
T0653,8,0.156,68.4,0.855
T0653,9,0.168,67.4,0.857
T0653,10,0.161,67.5,0.876
T0653,11,0.153,68.1,0.876
T0654,0,0.738,42.8,0.301
T0654,1,0.717,45.4,0.322
T0654,2,0.734,43.6,0.311
T0654,3,0.763,45.9,0.379
T0654,4,0.756,44.2,0.398
T0654,5,0.792,47.1,0.399
T0654,6,0.809,47.4,0.366
T0654,7,0.826,46.4,0.386
T0654,8,0.826,46.2,0.416
T0654,9,0.864,44.6,0.431
T0654,10,0.838,47.3,0.432
T0654,11,0.831,44.8,0.467
T0655,0,0.378,66.1,0.775
T0655,1,0.339,66.9,0.788
T0655,2,0.375,66.8,0.772
T0655,3,0.352,63.4,0.745
T0655,4,0.371,66.1,0.754
T0655,5,0.392,63.3,0.777
T0655,6,0.394,63.1,0.776
T0655,7,0.439,60.7,0.761
T0655,8,0.447,62.2,0.744
T0655,9,0.485,60.4,0.752
T0655,10,0.462,60.2,0.773
T0655,11,0.487,60.9,0.768
T0656,0,0.648,54.9,0.688
T0656,1,0.652,53.4,0.697
T0656,2,0.685,53.7,0.676
T0656,3,0.683,55.7,0.696
T0656,4,0.661,54.0,0.679
T0656,5,0.69,53.2,0.626
T0656,6,0.675,52.9,0.674
T0656,7,0.715,56.5,0.68
T0656,8,0.738,57.1,0.688
T0656,9,0.745,53.6,0.643
T0656,10,0.792,57.5,0.668
T0656,11,0.742,53.5,0.618
T0657,0,0.702,61.6,0.481
T0657,1,0.722,59.5,0.468
T0657,2,0.716,56.1,0.482
T0657,3,0.688,59.5,0.483
T0657,4,0.685,58.2,0.516
T0657,5,0.711,55.2,0.463
T0657,6,0.704,58.0,0.488
T0657,7,0.772,59.6,0.52
T0657,8,0.706,56.4,0.468
T0657,9,0.685,56.0,0.435
T0657,10,0.727,54.7,0.448
T0657,11,0.7,53.6,0.453
T0658,0,0.681,54.8,0.668
T0658,1,0.663,54.8,0.651
T0658,2,0.692,55.7,0.673
T0658,3,0.656,55.6,0.638
T0658,4,0.663,52.1,0.594
T0658,5,0.672,54.6,0.633
T0658,6,0.658,53.2,0.654
T0658,7,0.635,50.5,0.568
T0658,8,0.69,51.5,0.591
T0658,9,0.672,52.1,0.626
T0658,10,0.708,49.7,0.59
T0658,11,0.612,50.9,0.569
T0659,0,0.625,66.4,0.823
T0659,1,0.656,69.2,0.837
T0659,2,0.657,67.3,0.788
T0659,3,0.653,68.6,0.811
T0659,4,0.633,67.0,0.782
T0659,5,0.656,62.1,0.831
T0659,6,0.651,64.2,0.806
T0659,7,0.611,64.8,0.796
T0659,8,0.62,65.2,0.796
T0659,9,0.649,61.8,0.816
T0659,10,0.634,61.1,0.802
T0659,11,0.662,59.3,0.799
T0660,0,0.822,39.7,0.625
T0660,1,0.846,36.3,0.661
T0660,2,0.816,36.0,0.634
T0660,3,0.858,38.2,0.625
T0660,4,0.839,37.8,0.557
T0660,5,0.823,36.2,0.631
T0660,6,0.83,35.6,0.58
T0660,7,0.806,33.1,0.597
T0660,8,0.847,35.0,0.592
T0660,9,0.809,31.9,0.571
T0660,10,0.822,31.2,0.567
T0660,11,0.826,31.0,0.575
T0661,0,0.592,71.2,0.618
T0661,1,0.56,67.8,0.643
T0661,2,0.574,70.3,0.648
T0661,3,0.553,67.5,0.645
T0661,4,0.527,70.9,0.659
T0661,5,0.523,67.9,0.666
T0661,6,0.535,67.0,0.645
T0661,7,0.541,66.9,0.635
T0661,8,0.525,65.7,0.681
T0661,9,0.497,64.5,0.644
T0661,10,0.513,63.4,0.667
T0661,11,0.46,65.4,0.638
T0662,0,0.766,73.9,0.842
T0662,1,0.807,73.6,0.881
T0662,2,0.861,74.3,0.877
T0662,3,0.814,68.8,0.829
T0662,4,0.798,69.8,0.849
T0662,5,0.847,66.9,0.838
T0662,6,0.823,64.4,0.853
T0662,7,0.806,63.3,0.829
T0662,8,0.829,64.1,0.806
T0662,9,0.816,63.5,0.821
T0662,10,0.876,57.4,0.804
T0662,11,0.808,57.3,0.815
T0663,0,0.628,52.8,0.325
T0663,1,0.586,51.3,0.289
T0663,2,0.6,49.0,0.297
T0663,3,0.575,47.8,0.346
T0663,4,0.537,54.0,0.336
T0663,5,0.581,49.7,0.317
T0663,6,0.542,48.5,0.339
T0663,7,0.512,46.7,0.367
T0663,8,0.505,47.1,0.314
T0663,9,0.483,47.2,0.369
T0663,10,0.459,48.1,0.33
T0663,11,0.445,51.0,0.322
T0664,0,0.708,70.9,0.522
T0664,1,0.751,68.6,0.499
T0664,2,0.746,70.3,0.49
T0664,3,0.754,72.0,0.5
T0664,4,0.652,67.4,0.542
T0664,5,0.625,69.5,0.547
T0664,6,0.631,67.0,0.561
T0664,7,0.668,69.6,0.562
T0664,8,0.619,66.6,0.51
T0664,9,0.631,67.5,0.521
T0664,10,0.608,67.3,0.566
T0664,11,0.597,63.9,0.594
T0665,0,0.568,42.3,0.811
T0665,1,0.588,39.7,0.771
T0665,2,0.584,43.7,0.748
T0665,3,0.549,43.2,0.725
T0665,4,0.603,43.9,0.727
T0665,5,0.578,47.1,0.766
T0665,6,0.589,41.1,0.707
T0665,7,0.591,43.9,0.761
T0665,8,0.553,45.6,0.71
T0665,9,0.552,46.5,0.717
T0665,10,0.579,46.3,0.688
T0665,11,0.549,46.7,0.683
T0666,0,0.674,28.1,0.196
T0666,1,0.691,30.8,0.193
T0666,2,0.687,33.1,0.202
T0666,3,0.701,31.7,0.177
T0666,4,0.687,30.7,0.154
T0666,5,0.69,35.6,0.223
T0666,6,0.718,34.0,0.207
T0666,7,0.72,36.9,0.205
T0666,8,0.727,36.7,0.195
T0666,9,0.781,40.0,0.22
T0666,10,0.733,39.9,0.164
T0666,11,0.78,38.0,0.196
T0667,0,0.354,66.2,0.296
T0667,1,0.394,65.3,0.296
T0667,2,0.373,63.2,0.3
T0667,3,0.417,63.1,0.322
T0667,4,0.441,59.0,0.328
T0667,5,0.48,58.2,0.283
T0667,6,0.435,59.3,0.277
T0667,7,0.467,55.7,0.305
T0667,8,0.445,56.3,0.276
T0667,9,0.482,53.2,0.291
T0667,10,0.491,50.0,0.303
T0667,11,0.497,49.9,0.279
T0668,0,0.925,63.1,0.726
T0668,1,0.917,62.0,0.744
T0668,2,0.896,64.2,0.711
T0668,3,0.875,62.9,0.74
T0668,4,0.874,62.2,0.733
T0668,5,0.9,58.3,0.744
T0668,6,0.835,61.5,0.716
T0668,7,0.837,61.5,0.738
T0668,8,0.848,59.4,0.734
T0668,9,0.84,56.1,0.693
T0668,10,0.835,55.0,0.693
T0668,11,0.845,55.5,0.731
T0669,0,0.501,63.5,0.516
T0669,1,0.515,60.7,0.545
T0669,2,0.515,58.3,0.489
T0669,3,0.476,58.9,0.464
T0669,4,0.478,56.9,0.445
T0669,5,0.518,57.1,0.458
T0669,6,0.529,53.6,0.392
T0669,7,0.475,54.0,0.415
T0669,8,0.513,53.6,0.412
T0669,9,0.494,50.0,0.361
T0669,10,0.487,49.1,0.347
T0669,11,0.459,48.8,0.301
T0670,0,0.183,67.7,0.941
T0670,1,0.223,64.4,0.986
T0670,2,0.246,67.9,0.963
T0670,3,0.29,66.7,0.97
T0670,4,0.315,69.5,0.896
T0670,5,0.361,68.3,0.927
T0670,6,0.377,69.1,0.925
T0670,7,0.419,70.4,0.872
T0670,8,0.455,69.1,0.873
T0670,9,0.484,69.4,0.801
T0670,10,0.525,69.3,0.798
T0670,11,0.57,69.2,0.777
T0671,0,0.756,63.1,0.762
T0671,1,0.758,62.2,0.704
T0671,2,0.777,60.0,0.724
T0671,3,0.779,63.3,0.73
T0671,4,0.789,61.2,0.72
T0671,5,0.819,59.8,0.744
T0671,6,0.788,59.9,0.771
T0671,7,0.848,56.8,0.764
T0671,8,0.871,55.8,0.746
T0671,9,0.884,58.0,0.781
T0671,10,0.885,57.1,0.762
T0671,11,0.896,55.7,0.752
T0672,0,0.581,40.9,0.168
T0672,1,0.56,39.8,0.199
T0672,2,0.559,46.9,0.152
T0672,3,0.594,46.0,0.203
T0672,4,0.596,45.6,0.223
T0672,5,0.615,48.8,0.231
T0672,6,0.609,49.1,0.234
T0672,7,0.67,50.8,0.216
T0672,8,0.583,47.3,0.245
T0672,9,0.602,49.6,0.254
T0672,10,0.668,51.2,0.25
T0672,11,0.631,50.4,0.273
T0673,0,0.35,30.3,0.147
T0673,1,0.311,32.2,0.135
T0673,2,0.354,31.6,0.162
T0673,3,0.379,37.2,0.165
T0673,4,0.358,37.1,0.163
T0673,5,0.365,32.8,0.148
T0673,6,0.38,38.4,0.138
T0673,7,0.444,40.5,0.157
T0673,8,0.427,42.9,0.164
T0673,9,0.451,46.1,0.161
T0673,10,0.487,45.8,0.176
T0673,11,0.432,49.6,0.174
T0674,0,0.705,51.1,0.781
T0674,1,0.722,54.8,0.791
T0674,2,0.688,55.5,0.789
T0674,3,0.681,52.1,0.791
T0674,4,0.687,56.3,0.783
T0674,5,0.694,55.2,0.801
T0674,6,0.673,56.9,0.774
T0674,7,0.71,55.4,0.825
T0674,8,0.662,55.6,0.772
T0674,9,0.668,56.5,0.759
T0674,10,0.659,54.3,0.772
T0674,11,0.634,58.8,0.76
T0675,0,0.486,47.5,0.269
T0675,1,0.441,51.9,0.236
T0675,2,0.503,55.3,0.191
T0675,3,0.515,53.7,0.229
T0675,4,0.545,54.8,0.221
T0675,5,0.501,54.4,0.243
T0675,6,0.514,57.1,0.226
T0675,7,0.524,59.1,0.199
T0675,8,0.587,61.5,0.233
T0675,9,0.555,58.9,0.2
T0675,10,0.579,62.5,0.232
T0675,11,0.558,64.2,0.193
T0676,0,0.358,74.5,0.94
T0676,1,0.369,74.1,0.938
T0676,2,0.376,73.8,0.947
T0676,3,0.375,74.2,0.908
T0676,4,0.368,72.6,0.941
T0676,5,0.421,72.6,0.918
T0676,6,0.383,73.6,0.88
T0676,7,0.433,74.7,0.893
T0676,8,0.438,72.3,0.915
T0676,9,0.423,73.4,0.845
T0676,10,0.477,71.4,0.822
T0676,11,0.502,72.7,0.824
T0677,0,0.73,60.4,0.389
T0677,1,0.687,58.8,0.425
T0677,2,0.614,61.0,0.46
T0677,3,0.624,60.2,0.434
T0677,4,0.549,64.5,0.495
T0677,5,0.532,63.4,0.473
T0677,6,0.549,62.7,0.524
T0677,7,0.484,65.8,0.503
T0677,8,0.476,60.5,0.549
T0677,9,0.433,62.7,0.542
T0677,10,0.412,62.4,0.581
T0677,11,0.408,64.5,0.564
T0678,0,0.583,30.8,0.581
T0678,1,0.62,29.3,0.535
T0678,2,0.623,34.9,0.58
T0678,3,0.606,32.4,0.552
T0678,4,0.67,37.4,0.563
T0678,5,0.672,36.3,0.539
T0678,6,0.671,38.7,0.488
T0678,7,0.676,39.8,0.537
T0678,8,0.704,38.8,0.53
T0678,9,0.71,37.9,0.452
T0678,10,0.708,38.9,0.446
T0678,11,0.733,41.6,0.484
T0679,0,0.681,43.1,0.271
T0679,1,0.693,39.5,0.27
T0679,2,0.68,39.5,0.227
T0679,3,0.657,41.4,0.199
T0679,4,0.712,41.0,0.237
T0679,5,0.699,42.5,0.305
T0679,6,0.669,41.2,0.228
T0679,7,0.708,41.0,0.273
T0679,8,0.707,42.5,0.275
T0679,9,0.689,41.9,0.251
T0679,10,0.692,45.4,0.278
T0679,11,0.667,41.8,0.272
T0680,0,0.521,66.0,0.185
T0680,1,0.555,64.8,0.205
T0680,2,0.611,62.6,0.258
T0680,3,0.601,63.5,0.254
T0680,4,0.56,65.1,0.273
T0680,5,0.581,61.8,0.313
T0680,6,0.61,60.8,0.332
T0680,7,0.598,57.1,0.336
T0680,8,0.606,59.1,0.345
T0680,9,0.594,56.4,0.389
T0680,10,0.616,59.5,0.426
T0680,11,0.632,55.3,0.416
T0681,0,0.603,52.5,0.441
T0681,1,0.635,53.9,0.45
T0681,2,0.639,51.1,0.402
T0681,3,0.673,49.6,0.417
T0681,4,0.662,48.5,0.376
T0681,5,0.668,49.8,0.367
T0681,6,0.684,49.9,0.306
T0681,7,0.633,53.6,0.312
T0681,8,0.693,50.6,0.331
T0681,9,0.684,48.7,0.314
T0681,10,0.673,50.0,0.264
T0681,11,0.692,49.2,0.262
T0682,0,0.554,68.1,0.762
T0682,1,0.488,67.1,0.764
T0682,2,0.524,68.0,0.708
T0682,3,0.543,67.6,0.764
T0682,4,0.599,67.5,0.733
T0682,5,0.561,65.2,0.735
T0682,6,0.584,67.9,0.718
T0682,7,0.546,67.4,0.728
T0682,8,0.607,63.3,0.75
T0682,9,0.573,66.1,0.689
T0682,10,0.618,67.2,0.711
T0682,11,0.618,67.8,0.684
T0683,0,0.705,64.0,0.991
T0683,1,0.688,64.1,1.0
T0683,2,0.69,61.8,1.0
T0683,3,0.652,60.4,0.975
T0683,4,0.66,59.8,0.97
T0683,5,0.675,57.6,0.933
T0683,6,0.683,62.0,0.97
T0683,7,0.714,58.7,0.972
T0683,8,0.638,59.1,1.0
T0683,9,0.674,60.6,0.987
T0683,10,0.661,57.8,0.96
T0683,11,0.657,59.3,0.953
T0684,0,0.704,38.7,0.468
T0684,1,0.69,42.5,0.464
T0684,2,0.74,40.8,0.476
T0684,3,0.697,45.6,0.486
T0684,4,0.707,41.7,0.434
T0684,5,0.687,41.6,0.471
T0684,6,0.706,44.1,0.481
T0684,7,0.722,41.5,0.436
T0684,8,0.684,47.3,0.482
T0684,9,0.722,44.5,0.411
T0684,10,0.697,50.5,0.401
T0684,11,0.677,47.6,0.419
T0685,0,0.741,61.7,0.348
T0685,1,0.696,60.3,0.409
T0685,2,0.688,59.7,0.397
T0685,3,0.634,57.6,0.326
T0685,4,0.654,55.9,0.346
T0685,5,0.651,54.8,0.383
T0685,6,0.601,53.8,0.32
T0685,7,0.62,52.4,0.376
T0685,8,0.58,53.9,0.374
T0685,9,0.514,51.6,0.359
T0685,10,0.511,48.7,0.356
T0685,11,0.511,48.0,0.371
T0686,0,0.433,68.8,0.425
T0686,1,0.438,63.3,0.392
T0686,2,0.454,67.6,0.453
T0686,3,0.454,63.0,0.422
T0686,4,0.483,63.5,0.397
T0686,5,0.471,61.3,0.364
T0686,6,0.474,62.1,0.367
T0686,7,0.507,60.2,0.354
T0686,8,0.531,60.4,0.395
T0686,9,0.49,62.3,0.365
T0686,10,0.493,61.5,0.358
T0686,11,0.534,61.7,0.365
T0687,0,1.0,77.8,0.424
T0687,1,0.977,77.9,0.39
T0687,2,1.0,75.3,0.369
T0687,3,0.938,71.4,0.4
T0687,4,0.935,69.5,0.419
T0687,5,0.969,70.5,0.385
T0687,6,0.919,66.8,0.379
T0687,7,0.897,68.0,0.391
T0687,8,0.926,66.0,0.37
T0687,9,0.891,66.3,0.34
T0687,10,0.831,65.3,0.343
T0687,11,0.89,62.6,0.315
T0688,0,0.147,62.3,0.193
T0688,1,0.188,57.0,0.15
T0688,2,0.243,59.7,0.208
T0688,3,0.207,56.7,0.217
T0688,4,0.237,54.2,0.232
T0688,5,0.301,56.1,0.213
T0688,6,0.334,53.8,0.263
T0688,7,0.371,50.5,0.281
T0688,8,0.398,51.7,0.279
T0688,9,0.437,52.6,0.303
T0688,10,0.424,52.6,0.324
T0688,11,0.502,49.3,0.31
T0689,0,0.683,75.7,0.458
T0689,1,0.709,75.6,0.476
T0689,2,0.667,73.6,0.5
T0689,3,0.669,70.5,0.506
T0689,4,0.64,70.9,0.472
T0689,5,0.622,69.1,0.546
T0689,6,0.583,70.0,0.535
T0689,7,0.574,67.8,0.467
T0689,8,0.553,68.3,0.517
T0689,9,0.536,67.2,0.531
T0689,10,0.557,69.0,0.512
T0689,11,0.515,63.6,0.518
T0690,0,0.653,58.9,0.288
T0690,1,0.612,59.3,0.31
T0690,2,0.647,56.4,0.332
T0690,3,0.689,52.3,0.347
T0690,4,0.729,57.3,0.302
T0690,5,0.71,54.7,0.35
T0690,6,0.71,54.6,0.31
T0690,7,0.734,54.6,0.329
T0690,8,0.749,54.0,0.308
T0690,9,0.737,50.4,0.317
T0690,10,0.799,49.8,0.283
T0690,11,0.823,50.8,0.282
T0691,0,0.414,61.1,0.951
T0691,1,0.42,62.4,0.999
T0691,2,0.433,59.7,0.958
T0691,3,0.471,58.2,0.943
T0691,4,0.458,60.7,0.931
T0691,5,0.471,54.8,0.893
T0691,6,0.446,58.0,0.879
T0691,7,0.49,54.1,0.898
T0691,8,0.454,54.0,0.904
T0691,9,0.489,58.8,0.812
T0691,10,0.471,56.1,0.853
T0691,11,0.491,53.8,0.839
T0692,0,0.48,60.5,0.501
T0692,1,0.401,63.8,0.501
T0692,2,0.39,63.0,0.517
T0692,3,0.425,64.8,0.515
T0692,4,0.399,64.2,0.535
T0692,5,0.347,60.7,0.515
T0692,6,0.362,61.6,0.547
T0692,7,0.325,64.6,0.541
T0692,8,0.321,66.1,0.551
T0692,9,0.282,65.1,0.529
T0692,10,0.297,64.8,0.561
T0692,11,0.188,63.7,0.534
T0693,0,0.991,45.3,0.352
T0693,1,0.964,46.2,0.347
T0693,2,0.936,45.5,0.321
T0693,3,0.91,46.4,0.327
T0693,4,0.949,46.3,0.349
T0693,5,0.863,45.6,0.321
T0693,6,0.905,48.5,0.334
T0693,7,0.835,47.9,0.301
T0693,8,0.812,45.7,0.301
T0693,9,0.771,48.6,0.291
T0693,10,0.847,46.4,0.318
T0693,11,0.727,52.7,0.261
T0694,0,0.582,54.9,0.812
T0694,1,0.587,52.7,0.815
T0694,2,0.557,53.7,0.798
T0694,3,0.579,52.7,0.808
T0694,4,0.554,53.2,0.829
T0694,5,0.56,54.6,0.803
T0694,6,0.572,55.9,0.785
T0694,7,0.486,55.9,0.792
T0694,8,0.54,53.9,0.778
T0694,9,0.566,53.9,0.794
T0694,10,0.494,52.2,0.759
T0694,11,0.472,54.2,0.78
T0695,0,0.799,59.9,0.581
T0695,1,0.777,61.0,0.548
T0695,2,0.793,61.1,0.562
T0695,3,0.777,61.0,0.525
T0695,4,0.757,63.9,0.542
T0695,5,0.727,63.2,0.585
T0695,6,0.68,65.4,0.525
T0695,7,0.699,66.1,0.517
T0695,8,0.683,67.2,0.502
T0695,9,0.68,68.3,0.517
T0695,10,0.655,71.7,0.498
T0695,11,0.663,69.5,0.497
T0696,0,0.319,80.3,0.772
T0696,1,0.369,73.7,0.735
T0696,2,0.309,77.0,0.741
T0696,3,0.329,76.8,0.731
T0696,4,0.331,73.9,0.727
T0696,5,0.34,72.2,0.716
T0696,6,0.32,70.3,0.673
T0696,7,0.331,71.8,0.69
T0696,8,0.355,70.1,0.704
T0696,9,0.366,68.2,0.661
T0696,10,0.354,65.4,0.662
T0696,11,0.347,65.9,0.634
T0697,0,1.0,45.1,0.265
T0697,1,0.981,44.6,0.312
T0697,2,0.984,45.6,0.265
T0697,3,0.953,44.3,0.317
T0697,4,0.922,43.4,0.293
T0697,5,0.889,46.1,0.305
T0697,6,0.879,43.1,0.285
T0697,7,0.816,42.9,0.285
T0697,8,0.794,48.5,0.291
T0697,9,0.775,49.8,0.32
T0697,10,0.791,47.0,0.312
T0697,11,0.728,48.2,0.313
T0698,0,0.32,42.8,0.269
T0698,1,0.367,46.7,0.241
T0698,2,0.351,41.7,0.246
T0698,3,0.429,44.0,0.282
T0698,4,0.429,46.7,0.312
T0698,5,0.431,45.6,0.302
T0698,6,0.528,47.5,0.335
T0698,7,0.534,47.3,0.315
T0698,8,0.535,45.4,0.294
T0698,9,0.608,45.3,0.309
T0698,10,0.592,48.9,0.319
T0698,11,0.659,47.2,0.329
T0699,0,0.827,49.0,0.871
T0699,1,0.763,48.2,0.871
T0699,2,0.767,53.6,0.846
T0699,3,0.732,49.2,0.864
T0699,4,0.709,53.6,0.842
T0699,5,0.704,52.3,0.807
T0699,6,0.715,52.1,0.817
T0699,7,0.661,55.6,0.805
T0699,8,0.65,56.2,0.775
T0699,9,0.629,57.1,0.775
T0699,10,0.631,59.9,0.753
T0699,11,0.589,58.8,0.763
T0700,0,0.728,40.3,0.683
T0700,1,0.69,41.8,0.639
T0700,2,0.762,41.9,0.646
T0700,3,0.731,40.3,0.63
T0700,4,0.761,41.1,0.645
T0700,5,0.77,40.4,0.617
T0700,6,0.757,44.7,0.592
T0700,7,0.789,41.8,0.596
T0700,8,0.792,45.1,0.601
T0700,9,0.818,48.4,0.581
T0700,10,0.819,47.1,0.558
T0700,11,0.847,47.2,0.578
T0701,0,0.704,54.6,0.293
T0701,1,0.64,51.8,0.289
T0701,2,0.648,52.3,0.309
T0701,3,0.668,54.4,0.332
T0701,4,0.638,54.7,0.291
T0701,5,0.667,53.1,0.285
T0701,6,0.649,52.9,0.259
T0701,7,0.635,51.5,0.275
T0701,8,0.608,52.2,0.284
T0701,9,0.621,52.0,0.244
T0701,10,0.627,54.2,0.206
T0701,11,0.599,53.3,0.249
T0702,0,0.516,91.9,0.421
T0702,1,0.529,92.5,0.464
T0702,2,0.516,87.9,0.485
T0702,3,0.519,88.2,0.519
T0702,4,0.466,88.3,0.499
T0702,5,0.49,85.3,0.539
T0702,6,0.439,83.0,0.554
T0702,7,0.44,80.4,0.573
T0702,8,0.437,81.7,0.6
T0702,9,0.372,79.5,0.638
T0702,10,0.369,80.0,0.644
T0702,11,0.348,77.7,0.636
T0703,0,0.521,58.0,0.64
T0703,1,0.547,57.9,0.638
T0703,2,0.555,58.7,0.639
T0703,3,0.552,57.2,0.661
T0703,4,0.565,58.2,0.58
T0703,5,0.584,60.5,0.6
T0703,6,0.565,60.0,0.575
T0703,7,0.605,58.5,0.576
T0703,8,0.581,61.0,0.573
T0703,9,0.604,60.9,0.553
T0703,10,0.632,61.0,0.56
T0703,11,0.619,59.3,0.506
T0704,0,0.654,46.6,0.672
T0704,1,0.633,52.9,0.695
T0704,2,0.595,52.8,0.7
T0704,3,0.6,52.7,0.729
T0704,4,0.551,53.4,0.745
T0704,5,0.563,55.1,0.73
T0704,6,0.566,53.5,0.803
T0704,7,0.505,56.7,0.803
T0704,8,0.507,55.4,0.81
T0704,9,0.494,56.7,0.799
T0704,10,0.488,57.7,0.805
T0704,11,0.441,58.8,0.823
T0705,0,0.938,50.7,0.675
T0705,1,0.914,48.7,0.699
T0705,2,0.908,51.2,0.685
T0705,3,0.879,48.9,0.725
T0705,4,0.869,50.9,0.723
T0705,5,0.842,52.6,0.664
T0705,6,0.906,53.9,0.697
T0705,7,0.859,50.0,0.674
T0705,8,0.814,53.3,0.678
T0705,9,0.829,50.4,0.702
T0705,10,0.825,51.8,0.74
T0705,11,0.782,52.8,0.729
T0706,0,0.724,57.4,0.705
T0706,1,0.719,56.8,0.713
T0706,2,0.698,56.2,0.704
T0706,3,0.66,60.3,0.712
T0706,4,0.664,57.1,0.72
T0706,5,0.631,54.8,0.71
T0706,6,0.683,54.0,0.706
T0706,7,0.664,56.4,0.718
T0706,8,0.671,56.3,0.661
T0706,9,0.644,58.2,0.673
T0706,10,0.686,55.8,0.664
T0706,11,0.66,58.2,0.723
T0707,0,0.598,40.4,0.345
T0707,1,0.543,42.4,0.347
T0707,2,0.552,42.8,0.381
T0707,3,0.56,43.8,0.368
T0707,4,0.497,43.3,0.364
T0707,5,0.498,47.3,0.385
T0707,6,0.46,44.1,0.378
T0707,7,0.492,46.6,0.411
T0707,8,0.475,49.3,0.411
T0707,9,0.459,46.0,0.391
T0707,10,0.449,48.0,0.397
T0707,11,0.417,45.8,0.434
T0708,0,0.922,51.9,0.744
T0708,1,0.895,51.9,0.747
T0708,2,0.837,50.2,0.736
T0708,3,0.833,51.5,0.73
T0708,4,0.815,53.0,0.797
T0708,5,0.817,51.6,0.755
T0708,6,0.792,52.7,0.789
T0708,7,0.785,48.9,0.775
T0708,8,0.73,51.9,0.73
T0708,9,0.682,51.4,0.804
T0708,10,0.675,51.5,0.786
T0708,11,0.694,52.1,0.792
T0709,0,0.507,50.6,0.251
T0709,1,0.504,52.4,0.244
T0709,2,0.52,46.4,0.214
T0709,3,0.487,48.3,0.235
T0709,4,0.461,47.6,0.219
T0709,5,0.451,48.9,0.216
T0709,6,0.457,47.8,0.216
T0709,7,0.422,45.7,0.23
T0709,8,0.462,44.8,0.188
T0709,9,0.394,45.6,0.201
T0709,10,0.417,45.5,0.197
T0709,11,0.347,46.6,0.222
T0710,0,0.43,58.1,0.658
T0710,1,0.437,59.3,0.681
T0710,2,0.454,60.9,0.705
T0710,3,0.456,58.7,0.72
T0710,4,0.462,57.0,0.694
T0710,5,0.466,62.5,0.741
T0710,6,0.442,62.6,0.698
T0710,7,0.447,60.0,0.758
T0710,8,0.494,64.9,0.753
T0710,9,0.467,60.3,0.743
T0710,10,0.506,62.3,0.763
T0710,11,0.479,62.6,0.793
T0711,0,0.842,57.0,0.168
T0711,1,0.858,61.5,0.168
T0711,2,0.835,63.3,0.2
T0711,3,0.826,58.6,0.201
T0711,4,0.798,59.6,0.224
T0711,5,0.796,58.5,0.234
T0711,6,0.756,59.6,0.27
T0711,7,0.766,61.1,0.263
T0711,8,0.735,63.4,0.281
T0711,9,0.755,61.6,0.296
T0711,10,0.758,61.5,0.293
T0711,11,0.724,61.8,0.306
T0712,0,0.592,63.7,0.638
T0712,1,0.618,61.1,0.646
T0712,2,0.575,62.5,0.653
T0712,3,0.602,60.4,0.64
T0712,4,0.603,58.7,0.625
T0712,5,0.616,60.5,0.628
T0712,6,0.595,57.9,0.677
T0712,7,0.607,61.0,0.635
T0712,8,0.6,62.0,0.638
T0712,9,0.551,55.8,0.596
T0712,10,0.561,59.8,0.663
T0712,11,0.571,54.4,0.666
T0713,0,0.52,29.3,0.442
T0713,1,0.567,31.6,0.444
T0713,2,0.581,33.9,0.417
T0713,3,0.597,33.6,0.429
T0713,4,0.634,35.2,0.389
T0713,5,0.615,34.2,0.352
T0713,6,0.625,33.2,0.41
T0713,7,0.701,35.4,0.376
T0713,8,0.673,37.6,0.364
T0713,9,0.696,39.2,0.355
T0713,10,0.73,37.9,0.332
T0713,11,0.748,38.5,0.323
T0714,0,0.689,91.0,0.737
T0714,1,0.653,88.7,0.728
T0714,2,0.625,88.5,0.765
T0714,3,0.654,89.8,0.768
T0714,4,0.64,87.7,0.814
T0714,5,0.638,87.5,0.825
T0714,6,0.639,86.5,0.8
T0714,7,0.624,86.1,0.824
T0714,8,0.62,82.8,0.833
T0714,9,0.636,82.1,0.824
T0714,10,0.57,83.0,0.837
T0714,11,0.657,79.6,0.852
T0715,0,0.753,38.6,0.694
T0715,1,0.739,41.8,0.703
T0715,2,0.74,41.8,0.694
T0715,3,0.741,45.9,0.7
T0715,4,0.717,44.7,0.723
T0715,5,0.726,50.8,0.754
T0715,6,0.738,49.2,0.749
T0715,7,0.71,49.0,0.752
T0715,8,0.728,51.9,0.746
T0715,9,0.724,50.5,0.777
T0715,10,0.721,54.7,0.793
T0715,11,0.708,59.5,0.764
T0716,0,0.461,65.1,0.752
T0716,1,0.505,65.9,0.773
T0716,2,0.528,62.7,0.782
T0716,3,0.514,65.0,0.789
T0716,4,0.547,63.4,0.822
T0716,5,0.564,60.0,0.829
T0716,6,0.578,60.7,0.822
T0716,7,0.599,56.7,0.848
T0716,8,0.607,57.9,0.848
T0716,9,0.595,59.8,0.877
T0716,10,0.637,56.5,0.908
T0716,11,0.632,57.4,0.921
T0717,0,0.671,63.6,0.987
T0717,1,0.62,63.0,1.0
T0717,2,0.618,64.0,1.0
T0717,3,0.626,64.1,0.952
T0717,4,0.631,65.1,0.952
T0717,5,0.623,67.0,0.918
T0717,6,0.671,66.0,0.909
T0717,7,0.648,68.8,0.916
T0717,8,0.653,70.0,0.893
T0717,9,0.65,70.0,0.887
T0717,10,0.703,68.1,0.888
T0717,11,0.703,67.2,0.864
T0718,0,0.49,51.5,0.519
T0718,1,0.532,52.3,0.497
T0718,2,0.578,49.3,0.451
T0718,3,0.601,49.3,0.43
T0718,4,0.628,45.5,0.397
T0718,5,0.613,42.2,0.376
T0718,6,0.61,43.2,0.333
T0718,7,0.698,41.9,0.319
T0718,8,0.685,38.1,0.305
T0718,9,0.715,38.8,0.278
T0718,10,0.747,32.0,0.267
T0718,11,0.776,30.9,0.234
T0719,0,0.665,71.2,0.805
T0719,1,0.697,69.6,0.807
T0719,2,0.75,66.6,0.781
T0719,3,0.698,68.6,0.796
T0719,4,0.695,66.9,0.721
T0719,5,0.688,64.2,0.753
T0719,6,0.704,66.0,0.71
T0719,7,0.748,65.0,0.676
T0719,8,0.724,61.3,0.658
T0719,9,0.685,63.2,0.625
T0719,10,0.711,61.9,0.618
T0719,11,0.707,61.8,0.603
T0720,0,0.222,80.9,0.757
T0720,1,0.292,77.3,0.745
T0720,2,0.259,77.2,0.768
T0720,3,0.288,81.3,0.726
T0720,4,0.304,78.6,0.714
T0720,5,0.283,78.6,0.695
T0720,6,0.298,75.6,0.672
T0720,7,0.337,78.5,0.619
T0720,8,0.303,76.0,0.597
T0720,9,0.35,75.0,0.617
T0720,10,0.322,75.5,0.562
T0720,11,0.371,72.1,0.554
T0721,0,0.485,54.5,0.898
T0721,1,0.523,53.1,0.878
T0721,2,0.555,54.4,0.882
T0721,3,0.564,52.3,0.89
T0721,4,0.599,52.0,0.863
T0721,5,0.628,53.1,0.838
T0721,6,0.626,49.3,0.857
T0721,7,0.654,54.7,0.861
T0721,8,0.686,53.8,0.846
T0721,9,0.664,49.7,0.875
T0721,10,0.688,51.0,0.812
T0721,11,0.719,49.3,0.861
T0722,0,0.719,59.2,0.598
T0722,1,0.684,60.0,0.649
T0722,2,0.652,60.1,0.627
T0722,3,0.711,59.6,0.64
T0722,4,0.632,59.3,0.603
T0722,5,0.682,56.9,0.596
T0722,6,0.642,61.5,0.623
T0722,7,0.653,61.5,0.568
T0722,8,0.589,62.3,0.594
T0722,9,0.636,59.7,0.571
T0722,10,0.572,60.1,0.56
T0722,11,0.58,59.7,0.576
T0723,0,0.342,68.5,0.698
T0723,1,0.322,68.5,0.706
T0723,2,0.327,62.4,0.651
T0723,3,0.345,61.5,0.639
T0723,4,0.361,63.9,0.61
T0723,5,0.362,63.1,0.604
T0723,6,0.375,63.0,0.595
T0723,7,0.366,61.1,0.627
T0723,8,0.395,60.4,0.614
T0723,9,0.384,62.9,0.563
T0723,10,0.396,61.6,0.596
T0723,11,0.371,60.2,0.59
T0724,0,0.501,58.9,0.348
T0724,1,0.534,56.2,0.351
T0724,2,0.539,56.7,0.336
T0724,3,0.538,54.6,0.362
T0724,4,0.58,56.4,0.348
T0724,5,0.619,55.2,0.3
T0724,6,0.64,54.0,0.337
T0724,7,0.675,54.8,0.365
T0724,8,0.695,51.9,0.362
T0724,9,0.722,50.7,0.338
T0724,10,0.78,51.6,0.349
T0724,11,0.776,52.5,0.342
T0725,0,0.92,63.0,1.0
T0725,1,0.948,60.6,0.966
T0725,2,0.893,60.3,0.942
T0725,3,0.932,59.7,0.956
T0725,4,0.944,60.8,0.964
T0725,5,0.903,59.5,0.944
T0725,6,0.904,60.5,0.954
T0725,7,0.894,62.3,0.874
T0725,8,0.922,60.1,0.885
T0725,9,0.887,62.0,0.866
T0725,10,0.87,61.7,0.848
T0725,11,0.91,61.7,0.871
T0726,0,0.234,42.7,0.205
T0726,1,0.28,45.8,0.201
T0726,2,0.298,45.6,0.154
T0726,3,0.362,41.1,0.2
T0726,4,0.394,42.1,0.168
T0726,5,0.401,41.3,0.183
T0726,6,0.433,42.7,0.161
T0726,7,0.467,39.3,0.117
T0726,8,0.498,40.6,0.168
T0726,9,0.522,40.0,0.173
T0726,10,0.541,38.4,0.167
T0726,11,0.584,40.8,0.143
T0727,0,0.272,52.2,0.573
T0727,1,0.316,51.4,0.577
T0727,2,0.35,53.1,0.575
T0727,3,0.374,53.3,0.568
T0727,4,0.383,52.1,0.577
T0727,5,0.404,53.8,0.557
T0727,6,0.418,52.6,0.522
T0727,7,0.465,53.6,0.533
T0727,8,0.443,54.6,0.541
T0727,9,0.487,55.5,0.523
T0727,10,0.477,53.4,0.556
T0727,11,0.518,55.6,0.543
T0728,0,0.384,76.4,0.495
T0728,1,0.439,76.2,0.423
T0728,2,0.425,75.4,0.415
T0728,3,0.384,74.9,0.37
T0728,4,0.431,72.4,0.391
T0728,5,0.39,70.1,0.366
T0728,6,0.39,67.9,0.366
T0728,7,0.388,68.9,0.369
T0728,8,0.408,65.6,0.36
T0728,9,0.394,65.8,0.335
T0728,10,0.405,65.8,0.333
T0728,11,0.405,62.7,0.309
T0729,0,0.49,54.1,0.46
T0729,1,0.453,55.0,0.501
T0729,2,0.487,58.3,0.53
T0729,3,0.443,56.9,0.513
T0729,4,0.432,58.2,0.498
T0729,5,0.501,60.0,0.481
T0729,6,0.494,60.7,0.505
T0729,7,0.491,58.6,0.507
T0729,8,0.513,61.9,0.542
T0729,9,0.549,63.2,0.529
T0729,10,0.474,63.8,0.548
T0729,11,0.493,64.9,0.552
T0730,0,0.631,41.7,0.509
T0730,1,0.651,40.7,0.51
T0730,2,0.641,42.3,0.496
T0730,3,0.629,41.7,0.449
T0730,4,0.641,40.1,0.456
T0730,5,0.662,39.9,0.438
T0730,6,0.66,42.1,0.409
T0730,7,0.648,40.8,0.372
T0730,8,0.622,41.4,0.342
T0730,9,0.65,40.3,0.355
T0730,10,0.632,42.3,0.307
T0730,11,0.622,42.6,0.324
T0731,0,0.703,39.2,0.293
T0731,1,0.752,39.9,0.263
T0731,2,0.723,41.4,0.243
T0731,3,0.743,43.5,0.285
T0731,4,0.806,44.8,0.255
T0731,5,0.755,46.3,0.286
T0731,6,0.759,49.9,0.24
T0731,7,0.762,45.9,0.327
T0731,8,0.782,47.8,0.236
T0731,9,0.768,52.0,0.287
T0731,10,0.775,52.3,0.317
T0731,11,0.767,52.4,0.32
T0732,0,0.449,72.8,0.492
T0732,1,0.435,73.4,0.502
T0732,2,0.446,66.2,0.483
T0732,3,0.464,68.1,0.478
T0732,4,0.482,66.4,0.465
T0732,5,0.462,65.8,0.475
T0732,6,0.478,65.4,0.457
T0732,7,0.484,63.7,0.429
T0732,8,0.512,61.9,0.404
T0732,9,0.489,64.6,0.417
T0732,10,0.486,62.8,0.457
T0732,11,0.502,59.6,0.409
T0733,0,0.76,58.6,0.576
T0733,1,0.745,58.7,0.601
T0733,2,0.774,57.3,0.604
T0733,3,0.752,56.2,0.639
T0733,4,0.748,58.2,0.626
T0733,5,0.694,61.6,0.677
T0733,6,0.688,62.7,0.654
T0733,7,0.732,59.2,0.61
T0733,8,0.722,59.3,0.642
T0733,9,0.689,63.6,0.663
T0733,10,0.67,58.6,0.673
T0733,11,0.652,60.7,0.637
T0734,0,0.543,68.9,0.743
T0734,1,0.526,70.7,0.726
T0734,2,0.562,69.1,0.712
T0734,3,0.553,67.2,0.699
T0734,4,0.587,64.5,0.714
T0734,5,0.581,65.5,0.71
T0734,6,0.572,63.3,0.715
T0734,7,0.595,60.6,0.656
T0734,8,0.586,63.3,0.66
T0734,9,0.649,64.0,0.647
T0734,10,0.633,60.2,0.639
T0734,11,0.649,60.0,0.629
T0735,0,0.466,58.5,0.474
T0735,1,0.429,60.5,0.441
T0735,2,0.429,62.2,0.459
T0735,3,0.469,63.0,0.464
T0735,4,0.473,61.3,0.503
T0735,5,0.507,61.4,0.489
T0735,6,0.511,63.1,0.511
T0735,7,0.502,61.3,0.526
T0735,8,0.573,60.2,0.537
T0735,9,0.531,58.7,0.485
T0735,10,0.558,55.7,0.564
T0735,11,0.614,59.8,0.523
T0736,0,0.803,43.0,0.615
T0736,1,0.803,44.6,0.644
T0736,2,0.814,40.6,0.602
T0736,3,0.809,48.1,0.636
T0736,4,0.818,48.7,0.545
T0736,5,0.835,47.1,0.535
T0736,6,0.855,50.2,0.53
T0736,7,0.82,49.5,0.546
T0736,8,0.84,52.8,0.539
T0736,9,0.847,51.7,0.474
T0736,10,0.868,53.9,0.487
T0736,11,0.866,54.4,0.477
T0737,0,0.455,60.9,0.776
T0737,1,0.45,62.8,0.789
T0737,2,0.499,58.3,0.748
T0737,3,0.406,58.9,0.741
T0737,4,0.446,62.0,0.755
T0737,5,0.428,58.0,0.737
T0737,6,0.435,56.6,0.773
T0737,7,0.434,56.2,0.759
T0737,8,0.469,58.7,0.771
T0737,9,0.412,60.1,0.773
T0737,10,0.41,60.1,0.755
T0737,11,0.425,56.8,0.777
T0738,0,0.828,59.7,0.595
T0738,1,0.843,57.0,0.551
T0738,2,0.807,57.5,0.518
T0738,3,0.793,56.7,0.507
T0738,4,0.81,56.7,0.534
T0738,5,0.776,57.3,0.509
T0738,6,0.72,54.9,0.555
T0738,7,0.709,54.4,0.488
T0738,8,0.753,51.2,0.488
T0738,9,0.717,52.6,0.536
T0738,10,0.709,51.6,0.495
T0738,11,0.679,50.3,0.453
T0739,0,0.67,71.1,0.695
T0739,1,0.682,70.0,0.7
T0739,2,0.648,70.3,0.68
T0739,3,0.703,71.2,0.726
T0739,4,0.704,68.1,0.723
T0739,5,0.7,67.9,0.677
T0739,6,0.704,68.3,0.701
T0739,7,0.745,68.1,0.759
T0739,8,0.716,67.8,0.739
T0739,9,0.74,64.5,0.768
T0739,10,0.716,62.9,0.795
T0739,11,0.728,66.9,0.765
T0740,0,0.48,61.9,0.382
T0740,1,0.48,62.2,0.378
T0740,2,0.509,62.7,0.401
T0740,3,0.527,63.5,0.39
T0740,4,0.506,60.1,0.395
T0740,5,0.568,59.3,0.403
T0740,6,0.568,61.5,0.4
T0740,7,0.61,64.5,0.417
T0740,8,0.639,60.1,0.41
T0740,9,0.613,59.3,0.376
T0740,10,0.679,60.8,0.383
T0740,11,0.684,60.5,0.373
T0741,0,0.534,55.3,0.621
T0741,1,0.536,52.4,0.678
T0741,2,0.533,53.9,0.645
T0741,3,0.559,52.3,0.63
T0741,4,0.491,51.3,0.653
T0741,5,0.538,50.3,0.677
T0741,6,0.58,51.9,0.709
T0741,7,0.516,51.4,0.714
T0741,8,0.514,52.1,0.695
T0741,9,0.547,51.4,0.726
T0741,10,0.495,51.5,0.699
T0741,11,0.505,50.7,0.728
T0742,0,0.898,51.9,0.38
T0742,1,0.869,52.4,0.396
T0742,2,0.824,50.7,0.373
T0742,3,0.843,53.4,0.343
T0742,4,0.831,50.4,0.358
T0742,5,0.774,49.2,0.359
T0742,6,0.759,49.9,0.39
T0742,7,0.748,49.6,0.391
T0742,8,0.726,50.0,0.352
T0742,9,0.732,46.1,0.383
T0742,10,0.655,46.6,0.374
T0742,11,0.675,44.7,0.331
T0743,0,0.73,53.6,0.921
T0743,1,0.66,51.6,0.972
T0743,2,0.68,55.6,0.922
T0743,3,0.684,53.5,0.914
T0743,4,0.653,54.5,0.871
T0743,5,0.651,56.6,0.87
T0743,6,0.668,55.7,0.872
T0743,7,0.675,58.9,0.837
T0743,8,0.663,62.5,0.855
T0743,9,0.64,59.4,0.842
T0743,10,0.664,63.1,0.859
T0743,11,0.599,62.8,0.808
T0744,0,0.636,71.3,0.748
T0744,1,0.605,70.1,0.722
T0744,2,0.651,74.6,0.712
T0744,3,0.588,69.5,0.72
T0744,4,0.634,70.6,0.741
T0744,5,0.598,68.7,0.707
T0744,6,0.514,71.1,0.727
T0744,7,0.59,70.5,0.711
T0744,8,0.562,68.1,0.734
T0744,9,0.511,69.0,0.713
T0744,10,0.481,69.9,0.713
T0744,11,0.462,67.5,0.695
T0745,0,0.549,75.6,0.765
T0745,1,0.537,75.4,0.71
T0745,2,0.502,73.8,0.704
T0745,3,0.497,74.0,0.716
T0745,4,0.504,73.2,0.721
T0745,5,0.491,75.9,0.713
T0745,6,0.5,80.3,0.736
T0745,7,0.521,77.9,0.744
T0745,8,0.491,76.8,0.749
T0745,9,0.502,80.4,0.728
T0745,10,0.489,79.3,0.715
T0745,11,0.505,81.2,0.743
T0746,0,0.709,75.9,0.401
T0746,1,0.726,73.6,0.462
T0746,2,0.725,73.6,0.439
T0746,3,0.744,71.9,0.423
T0746,4,0.725,68.0,0.407
T0746,5,0.675,68.1,0.375
T0746,6,0.66,65.1,0.372
T0746,7,0.67,68.7,0.404
T0746,8,0.625,68.2,0.392
T0746,9,0.634,63.5,0.387
T0746,10,0.602,62.2,0.357
T0746,11,0.594,62.3,0.286
T0747,0,0.803,47.7,0.51
T0747,1,0.834,48.9,0.466
T0747,2,0.834,46.8,0.438
T0747,3,0.817,49.6,0.474
T0747,4,0.789,51.9,0.436
T0747,5,0.77,53.3,0.452
T0747,6,0.735,52.6,0.432
T0747,7,0.734,54.8,0.449
T0747,8,0.726,53.2,0.432
T0747,9,0.714,55.8,0.402
T0747,10,0.665,58.0,0.433
T0747,11,0.665,60.6,0.436
T0748,0,0.64,54.2,0.189
T0748,1,0.647,53.0,0.198
T0748,2,0.67,54.3,0.244
T0748,3,0.638,56.9,0.22
T0748,4,0.656,56.7,0.224
T0748,5,0.61,52.1,0.265
T0748,6,0.618,52.2,0.277
T0748,7,0.634,52.1,0.29
T0748,8,0.6,52.9,0.319
T0748,9,0.567,53.1,0.36
T0748,10,0.551,50.2,0.374
T0748,11,0.558,53.7,0.357
T0749,0,0.878,25.6,0.304
T0749,1,0.88,29.8,0.286
T0749,2,0.861,31.7,0.33
T0749,3,0.844,34.9,0.317
T0749,4,0.849,35.7,0.292
T0749,5,0.825,33.6,0.283
T0749,6,0.813,38.4,0.29
T0749,7,0.801,41.4,0.282
T0749,8,0.794,39.8,0.265
T0749,9,0.763,43.4,0.256
T0749,10,0.805,45.6,0.26
T0749,11,0.765,47.4,0.288
T0750,0,0.562,39.8,0.229
T0750,1,0.577,43.2,0.231
T0750,2,0.58,43.6,0.234
T0750,3,0.584,40.4,0.224
T0750,4,0.617,45.1,0.26
T0750,5,0.604,39.9,0.252
T0750,6,0.566,42.7,0.235
T0750,7,0.626,39.8,0.27
T0750,8,0.612,41.9,0.266
T0750,9,0.603,41.0,0.278
T0750,10,0.613,40.2,0.266
T0750,11,0.598,44.3,0.284
T0751,0,0.612,63.5,0.61
T0751,1,0.638,60.0,0.604
T0751,2,0.656,58.3,0.574
T0751,3,0.635,60.1,0.568
T0751,4,0.626,57.6,0.602
T0751,5,0.621,58.9,0.588
T0751,6,0.608,58.8,0.585
T0751,7,0.538,61.7,0.558
T0751,8,0.531,58.7,0.569
T0751,9,0.522,57.8,0.536
T0751,10,0.504,55.7,0.532
T0751,11,0.464,55.5,0.547
T0752,0,0.424,35.0,0.328
T0752,1,0.406,33.5,0.332
T0752,2,0.394,37.3,0.363
T0752,3,0.503,39.1,0.359
T0752,4,0.462,41.0,0.366
T0752,5,0.518,41.8,0.396
T0752,6,0.573,45.3,0.416
T0752,7,0.553,41.4,0.38
T0752,8,0.552,46.0,0.416
T0752,9,0.605,49.1,0.423
T0752,10,0.587,50.0,0.442
T0752,11,0.616,47.5,0.414
T0753,0,0.728,47.0,0.574
T0753,1,0.745,45.5,0.565
T0753,2,0.737,46.7,0.571
T0753,3,0.795,46.3,0.548
T0753,4,0.782,46.1,0.554
T0753,5,0.802,42.7,0.527
T0753,6,0.791,46.7,0.532
T0753,7,0.824,45.5,0.512
T0753,8,0.809,44.9,0.512
T0753,9,0.864,42.4,0.468
T0753,10,0.822,42.9,0.498
T0753,11,0.86,44.4,0.504
T0754,0,0.493,66.5,0.517
T0754,1,0.494,66.3,0.497
T0754,2,0.483,64.0,0.497
T0754,3,0.523,66.5,0.511
T0754,4,0.544,66.3,0.471
T0754,5,0.527,66.2,0.484
T0754,6,0.498,67.6,0.474
T0754,7,0.534,68.4,0.459
T0754,8,0.57,67.8,0.422
T0754,9,0.548,69.7,0.433
T0754,10,0.572,72.0,0.367
T0754,11,0.569,69.2,0.399
T0755,0,0.688,63.0,0.546
T0755,1,0.634,60.2,0.548
T0755,2,0.642,59.6,0.536
T0755,3,0.629,58.0,0.521
T0755,4,0.586,58.6,0.519
T0755,5,0.634,59.9,0.528
T0755,6,0.606,57.5,0.522
T0755,7,0.559,57.0,0.526
T0755,8,0.6,56.5,0.492
T0755,9,0.592,58.6,0.49
T0755,10,0.599,56.9,0.473
T0755,11,0.564,57.7,0.431
T0756,0,0.679,58.1,0.774
T0756,1,0.629,60.9,0.782
T0756,2,0.671,60.1,0.757
T0756,3,0.657,61.4,0.721
T0756,4,0.63,61.4,0.704
T0756,5,0.67,60.1,0.71
T0756,6,0.581,63.4,0.701
T0756,7,0.628,63.2,0.669
T0756,8,0.662,64.2,0.641
T0756,9,0.63,64.9,0.644
T0756,10,0.655,66.6,0.602
T0756,11,0.598,63.7,0.584
T0757,0,0.518,67.5,0.213
T0757,1,0.533,67.2,0.273
T0757,2,0.492,66.1,0.245
T0757,3,0.55,64.1,0.245
T0757,4,0.508,64.1,0.284
T0757,5,0.534,65.1,0.309
T0757,6,0.472,64.6,0.274
T0757,7,0.466,64.9,0.327
T0757,8,0.492,64.1,0.327
T0757,9,0.544,63.7,0.329
T0757,10,0.538,65.5,0.34
T0757,11,0.468,65.4,0.369
T0758,0,0.318,76.4,0.497
T0758,1,0.348,75.1,0.521
T0758,2,0.349,71.5,0.525
T0758,3,0.342,75.7,0.534
T0758,4,0.379,74.6,0.537
T0758,5,0.36,76.5,0.521
T0758,6,0.421,76.3,0.53
T0758,7,0.396,73.8,0.49
T0758,8,0.423,75.4,0.526
T0758,9,0.44,76.5,0.51
T0758,10,0.419,73.5,0.539
T0758,11,0.455,75.3,0.528
T0759,0,0.548,41.9,0.287
T0759,1,0.547,39.3,0.275
T0759,2,0.544,41.0,0.261
T0759,3,0.527,40.6,0.264
T0759,4,0.586,40.3,0.255
T0759,5,0.571,40.0,0.278
T0759,6,0.569,40.7,0.236
T0759,7,0.509,38.1,0.253
T0759,8,0.581,39.5,0.259
T0759,9,0.578,40.4,0.276
T0759,10,0.543,37.0,0.259
T0759,11,0.561,40.4,0.257
T0760,0,0.588,64.9,0.509
T0760,1,0.584,64.9,0.493
T0760,2,0.607,66.7,0.467
T0760,3,0.601,66.5,0.445
T0760,4,0.616,66.1,0.421
T0760,5,0.588,64.4,0.427
T0760,6,0.603,64.0,0.434
T0760,7,0.592,62.8,0.384
T0760,8,0.64,65.4,0.407
T0760,9,0.613,60.5,0.377
T0760,10,0.61,61.5,0.336
T0760,11,0.583,62.6,0.37
T0761,0,0.482,55.7,0.72
T0761,1,0.552,56.8,0.69
T0761,2,0.511,55.2,0.703
T0761,3,0.547,57.0,0.704
T0761,4,0.588,53.3,0.743
T0761,5,0.63,53.9,0.707
T0761,6,0.625,52.8,0.697
T0761,7,0.626,53.4,0.727
T0761,8,0.636,49.8,0.668
T0761,9,0.651,51.8,0.703
T0761,10,0.676,52.5,0.673
T0761,11,0.72,49.6,0.729
T0762,0,0.56,41.9,0.43
T0762,1,0.528,41.3,0.397
T0762,2,0.478,45.1,0.433
T0762,3,0.473,43.8,0.435
T0762,4,0.443,44.2,0.466
T0762,5,0.463,45.7,0.426
T0762,6,0.413,46.1,0.431
T0762,7,0.414,48.7,0.416
T0762,8,0.394,46.0,0.434
T0762,9,0.353,48.7,0.456
T0762,10,0.31,48.7,0.445
T0762,11,0.302,50.0,0.437
T0763,0,0.571,47.8,0.305
T0763,1,0.598,47.4,0.286
T0763,2,0.583,47.5,0.298
T0763,3,0.598,51.2,0.259
T0763,4,0.598,46.9,0.255
T0763,5,0.604,47.0,0.296
T0763,6,0.602,48.1,0.283
T0763,7,0.607,47.8,0.235
T0763,8,0.616,46.8,0.271
T0763,9,0.587,49.2,0.258
T0763,10,0.604,49.2,0.226
T0763,11,0.589,45.2,0.234
T0764,0,0.714,50.8,0.745
T0764,1,0.682,49.2,0.776
T0764,2,0.688,49.5,0.796
T0764,3,0.71,50.5,0.817
T0764,4,0.715,48.7,0.75
T0764,5,0.676,47.6,0.741
T0764,6,0.675,50.2,0.791
T0764,7,0.677,49.7,0.797
T0764,8,0.695,48.2,0.739
T0764,9,0.656,51.6,0.794
T0764,10,0.671,48.6,0.788
T0764,11,0.636,48.9,0.787
T0765,0,0.141,70.6,0.987
T0765,1,0.166,69.0,0.923
T0765,2,0.151,66.0,0.929
T0765,3,0.162,70.1,0.917
T0765,4,0.176,67.6,0.931
T0765,5,0.222,64.0,0.868
T0765,6,0.236,64.3,0.845
T0765,7,0.269,66.7,0.789
T0765,8,0.236,64.2,0.81
T0765,9,0.282,65.7,0.803
T0765,10,0.305,63.1,0.789
T0765,11,0.313,62.5,0.738
T0766,0,0.415,66.5,0.718
T0766,1,0.442,68.5,0.734
T0766,2,0.472,70.5,0.747
T0766,3,0.405,67.1,0.745
T0766,4,0.427,66.8,0.744
T0766,5,0.444,70.9,0.743
T0766,6,0.393,72.4,0.76
T0766,7,0.401,66.1,0.722
T0766,8,0.393,72.1,0.765
T0766,9,0.452,69.6,0.747
T0766,10,0.402,73.5,0.716
T0766,11,0.399,70.8,0.734
T0767,0,0.423,49.4,0.862
T0767,1,0.398,48.3,0.865
T0767,2,0.441,51.6,0.881
T0767,3,0.45,51.2,0.868
T0767,4,0.474,52.8,0.877
T0767,5,0.469,51.3,0.871
T0767,6,0.494,53.2,0.914
T0767,7,0.53,54.2,0.876
T0767,8,0.538,55.2,0.884
T0767,9,0.558,56.3,0.816
T0767,10,0.537,57.9,0.857
T0767,11,0.563,59.0,0.834
T0768,0,1.0,48.6,0.78
T0768,1,0.989,49.5,0.786
T0768,2,0.974,48.5,0.784
T0768,3,0.962,50.9,0.823
T0768,4,0.941,48.4,0.801
T0768,5,0.94,53.0,0.832
T0768,6,0.97,50.8,0.792
T0768,7,0.923,49.8,0.81
T0768,8,0.919,55.1,0.835
T0768,9,0.937,51.1,0.83
T0768,10,0.913,55.5,0.845
T0768,11,0.849,56.6,0.83
T0769,0,0.507,67.2,0.729
T0769,1,0.577,65.8,0.742
T0769,2,0.564,64.2,0.742
T0769,3,0.569,61.8,0.725
T0769,4,0.535,61.2,0.737
T0769,5,0.59,59.5,0.758
T0769,6,0.583,59.7,0.767
T0769,7,0.58,60.5,0.813
T0769,8,0.609,57.5,0.809
T0769,9,0.579,59.4,0.81
T0769,10,0.609,57.0,0.803
T0769,11,0.607,53.8,0.808
T0770,0,0.009,64.2,0.771
T0770,1,0.081,64.7,0.787
T0770,2,0.074,67.0,0.737
T0770,3,0.127,64.9,0.694
T0770,4,0.139,68.5,0.734
T0770,5,0.188,68.7,0.687
T0770,6,0.195,68.3,0.672
T0770,7,0.234,66.3,0.603
T0770,8,0.238,69.4,0.547
T0770,9,0.322,68.3,0.617
T0770,10,0.345,71.3,0.549
T0770,11,0.375,68.8,0.512
T0771,0,0.226,76.0,0.515
T0771,1,0.223,75.2,0.504
T0771,2,0.232,75.4,0.527
T0771,3,0.272,76.8,0.521
T0771,4,0.266,73.5,0.548
T0771,5,0.27,71.7,0.575
T0771,6,0.287,72.6,0.59
T0771,7,0.301,71.0,0.589
T0771,8,0.336,74.6,0.664
T0771,9,0.344,70.5,0.631
T0771,10,0.324,69.4,0.659
T0771,11,0.363,68.7,0.621
T0772,0,0.717,53.1,0.211
T0772,1,0.709,54.0,0.211
T0772,2,0.662,53.5,0.236
T0772,3,0.672,53.9,0.228
T0772,4,0.645,51.1,0.256
T0772,5,0.692,53.3,0.286
T0772,6,0.703,52.1,0.314
T0772,7,0.677,50.6,0.294
T0772,8,0.673,47.5,0.352
T0772,9,0.673,48.0,0.349
T0772,10,0.627,50.4,0.369
T0772,11,0.623,48.8,0.38
T0773,0,0.659,70.4,0.332
T0773,1,0.65,67.3,0.389
T0773,2,0.61,63.9,0.43
T0773,3,0.597,64.6,0.433
T0773,4,0.604,60.3,0.407
T0773,5,0.559,61.5,0.49
T0773,6,0.561,60.8,0.511
T0773,7,0.54,58.6,0.584
T0773,8,0.556,59.8,0.579
T0773,9,0.556,55.2,0.633
T0773,10,0.52,53.2,0.668
T0773,11,0.53,54.9,0.661
T0774,0,0.695,60.4,0.866
T0774,1,0.68,60.4,0.824
T0774,2,0.697,56.0,0.763
T0774,3,0.726,57.9,0.768
T0774,4,0.703,61.6,0.755
T0774,5,0.698,53.3,0.758
T0774,6,0.685,56.5,0.722
T0774,7,0.752,53.0,0.768
T0774,8,0.717,51.4,0.711
T0774,9,0.713,52.3,0.67
T0774,10,0.732,52.2,0.687
T0774,11,0.731,51.8,0.663
T0775,0,0.364,56.4,0.122
T0775,1,0.391,58.8,0.126
T0775,2,0.405,59.6,0.115
T0775,3,0.369,58.8,0.171
T0775,4,0.408,61.1,0.147
T0775,5,0.413,57.8,0.139
T0775,6,0.427,56.1,0.181
T0775,7,0.42,57.5,0.146
T0775,8,0.418,57.7,0.187
T0775,9,0.458,55.5,0.178
T0775,10,0.449,55.2,0.187
T0775,11,0.482,54.8,0.219
T0776,0,0.496,65.5,0.117
T0776,1,0.483,63.4,0.1
T0776,2,0.439,63.4,0.146
T0776,3,0.49,63.8,0.156
T0776,4,0.478,61.9,0.162
T0776,5,0.456,63.8,0.167
T0776,6,0.487,62.4,0.222
T0776,7,0.489,63.0,0.236
T0776,8,0.437,63.9,0.27
T0776,9,0.451,62.3,0.274
T0776,10,0.447,62.4,0.273
T0776,11,0.453,62.2,0.325
T0777,0,0.407,44.5,0.254
T0777,1,0.446,46.3,0.183
T0777,2,0.437,45.6,0.247
T0777,3,0.451,45.3,0.221
T0777,4,0.417,42.6,0.155
T0777,5,0.465,42.0,0.222
T0777,6,0.464,42.7,0.207
T0777,7,0.428,42.1,0.188
T0777,8,0.467,42.8,0.193
T0777,9,0.464,44.2,0.174
T0777,10,0.438,45.6,0.23
T0777,11,0.462,41.8,0.173
T0778,0,0.353,44.2,0.462
T0778,1,0.321,46.3,0.494
T0778,2,0.322,46.9,0.414
T0778,3,0.399,47.4,0.45
T0778,4,0.422,48.5,0.413
T0778,5,0.434,49.2,0.392
T0778,6,0.492,49.0,0.396
T0778,7,0.478,47.0,0.384
T0778,8,0.459,46.5,0.348
T0778,9,0.496,49.1,0.333
T0778,10,0.525,49.2,0.308
T0778,11,0.533,50.1,0.284
T0779,0,0.776,56.6,0.463
T0779,1,0.76,55.5,0.489
T0779,2,0.764,62.2,0.526
T0779,3,0.768,58.9,0.542
T0779,4,0.734,58.5,0.555
T0779,5,0.735,58.2,0.515
T0779,6,0.748,60.0,0.593
T0779,7,0.719,59.8,0.626
T0779,8,0.775,60.8,0.616
T0779,9,0.769,61.7,0.626
T0779,10,0.78,56.1,0.637
T0779,11,0.783,59.9,0.674
T0780,0,0.403,43.0,0.777
T0780,1,0.425,44.9,0.79
T0780,2,0.468,43.0,0.765
T0780,3,0.519,45.3,0.747
T0780,4,0.582,51.7,0.75
T0780,5,0.593,48.9,0.766
T0780,6,0.615,55.6,0.745
T0780,7,0.616,52.9,0.745
T0780,8,0.634,56.5,0.706
T0780,9,0.714,57.7,0.746
T0780,10,0.73,55.5,0.748
T0780,11,0.76,59.0,0.763
T0781,0,0.178,66.0,0.673
T0781,1,0.177,66.5,0.643
T0781,2,0.203,63.7,0.607
T0781,3,0.245,61.3,0.667
T0781,4,0.221,64.2,0.646
T0781,5,0.232,61.4,0.631
T0781,6,0.246,60.7,0.667
T0781,7,0.296,62.0,0.625
T0781,8,0.252,61.6,0.637
T0781,9,0.325,61.6,0.649
T0781,10,0.309,60.2,0.642
T0781,11,0.297,60.9,0.66
T0782,0,0.408,33.4,0.437
T0782,1,0.373,33.8,0.43
T0782,2,0.404,36.7,0.403
T0782,3,0.458,39.6,0.403
T0782,4,0.499,38.1,0.433
T0782,5,0.537,38.5,0.406
T0782,6,0.544,41.5,0.38
T0782,7,0.586,41.9,0.365
T0782,8,0.578,41.7,0.395
T0782,9,0.643,46.9,0.344
T0782,10,0.644,46.0,0.369
T0782,11,0.688,46.6,0.37
T0783,0,0.237,54.4,0.922
T0783,1,0.297,53.5,0.894
T0783,2,0.262,55.2,0.857
T0783,3,0.261,56.6,0.802
T0783,4,0.293,55.9,0.794
T0783,5,0.255,59.0,0.792
T0783,6,0.263,58.0,0.699
T0783,7,0.281,58.2,0.655
T0783,8,0.246,62.1,0.69
T0783,9,0.3,59.4,0.638
T0783,10,0.271,59.6,0.62
T0783,11,0.29,61.1,0.578
T0784,0,0.535,47.9,0.192
T0784,1,0.523,48.8,0.235
T0784,2,0.59,47.1,0.23
T0784,3,0.596,47.2,0.21
T0784,4,0.594,46.6,0.211
T0784,5,0.63,44.7,0.183
T0784,6,0.655,44.6,0.18
T0784,7,0.698,47.7,0.187
T0784,8,0.662,45.5,0.177
T0784,9,0.663,45.7,0.132
T0784,10,0.677,43.3,0.183
T0784,11,0.705,43.3,0.191
T0785,0,0.597,47.9,0.546
T0785,1,0.609,51.1,0.601
T0785,2,0.625,55.2,0.549
T0785,3,0.6,54.2,0.566
T0785,4,0.612,55.9,0.572
T0785,5,0.601,56.9,0.591
T0785,6,0.635,58.0,0.575
T0785,7,0.621,59.1,0.566
T0785,8,0.624,62.9,0.559
T0785,9,0.644,63.5,0.578
T0785,10,0.657,66.7,0.594
T0785,11,0.664,68.1,0.581
T0786,0,0.706,51.8,0.59
T0786,1,0.714,54.2,0.545
T0786,2,0.727,51.5,0.567
T0786,3,0.705,54.7,0.577
T0786,4,0.687,51.8,0.545
T0786,5,0.692,52.2,0.577
T0786,6,0.671,53.0,0.615
T0786,7,0.652,51.0,0.583
T0786,8,0.665,52.0,0.59
T0786,9,0.66,51.8,0.595
T0786,10,0.668,51.2,0.622
T0786,11,0.626,56.8,0.613
T0787,0,0.513,38.3,0.853
T0787,1,0.526,43.1,0.861
T0787,2,0.547,43.0,0.859
T0787,3,0.592,43.8,0.855
T0787,4,0.568,45.1,0.862
T0787,5,0.585,44.6,0.846
T0787,6,0.624,44.4,0.818
T0787,7,0.639,46.8,0.815
T0787,8,0.682,49.0,0.846
T0787,9,0.679,47.4,0.786
T0787,10,0.733,48.2,0.799
T0787,11,0.727,53.1,0.801
T0788,0,0.82,37.2,0.226
T0788,1,0.806,37.3,0.224
T0788,2,0.825,35.5,0.217
T0788,3,0.859,37.6,0.213
T0788,4,0.835,36.0,0.249
T0788,5,0.849,34.0,0.214
T0788,6,0.86,36.4,0.233
T0788,7,0.864,35.9,0.202
T0788,8,0.872,36.7,0.198
T0788,9,0.847,34.1,0.209
T0788,10,0.901,37.1,0.226
T0788,11,0.91,36.1,0.226
T0789,0,0.206,65.3,0.642
T0789,1,0.229,62.8,0.651
T0789,2,0.247,63.6,0.621
T0789,3,0.279,58.6,0.636
T0789,4,0.269,59.3,0.634
T0789,5,0.328,59.8,0.627
T0789,6,0.32,57.8,0.658
T0789,7,0.319,58.0,0.661
T0789,8,0.396,56.5,0.683
T0789,9,0.44,58.1,0.685
T0789,10,0.482,54.4,0.691
T0789,11,0.504,54.3,0.682
T0790,0,0.644,46.9,0.519
T0790,1,0.618,49.2,0.513
T0790,2,0.581,48.8,0.497
T0790,3,0.606,49.0,0.512
T0790,4,0.563,48.4,0.496
T0790,5,0.598,49.9,0.515
T0790,6,0.576,49.6,0.532
T0790,7,0.563,47.7,0.494
T0790,8,0.582,50.3,0.464
T0790,9,0.551,49.0,0.463
T0790,10,0.556,51.2,0.482
T0790,11,0.563,52.1,0.452
T0791,0,0.651,62.3,0.728
T0791,1,0.658,63.9,0.774
T0791,2,0.649,61.0,0.72
T0791,3,0.648,61.6,0.749
T0791,4,0.7,60.5,0.751
T0791,5,0.676,59.8,0.746
T0791,6,0.668,57.6,0.77
T0791,7,0.675,61.4,0.732
T0791,8,0.677,59.8,0.76
T0791,9,0.662,55.8,0.748
T0791,10,0.679,59.8,0.766
T0791,11,0.705,57.8,0.745
T0792,0,0.343,67.2,0.203
T0792,1,0.352,67.5,0.23
T0792,2,0.359,65.0,0.277
T0792,3,0.417,63.9,0.283
T0792,4,0.421,62.2,0.297
T0792,5,0.423,62.5,0.373
T0792,6,0.443,60.8,0.357
T0792,7,0.503,58.4,0.394
T0792,8,0.519,59.0,0.43
T0792,9,0.517,56.6,0.412
T0792,10,0.51,56.2,0.45
T0792,11,0.56,54.8,0.473
T0793,0,0.623,60.6,0.729
T0793,1,0.651,60.0,0.715
T0793,2,0.617,63.0,0.727
T0793,3,0.594,60.1,0.74
T0793,4,0.548,64.1,0.728
T0793,5,0.567,58.0,0.728
T0793,6,0.545,57.5,0.786
T0793,7,0.549,56.3,0.729
T0793,8,0.5,57.4,0.764
T0793,9,0.506,58.9,0.735
T0793,10,0.502,54.2,0.767
T0793,11,0.517,56.1,0.76
T0794,0,0.61,42.5,0.246
T0794,1,0.619,42.9,0.255
T0794,2,0.61,41.9,0.199
T0794,3,0.654,45.4,0.227
T0794,4,0.604,46.5,0.18
T0794,5,0.596,48.2,0.193
T0794,6,0.586,49.3,0.231
T0794,7,0.596,49.8,0.193
T0794,8,0.6,50.8,0.181
T0794,9,0.617,51.8,0.224
T0794,10,0.615,52.7,0.179
T0794,11,0.619,54.4,0.193
T0795,0,0.7,53.8,0.812
T0795,1,0.708,52.4,0.815
T0795,2,0.69,50.0,0.824
T0795,3,0.734,54.8,0.789
T0795,4,0.707,51.9,0.775
T0795,5,0.696,53.2,0.715
T0795,6,0.659,53.3,0.745
T0795,7,0.702,51.9,0.752
T0795,8,0.681,50.8,0.702
T0795,9,0.72,51.9,0.719
T0795,10,0.669,51.6,0.675
T0795,11,0.687,52.5,0.658
T0796,0,0.557,74.6,0.533
T0796,1,0.527,71.3,0.572
T0796,2,0.554,72.7,0.556
T0796,3,0.561,69.1,0.561
T0796,4,0.565,69.5,0.537
T0796,5,0.524,69.0,0.539
T0796,6,0.533,66.4,0.521
T0796,7,0.542,64.1,0.529
T0796,8,0.512,63.9,0.478
T0796,9,0.526,64.4,0.555
T0796,10,0.514,60.7,0.483
T0796,11,0.54,62.5,0.507
T0797,0,0.567,75.5,0.622
T0797,1,0.528,74.6,0.625
T0797,2,0.582,73.3,0.66
T0797,3,0.574,70.8,0.64
T0797,4,0.554,73.9,0.645
T0797,5,0.551,75.3,0.609
T0797,6,0.55,70.2,0.642
T0797,7,0.607,71.8,0.658
T0797,8,0.578,67.1,0.647
T0797,9,0.574,70.2,0.65
T0797,10,0.62,69.6,0.622
T0797,11,0.636,69.7,0.639
T0798,0,0.598,66.6,0.987
T0798,1,0.559,68.9,1.0
T0798,2,0.562,66.1,0.996
T0798,3,0.526,66.2,0.982
T0798,4,0.509,62.8,0.998
T0798,5,0.531,61.3,0.976
T0798,6,0.511,61.1,0.963
T0798,7,0.435,61.0,0.982
T0798,8,0.493,59.8,0.95
T0798,9,0.468,60.1,0.966
T0798,10,0.413,59.9,0.981
T0798,11,0.414,59.5,0.934
T0799,0,0.62,39.9,0.544
T0799,1,0.613,37.4,0.531
T0799,2,0.617,37.2,0.549
T0799,3,0.643,43.2,0.558
T0799,4,0.592,40.1,0.538
T0799,5,0.582,42.4,0.561
T0799,6,0.612,39.4,0.578
T0799,7,0.634,42.6,0.58
T0799,8,0.627,43.8,0.575
T0799,9,0.652,44.8,0.599
T0799,10,0.616,45.8,0.58
T0799,11,0.582,48.1,0.62
T0800,0,0.518,49.7,0.489
T0800,1,0.515,53.5,0.477
T0800,2,0.513,52.5,0.506
T0800,3,0.565,53.7,0.532
T0800,4,0.535,56.8,0.485
T0800,5,0.529,53.1,0.527
T0800,6,0.568,56.0,0.537
T0800,7,0.577,58.1,0.545
T0800,8,0.575,56.1,0.557
T0800,9,0.579,56.1,0.577
T0800,10,0.609,59.4,0.588
T0800,11,0.619,56.0,0.611
T0801,0,0.617,61.6,0.797
T0801,1,0.595,57.4,0.806
T0801,2,0.577,58.9,0.797
T0801,3,0.6,60.2,0.834
T0801,4,0.554,59.1,0.816
T0801,5,0.596,59.8,0.769
T0801,6,0.575,60.1,0.79
T0801,7,0.556,59.2,0.817
T0801,8,0.554,57.5,0.811
T0801,9,0.548,57.0,0.767
T0801,10,0.562,57.1,0.835
T0801,11,0.506,60.2,0.77
T0802,0,0.644,59.0,0.562
T0802,1,0.638,59.2,0.581
T0802,2,0.621,57.1,0.596
T0802,3,0.64,60.0,0.579
T0802,4,0.627,58.4,0.597
T0802,5,0.631,56.9,0.586
T0802,6,0.607,58.0,0.611
T0802,7,0.657,60.1,0.596
T0802,8,0.602,55.3,0.591
T0802,9,0.59,58.4,0.625
T0802,10,0.594,57.1,0.618
T0802,11,0.592,55.3,0.642
T0803,0,0.247,70.9,0.127
T0803,1,0.245,73.0,0.148
T0803,2,0.252,69.5,0.145
T0803,3,0.242,69.0,0.185
T0803,4,0.271,66.8,0.221
T0803,5,0.277,66.4,0.248
T0803,6,0.266,65.3,0.258
T0803,7,0.288,64.5,0.273
T0803,8,0.277,64.6,0.303
T0803,9,0.282,62.6,0.281
T0803,10,0.309,62.3,0.365
T0803,11,0.281,59.0,0.382
T0804,0,0.502,41.9,0.352
T0804,1,0.498,43.8,0.39
T0804,2,0.447,46.1,0.401
T0804,3,0.466,43.6,0.382
T0804,4,0.494,44.6,0.411
T0804,5,0.467,46.2,0.356
T0804,6,0.48,43.6,0.383
T0804,7,0.448,45.1,0.395
T0804,8,0.465,48.6,0.38
T0804,9,0.448,46.1,0.392
T0804,10,0.444,44.0,0.421
T0804,11,0.489,44.9,0.361
T0805,0,0.478,75.2,0.77
T0805,1,0.509,75.8,0.733
T0805,2,0.509,77.0,0.817
T0805,3,0.514,77.1,0.799
T0805,4,0.55,73.7,0.82
T0805,5,0.569,73.5,0.834
T0805,6,0.603,74.0,0.832
T0805,7,0.607,76.7,0.845
T0805,8,0.622,75.6,0.835
T0805,9,0.675,74.4,0.908
T0805,10,0.643,75.7,0.906
T0805,11,0.698,73.2,0.929
T0806,0,0.813,33.0,0.567
T0806,1,0.84,32.2,0.515
T0806,2,0.801,37.0,0.506
T0806,3,0.788,37.1,0.516
T0806,4,0.781,37.7,0.568
T0806,5,0.743,38.7,0.505
T0806,6,0.746,41.9,0.499
T0806,7,0.716,43.2,0.504
T0806,8,0.709,40.1,0.484
T0806,9,0.682,41.0,0.517
T0806,10,0.677,45.2,0.456
T0806,11,0.651,46.3,0.476
T0807,0,0.662,60.4,0.489
T0807,1,0.634,58.3,0.495
T0807,2,0.63,59.3,0.451
T0807,3,0.647,57.5,0.463
T0807,4,0.641,58.8,0.425
T0807,5,0.598,55.8,0.475
T0807,6,0.585,55.9,0.464
T0807,7,0.6,54.3,0.437
T0807,8,0.562,55.7,0.462
T0807,9,0.556,49.5,0.435
T0807,10,0.537,53.2,0.405
T0807,11,0.524,53.6,0.398
T0808,0,0.697,53.0,0.85
T0808,1,0.752,52.1,0.847
T0808,2,0.735,52.1,0.827
T0808,3,0.702,51.8,0.853
T0808,4,0.744,51.3,0.884
T0808,5,0.721,52.8,0.846
T0808,6,0.719,54.5,0.871
T0808,7,0.7,54.8,0.801
T0808,8,0.724,51.3,0.863
T0808,9,0.678,55.4,0.847
T0808,10,0.685,51.3,0.875
T0808,11,0.696,51.7,0.812
T0809,0,0.717,72.9,0.718
T0809,1,0.717,69.6,0.711
T0809,2,0.742,70.6,0.747
T0809,3,0.68,67.3,0.741
T0809,4,0.718,69.0,0.785
T0809,5,0.672,67.1,0.781
T0809,6,0.634,63.2,0.818
T0809,7,0.663,61.8,0.834
T0809,8,0.615,61.4,0.86
T0809,9,0.673,62.0,0.855
T0809,10,0.626,60.1,0.942
T0809,11,0.602,60.9,0.925
T0810,0,0.877,63.3,0.446
T0810,1,0.864,63.0,0.503
T0810,2,0.775,60.7,0.426
T0810,3,0.755,60.2,0.434
T0810,4,0.686,62.8,0.418
T0810,5,0.682,62.8,0.417
T0810,6,0.621,64.8,0.415
T0810,7,0.664,61.9,0.406
T0810,8,0.606,61.2,0.378
T0810,9,0.574,61.4,0.445
T0810,10,0.523,58.1,0.431
T0810,11,0.533,58.1,0.378
T0811,0,0.324,73.3,0.622
T0811,1,0.321,67.5,0.616
T0811,2,0.333,67.9,0.63
T0811,3,0.321,65.3,0.641
T0811,4,0.404,67.6,0.654
T0811,5,0.415,67.2,0.67
T0811,6,0.439,66.2,0.68
T0811,7,0.468,66.7,0.687
T0811,8,0.488,65.3,0.677
T0811,9,0.497,65.5,0.735
T0811,10,0.491,61.9,0.662
T0811,11,0.496,64.5,0.696
T0812,0,0.358,76.6,0.912
T0812,1,0.33,76.9,0.917
T0812,2,0.315,77.5,0.878
T0812,3,0.354,74.0,0.88
T0812,4,0.359,77.3,0.884
T0812,5,0.317,75.8,0.853
T0812,6,0.373,73.4,0.873
T0812,7,0.331,74.6,0.849
T0812,8,0.349,73.2,0.827
T0812,9,0.367,74.6,0.784
T0812,10,0.376,73.3,0.82
T0812,11,0.381,72.3,0.827
T0813,0,0.382,56.1,0.4
T0813,1,0.438,59.7,0.347
T0813,2,0.412,57.7,0.409
T0813,3,0.426,58.4,0.377
T0813,4,0.419,52.7,0.364
T0813,5,0.358,52.9,0.402
T0813,6,0.432,53.1,0.37
T0813,7,0.372,52.0,0.353
T0813,8,0.397,54.8,0.377
T0813,9,0.435,54.9,0.341
T0813,10,0.434,52.3,0.306
T0813,11,0.404,53.5,0.328
T0814,0,0.632,70.9,0.414
T0814,1,0.663,70.5,0.435
T0814,2,0.643,67.9,0.415
T0814,3,0.683,65.9,0.443
T0814,4,0.666,64.7,0.432
T0814,5,0.688,64.1,0.444
T0814,6,0.649,64.5,0.464
T0814,7,0.676,64.5,0.435
T0814,8,0.671,63.5,0.467
T0814,9,0.702,60.3,0.514
T0814,10,0.724,61.0,0.5
T0814,11,0.71,59.6,0.515
T0815,0,0.077,62.5,0.423
T0815,1,0.092,64.5,0.406
T0815,2,0.121,62.1,0.439
T0815,3,0.138,59.1,0.436
T0815,4,0.139,62.1,0.419
T0815,5,0.235,60.8,0.431
T0815,6,0.258,58.7,0.419
T0815,7,0.304,59.4,0.415
T0815,8,0.317,57.4,0.388
T0815,9,0.317,51.8,0.424
T0815,10,0.361,53.7,0.421
T0815,11,0.413,52.7,0.425
T0816,0,0.683,65.7,0.319
T0816,1,0.662,65.8,0.298
T0816,2,0.653,65.7,0.249
T0816,3,0.663,64.6,0.309
T0816,4,0.617,62.1,0.259
T0816,5,0.596,61.1,0.336
T0816,6,0.595,58.9,0.277
T0816,7,0.587,60.5,0.323
T0816,8,0.573,60.6,0.307
T0816,9,0.577,59.9,0.337
T0816,10,0.554,57.7,0.342
T0816,11,0.549,56.9,0.322
T0817,0,0.41,68.9,0.743
T0817,1,0.402,66.0,0.8
T0817,2,0.46,66.2,0.789
T0817,3,0.453,67.9,0.794
T0817,4,0.48,71.9,0.78
T0817,5,0.464,68.8,0.804
T0817,6,0.53,71.1,0.877
T0817,7,0.487,71.4,0.847
T0817,8,0.561,70.5,0.831
T0817,9,0.564,70.7,0.824
T0817,10,0.566,72.1,0.88
T0817,11,0.596,70.9,0.878
T0818,0,0.542,52.6,0.111
T0818,1,0.555,51.0,0.129
T0818,2,0.564,52.2,0.106
T0818,3,0.553,52.0,0.101
T0818,4,0.58,52.4,0.108
T0818,5,0.596,51.9,0.105
T0818,6,0.6,51.8,0.102
T0818,7,0.603,49.7,0.132
T0818,8,0.64,50.2,0.11
T0818,9,0.639,50.6,0.115
T0818,10,0.655,48.6,0.124
T0818,11,0.62,48.7,0.13
T0819,0,0.647,70.5,0.816
T0819,1,0.643,69.8,0.818
T0819,2,0.666,68.9,0.821
T0819,3,0.696,72.2,0.815
T0819,4,0.667,68.4,0.848
T0819,5,0.689,69.8,0.822
T0819,6,0.726,71.6,0.838
T0819,7,0.725,71.6,0.855
T0819,8,0.739,70.2,0.874
T0819,9,0.72,70.6,0.87
T0819,10,0.731,71.7,0.803
T0819,11,0.725,70.1,0.889
T0820,0,0.695,64.5,1.0
T0820,1,0.692,64.9,1.0
T0820,2,0.65,63.3,0.996
T0820,3,0.665,63.2,0.941
T0820,4,0.655,64.9,0.916
T0820,5,0.617,61.4,0.933
T0820,6,0.63,63.1,0.893
T0820,7,0.554,61.3,0.862
T0820,8,0.566,56.1,0.858
T0820,9,0.558,60.1,0.821
T0820,10,0.496,58.6,0.821
T0820,11,0.506,58.7,0.751
T0821,0,0.728,56.1,0.261
T0821,1,0.744,57.1,0.295
T0821,2,0.744,56.5,0.301
T0821,3,0.757,55.6,0.278
T0821,4,0.791,58.3,0.25
T0821,5,0.763,54.9,0.306
T0821,6,0.766,53.2,0.272
T0821,7,0.78,51.3,0.246
T0821,8,0.827,51.6,0.279
T0821,9,0.814,51.9,0.262
T0821,10,0.81,50.0,0.26
T0821,11,0.861,47.9,0.24
T0822,0,0.794,41.7,0.494
T0822,1,0.774,41.4,0.499
T0822,2,0.815,43.3,0.522
T0822,3,0.77,46.1,0.534
T0822,4,0.788,45.1,0.507
T0822,5,0.772,48.7,0.546
T0822,6,0.8,49.6,0.536
T0822,7,0.741,53.6,0.525
T0822,8,0.733,50.3,0.548
T0822,9,0.739,53.0,0.555
T0822,10,0.71,56.9,0.546
T0822,11,0.755,57.3,0.537
T0823,0,0.403,70.1,0.3
T0823,1,0.385,67.7,0.296
T0823,2,0.414,68.7,0.322
T0823,3,0.439,64.8,0.314
T0823,4,0.436,66.2,0.302
T0823,5,0.5,62.3,0.355
T0823,6,0.493,60.1,0.325
T0823,7,0.49,62.6,0.33
T0823,8,0.492,59.6,0.303
T0823,9,0.515,57.1,0.345
T0823,10,0.568,57.0,0.359
T0823,11,0.566,54.7,0.358
T0824,0,0.39,67.0,0.494
T0824,1,0.413,70.0,0.566
T0824,2,0.405,70.4,0.555
T0824,3,0.404,65.7,0.536
T0824,4,0.439,66.1,0.567
T0824,5,0.424,66.8,0.57
T0824,6,0.404,64.4,0.618
T0824,7,0.399,63.9,0.631
T0824,8,0.414,63.8,0.64
T0824,9,0.402,62.8,0.61
T0824,10,0.411,57.8,0.657
T0824,11,0.396,60.8,0.672
T0825,0,0.16,69.7,0.846
T0825,1,0.181,68.9,0.841
T0825,2,0.197,68.1,0.833
T0825,3,0.204,70.7,0.883
T0825,4,0.234,71.8,0.859
T0825,5,0.246,66.8,0.878
T0825,6,0.28,69.3,0.883
T0825,7,0.278,70.0,0.886
T0825,8,0.314,69.7,0.887
T0825,9,0.282,66.7,0.884
T0825,10,0.304,66.4,0.932
T0825,11,0.389,67.4,0.936
T0826,0,0.319,54.1,0.266
T0826,1,0.301,53.7,0.263
T0826,2,0.336,55.5,0.306
T0826,3,0.369,52.8,0.338
T0826,4,0.389,50.3,0.349
T0826,5,0.399,50.3,0.365
T0826,6,0.438,50.5,0.373
T0826,7,0.43,53.0,0.354
T0826,8,0.503,52.1,0.393
T0826,9,0.5,52.6,0.402
T0826,10,0.497,52.8,0.374
T0826,11,0.548,51.8,0.418
T0827,0,0.678,53.6,0.488
T0827,1,0.674,49.4,0.518
T0827,2,0.697,49.5,0.551
T0827,3,0.677,55.3,0.544
T0827,4,0.678,51.0,0.601
T0827,5,0.66,51.7,0.561
T0827,6,0.681,49.8,0.627
T0827,7,0.689,50.8,0.629
T0827,8,0.705,49.4,0.63
T0827,9,0.693,51.1,0.665
T0827,10,0.681,48.9,0.709
T0827,11,0.656,49.3,0.747
T0828,0,0.7,47.9,0.608
T0828,1,0.69,47.4,0.549
T0828,2,0.727,46.7,0.613
T0828,3,0.721,49.8,0.612
T0828,4,0.684,47.3,0.602
T0828,5,0.717,47.2,0.584
T0828,6,0.717,46.8,0.593
T0828,7,0.724,45.2,0.593
T0828,8,0.681,45.8,0.604
T0828,9,0.685,44.7,0.557
T0828,10,0.691,43.4,0.54
T0828,11,0.672,44.4,0.563
T0829,0,0.898,53.3,0.521
T0829,1,0.934,56.8,0.434
T0829,2,0.883,55.7,0.44
T0829,3,0.811,55.2,0.455
T0829,4,0.807,55.3,0.434
T0829,5,0.806,55.9,0.435
T0829,6,0.799,54.1,0.426
T0829,7,0.78,54.3,0.418
T0829,8,0.747,56.6,0.41
T0829,9,0.731,57.7,0.365
T0829,10,0.693,53.2,0.415
T0829,11,0.641,56.9,0.429
T0830,0,0.349,60.7,0.231
T0830,1,0.379,60.7,0.244
T0830,2,0.347,61.0,0.245
T0830,3,0.376,61.1,0.265
T0830,4,0.35,66.1,0.316
T0830,5,0.364,64.2,0.318
T0830,6,0.342,69.8,0.338
T0830,7,0.34,68.3,0.329
T0830,8,0.397,71.5,0.348
T0830,9,0.367,70.6,0.351
T0830,10,0.385,73.8,0.385
T0830,11,0.367,77.6,0.398
T0831,0,0.547,70.8,0.751
T0831,1,0.566,72.1,0.734
T0831,2,0.56,70.0,0.757
T0831,3,0.582,73.2,0.737
T0831,4,0.594,73.2,0.732
T0831,5,0.613,72.1,0.729
T0831,6,0.617,71.1,0.728
T0831,7,0.614,72.6,0.696
T0831,8,0.648,71.7,0.712
T0831,9,0.608,74.8,0.705
T0831,10,0.67,70.7,0.734
T0831,11,0.678,67.8,0.681
T0832,0,0.643,67.0,0.806
T0832,1,0.664,65.3,0.807
T0832,2,0.669,63.8,0.859
T0832,3,0.697,65.0,0.808
T0832,4,0.712,61.8,0.836
T0832,5,0.72,62.2,0.857
T0832,6,0.731,62.3,0.841
T0832,7,0.732,61.7,0.865
T0832,8,0.766,60.1,0.883
T0832,9,0.789,60.2,0.856
T0832,10,0.787,61.5,0.839
T0832,11,0.818,58.6,0.888
T0833,0,0.879,52.2,0.153
T0833,1,0.87,53.1,0.188
T0833,2,0.797,53.0,0.176
T0833,3,0.825,52.5,0.183
T0833,4,0.75,50.9,0.182
T0833,5,0.751,49.7,0.184
T0833,6,0.711,47.7,0.212
T0833,7,0.665,47.4,0.254
T0833,8,0.688,46.0,0.216
T0833,9,0.651,42.9,0.235
T0833,10,0.641,45.3,0.262
T0833,11,0.574,45.5,0.228
T0834,0,0.596,83.4,0.845
T0834,1,0.597,82.1,0.822
T0834,2,0.629,80.5,0.833
T0834,3,0.592,80.0,0.809
T0834,4,0.61,76.1,0.777
T0834,5,0.666,71.8,0.797
T0834,6,0.661,72.1,0.772
T0834,7,0.674,70.5,0.789
T0834,8,0.663,69.2,0.695
T0834,9,0.675,66.8,0.711
T0834,10,0.698,67.7,0.723
T0834,11,0.69,63.2,0.701
T0835,0,0.359,56.3,0.319
T0835,1,0.35,57.7,0.278
T0835,2,0.325,56.7,0.276
T0835,3,0.331,55.4,0.261
T0835,4,0.311,57.6,0.297
T0835,5,0.362,59.0,0.287
T0835,6,0.343,58.5,0.259
T0835,7,0.289,58.5,0.262
T0835,8,0.301,57.4,0.249
T0835,9,0.316,59.5,0.255
T0835,10,0.316,59.0,0.314
T0835,11,0.294,60.0,0.314
T0836,0,0.545,66.1,0.558
T0836,1,0.516,66.0,0.562
T0836,2,0.485,64.0,0.541
T0836,3,0.486,66.8,0.556
T0836,4,0.473,62.7,0.583
T0836,5,0.465,62.8,0.561
T0836,6,0.48,62.4,0.523
T0836,7,0.46,62.2,0.567
T0836,8,0.448,60.4,0.529
T0836,9,0.427,59.5,0.553
T0836,10,0.415,58.4,0.545
T0836,11,0.425,59.8,0.512
T0837,0,0.429,46.3,0.342
T0837,1,0.451,47.5,0.315
T0837,2,0.47,48.4,0.313
T0837,3,0.419,49.0,0.327
T0837,4,0.453,47.0,0.315
T0837,5,0.461,47.4,0.353
T0837,6,0.485,47.2,0.359
T0837,7,0.436,48.3,0.379
T0837,8,0.473,45.5,0.379
T0837,9,0.481,44.9,0.399
T0837,10,0.492,43.6,0.387
T0837,11,0.471,43.4,0.375
T0838,0,0.725,59.8,0.838
T0838,1,0.782,58.5,0.829
T0838,2,0.762,57.5,0.834
T0838,3,0.808,57.5,0.865
T0838,4,0.773,59.0,0.89
T0838,5,0.81,56.3,0.908
T0838,6,0.788,59.1,0.875
T0838,7,0.803,55.0,0.932
T0838,8,0.821,59.8,0.954
T0838,9,0.822,59.2,0.937
T0838,10,0.848,55.5,0.966
T0838,11,0.863,57.9,0.939
T0839,0,0.414,40.0,0.56
T0839,1,0.424,40.2,0.521
T0839,2,0.414,39.6,0.503
T0839,3,0.47,39.0,0.495
T0839,4,0.497,42.8,0.498
T0839,5,0.507,41.7,0.477
T0839,6,0.557,40.7,0.463
T0839,7,0.535,40.6,0.458
T0839,8,0.564,43.1,0.414
T0839,9,0.595,45.0,0.391
T0839,10,0.633,41.8,0.433
T0839,11,0.664,42.7,0.358
T0840,0,0.8,55.7,0.72
T0840,1,0.741,52.6,0.709
T0840,2,0.739,54.3,0.704
T0840,3,0.768,54.4,0.705
T0840,4,0.771,53.1,0.714
T0840,5,0.807,55.3,0.728
T0840,6,0.756,56.3,0.718
T0840,7,0.725,54.7,0.71
T0840,8,0.775,56.4,0.683
T0840,9,0.732,56.7,0.701
T0840,10,0.777,54.5,0.762
T0840,11,0.767,57.2,0.734
T0841,0,0.671,81.8,0.919
T0841,1,0.649,81.7,0.911
T0841,2,0.617,79.9,0.932
T0841,3,0.605,80.1,0.881
T0841,4,0.57,80.4,0.951
T0841,5,0.529,73.6,0.918
T0841,6,0.525,77.8,0.925
T0841,7,0.523,72.1,0.937
T0841,8,0.436,72.1,0.922
T0841,9,0.412,70.5,0.935
T0841,10,0.39,72.3,0.878
T0841,11,0.372,68.2,0.909
T0842,0,0.418,67.1,0.731
T0842,1,0.426,67.1,0.74
T0842,2,0.449,63.9,0.767
T0842,3,0.437,66.5,0.774
T0842,4,0.476,65.4,0.833
T0842,5,0.475,65.8,0.79
T0842,6,0.464,68.1,0.811
T0842,7,0.477,66.1,0.814
T0842,8,0.483,67.4,0.822
T0842,9,0.523,69.1,0.856
T0842,10,0.505,70.4,0.889
T0842,11,0.506,68.6,0.869
T0843,0,0.91,39.9,1.0
T0843,1,0.861,39.3,0.98
T0843,2,0.889,44.4,0.934
T0843,3,0.865,44.8,0.939
T0843,4,0.876,45.1,0.948
T0843,5,0.842,49.8,0.94
T0843,6,0.819,48.3,0.916
T0843,7,0.795,51.6,0.892
T0843,8,0.819,51.6,0.918
T0843,9,0.751,50.6,0.87
T0843,10,0.803,51.7,0.852
T0843,11,0.755,55.3,0.837
T0844,0,0.525,35.7,0.733
T0844,1,0.52,38.0,0.729
T0844,2,0.546,36.8,0.756
T0844,3,0.53,39.0,0.775
T0844,4,0.562,42.6,0.751
T0844,5,0.602,43.3,0.719
T0844,6,0.578,44.1,0.775
T0844,7,0.594,46.7,0.724
T0844,8,0.612,47.5,0.76
T0844,9,0.624,44.5,0.748
T0844,10,0.622,51.3,0.749
T0844,11,0.607,49.8,0.792
T0845,0,0.839,55.0,0.812
T0845,1,0.86,55.8,0.766
T0845,2,0.817,53.3,0.796
T0845,3,0.789,56.1,0.802
T0845,4,0.783,55.9,0.75
T0845,5,0.788,53.1,0.759
T0845,6,0.795,51.4,0.777
T0845,7,0.752,49.6,0.739
T0845,8,0.76,49.0,0.734
T0845,9,0.728,50.3,0.717
T0845,10,0.754,48.5,0.677
T0845,11,0.712,46.0,0.669
T0846,0,0.642,53.1,0.584
T0846,1,0.701,51.8,0.591
T0846,2,0.663,52.9,0.601
T0846,3,0.693,54.7,0.611
T0846,4,0.636,51.6,0.564
T0846,5,0.695,56.0,0.615
T0846,6,0.726,55.6,0.633
T0846,7,0.666,57.0,0.653
T0846,8,0.724,55.7,0.608
T0846,9,0.636,56.0,0.634
T0846,10,0.688,59.5,0.678
T0846,11,0.7,60.6,0.641
T0847,0,0.861,59.5,0.843
T0847,1,0.779,58.9,0.886
T0847,2,0.787,59.9,0.83
T0847,3,0.795,60.4,0.832
T0847,4,0.737,55.2,0.779
T0847,5,0.701,58.2,0.783
T0847,6,0.713,55.9,0.756
T0847,7,0.73,61.2,0.751
T0847,8,0.672,57.4,0.724
T0847,9,0.641,54.9,0.697
T0847,10,0.586,56.5,0.708
T0847,11,0.588,56.0,0.665
T0848,0,0.557,43.8,0.3
T0848,1,0.565,43.0,0.269
T0848,2,0.535,46.0,0.336
T0848,3,0.547,43.9,0.302
T0848,4,0.476,44.2,0.334
T0848,5,0.546,45.4,0.346
T0848,6,0.483,46.9,0.289
T0848,7,0.465,48.8,0.302
T0848,8,0.458,47.0,0.362
T0848,9,0.495,48.5,0.373
T0848,10,0.454,47.8,0.353
T0848,11,0.435,49.7,0.368
T0849,0,0.63,54.3,0.145
T0849,1,0.631,55.7,0.232
T0849,2,0.665,49.2,0.166
T0849,3,0.699,51.5,0.218
T0849,4,0.648,51.1,0.215
T0849,5,0.645,49.7,0.186
T0849,6,0.695,48.0,0.181
T0849,7,0.65,46.6,0.219
T0849,8,0.681,41.9,0.148
T0849,9,0.707,41.4,0.132
T0849,10,0.679,38.2,0.199
T0849,11,0.673,38.6,0.168
T0850,0,0.925,60.4,0.66
T0850,1,0.884,60.4,0.724
T0850,2,0.899,60.5,0.728
T0850,3,0.827,60.4,0.718
T0850,4,0.824,61.2,0.726
T0850,5,0.765,60.8,0.786
T0850,6,0.74,59.9,0.792
T0850,7,0.694,63.4,0.807
T0850,8,0.692,61.8,0.814
T0850,9,0.648,61.5,0.811
T0850,10,0.61,60.5,0.861
T0850,11,0.586,61.4,0.849
T0851,0,0.271,60.8,0.533
T0851,1,0.337,60.5,0.528
T0851,2,0.289,63.6,0.53
T0851,3,0.35,62.2,0.534
T0851,4,0.345,61.1,0.552
T0851,5,0.349,61.0,0.513
T0851,6,0.401,59.3,0.553
T0851,7,0.352,65.1,0.574
T0851,8,0.385,61.5,0.58
T0851,9,0.367,61.4,0.543
T0851,10,0.396,62.8,0.59
T0851,11,0.364,60.2,0.578
T0852,0,0.329,62.3,0.634
T0852,1,0.418,63.5,0.679
T0852,2,0.388,63.2,0.68
T0852,3,0.429,62.2,0.689
T0852,4,0.441,62.9,0.699
T0852,5,0.498,62.9,0.694
T0852,6,0.537,64.4,0.747
T0852,7,0.571,63.6,0.734
T0852,8,0.603,62.3,0.756
T0852,9,0.565,63.9,0.74
T0852,10,0.629,61.8,0.746
T0852,11,0.653,64.5,0.786
T0853,0,0.826,59.3,0.665
T0853,1,0.803,56.1,0.668
T0853,2,0.818,55.8,0.689
T0853,3,0.846,57.5,0.653
T0853,4,0.851,55.1,0.625
T0853,5,0.85,54.7,0.647
T0853,6,0.838,54.6,0.664
T0853,7,0.82,54.0,0.672
T0853,8,0.846,53.9,0.736
T0853,9,0.839,49.8,0.686
T0853,10,0.877,50.9,0.708
T0853,11,0.862,52.2,0.735
T0854,0,0.667,45.3,0.588
T0854,1,0.649,41.2,0.593
T0854,2,0.672,44.8,0.584
T0854,3,0.686,43.3,0.523
T0854,4,0.672,47.8,0.531
T0854,5,0.673,43.3,0.571
T0854,6,0.708,45.5,0.54
T0854,7,0.751,44.5,0.516
T0854,8,0.727,46.8,0.554
T0854,9,0.749,47.1,0.487
T0854,10,0.774,48.4,0.438
T0854,11,0.813,46.7,0.473
T0855,0,0.719,67.0,0.592
T0855,1,0.735,63.9,0.602
T0855,2,0.714,61.0,0.618
T0855,3,0.727,60.1,0.607
T0855,4,0.746,59.2,0.59
T0855,5,0.701,55.8,0.605
T0855,6,0.739,54.2,0.643
T0855,7,0.74,55.8,0.6
T0855,8,0.691,50.4,0.643
T0855,9,0.7,49.1,0.616
T0855,10,0.695,50.4,0.636
T0855,11,0.73,43.8,0.617
T0856,0,0.67,43.0,0.389
T0856,1,0.629,43.6,0.381
T0856,2,0.663,43.8,0.382
T0856,3,0.685,44.1,0.342
T0856,4,0.696,41.8,0.327
T0856,5,0.684,45.9,0.353
T0856,6,0.687,47.3,0.295
T0856,7,0.705,49.0,0.32
T0856,8,0.744,49.4,0.259
T0856,9,0.715,47.9,0.295
T0856,10,0.701,49.5,0.265
T0856,11,0.751,51.4,0.203
T0857,0,0.338,60.8,0.81
T0857,1,0.359,64.9,0.798
T0857,2,0.365,59.7,0.81
T0857,3,0.35,59.5,0.801
T0857,4,0.375,60.5,0.785
T0857,5,0.333,60.8,0.775
T0857,6,0.35,60.4,0.796
T0857,7,0.385,58.1,0.794
T0857,8,0.346,61.3,0.759
T0857,9,0.353,60.3,0.805
T0857,10,0.39,61.5,0.762
T0857,11,0.358,59.5,0.807
T0858,0,0.366,70.9,0.715
T0858,1,0.344,67.7,0.72
T0858,2,0.353,68.0,0.746
T0858,3,0.358,68.5,0.712
T0858,4,0.346,65.9,0.775
T0858,5,0.37,71.6,0.693
T0858,6,0.333,68.7,0.704
T0858,7,0.337,70.2,0.703
T0858,8,0.373,67.5,0.731
T0858,9,0.374,67.7,0.724
T0858,10,0.368,70.6,0.757
T0858,11,0.359,68.0,0.712
T0859,0,0.505,57.2,0.738
T0859,1,0.558,55.4,0.698
T0859,2,0.544,55.1,0.688
T0859,3,0.543,52.3,0.712
T0859,4,0.567,57.6,0.67
T0859,5,0.569,55.5,0.657
T0859,6,0.567,58.0,0.654
T0859,7,0.56,57.0,0.641
T0859,8,0.54,60.1,0.647
T0859,9,0.56,56.7,0.632
T0859,10,0.56,57.6,0.636
T0859,11,0.573,55.8,0.624
T0860,0,0.254,51.4,0.608
T0860,1,0.279,52.0,0.539
T0860,2,0.291,54.5,0.565
T0860,3,0.27,52.9,0.539
T0860,4,0.349,55.5,0.533
T0860,5,0.298,54.1,0.547
T0860,6,0.34,55.0,0.501
T0860,7,0.344,56.1,0.509
T0860,8,0.368,59.0,0.514
T0860,9,0.37,57.5,0.502
T0860,10,0.39,58.3,0.469
T0860,11,0.376,59.3,0.457
T0861,0,0.653,63.9,0.715
T0861,1,0.691,62.8,0.684
T0861,2,0.652,59.2,0.669
T0861,3,0.622,57.4,0.66
T0861,4,0.67,60.2,0.662
T0861,5,0.665,57.6,0.652
T0861,6,0.631,58.4,0.648
T0861,7,0.652,58.4,0.603
T0861,8,0.655,56.0,0.562
T0861,9,0.666,53.8,0.599
T0861,10,0.677,53.2,0.561
T0861,11,0.694,49.0,0.543
T0862,0,0.733,44.4,0.364
T0862,1,0.714,44.7,0.357
T0862,2,0.689,44.1,0.356
T0862,3,0.695,46.7,0.336
T0862,4,0.712,50.2,0.319
T0862,5,0.739,48.1,0.343
T0862,6,0.693,49.7,0.337
T0862,7,0.623,50.9,0.309
T0862,8,0.686,53.2,0.313
T0862,9,0.653,51.5,0.279
T0862,10,0.665,52.5,0.282
T0862,11,0.648,54.6,0.326
T0863,0,0.24,69.1,0.908
T0863,1,0.274,70.3,0.892
T0863,2,0.258,71.3,0.889
T0863,3,0.306,69.5,0.914
T0863,4,0.339,70.7,0.875
T0863,5,0.323,69.9,0.906
T0863,6,0.286,72.0,0.915
T0863,7,0.299,75.9,0.878
T0863,8,0.317,73.7,0.854
T0863,9,0.302,72.2,0.848
T0863,10,0.344,72.4,0.859
T0863,11,0.304,76.8,0.851
T0864,0,0.483,73.4,0.884
T0864,1,0.491,73.3,0.872
T0864,2,0.497,75.0,0.904
T0864,3,0.478,72.6,0.937
T0864,4,0.474,74.1,0.92
T0864,5,0.52,73.3,0.888
T0864,6,0.498,72.9,0.942
T0864,7,0.533,71.8,0.984
T0864,8,0.539,75.0,0.939
T0864,9,0.519,73.7,0.933
T0864,10,0.526,75.9,0.975
T0864,11,0.538,74.4,0.969
T0865,0,0.7,47.6,0.561
T0865,1,0.683,49.9,0.552
T0865,2,0.695,48.8,0.605
T0865,3,0.731,47.1,0.528
T0865,4,0.676,50.6,0.608
T0865,5,0.674,53.7,0.584
T0865,6,0.682,49.9,0.574
T0865,7,0.679,49.2,0.59
T0865,8,0.707,50.1,0.565
T0865,9,0.641,52.8,0.624
T0865,10,0.657,51.1,0.636
T0865,11,0.666,51.4,0.589
T0866,0,0.416,45.1,0.569
T0866,1,0.464,46.9,0.601
T0866,2,0.468,45.6,0.609
T0866,3,0.48,48.1,0.611
T0866,4,0.502,48.2,0.562
T0866,5,0.505,50.8,0.581
T0866,6,0.565,52.1,0.562
T0866,7,0.565,55.2,0.571
T0866,8,0.566,51.9,0.597
T0866,9,0.576,53.9,0.551
T0866,10,0.639,56.4,0.541
T0866,11,0.654,56.4,0.537
T0867,0,0.462,48.3,0.513
T0867,1,0.472,49.0,0.505
T0867,2,0.479,51.7,0.542
T0867,3,0.511,48.4,0.546
T0867,4,0.49,49.0,0.549
T0867,5,0.5,52.6,0.601
T0867,6,0.526,51.0,0.609
T0867,7,0.582,51.9,0.659
T0867,8,0.548,52.8,0.652
T0867,9,0.583,51.4,0.662
T0867,10,0.567,53.5,0.669
T0867,11,0.607,52.0,0.706
T0868,0,0.497,56.7,0.772
T0868,1,0.465,56.2,0.745
T0868,2,0.457,58.0,0.744
T0868,3,0.453,61.1,0.76
T0868,4,0.431,60.5,0.758
T0868,5,0.473,63.1,0.752
T0868,6,0.444,62.9,0.757
T0868,7,0.375,65.1,0.794
T0868,8,0.41,63.7,0.786
T0868,9,0.414,66.3,0.774
T0868,10,0.39,65.8,0.779
T0868,11,0.39,66.4,0.766
T0869,0,0.556,57.5,0.2
T0869,1,0.607,60.1,0.182
T0869,2,0.599,56.8,0.181
T0869,3,0.607,56.2,0.196
T0869,4,0.576,56.8,0.207
T0869,5,0.605,54.5,0.224
T0869,6,0.574,53.4,0.18
T0869,7,0.581,54.2,0.132
T0869,8,0.609,54.8,0.194
T0869,9,0.634,54.7,0.19
T0869,10,0.603,51.5,0.219
T0869,11,0.677,50.0,0.179
T0870,0,0.617,49.7,0.531
T0870,1,0.646,52.5,0.52
T0870,2,0.633,54.7,0.53
T0870,3,0.659,52.8,0.574
T0870,4,0.665,54.4,0.559
T0870,5,0.665,50.1,0.51
T0870,6,0.647,54.2,0.529
T0870,7,0.66,54.4,0.563
T0870,8,0.657,57.5,0.551
T0870,9,0.699,56.2,0.568
T0870,10,0.668,56.1,0.524
T0870,11,0.653,57.4,0.586
T0871,0,0.668,69.3,0.753
T0871,1,0.619,72.4,0.735
T0871,2,0.572,70.4,0.765
T0871,3,0.54,67.7,0.736
T0871,4,0.492,67.5,0.751
T0871,5,0.473,68.1,0.707
T0871,6,0.425,69.4,0.769
T0871,7,0.377,66.5,0.779
T0871,8,0.388,64.2,0.732
T0871,9,0.317,65.0,0.733
T0871,10,0.302,62.9,0.713
T0871,11,0.274,61.7,0.736
T0872,0,0.579,49.1,0.286
T0872,1,0.625,50.6,0.296
T0872,2,0.645,49.9,0.288
T0872,3,0.631,49.1,0.309
T0872,4,0.614,50.5,0.319
T0872,5,0.603,50.5,0.319
T0872,6,0.62,52.2,0.333
T0872,7,0.571,50.9,0.342
T0872,8,0.613,51.7,0.322
T0872,9,0.583,51.5,0.297
T0872,10,0.599,51.0,0.309
T0872,11,0.601,51.1,0.376
T0873,0,0.583,45.9,0.669
T0873,1,0.566,46.2,0.637
T0873,2,0.606,44.1,0.586
T0873,3,0.599,49.5,0.641
T0873,4,0.602,45.4,0.601
T0873,5,0.612,46.7,0.586
T0873,6,0.6,44.7,0.59
T0873,7,0.6,46.9,0.535
T0873,8,0.621,47.9,0.537
T0873,9,0.594,46.3,0.513
T0873,10,0.588,44.5,0.457
T0873,11,0.644,47.4,0.46
T0874,0,0.564,58.4,0.428
T0874,1,0.584,57.8,0.438
T0874,2,0.588,58.5,0.436
T0874,3,0.618,57.3,0.464
T0874,4,0.622,58.2,0.408
T0874,5,0.618,55.4,0.423
T0874,6,0.666,58.0,0.444
T0874,7,0.646,55.9,0.502
T0874,8,0.66,58.8,0.446
T0874,9,0.643,54.9,0.475
T0874,10,0.663,55.0,0.456
T0874,11,0.665,53.8,0.446
T0875,0,0.599,38.7,0.436
T0875,1,0.588,37.6,0.437
T0875,2,0.601,40.2,0.48
T0875,3,0.611,39.0,0.455
T0875,4,0.629,40.2,0.427
T0875,5,0.594,42.7,0.481
T0875,6,0.607,41.1,0.451
T0875,7,0.602,41.0,0.476
T0875,8,0.591,42.0,0.457
T0875,9,0.607,43.9,0.465
T0875,10,0.6,46.5,0.449
T0875,11,0.608,46.3,0.492
T0876,0,0.264,56.0,0.456
T0876,1,0.281,50.9,0.459
T0876,2,0.31,54.3,0.445
T0876,3,0.405,50.5,0.441
T0876,4,0.416,47.2,0.394
T0876,5,0.473,47.9,0.423
T0876,6,0.525,45.6,0.409
T0876,7,0.547,44.5,0.397
T0876,8,0.61,43.3,0.379
T0876,9,0.613,42.6,0.364
T0876,10,0.651,41.8,0.367
T0876,11,0.712,41.5,0.395
T0877,0,0.359,55.6,0.311
T0877,1,0.422,57.6,0.284
T0877,2,0.418,54.3,0.315
T0877,3,0.456,56.4,0.32
T0877,4,0.535,61.6,0.352
T0877,5,0.529,56.1,0.356
T0877,6,0.546,57.0,0.317
T0877,7,0.562,58.1,0.283
T0877,8,0.575,58.1,0.29
T0877,9,0.603,59.1,0.298
T0877,10,0.664,60.0,0.311
T0877,11,0.693,60.2,0.314
T0878,0,0.967,49.5,0.61
T0878,1,0.965,51.0,0.602
T0878,2,0.939,51.0,0.59
T0878,3,0.902,48.2,0.601
T0878,4,0.929,46.9,0.571
T0878,5,0.894,49.9,0.594
T0878,6,0.932,46.2,0.597
T0878,7,0.915,48.4,0.542
T0878,8,0.867,47.1,0.584
T0878,9,0.866,48.2,0.564
T0878,10,0.86,48.1,0.529
T0878,11,0.841,50.1,0.578
T0879,0,0.458,59.6,0.665
T0879,1,0.491,63.5,0.614
T0879,2,0.517,63.1,0.654
T0879,3,0.476,64.6,0.672
T0879,4,0.505,64.0,0.623
T0879,5,0.509,63.9,0.63
T0879,6,0.511,62.4,0.666
T0879,7,0.483,66.1,0.621
T0879,8,0.475,64.6,0.634
T0879,9,0.521,63.8,0.672
T0879,10,0.507,63.2,0.669
T0879,11,0.505,67.3,0.685
T0880,0,0.653,59.4,0.928
T0880,1,0.642,60.3,0.937
T0880,2,0.634,58.9,0.928
T0880,3,0.584,62.9,0.883
T0880,4,0.584,62.9,0.927
T0880,5,0.574,63.1,0.944
T0880,6,0.545,62.2,0.938
T0880,7,0.55,65.0,0.961
T0880,8,0.54,64.6,0.928
T0880,9,0.505,65.0,0.887
T0880,10,0.496,68.1,0.909
T0880,11,0.476,66.5,0.89
T0881,0,0.434,43.6,0.688
T0881,1,0.479,45.3,0.696
T0881,2,0.457,41.0,0.631
T0881,3,0.475,45.9,0.636
T0881,4,0.488,41.8,0.604
T0881,5,0.476,40.5,0.591
T0881,6,0.514,43.6,0.573
T0881,7,0.505,45.1,0.536
T0881,8,0.519,46.0,0.523
T0881,9,0.527,47.8,0.562
T0881,10,0.577,45.8,0.516
T0881,11,0.533,47.2,0.519
T0882,0,0.934,38.6,0.701
T0882,1,0.873,38.9,0.669
T0882,2,0.933,38.7,0.698
T0882,3,0.865,39.9,0.671
T0882,4,0.834,42.1,0.671
T0882,5,0.868,41.2,0.633
T0882,6,0.828,44.5,0.64
T0882,7,0.837,41.7,0.654
T0882,8,0.812,44.0,0.629
T0882,9,0.795,44.4,0.64
T0882,10,0.778,43.7,0.65
T0882,11,0.768,45.9,0.621
T0883,0,0.762,67.3,0.602
T0883,1,0.78,71.0,0.561
T0883,2,0.731,69.9,0.57
T0883,3,0.745,64.4,0.56
T0883,4,0.738,65.4,0.555
T0883,5,0.748,65.0,0.562
T0883,6,0.734,68.0,0.565
T0883,7,0.753,64.8,0.587
T0883,8,0.769,64.2,0.534
T0883,9,0.729,62.5,0.558
T0883,10,0.723,62.3,0.547
T0883,11,0.731,62.6,0.564
T0884,0,0.975,39.6,0.1
T0884,1,0.969,40.0,0.105
T0884,2,0.94,41.4,0.133
T0884,3,0.912,43.9,0.152
T0884,4,0.848,43.8,0.166
T0884,5,0.834,44.9,0.215
T0884,6,0.786,45.7,0.223
T0884,7,0.755,47.7,0.226
T0884,8,0.734,48.9,0.242
T0884,9,0.709,46.9,0.223
T0884,10,0.655,51.7,0.305
T0884,11,0.641,48.7,0.259
T0885,0,0.283,56.1,0.869
T0885,1,0.304,58.0,0.858
T0885,2,0.311,59.5,0.822
T0885,3,0.392,57.8,0.822
T0885,4,0.401,54.7,0.789
T0885,5,0.405,56.6,0.773
T0885,6,0.395,56.4,0.761
T0885,7,0.448,55.2,0.734
T0885,8,0.461,56.4,0.721
T0885,9,0.518,51.2,0.715
T0885,10,0.547,52.3,0.716
T0885,11,0.599,50.5,0.682
T0886,0,0.64,70.6,0.719
T0886,1,0.611,68.2,0.745
T0886,2,0.633,72.9,0.704
T0886,3,0.599,68.5,0.728
T0886,4,0.614,69.4,0.675
T0886,5,0.592,66.3,0.67
T0886,6,0.57,69.2,0.649
T0886,7,0.593,68.0,0.637
T0886,8,0.564,65.7,0.644
T0886,9,0.573,62.3,0.639
T0886,10,0.522,60.8,0.636
T0886,11,0.512,60.6,0.619
T0887,0,0.685,50.7,0.395
T0887,1,0.732,51.1,0.42
T0887,2,0.715,49.0,0.435
T0887,3,0.68,48.8,0.433
T0887,4,0.688,47.7,0.465
T0887,5,0.711,47.5,0.471
T0887,6,0.687,48.4,0.473
T0887,7,0.691,47.5,0.494
T0887,8,0.661,50.9,0.513
T0887,9,0.647,48.9,0.473
T0887,10,0.643,48.6,0.516
T0887,11,0.642,46.3,0.55
T0888,0,0.184,59.6,0.222
T0888,1,0.238,62.4,0.185
T0888,2,0.259,61.5,0.199
T0888,3,0.248,61.5,0.233
T0888,4,0.282,61.4,0.265
T0888,5,0.302,65.3,0.2
T0888,6,0.303,63.7,0.231
T0888,7,0.348,62.8,0.26
T0888,8,0.345,62.5,0.256
T0888,9,0.398,65.0,0.245
T0888,10,0.377,62.2,0.248
T0888,11,0.371,60.3,0.273
T0889,0,0.984,64.5,0.227
T0889,1,0.95,63.5,0.202
T0889,2,0.898,61.9,0.16
T0889,3,0.917,60.1,0.223
T0889,4,0.906,55.7,0.208
T0889,5,0.89,58.3,0.226
T0889,6,0.844,55.6,0.251
T0889,7,0.847,51.7,0.252
T0889,8,0.842,52.9,0.248
T0889,9,0.822,51.2,0.308
T0889,10,0.848,47.5,0.299
T0889,11,0.814,47.7,0.281
T0890,0,0.811,42.1,0.389
T0890,1,0.761,43.3,0.426
T0890,2,0.766,45.2,0.407
T0890,3,0.726,47.3,0.398
T0890,4,0.753,49.1,0.399
T0890,5,0.736,48.4,0.383
T0890,6,0.687,48.1,0.398
T0890,7,0.695,50.1,0.409
T0890,8,0.675,52.5,0.449
T0890,9,0.655,53.0,0.405
T0890,10,0.643,55.9,0.425
T0890,11,0.623,57.0,0.412
T0891,0,0.784,53.5,0.938
T0891,1,0.81,51.9,0.953
T0891,2,0.79,53.3,0.923
T0891,3,0.762,51.3,0.882
T0891,4,0.775,52.6,0.894
T0891,5,0.755,54.0,0.922
T0891,6,0.771,55.8,0.895
T0891,7,0.754,54.0,0.897
T0891,8,0.762,53.8,0.866
T0891,9,0.721,51.1,0.876
T0891,10,0.727,52.9,0.837
T0891,11,0.689,54.7,0.857
T0892,0,0.617,39.6,0.853
T0892,1,0.603,40.3,0.836
T0892,2,0.591,39.5,0.856
T0892,3,0.574,44.3,0.821
T0892,4,0.544,46.0,0.83
T0892,5,0.576,46.7,0.839
T0892,6,0.498,45.0,0.83
T0892,7,0.519,49.7,0.842
T0892,8,0.501,49.0,0.862
T0892,9,0.484,49.5,0.807
T0892,10,0.476,50.3,0.832
T0892,11,0.428,53.5,0.855
T0893,0,0.262,72.2,0.64
T0893,1,0.24,70.4,0.675
T0893,2,0.257,70.3,0.666
T0893,3,0.307,70.8,0.609
T0893,4,0.277,70.0,0.628
T0893,5,0.321,69.6,0.579
T0893,6,0.266,72.7,0.579
T0893,7,0.301,71.6,0.584
T0893,8,0.307,73.1,0.588
T0893,9,0.286,68.8,0.542
T0893,10,0.36,72.4,0.518
T0893,11,0.307,72.8,0.516
T0894,0,1.0,25.8,0.219
T0894,1,1.0,31.0,0.199
T0894,2,0.972,29.7,0.173
T0894,3,0.977,30.5,0.247
T0894,4,0.963,33.4,0.196
T0894,5,0.942,35.0,0.164
T0894,6,0.926,34.6,0.23
T0894,7,0.912,38.1,0.231
T0894,8,0.897,39.2,0.238
T0894,9,0.866,40.7,0.233
T0894,10,0.857,39.5,0.187
T0894,11,0.834,38.3,0.211
T0895,0,0.623,34.3,0.328
T0895,1,0.59,37.8,0.326
T0895,2,0.677,38.6,0.356
T0895,3,0.629,34.8,0.369
T0895,4,0.667,35.5,0.378
T0895,5,0.708,38.6,0.402
T0895,6,0.699,41.0,0.387
T0895,7,0.761,42.5,0.388
T0895,8,0.73,41.5,0.488
T0895,9,0.732,44.4,0.437
T0895,10,0.729,44.6,0.491
T0895,11,0.756,45.7,0.49
T0896,0,0.652,50.3,0.278
T0896,1,0.628,51.1,0.313
T0896,2,0.644,52.4,0.342
T0896,3,0.666,52.0,0.369
T0896,4,0.638,51.1,0.392
T0896,5,0.637,50.5,0.398
T0896,6,0.654,50.8,0.436
T0896,7,0.645,49.5,0.484
T0896,8,0.633,48.0,0.487
T0896,9,0.636,48.2,0.477
T0896,10,0.619,50.8,0.485
T0896,11,0.674,52.4,0.535
T0897,0,0.574,50.4,0.832
T0897,1,0.623,50.2,0.779
T0897,2,0.594,51.6,0.784
T0897,3,0.606,51.9,0.761
T0897,4,0.614,48.3,0.763
T0897,5,0.643,49.4,0.718
T0897,6,0.652,51.0,0.757
T0897,7,0.632,57.4,0.756
T0897,8,0.623,50.0,0.707
T0897,9,0.645,52.7,0.699
T0897,10,0.716,52.6,0.699
T0897,11,0.663,53.6,0.714
T0898,0,0.79,52.7,0.818
T0898,1,0.766,53.9,0.813
T0898,2,0.753,57.3,0.82
T0898,3,0.803,57.0,0.805
T0898,4,0.774,57.0,0.832
T0898,5,0.798,55.9,0.793
T0898,6,0.83,56.6,0.769
T0898,7,0.815,57.7,0.726
T0898,8,0.888,55.1,0.794
T0898,9,0.831,57.7,0.755
T0898,10,0.839,57.3,0.731
T0898,11,0.85,58.1,0.732
T0899,0,0.371,55.7,0.115
T0899,1,0.342,56.9,0.115
T0899,2,0.347,56.0,0.15
T0899,3,0.369,55.8,0.157
T0899,4,0.356,56.9,0.239
T0899,5,0.337,59.6,0.223
T0899,6,0.413,55.6,0.225
T0899,7,0.379,57.1,0.254
T0899,8,0.407,56.9,0.252
T0899,9,0.35,55.7,0.322
T0899,10,0.398,53.3,0.344
T0899,11,0.41,56.7,0.349
T0900,0,0.489,27.4,0.155
T0900,1,0.544,29.1,0.178
T0900,2,0.553,27.7,0.155
T0900,3,0.55,34.4,0.171
T0900,4,0.563,32.6,0.229
T0900,5,0.589,32.3,0.256
T0900,6,0.564,32.9,0.231
T0900,7,0.615,35.2,0.222
T0900,8,0.606,38.6,0.224
T0900,9,0.64,36.5,0.213
T0900,10,0.66,38.7,0.239
T0900,11,0.668,39.5,0.251
T0901,0,0.457,66.4,0.722
T0901,1,0.417,64.1,0.716
T0901,2,0.455,67.4,0.71
T0901,3,0.474,63.6,0.705
T0901,4,0.467,63.6,0.691
T0901,5,0.487,62.5,0.753
T0901,6,0.449,64.1,0.75
T0901,7,0.478,60.7,0.698
T0901,8,0.48,63.1,0.728
T0901,9,0.503,62.0,0.719
T0901,10,0.539,61.0,0.755
T0901,11,0.495,59.4,0.733
T0902,0,0.464,49.1,0.814
T0902,1,0.487,49.0,0.821
T0902,2,0.482,50.7,0.819
T0902,3,0.468,51.6,0.772
T0902,4,0.468,51.4,0.739
T0902,5,0.499,52.0,0.75
T0902,6,0.459,53.1,0.763
T0902,7,0.47,54.2,0.733
T0902,8,0.471,57.3,0.71
T0902,9,0.463,58.1,0.683
T0902,10,0.45,58.5,0.672
T0902,11,0.463,57.6,0.676
T0903,0,0.531,78.9,0.862
T0903,1,0.559,74.1,0.857
T0903,2,0.585,75.7,0.82
T0903,3,0.548,77.4,0.813
T0903,4,0.593,76.2,0.848
T0903,5,0.597,74.2,0.787
T0903,6,0.57,71.3,0.796
T0903,7,0.572,74.0,0.753
T0903,8,0.603,72.9,0.739
T0903,9,0.631,73.0,0.752
T0903,10,0.582,70.6,0.738
T0903,11,0.635,70.3,0.71
T0904,0,0.682,51.4,0.159
T0904,1,0.685,51.6,0.149
T0904,2,0.64,52.1,0.212
T0904,3,0.62,50.5,0.179
T0904,4,0.657,50.7,0.192
T0904,5,0.629,48.4,0.217
T0904,6,0.584,52.6,0.175
T0904,7,0.596,53.7,0.204
T0904,8,0.591,53.0,0.188
T0904,9,0.561,54.1,0.178
T0904,10,0.561,54.9,0.168
T0904,11,0.535,55.1,0.152
T0905,0,0.496,56.3,0.379
T0905,1,0.569,58.4,0.341
T0905,2,0.533,58.7,0.381
T0905,3,0.531,61.3,0.385
T0905,4,0.53,61.8,0.392
T0905,5,0.532,58.2,0.37
T0905,6,0.585,61.6,0.403
T0905,7,0.604,59.3,0.411
T0905,8,0.574,59.6,0.39
T0905,9,0.575,62.1,0.394
T0905,10,0.636,59.4,0.475
T0905,11,0.61,63.4,0.418
T0906,0,0.359,23.5,0.279
T0906,1,0.362,25.6,0.28
T0906,2,0.37,25.5,0.242
T0906,3,0.364,28.1,0.28
T0906,4,0.389,29.8,0.252
T0906,5,0.424,32.3,0.253
T0906,6,0.407,33.8,0.269
T0906,7,0.46,38.1,0.261
T0906,8,0.442,41.3,0.302
T0906,9,0.423,39.5,0.312
T0906,10,0.457,43.5,0.324
T0906,11,0.472,45.4,0.323
T0907,0,0.658,48.3,0.169
T0907,1,0.622,49.7,0.181
T0907,2,0.62,48.0,0.235
T0907,3,0.587,50.7,0.272
T0907,4,0.609,49.5,0.263
T0907,5,0.574,48.6,0.293
T0907,6,0.579,50.3,0.295
T0907,7,0.584,48.9,0.291
T0907,8,0.613,52.5,0.354
T0907,9,0.576,51.5,0.373
T0907,10,0.555,51.4,0.376
T0907,11,0.554,48.9,0.371
T0908,0,0.612,62.6,0.424
T0908,1,0.615,60.6,0.415
T0908,2,0.618,57.5,0.412
T0908,3,0.614,60.1,0.39
T0908,4,0.599,56.9,0.399
T0908,5,0.576,58.7,0.371
T0908,6,0.63,58.6,0.331
T0908,7,0.578,54.3,0.347
T0908,8,0.591,53.4,0.344
T0908,9,0.591,52.5,0.343
T0908,10,0.576,50.5,0.321
T0908,11,0.571,52.9,0.326
T0909,0,0.523,62.0,0.525
T0909,1,0.539,62.8,0.553
T0909,2,0.548,61.5,0.511
T0909,3,0.577,60.5,0.53
T0909,4,0.589,62.2,0.539
T0909,5,0.608,61.2,0.525
T0909,6,0.62,62.2,0.575
T0909,7,0.648,63.3,0.591
T0909,8,0.68,60.1,0.579
T0909,9,0.703,60.9,0.579
T0909,10,0.738,60.3,0.602
T0909,11,0.749,60.7,0.618
T0910,0,0.436,42.3,0.117
T0910,1,0.453,39.9,0.112
T0910,2,0.496,39.7,0.131
T0910,3,0.473,43.5,0.1
T0910,4,0.483,44.9,0.159
T0910,5,0.496,43.6,0.104
T0910,6,0.556,43.4,0.137
T0910,7,0.544,45.6,0.18
T0910,8,0.589,44.2,0.149
T0910,9,0.544,46.6,0.179
T0910,10,0.568,44.7,0.144
T0910,11,0.616,46.2,0.194
T0911,0,0.612,58.6,0.733
T0911,1,0.582,56.3,0.725
T0911,2,0.551,56.1,0.72
T0911,3,0.601,54.9,0.745
T0911,4,0.555,54.7,0.676
T0911,5,0.539,55.0,0.733
T0911,6,0.572,56.2,0.717
T0911,7,0.542,56.5,0.745
T0911,8,0.503,55.2,0.675
T0911,9,0.576,53.0,0.715
T0911,10,0.517,53.1,0.688
T0911,11,0.53,50.7,0.691
T0912,0,0.505,50.2,0.593
T0912,1,0.493,51.4,0.594
T0912,2,0.497,51.1,0.608
T0912,3,0.518,53.2,0.605
T0912,4,0.589,53.9,0.598
T0912,5,0.568,56.5,0.542
T0912,6,0.594,55.0,0.554
T0912,7,0.607,56.9,0.521
T0912,8,0.623,58.0,0.54
T0912,9,0.6,57.5,0.476
T0912,10,0.66,57.6,0.499
T0912,11,0.664,62.5,0.511
T0913,0,0.557,44.0,0.433
T0913,1,0.536,44.4,0.399
T0913,2,0.536,45.6,0.377
T0913,3,0.581,46.1,0.411
T0913,4,0.539,48.6,0.381
T0913,5,0.56,48.0,0.369
T0913,6,0.554,50.3,0.412
T0913,7,0.588,46.7,0.405
T0913,8,0.601,50.5,0.392
T0913,9,0.603,53.4,0.416
T0913,10,0.588,49.8,0.421
T0913,11,0.652,47.7,0.415
T0914,0,0.012,77.8,0.892
T0914,1,0.032,79.8,0.894
T0914,2,0.069,78.1,0.905
T0914,3,0.141,79.6,0.864
T0914,4,0.135,76.1,0.903
T0914,5,0.158,75.8,0.872
T0914,6,0.198,77.4,0.886
T0914,7,0.274,76.9,0.867
T0914,8,0.278,75.6,0.897
T0914,9,0.318,75.1,0.9
T0914,10,0.319,75.8,0.872
T0914,11,0.354,73.2,0.838
T0915,0,0.716,44.9,0.35
T0915,1,0.683,46.5,0.338
T0915,2,0.672,45.4,0.355
T0915,3,0.639,47.3,0.316
T0915,4,0.678,47.3,0.344
T0915,5,0.59,43.7,0.337
T0915,6,0.615,51.5,0.36
T0915,7,0.591,51.4,0.352
T0915,8,0.59,50.4,0.35
T0915,9,0.544,51.2,0.372
T0915,10,0.544,50.4,0.363
T0915,11,0.529,50.5,0.362
T0916,0,0.661,53.3,0.357
T0916,1,0.729,52.9,0.354
T0916,2,0.75,51.9,0.368
T0916,3,0.726,55.8,0.431
T0916,4,0.777,56.1,0.374
T0916,5,0.767,54.2,0.414
T0916,6,0.788,52.7,0.378
T0916,7,0.821,56.2,0.411
T0916,8,0.797,54.4,0.453
T0916,9,0.861,53.3,0.416
T0916,10,0.886,57.4,0.446
T0916,11,0.869,55.5,0.475
T0917,0,0.725,61.9,0.372
T0917,1,0.677,61.8,0.394
T0917,2,0.704,59.9,0.355
T0917,3,0.703,57.8,0.407
T0917,4,0.665,57.4,0.407
T0917,5,0.717,57.2,0.416
T0917,6,0.711,56.2,0.377
T0917,7,0.702,57.3,0.4
T0917,8,0.679,57.2,0.433
T0917,9,0.655,58.9,0.419
T0917,10,0.659,56.3,0.429
T0917,11,0.646,54.2,0.442
T0918,0,0.874,68.3,0.774
T0918,1,0.866,69.1,0.787
T0918,2,0.832,67.4,0.81
T0918,3,0.845,68.8,0.856
T0918,4,0.797,68.2,0.87
T0918,5,0.832,70.7,0.908
T0918,6,0.739,70.3,0.885
T0918,7,0.709,71.3,0.9
T0918,8,0.726,73.1,0.927
T0918,9,0.704,68.9,0.951
T0918,10,0.653,72.3,0.953
T0918,11,0.621,70.6,0.992
T0919,0,0.551,34.8,0.568
T0919,1,0.548,38.0,0.546
T0919,2,0.564,38.1,0.504
T0919,3,0.592,43.3,0.498
T0919,4,0.571,44.9,0.486
T0919,5,0.569,45.9,0.486
T0919,6,0.54,47.0,0.462
T0919,7,0.541,46.4,0.486
T0919,8,0.549,48.2,0.429
T0919,9,0.575,51.3,0.402
T0919,10,0.534,53.2,0.42
T0919,11,0.545,58.1,0.402
T0920,0,0.974,58.3,0.634
T0920,1,0.97,56.2,0.63
T0920,2,0.961,56.0,0.651
T0920,3,0.911,57.3,0.656
T0920,4,0.906,56.2,0.638
T0920,5,0.927,56.1,0.597
T0920,6,0.853,56.2,0.643
T0920,7,0.901,59.5,0.663
T0920,8,0.848,61.1,0.616
T0920,9,0.828,59.6,0.604
T0920,10,0.762,60.9,0.624
T0920,11,0.792,62.3,0.646
T0921,0,0.691,51.1,0.464
T0921,1,0.726,48.9,0.424
T0921,2,0.674,48.5,0.435
T0921,3,0.696,44.1,0.432
T0921,4,0.681,48.5,0.42
T0921,5,0.722,48.1,0.391
T0921,6,0.749,43.4,0.353
T0921,7,0.713,44.2,0.368
T0921,8,0.721,43.5,0.388
T0921,9,0.728,43.3,0.353
T0921,10,0.7,43.5,0.355
T0921,11,0.719,40.7,0.369
T0922,0,0.395,65.6,0.295
T0922,1,0.399,59.9,0.29
T0922,2,0.46,62.5,0.259
T0922,3,0.466,58.4,0.29
T0922,4,0.461,59.8,0.291
T0922,5,0.442,57.0,0.31
T0922,6,0.497,54.8,0.34
T0922,7,0.505,55.0,0.321
T0922,8,0.534,52.8,0.28
T0922,9,0.542,51.2,0.347
T0922,10,0.575,51.2,0.351
T0922,11,0.568,48.6,0.365
T0923,0,0.311,40.9,0.119
T0923,1,0.332,42.8,0.1
T0923,2,0.334,41.9,0.142
T0923,3,0.391,43.3,0.11
T0923,4,0.388,43.2,0.137
T0923,5,0.391,41.1,0.145
T0923,6,0.4,43.5,0.155
T0923,7,0.435,47.0,0.17
T0923,8,0.439,45.9,0.179
T0923,9,0.461,47.0,0.223
T0923,10,0.46,46.6,0.216
T0923,11,0.48,42.9,0.19
T0924,0,0.237,61.9,0.228
T0924,1,0.222,64.4,0.243
T0924,2,0.273,63.0,0.28
T0924,3,0.271,62.8,0.279
T0924,4,0.237,62.6,0.281
T0924,5,0.273,62.3,0.307
T0924,6,0.279,61.0,0.292
T0924,7,0.288,60.8,0.333
T0924,8,0.283,59.8,0.328
T0924,9,0.291,59.5,0.33
T0924,10,0.31,60.2,0.314
T0924,11,0.232,59.7,0.317
T0925,0,0.913,22.8,0.315
T0925,1,0.879,20.7,0.288
T0925,2,0.857,22.6,0.295
T0925,3,0.8,23.6,0.268
T0925,4,0.792,25.2,0.295
T0925,5,0.763,26.8,0.25
T0925,6,0.749,27.5,0.269
T0925,7,0.736,25.2,0.255
T0925,8,0.721,32.2,0.243
T0925,9,0.686,29.1,0.207
T0925,10,0.701,31.0,0.193
T0925,11,0.68,32.3,0.187
T0926,0,0.848,52.0,0.18
T0926,1,0.788,53.3,0.193
T0926,2,0.77,50.6,0.23
T0926,3,0.749,50.6,0.222
T0926,4,0.73,52.6,0.286
T0926,5,0.659,50.6,0.343
T0926,6,0.682,52.8,0.303
T0926,7,0.636,54.0,0.325
T0926,8,0.636,53.1,0.399
T0926,9,0.589,49.0,0.4
T0926,10,0.573,51.9,0.384
T0926,11,0.56,54.4,0.438
T0927,0,0.636,47.5,0.143
T0927,1,0.657,45.9,0.101
T0927,2,0.659,44.4,0.117
T0927,3,0.633,44.3,0.142
T0927,4,0.648,43.5,0.133
T0927,5,0.659,43.3,0.152
T0927,6,0.603,45.6,0.1
T0927,7,0.618,44.7,0.12
T0927,8,0.617,43.8,0.167
T0927,9,0.62,44.6,0.186
T0927,10,0.652,42.7,0.152
T0927,11,0.618,42.0,0.203
T0928,0,0.629,53.0,0.593
T0928,1,0.644,52.0,0.657
T0928,2,0.62,55.3,0.632
T0928,3,0.606,53.0,0.603
T0928,4,0.598,54.4,0.581
T0928,5,0.58,57.0,0.591
T0928,6,0.585,57.9,0.609
T0928,7,0.545,58.4,0.591
T0928,8,0.526,58.9,0.543
T0928,9,0.527,59.4,0.546
T0928,10,0.502,56.8,0.55
T0928,11,0.488,59.2,0.548
T0929,0,0.629,59.4,0.793
T0929,1,0.606,59.2,0.802
T0929,2,0.592,58.7,0.827
T0929,3,0.613,58.6,0.868
T0929,4,0.557,60.8,0.83
T0929,5,0.597,61.5,0.828
T0929,6,0.582,63.1,0.807
T0929,7,0.529,64.8,0.84
T0929,8,0.56,63.9,0.878
T0929,9,0.504,63.6,0.862
T0929,10,0.499,63.2,0.872
T0929,11,0.519,64.7,0.9
T0930,0,0.268,49.9,0.481
T0930,1,0.263,48.4,0.463
T0930,2,0.24,48.7,0.51
T0930,3,0.263,49.9,0.509
T0930,4,0.306,49.2,0.493
T0930,5,0.29,46.0,0.529
T0930,6,0.344,50.4,0.513
T0930,7,0.383,48.6,0.573
T0930,8,0.389,49.4,0.595
T0930,9,0.419,49.9,0.559
T0930,10,0.444,50.2,0.54
T0930,11,0.47,47.8,0.586
T0931,0,0.551,77.0,0.21
T0931,1,0.557,74.9,0.197
T0931,2,0.519,71.8,0.219
T0931,3,0.502,71.4,0.252
T0931,4,0.526,70.9,0.218
T0931,5,0.495,71.6,0.223
T0931,6,0.452,67.9,0.256
T0931,7,0.482,66.9,0.226
T0931,8,0.485,64.0,0.226
T0931,9,0.437,63.7,0.238
T0931,10,0.439,60.7,0.237
T0931,11,0.424,62.2,0.205
T0932,0,0.165,57.4,0.563
T0932,1,0.167,58.3,0.592
T0932,2,0.183,58.9,0.515
T0932,3,0.217,57.4,0.547
T0932,4,0.234,56.9,0.545
T0932,5,0.246,63.2,0.512
T0932,6,0.272,58.5,0.514
T0932,7,0.251,60.2,0.503
T0932,8,0.286,62.6,0.494
T0932,9,0.29,60.9,0.473
T0932,10,0.28,59.7,0.464
T0932,11,0.319,59.7,0.508
T0933,0,0.491,42.1,0.212
T0933,1,0.484,42.3,0.224
T0933,2,0.53,43.2,0.229
T0933,3,0.516,41.5,0.223
T0933,4,0.55,45.1,0.237
T0933,5,0.564,40.4,0.262
T0933,6,0.577,43.0,0.245
T0933,7,0.545,45.3,0.237
T0933,8,0.587,43.4,0.262
T0933,9,0.618,44.8,0.241
T0933,10,0.575,47.8,0.295
T0933,11,0.605,46.8,0.282
T0934,0,0.304,64.9,0.29
T0934,1,0.316,68.3,0.274
T0934,2,0.315,64.4,0.285
T0934,3,0.31,59.7,0.271
T0934,4,0.303,61.5,0.259
T0934,5,0.301,59.9,0.272
T0934,6,0.298,60.7,0.27
T0934,7,0.293,53.7,0.237
T0934,8,0.281,55.4,0.284
T0934,9,0.244,54.8,0.298
T0934,10,0.298,54.7,0.254
T0934,11,0.286,51.2,0.279
T0935,0,0.882,65.4,0.626
T0935,1,0.841,63.2,0.671
T0935,2,0.782,63.8,0.683
T0935,3,0.769,60.3,0.636
T0935,4,0.693,62.8,0.657
T0935,5,0.634,61.9,0.643
T0935,6,0.624,62.5,0.629
T0935,7,0.576,60.1,0.63
T0935,8,0.511,59.4,0.637
T0935,9,0.454,62.4,0.67
T0935,10,0.458,59.7,0.643
T0935,11,0.378,54.8,0.67
T0936,0,0.317,69.4,0.533
T0936,1,0.351,68.6,0.541
T0936,2,0.344,67.0,0.491
T0936,3,0.365,63.6,0.494
T0936,4,0.341,63.3,0.499
T0936,5,0.355,63.2,0.46
T0936,6,0.377,59.5,0.417
T0936,7,0.337,58.4,0.41
T0936,8,0.336,58.9,0.387
T0936,9,0.374,55.7,0.383
T0936,10,0.367,54.8,0.316
T0936,11,0.35,55.5,0.324
T0937,0,0.847,44.6,0.562
T0937,1,0.83,45.5,0.516
T0937,2,0.833,42.9,0.539
T0937,3,0.807,43.3,0.556
T0937,4,0.787,41.3,0.548
T0937,5,0.806,42.9,0.539
T0937,6,0.752,45.0,0.501
T0937,7,0.775,42.5,0.488
T0937,8,0.726,42.5,0.482
T0937,9,0.759,44.2,0.467
T0937,10,0.728,44.6,0.437
T0937,11,0.683,43.7,0.414
T0938,0,0.492,71.6,0.817
T0938,1,0.534,70.1,0.841
T0938,2,0.511,71.0,0.841
T0938,3,0.572,66.2,0.796
T0938,4,0.568,67.0,0.866
T0938,5,0.593,66.5,0.822
T0938,6,0.627,67.2,0.877
T0938,7,0.633,62.9,0.865
T0938,8,0.627,66.4,0.878
T0938,9,0.654,61.9,0.854
T0938,10,0.683,58.6,0.904
T0938,11,0.698,62.6,0.922
T0939,0,0.436,55.6,0.1
T0939,1,0.418,58.0,0.106
T0939,2,0.403,59.6,0.144
T0939,3,0.416,58.7,0.113
T0939,4,0.382,58.5,0.179
T0939,5,0.404,57.5,0.117
T0939,6,0.404,58.6,0.118
T0939,7,0.362,57.0,0.153
T0939,8,0.347,58.6,0.209
T0939,9,0.352,59.4,0.148
T0939,10,0.362,59.8,0.182
T0939,11,0.345,59.8,0.129
T0940,0,0.677,60.4,0.771
T0940,1,0.644,61.9,0.74
T0940,2,0.658,59.5,0.781
T0940,3,0.67,60.1,0.754
T0940,4,0.643,58.6,0.767
T0940,5,0.673,54.6,0.763
T0940,6,0.671,56.7,0.744
T0940,7,0.67,58.3,0.799
T0940,8,0.625,53.4,0.786
T0940,9,0.676,53.5,0.746
T0940,10,0.675,51.6,0.766
T0940,11,0.637,51.9,0.754
T0941,0,0.853,43.0,0.516
T0941,1,0.795,45.4,0.542
T0941,2,0.818,46.5,0.552
T0941,3,0.833,44.5,0.548
T0941,4,0.772,48.9,0.574
T0941,5,0.845,44.7,0.56
T0941,6,0.835,48.2,0.565
T0941,7,0.781,46.1,0.607
T0941,8,0.818,46.8,0.604
T0941,9,0.794,49.5,0.618
T0941,10,0.783,45.2,0.618
T0941,11,0.798,45.7,0.643
T0942,0,0.434,56.0,0.831
T0942,1,0.47,58.3,0.818
T0942,2,0.527,58.3,0.804
T0942,3,0.507,55.1,0.782
T0942,4,0.544,58.7,0.815
T0942,5,0.546,58.5,0.794
T0942,6,0.569,54.3,0.782
T0942,7,0.581,59.7,0.784
T0942,8,0.592,61.2,0.833
T0942,9,0.635,60.9,0.761
T0942,10,0.613,59.2,0.816
T0942,11,0.632,60.8,0.797
T0943,0,0.507,65.4,0.768
T0943,1,0.534,64.6,0.68
T0943,2,0.499,62.9,0.74
T0943,3,0.508,62.0,0.708
T0943,4,0.538,62.2,0.675
T0943,5,0.525,60.4,0.713
T0943,6,0.533,62.7,0.655
T0943,7,0.55,59.1,0.651
T0943,8,0.544,59.2,0.619
T0943,9,0.575,56.2,0.624
T0943,10,0.57,54.9,0.603
T0943,11,0.543,55.2,0.608
T0944,0,0.608,59.6,0.845
T0944,1,0.564,61.5,0.842
T0944,2,0.638,58.5,0.833
T0944,3,0.639,58.7,0.847
T0944,4,0.66,57.2,0.87
T0944,5,0.664,56.1,0.841
T0944,6,0.693,60.4,0.848
T0944,7,0.686,55.3,0.84
T0944,8,0.74,59.0,0.882
T0944,9,0.758,56.9,0.904
T0944,10,0.772,58.3,0.889
T0944,11,0.786,57.3,0.931
T0945,0,0.376,42.1,0.298
T0945,1,0.428,43.1,0.305
T0945,2,0.396,43.0,0.3
T0945,3,0.399,44.1,0.277
T0945,4,0.413,46.2,0.325
T0945,5,0.411,44.8,0.289
T0945,6,0.438,45.9,0.315
T0945,7,0.473,44.5,0.279
T0945,8,0.499,47.3,0.307
T0945,9,0.425,50.2,0.337
T0945,10,0.48,47.5,0.33
T0945,11,0.497,50.2,0.352
T0946,0,0.819,62.7,0.712
T0946,1,0.811,59.5,0.772
T0946,2,0.776,59.5,0.713
T0946,3,0.822,62.2,0.718
T0946,4,0.849,58.1,0.725
T0946,5,0.811,56.9,0.722
T0946,6,0.833,55.9,0.716
T0946,7,0.861,55.6,0.744
T0946,8,0.891,55.3,0.692
T0946,9,0.936,54.3,0.726
T0946,10,0.896,52.3,0.74
T0946,11,0.915,53.9,0.733
T0947,0,0.568,45.5,0.488
T0947,1,0.581,45.9,0.545
T0947,2,0.648,43.0,0.507
T0947,3,0.62,42.5,0.484
T0947,4,0.648,41.0,0.477
T0947,5,0.694,42.1,0.506
T0947,6,0.682,41.5,0.487
T0947,7,0.692,40.1,0.524
T0947,8,0.715,40.2,0.476
T0947,9,0.774,40.8,0.5
T0947,10,0.764,37.3,0.54
T0947,11,0.794,39.2,0.497
T0948,0,0.858,58.5,0.1
T0948,1,0.807,56.8,0.139
T0948,2,0.838,57.0,0.1
T0948,3,0.836,54.1,0.114
T0948,4,0.858,54.5,0.1
T0948,5,0.816,55.2,0.1
T0948,6,0.836,51.5,0.13
T0948,7,0.859,48.8,0.119
T0948,8,0.831,47.6,0.143
T0948,9,0.813,46.1,0.118
T0948,10,0.804,45.6,0.129
T0948,11,0.821,45.9,0.15
T0949,0,1.0,41.3,0.321
T0949,1,0.973,37.0,0.337
T0949,2,0.968,40.0,0.338
T0949,3,0.927,43.2,0.332
T0949,4,0.959,41.0,0.323
T0949,5,0.881,39.5,0.307
T0949,6,0.979,40.8,0.299
T0949,7,0.901,45.9,0.34
T0949,8,0.927,44.7,0.338
T0949,9,0.865,47.6,0.333
T0949,10,0.85,43.9,0.338
T0949,11,0.905,46.5,0.318
T0950,0,0.705,58.5,0.737
T0950,1,0.66,61.5,0.696
T0950,2,0.664,59.4,0.686
T0950,3,0.638,61.5,0.722
T0950,4,0.594,59.6,0.717
T0950,5,0.572,61.4,0.629
T0950,6,0.554,59.1,0.618
T0950,7,0.529,56.8,0.673
T0950,8,0.504,57.9,0.641
T0950,9,0.493,59.0,0.587
T0950,10,0.465,57.0,0.58
T0950,11,0.45,56.1,0.614
T0951,0,1.0,56.7,0.842
T0951,1,0.979,58.0,0.849
T0951,2,0.974,56.5,0.854
T0951,3,0.941,61.3,0.843
T0951,4,0.927,62.2,0.842
T0951,5,0.932,56.0,0.822
T0951,6,0.882,58.7,0.848
T0951,7,0.897,58.0,0.86
T0951,8,0.828,59.4,0.83
T0951,9,0.807,59.4,0.845
T0951,10,0.844,58.7,0.87
T0951,11,0.753,61.0,0.852
T0952,0,0.682,80.5,0.815
T0952,1,0.65,81.3,0.801
T0952,2,0.629,78.8,0.824
T0952,3,0.681,80.4,0.892
T0952,4,0.633,79.6,0.889
T0952,5,0.637,77.6,0.897
T0952,6,0.608,78.0,0.903
T0952,7,0.639,77.7,0.874
T0952,8,0.612,78.0,0.942
T0952,9,0.649,79.3,0.898
T0952,10,0.649,77.4,0.921
T0952,11,0.624,77.3,0.962
T0953,0,0.373,58.9,0.688
T0953,1,0.404,63.2,0.694
T0953,2,0.399,61.8,0.721
T0953,3,0.383,61.7,0.696
T0953,4,0.414,60.2,0.679
T0953,5,0.422,59.2,0.671
T0953,6,0.457,60.6,0.689
T0953,7,0.448,58.6,0.726
T0953,8,0.501,62.6,0.711
T0953,9,0.444,61.3,0.676
T0953,10,0.465,62.8,0.632
T0953,11,0.49,65.1,0.675
T0954,0,0.446,71.0,0.467
T0954,1,0.446,69.1,0.535
T0954,2,0.44,68.9,0.498
T0954,3,0.394,69.4,0.508
T0954,4,0.434,67.7,0.55
T0954,5,0.421,65.4,0.513
T0954,6,0.426,67.9,0.555
T0954,7,0.45,68.9,0.545
T0954,8,0.416,64.5,0.569
T0954,9,0.451,66.9,0.557
T0954,10,0.44,66.8,0.538
T0954,11,0.446,66.2,0.576
T0955,0,0.265,36.7,0.223
T0955,1,0.297,37.6,0.201
T0955,2,0.284,41.7,0.202
T0955,3,0.257,41.0,0.183
T0955,4,0.318,42.3,0.185
T0955,5,0.304,42.2,0.228
T0955,6,0.238,46.3,0.237
T0955,7,0.303,47.2,0.209
T0955,8,0.264,46.9,0.239
T0955,9,0.335,49.7,0.24
T0955,10,0.362,51.8,0.218
T0955,11,0.327,55.7,0.252
T0956,0,0.868,28.1,0.2
T0956,1,0.825,30.4,0.176
T0956,2,0.841,31.0,0.17
T0956,3,0.778,29.4,0.146
T0956,4,0.775,31.4,0.193
T0956,5,0.797,31.9,0.148
T0956,6,0.794,32.9,0.158
T0956,7,0.814,32.3,0.169
T0956,8,0.743,33.0,0.177
T0956,9,0.708,32.4,0.231
T0956,10,0.743,32.6,0.178
T0956,11,0.695,33.3,0.207
T0957,0,0.712,51.6,0.558
T0957,1,0.707,52.5,0.556
T0957,2,0.669,48.9,0.574
T0957,3,0.664,49.2,0.577
T0957,4,0.7,49.9,0.593
T0957,5,0.718,50.7,0.6
T0957,6,0.662,48.0,0.569
T0957,7,0.644,51.6,0.597
T0957,8,0.655,51.0,0.564
T0957,9,0.655,49.1,0.609
T0957,10,0.643,51.1,0.593
T0957,11,0.651,48.2,0.548
T0958,0,0.738,47.2,0.555
T0958,1,0.762,50.3,0.576
T0958,2,0.731,50.5,0.563
T0958,3,0.753,47.4,0.531
T0958,4,0.779,48.7,0.54
T0958,5,0.759,51.2,0.55
T0958,6,0.784,52.6,0.522
T0958,7,0.801,50.2,0.532
T0958,8,0.803,48.2,0.546
T0958,9,0.81,50.9,0.526
T0958,10,0.813,48.1,0.507
T0958,11,0.836,47.7,0.525
T0959,0,0.348,58.8,0.638
T0959,1,0.311,58.1,0.614
T0959,2,0.289,59.7,0.599
T0959,3,0.307,62.5,0.615
T0959,4,0.309,63.6,0.606
T0959,5,0.307,62.6,0.571
T0959,6,0.328,56.3,0.541
T0959,7,0.292,60.4,0.551
T0959,8,0.302,59.1,0.596
T0959,9,0.331,55.3,0.527
T0959,10,0.284,60.2,0.545
T0959,11,0.283,59.3,0.497
T0960,0,0.541,53.3,0.582
T0960,1,0.535,54.8,0.609
T0960,2,0.599,53.5,0.594
T0960,3,0.595,54.1,0.618
T0960,4,0.601,52.7,0.654
T0960,5,0.589,51.3,0.639
T0960,6,0.59,53.8,0.628
T0960,7,0.619,50.5,0.65
T0960,8,0.569,47.2,0.631
T0960,9,0.614,49.6,0.635
T0960,10,0.607,49.4,0.63
T0960,11,0.617,46.9,0.642
T0961,0,0.186,57.5,0.789
T0961,1,0.208,60.8,0.781
T0961,2,0.269,61.1,0.729
T0961,3,0.262,56.6,0.781
T0961,4,0.324,59.8,0.756
T0961,5,0.316,57.8,0.795
T0961,6,0.393,59.5,0.76
T0961,7,0.432,60.1,0.78
T0961,8,0.464,58.9,0.75
T0961,9,0.464,59.6,0.747
T0961,10,0.485,60.4,0.736
T0961,11,0.547,58.4,0.727
T0962,0,0.379,32.8,0.195
T0962,1,0.358,34.8,0.192
T0962,2,0.392,33.5,0.221
T0962,3,0.362,31.5,0.193
T0962,4,0.361,34.0,0.194
T0962,5,0.362,36.2,0.22
T0962,6,0.377,35.3,0.177
T0962,7,0.341,41.1,0.193
T0962,8,0.359,40.5,0.174
T0962,9,0.375,40.7,0.204
T0962,10,0.348,41.8,0.159
T0962,11,0.39,40.7,0.156
T0963,0,0.625,73.6,0.589
T0963,1,0.625,70.9,0.599
T0963,2,0.617,70.3,0.574
T0963,3,0.618,69.5,0.576
T0963,4,0.645,68.8,0.612
T0963,5,0.644,62.6,0.599
T0963,6,0.652,61.1,0.641
T0963,7,0.65,59.5,0.636
T0963,8,0.64,53.8,0.614
T0963,9,0.612,53.0,0.631
T0963,10,0.652,51.3,0.589
T0963,11,0.626,54.1,0.619
T0964,0,0.629,69.1,0.987
T0964,1,0.587,67.7,0.952
T0964,2,0.569,66.2,0.935
T0964,3,0.548,68.8,0.923
T0964,4,0.566,67.9,0.913
T0964,5,0.525,67.8,0.844
T0964,6,0.508,69.0,0.887
T0964,7,0.507,67.3,0.873
T0964,8,0.534,67.8,0.836
T0964,9,0.495,69.9,0.804
T0964,10,0.477,68.2,0.772
T0964,11,0.445,68.1,0.772
T0965,0,0.73,48.9,0.181
T0965,1,0.722,46.0,0.193
T0965,2,0.736,44.3,0.234
T0965,3,0.712,42.2,0.213
T0965,4,0.702,44.6,0.186
T0965,5,0.716,42.4,0.204
T0965,6,0.719,41.8,0.233
T0965,7,0.73,40.2,0.253
T0965,8,0.731,41.5,0.226
T0965,9,0.715,38.2,0.205
T0965,10,0.731,35.8,0.267
T0965,11,0.683,36.7,0.233
T0966,0,0.467,41.5,0.315
T0966,1,0.48,42.7,0.297
T0966,2,0.425,41.2,0.291
T0966,3,0.459,44.8,0.285
T0966,4,0.482,45.1,0.247
T0966,5,0.488,42.0,0.222
T0966,6,0.508,43.8,0.21
T0966,7,0.52,44.0,0.246
T0966,8,0.559,46.7,0.17
T0966,9,0.531,43.6,0.132
T0966,10,0.555,44.1,0.183
T0966,11,0.585,45.1,0.149
T0967,0,0.626,38.5,0.665
T0967,1,0.57,38.7,0.666
T0967,2,0.572,41.0,0.673
T0967,3,0.588,38.6,0.665
T0967,4,0.567,44.1,0.671
T0967,5,0.556,40.5,0.644
T0967,6,0.571,40.1,0.639
T0967,7,0.531,42.4,0.676
T0967,8,0.527,43.0,0.706
T0967,9,0.505,46.3,0.707
T0967,10,0.493,45.7,0.657
T0967,11,0.491,43.9,0.688
T0968,0,0.967,42.5,0.786
T0968,1,1.0,42.3,0.766
T0968,2,0.963,40.8,0.765
T0968,3,0.915,40.2,0.789
T0968,4,0.93,39.5,0.753
T0968,5,0.902,41.4,0.781
T0968,6,0.936,38.0,0.805
T0968,7,0.871,39.5,0.761
T0968,8,0.863,37.6,0.766
T0968,9,0.841,40.1,0.781
T0968,10,0.843,39.3,0.789
T0968,11,0.869,38.0,0.829
T0969,0,0.498,59.3,0.247
T0969,1,0.515,55.9,0.241
T0969,2,0.559,55.2,0.267
T0969,3,0.58,55.7,0.321
T0969,4,0.589,54.9,0.345
T0969,5,0.608,54.7,0.333
T0969,6,0.642,52.2,0.351
T0969,7,0.611,53.6,0.386
T0969,8,0.674,55.8,0.417
T0969,9,0.678,51.7,0.435
T0969,10,0.736,53.8,0.455
T0969,11,0.738,50.6,0.512
T0970,0,0.83,49.7,0.231
T0970,1,0.803,48.3,0.238
T0970,2,0.789,46.7,0.262
T0970,3,0.774,50.8,0.255
T0970,4,0.766,46.5,0.295
T0970,5,0.78,48.2,0.305
T0970,6,0.778,46.5,0.332
T0970,7,0.732,46.7,0.362
T0970,8,0.755,47.1,0.403
T0970,9,0.745,44.3,0.415
T0970,10,0.781,49.0,0.412
T0970,11,0.72,46.1,0.418
T0971,0,0.535,66.9,0.748
T0971,1,0.518,67.0,0.699
T0971,2,0.484,66.5,0.748
T0971,3,0.486,66.5,0.713
T0971,4,0.471,66.4,0.724
T0971,5,0.501,65.3,0.68
T0971,6,0.481,65.3,0.689
T0971,7,0.498,63.2,0.67
T0971,8,0.484,60.6,0.636
T0971,9,0.451,64.1,0.643
T0971,10,0.457,62.0,0.702
T0971,11,0.431,59.0,0.643
T0972,0,0.48,58.3,0.344
T0972,1,0.503,59.9,0.388
T0972,2,0.506,59.1,0.387
T0972,3,0.543,59.4,0.402
T0972,4,0.488,59.4,0.35
T0972,5,0.531,59.4,0.397
T0972,6,0.546,58.6,0.402
T0972,7,0.524,57.7,0.381
T0972,8,0.528,59.5,0.374
T0972,9,0.605,62.1,0.4
T0972,10,0.57,62.0,0.421
T0972,11,0.577,59.2,0.422
T0973,0,0.536,42.6,0.557
T0973,1,0.56,44.3,0.529
T0973,2,0.587,43.9,0.579
T0973,3,0.631,44.8,0.537
T0973,4,0.628,44.6,0.515
T0973,5,0.638,46.6,0.544
T0973,6,0.67,43.9,0.552
T0973,7,0.675,44.5,0.556
T0973,8,0.678,41.4,0.548
T0973,9,0.668,42.4,0.522
T0973,10,0.733,41.9,0.539
T0973,11,0.752,41.0,0.525
T0974,0,0.35,47.8,0.289
T0974,1,0.357,44.3,0.254
T0974,2,0.413,45.3,0.29
T0974,3,0.419,47.9,0.283
T0974,4,0.41,46.0,0.227
T0974,5,0.39,47.4,0.258
T0974,6,0.41,46.0,0.263
T0974,7,0.417,46.5,0.25
T0974,8,0.405,47.9,0.211
T0974,9,0.442,44.8,0.158
T0974,10,0.467,43.1,0.197
T0974,11,0.474,45.1,0.156
T0975,0,0.318,44.0,0.108
T0975,1,0.376,45.9,0.1
T0975,2,0.382,47.8,0.15
T0975,3,0.403,49.7,0.169
T0975,4,0.457,52.4,0.186
T0975,5,0.474,53.1,0.179
T0975,6,0.431,53.5,0.198
T0975,7,0.447,53.5,0.261
T0975,8,0.496,54.5,0.234
T0975,9,0.476,56.0,0.25
T0975,10,0.553,58.0,0.291
T0975,11,0.576,58.6,0.298
T0976,0,0.762,50.0,0.683
T0976,1,0.718,48.3,0.707
T0976,2,0.688,48.2,0.691
T0976,3,0.632,50.0,0.723
T0976,4,0.676,46.2,0.738
T0976,5,0.668,48.8,0.675
T0976,6,0.625,48.6,0.731
T0976,7,0.65,47.5,0.764
T0976,8,0.632,49.1,0.759
T0976,9,0.641,50.8,0.764
T0976,10,0.599,47.3,0.775
T0976,11,0.584,50.5,0.759
T0977,0,0.636,62.7,0.472
T0977,1,0.616,58.8,0.52
T0977,2,0.612,59.1,0.447
T0977,3,0.625,62.2,0.475
T0977,4,0.61,60.1,0.469
T0977,5,0.632,64.1,0.484
T0977,6,0.639,62.5,0.453
T0977,7,0.652,64.1,0.478
T0977,8,0.623,60.8,0.485
T0977,9,0.637,61.3,0.484
T0977,10,0.638,61.2,0.512
T0977,11,0.623,60.9,0.473
T0978,0,0.312,58.1,0.816
T0978,1,0.308,57.3,0.796
T0978,2,0.326,58.8,0.747
T0978,3,0.33,58.6,0.773
T0978,4,0.316,61.0,0.749
T0978,5,0.301,59.0,0.754
T0978,6,0.374,60.8,0.765
T0978,7,0.364,62.6,0.755
T0978,8,0.353,61.6,0.743
T0978,9,0.39,62.4,0.7
T0978,10,0.371,61.9,0.684
T0978,11,0.442,62.9,0.698
T0979,0,0.186,71.9,0.742
T0979,1,0.255,65.9,0.721
T0979,2,0.265,67.2,0.69
T0979,3,0.182,64.9,0.644
T0979,4,0.239,65.5,0.627
T0979,5,0.246,59.5,0.616
T0979,6,0.217,62.1,0.577
T0979,7,0.258,59.8,0.574
T0979,8,0.273,58.6,0.524
T0979,9,0.277,60.0,0.566
T0979,10,0.301,54.2,0.505
T0979,11,0.309,55.0,0.456
T0980,0,0.41,40.1,0.259
T0980,1,0.398,40.1,0.268
T0980,2,0.47,40.2,0.283
T0980,3,0.462,45.4,0.25
T0980,4,0.493,41.6,0.262
T0980,5,0.501,45.4,0.24
T0980,6,0.558,45.5,0.253
T0980,7,0.543,47.2,0.256
T0980,8,0.541,49.8,0.244
T0980,9,0.633,46.9,0.257
T0980,10,0.629,51.3,0.284
T0980,11,0.669,49.1,0.23
T0981,0,0.68,41.2,0.365
T0981,1,0.679,42.1,0.38
T0981,2,0.657,39.4,0.366
T0981,3,0.689,44.8,0.397
T0981,4,0.718,40.1,0.427
T0981,5,0.728,43.6,0.421
T0981,6,0.721,43.9,0.413
T0981,7,0.705,45.5,0.424
T0981,8,0.742,47.9,0.423
T0981,9,0.755,48.6,0.431
T0981,10,0.751,48.8,0.456
T0981,11,0.759,50.1,0.45
T0982,0,0.721,71.8,0.613
T0982,1,0.747,70.4,0.621
T0982,2,0.71,69.6,0.619
T0982,3,0.715,68.4,0.611
T0982,4,0.696,68.4,0.598
T0982,5,0.711,65.3,0.605
T0982,6,0.706,66.8,0.587
T0982,7,0.692,63.9,0.586
T0982,8,0.709,67.0,0.573
T0982,9,0.668,68.1,0.621
T0982,10,0.675,65.1,0.601
T0982,11,0.711,68.7,0.556
T0983,0,0.794,49.5,0.53
T0983,1,0.808,49.6,0.567
T0983,2,0.763,50.6,0.549
T0983,3,0.823,47.4,0.578
T0983,4,0.78,49.7,0.591
T0983,5,0.785,45.2,0.58
T0983,6,0.808,51.7,0.622
T0983,7,0.78,48.6,0.605
T0983,8,0.834,49.8,0.619
T0983,9,0.787,47.9,0.63
T0983,10,0.816,50.7,0.627
T0983,11,0.81,51.5,0.601
T0984,0,0.679,65.4,0.882
T0984,1,0.681,69.0,0.916
T0984,2,0.655,66.5,0.895
T0984,3,0.689,66.6,0.914
T0984,4,0.713,64.5,0.903
T0984,5,0.696,63.5,0.913
T0984,6,0.705,66.5,0.912
T0984,7,0.69,71.0,0.949
T0984,8,0.73,68.5,0.944
T0984,9,0.72,67.9,0.899
T0984,10,0.709,68.5,0.954
T0984,11,0.736,69.9,0.949
T0985,0,0.281,64.9,0.869
T0985,1,0.337,61.0,0.882
T0985,2,0.333,60.8,0.88
T0985,3,0.345,57.4,0.884
T0985,4,0.348,59.5,0.885
T0985,5,0.308,60.9,0.883
T0985,6,0.363,60.0,0.962
T0985,7,0.356,58.8,0.893
T0985,8,0.353,58.6,0.878
T0985,9,0.358,58.0,0.924
T0985,10,0.384,53.0,0.866
T0985,11,0.374,56.5,0.884
T0986,0,0.715,32.8,0.716
T0986,1,0.744,30.8,0.738
T0986,2,0.762,33.3,0.718
T0986,3,0.713,36.6,0.752
T0986,4,0.703,34.2,0.748
T0986,5,0.738,34.1,0.797
T0986,6,0.697,33.3,0.795
T0986,7,0.759,38.7,0.734
T0986,8,0.709,39.5,0.773
T0986,9,0.717,39.1,0.783
T0986,10,0.71,39.1,0.767
T0986,11,0.712,36.8,0.825
T0987,0,0.657,64.8,1.0
T0987,1,0.655,62.2,0.976
T0987,2,0.595,66.9,0.967
T0987,3,0.646,62.2,0.981
T0987,4,0.605,62.4,0.974
T0987,5,0.645,59.3,0.954
T0987,6,0.636,60.7,0.915
T0987,7,0.622,59.9,0.92
T0987,8,0.646,58.0,0.879
T0987,9,0.623,59.1,0.828
T0987,10,0.588,57.5,0.849
T0987,11,0.637,56.3,0.871
T0988,0,0.927,77.8,0.937
T0988,1,0.9,79.1,0.886
T0988,2,0.902,78.2,0.906
T0988,3,0.897,76.5,0.935
T0988,4,0.886,77.5,0.918
T0988,5,0.857,77.7,0.899
T0988,6,0.851,70.4,0.859
T0988,7,0.814,74.3,0.88
T0988,8,0.854,75.8,0.936
T0988,9,0.831,74.4,0.857
T0988,10,0.804,74.7,0.863
T0988,11,0.765,74.3,0.863
T0989,0,0.809,76.1,0.824
T0989,1,0.84,74.7,0.796
T0989,2,0.829,74.9,0.807
T0989,3,0.816,74.9,0.833
T0989,4,0.769,76.7,0.791
T0989,5,0.761,74.5,0.835
T0989,6,0.724,73.3,0.804
T0989,7,0.708,73.7,0.801
T0989,8,0.739,74.3,0.799
T0989,9,0.728,76.3,0.824
T0989,10,0.707,73.9,0.799
T0989,11,0.644,78.6,0.801
T0990,0,0.54,63.9,0.409
T0990,1,0.496,61.1,0.463
T0990,2,0.503,63.7,0.443
T0990,3,0.564,61.0,0.434
T0990,4,0.503,63.2,0.428
T0990,5,0.594,57.3,0.451
T0990,6,0.572,58.5,0.42
T0990,7,0.551,58.1,0.404
T0990,8,0.618,59.4,0.419
T0990,9,0.588,56.7,0.396
T0990,10,0.612,54.2,0.402
T0990,11,0.649,55.1,0.413
T0991,0,0.382,70.2,0.541
T0991,1,0.366,67.6,0.574
T0991,2,0.432,64.8,0.532
T0991,3,0.384,65.8,0.49
T0991,4,0.397,65.5,0.486
T0991,5,0.394,63.0,0.45
T0991,6,0.407,64.2,0.432
T0991,7,0.409,64.0,0.467
T0991,8,0.39,59.0,0.454
T0991,9,0.412,59.3,0.448
T0991,10,0.393,59.8,0.419
T0991,11,0.384,56.4,0.398
T0992,0,0.546,45.3,0.511
T0992,1,0.597,50.9,0.543
T0992,2,0.62,46.3,0.528
T0992,3,0.607,50.0,0.559
T0992,4,0.581,48.0,0.54
T0992,5,0.616,47.8,0.579
T0992,6,0.569,50.8,0.602
T0992,7,0.583,50.4,0.586
T0992,8,0.595,52.9,0.583
T0992,9,0.55,52.6,0.603
T0992,10,0.622,55.4,0.602
T0992,11,0.595,55.3,0.614
T0993,0,0.341,48.2,0.719
T0993,1,0.37,46.5,0.737
T0993,2,0.365,50.6,0.707
T0993,3,0.383,51.0,0.693
T0993,4,0.384,50.4,0.707
T0993,5,0.441,47.9,0.678
T0993,6,0.437,46.3,0.651
T0993,7,0.434,50.7,0.679
T0993,8,0.449,49.5,0.642
T0993,9,0.462,50.3,0.645
T0993,10,0.512,49.0,0.631
T0993,11,0.489,50.3,0.642
T0994,0,0.789,60.0,0.804
T0994,1,0.764,62.8,0.789
T0994,2,0.728,61.4,0.816
T0994,3,0.733,59.9,0.84
T0994,4,0.751,61.0,0.818
T0994,5,0.73,62.9,0.817
T0994,6,0.723,60.5,0.783
T0994,7,0.71,61.8,0.793
T0994,8,0.711,59.0,0.854
T0994,9,0.732,59.5,0.807
T0994,10,0.667,59.0,0.808
T0994,11,0.708,60.4,0.783
T0995,0,0.546,57.8,0.577
T0995,1,0.511,60.2,0.569
T0995,2,0.478,64.1,0.617
T0995,3,0.503,65.0,0.611
T0995,4,0.492,62.3,0.614
T0995,5,0.496,66.1,0.57
T0995,6,0.49,68.1,0.59
T0995,7,0.501,68.0,0.603
T0995,8,0.469,68.1,0.583
T0995,9,0.46,70.8,0.55
T0995,10,0.442,71.8,0.56
T0995,11,0.46,73.1,0.544
T0996,0,0.742,65.5,0.354
T0996,1,0.696,66.1,0.371
T0996,2,0.751,65.3,0.387
T0996,3,0.748,63.3,0.395
T0996,4,0.686,64.5,0.392
T0996,5,0.687,63.8,0.391
T0996,6,0.655,64.1,0.433
T0996,7,0.682,63.6,0.393
T0996,8,0.595,63.4,0.428
T0996,9,0.595,64.8,0.445
T0996,10,0.572,67.1,0.472
T0996,11,0.551,63.7,0.459
T0997,0,0.435,50.3,0.477
T0997,1,0.441,48.9,0.473
T0997,2,0.461,51.1,0.434
T0997,3,0.515,47.9,0.471
T0997,4,0.521,52.3,0.445
T0997,5,0.545,49.0,0.379
T0997,6,0.58,48.8,0.393
T0997,7,0.624,46.4,0.384
T0997,8,0.65,49.1,0.367
T0997,9,0.651,47.5,0.364
T0997,10,0.712,47.9,0.341
T0997,11,0.697,47.9,0.315
T0998,0,0.599,53.7,0.695
T0998,1,0.67,55.2,0.738
T0998,2,0.675,55.2,0.686
T0998,3,0.689,56.1,0.719
T0998,4,0.68,51.9,0.673
T0998,5,0.697,55.7,0.656
T0998,6,0.689,58.0,0.633
T0998,7,0.687,58.2,0.626
T0998,8,0.676,57.3,0.625
T0998,9,0.726,57.6,0.617
T0998,10,0.705,59.4,0.655
T0998,11,0.695,62.7,0.587
T0999,0,0.777,37.0,0.222
T0999,1,0.745,39.8,0.295
T0999,2,0.717,40.8,0.273
T0999,3,0.712,41.0,0.267
T0999,4,0.666,40.2,0.282
T0999,5,0.658,37.1,0.316
T0999,6,0.614,39.4,0.307
T0999,7,0.636,39.8,0.31
T0999,8,0.571,40.5,0.341
T0999,9,0.546,40.9,0.315
T0999,10,0.519,42.5,0.326
T0999,11,0.52,41.9,0.355
T1000,0,0.465,44.4,0.414
T1000,1,0.43,47.8,0.369
T1000,2,0.448,46.7,0.401
T1000,3,0.467,45.2,0.347
T1000,4,0.465,44.2,0.369
T1000,5,0.458,47.0,0.367
T1000,6,0.447,51.0,0.38
T1000,7,0.484,49.7,0.42
T1000,8,0.468,51.6,0.395
T1000,9,0.44,50.6,0.357
T1000,10,0.462,52.0,0.41
T1000,11,0.478,53.3,0.348
T1001,0,0.408,58.8,0.658
T1001,1,0.424,62.6,0.576
T1001,2,0.441,62.7,0.582
T1001,3,0.457,59.9,0.544
T1001,4,0.473,64.9,0.572
T1001,5,0.464,61.8,0.541
T1001,6,0.474,65.2,0.567
T1001,7,0.517,63.9,0.522
T1001,8,0.538,65.5,0.523
T1001,9,0.512,65.0,0.513
T1001,10,0.528,65.6,0.47
T1001,11,0.553,65.6,0.486
T1002,0,0.922,47.2,0.147
T1002,1,0.93,47.2,0.216
T1002,2,0.932,45.1,0.214
T1002,3,0.89,45.3,0.228
T1002,4,0.873,46.6,0.211
T1002,5,0.861,46.6,0.241
T1002,6,0.827,46.9,0.287
T1002,7,0.84,40.4,0.27
T1002,8,0.836,48.2,0.313
T1002,9,0.814,43.6,0.296
T1002,10,0.788,45.7,0.3
T1002,11,0.768,46.4,0.336
T1003,0,0.587,59.7,0.409
T1003,1,0.602,60.9,0.415
T1003,2,0.566,61.0,0.432
T1003,3,0.547,58.6,0.383
T1003,4,0.55,58.8,0.433
T1003,5,0.551,61.9,0.435
T1003,6,0.54,61.9,0.428
T1003,7,0.531,62.9,0.446
T1003,8,0.555,58.5,0.409
T1003,9,0.543,58.3,0.422
T1003,10,0.555,61.7,0.429
T1003,11,0.528,61.0,0.46
T1004,0,0.83,65.3,0.828
T1004,1,0.848,65.3,0.77
T1004,2,0.758,65.9,0.721
T1004,3,0.782,63.6,0.718
T1004,4,0.747,63.6,0.69
T1004,5,0.736,62.9,0.66
T1004,6,0.699,64.5,0.67
T1004,7,0.72,62.9,0.648
T1004,8,0.669,63.2,0.637
T1004,9,0.654,60.3,0.595
T1004,10,0.618,61.8,0.571
T1004,11,0.618,58.8,0.527
T1005,0,0.633,32.0,0.379
T1005,1,0.644,34.1,0.403
T1005,2,0.606,37.3,0.424
T1005,3,0.573,37.7,0.419
T1005,4,0.643,44.1,0.402
T1005,5,0.58,42.1,0.387
T1005,6,0.586,45.1,0.404
T1005,7,0.558,46.0,0.414
T1005,8,0.578,47.0,0.393
T1005,9,0.601,50.7,0.418
T1005,10,0.563,50.9,0.41
T1005,11,0.582,53.6,0.395
T1006,0,0.782,61.5,1.0
T1006,1,0.788,60.8,0.986
T1006,2,0.773,60.0,0.985
T1006,3,0.753,57.7,0.979
T1006,4,0.704,60.3,0.951
T1006,5,0.714,58.2,0.962
T1006,6,0.745,59.9,0.935
T1006,7,0.753,58.1,0.92
T1006,8,0.671,56.4,0.856
T1006,9,0.702,57.6,0.889
T1006,10,0.654,60.1,0.862
T1006,11,0.695,58.3,0.888
T1007,0,0.73,54.4,0.939
T1007,1,0.716,51.9,0.87
T1007,2,0.7,55.1,0.906
T1007,3,0.712,52.0,0.895
T1007,4,0.688,51.9,0.822
T1007,5,0.691,51.1,0.836
T1007,6,0.692,51.1,0.817
T1007,7,0.648,51.1,0.774
T1007,8,0.68,48.8,0.772
T1007,9,0.622,49.5,0.755
T1007,10,0.669,48.2,0.735
T1007,11,0.633,48.9,0.697
T1008,0,0.443,33.9,0.503
T1008,1,0.455,34.9,0.488
T1008,2,0.451,35.7,0.538
T1008,3,0.485,39.6,0.516
T1008,4,0.498,42.3,0.512
T1008,5,0.514,41.8,0.559
T1008,6,0.555,40.3,0.575
T1008,7,0.561,44.7,0.572
T1008,8,0.611,44.7,0.58
T1008,9,0.585,46.6,0.607
T1008,10,0.597,53.4,0.622
T1008,11,0.665,54.6,0.593
T1009,0,0.933,61.2,0.58
T1009,1,0.897,67.1,0.606
T1009,2,0.886,62.5,0.581
T1009,3,0.879,64.0,0.572
T1009,4,0.892,63.3,0.627
T1009,5,0.815,68.1,0.561
T1009,6,0.84,63.9,0.598
T1009,7,0.813,66.6,0.537
T1009,8,0.785,67.0,0.569
T1009,9,0.792,67.8,0.585
T1009,10,0.788,66.1,0.576
T1009,11,0.749,66.2,0.54
T1010,0,0.557,55.4,0.482
T1010,1,0.549,57.1,0.468
T1010,2,0.56,51.1,0.438
T1010,3,0.587,56.4,0.397
T1010,4,0.621,56.0,0.385
T1010,5,0.607,55.5,0.357
T1010,6,0.638,54.1,0.315
T1010,7,0.642,56.7,0.292
T1010,8,0.676,55.8,0.307
T1010,9,0.639,56.8,0.291
T1010,10,0.651,53.8,0.306
T1010,11,0.647,56.9,0.263
T1011,0,0.522,44.5,0.549
T1011,1,0.526,49.4,0.549
T1011,2,0.577,46.1,0.57
T1011,3,0.559,53.3,0.545
T1011,4,0.561,51.5,0.587
T1011,5,0.561,50.3,0.59
T1011,6,0.55,51.5,0.572
T1011,7,0.538,52.1,0.596
T1011,8,0.568,55.1,0.614
T1011,9,0.613,56.3,0.585
T1011,10,0.594,55.9,0.58
T1011,11,0.632,59.5,0.578
T1012,0,0.669,77.5,0.978
T1012,1,0.666,78.3,0.98
T1012,2,0.624,70.9,0.946
T1012,3,0.713,72.8,0.945
T1012,4,0.695,73.7,0.919
T1012,5,0.676,69.8,0.888
T1012,6,0.69,67.9,0.893
T1012,7,0.686,65.1,0.865
T1012,8,0.693,64.1,0.833
T1012,9,0.718,66.1,0.806
T1012,10,0.691,62.1,0.81
T1012,11,0.696,60.4,0.774
T1013,0,0.556,43.9,0.379
T1013,1,0.584,46.3,0.366
T1013,2,0.578,45.8,0.344
T1013,3,0.533,45.6,0.373
T1013,4,0.56,47.0,0.368
T1013,5,0.56,47.1,0.321
T1013,6,0.52,50.3,0.36
T1013,7,0.537,48.5,0.385
T1013,8,0.526,49.8,0.348
T1013,9,0.524,53.8,0.325
T1013,10,0.5,50.2,0.324
T1013,11,0.458,53.2,0.297
T1014,0,0.757,25.0,0.26
T1014,1,0.736,26.1,0.281
T1014,2,0.722,30.5,0.267
T1014,3,0.736,31.0,0.251
T1014,4,0.757,30.0,0.26
T1014,5,0.768,32.8,0.243
T1014,6,0.695,32.5,0.271
T1014,7,0.703,34.8,0.243
T1014,8,0.723,37.9,0.246
T1014,9,0.702,38.2,0.248
T1014,10,0.685,41.0,0.297
T1014,11,0.687,39.1,0.231
T1015,0,0.584,54.4,0.112
T1015,1,0.602,54.6,0.174
T1015,2,0.6,53.4,0.199
T1015,3,0.618,51.5,0.241
T1015,4,0.657,50.0,0.25
T1015,5,0.642,52.6,0.289
T1015,6,0.643,49.6,0.298
T1015,7,0.69,47.0,0.347
T1015,8,0.699,46.8,0.355
T1015,9,0.718,48.9,0.404
T1015,10,0.746,48.3,0.414
T1015,11,0.763,48.3,0.461
T1016,0,0.686,44.6,0.565
T1016,1,0.669,43.3,0.518
T1016,2,0.691,45.8,0.511
T1016,3,0.657,40.5,0.499
T1016,4,0.668,43.6,0.473
T1016,5,0.685,43.9,0.447
T1016,6,0.653,47.2,0.432
T1016,7,0.672,45.7,0.369
T1016,8,0.659,47.2,0.377
T1016,9,0.71,49.2,0.379
T1016,10,0.732,49.0,0.351
T1016,11,0.663,48.8,0.317
T1017,0,0.433,65.4,0.428
T1017,1,0.407,68.6,0.487
T1017,2,0.412,63.7,0.498
T1017,3,0.447,68.2,0.535
T1017,4,0.423,65.1,0.551
T1017,5,0.457,64.6,0.537
T1017,6,0.479,64.7,0.57
T1017,7,0.457,64.6,0.579
T1017,8,0.433,64.0,0.616
T1017,9,0.471,62.3,0.65
T1017,10,0.51,66.5,0.609
T1017,11,0.484,62.6,0.664
T1018,0,0.034,58.6,0.651
T1018,1,0.034,59.4,0.617
T1018,2,0.044,58.5,0.647
T1018,3,0.065,59.6,0.655
T1018,4,0.082,58.5,0.579
T1018,5,0.077,57.2,0.585
T1018,6,0.109,60.2,0.56
T1018,7,0.119,59.3,0.567
T1018,8,0.105,61.1,0.531
T1018,9,0.133,58.2,0.533
T1018,10,0.164,58.5,0.521
T1018,11,0.128,62.2,0.485
T1019,0,0.353,59.8,0.605
T1019,1,0.387,60.5,0.631
T1019,2,0.368,62.5,0.594
T1019,3,0.424,60.3,0.621
T1019,4,0.451,63.8,0.664
T1019,5,0.443,63.4,0.617
T1019,6,0.489,64.0,0.663
T1019,7,0.497,63.6,0.693
T1019,8,0.518,61.8,0.657
T1019,9,0.507,63.8,0.697
T1019,10,0.551,66.0,0.703
T1019,11,0.564,64.9,0.69
T1020,0,0.463,42.6,0.169
T1020,1,0.516,41.0,0.147
T1020,2,0.507,40.9,0.186
T1020,3,0.475,38.3,0.167
T1020,4,0.426,37.6,0.176
T1020,5,0.522,40.1,0.147
T1020,6,0.5,41.0,0.144
T1020,7,0.518,39.1,0.163
T1020,8,0.541,37.8,0.139
T1020,9,0.555,39.7,0.153
T1020,10,0.515,40.2,0.226
T1020,11,0.566,38.5,0.11
T1021,0,0.682,62.8,0.874
T1021,1,0.655,64.3,0.855
T1021,2,0.719,63.0,0.877
T1021,3,0.649,62.1,0.843
T1021,4,0.691,59.8,0.883
T1021,5,0.692,59.5,0.844
T1021,6,0.692,58.4,0.833
T1021,7,0.693,56.5,0.856
T1021,8,0.683,56.1,0.834
T1021,9,0.672,54.4,0.848
T1021,10,0.713,53.0,0.86
T1021,11,0.707,56.2,0.856
T1022,0,0.648,54.0,0.526
T1022,1,0.621,53.2,0.491
T1022,2,0.612,55.9,0.473
T1022,3,0.65,53.0,0.538
T1022,4,0.587,55.7,0.525
T1022,5,0.565,56.3,0.517
T1022,6,0.563,54.5,0.562
T1022,7,0.565,56.2,0.541
T1022,8,0.543,53.7,0.586
T1022,9,0.487,54.5,0.568
T1022,10,0.518,54.2,0.568
T1022,11,0.49,54.0,0.586
T1023,0,0.554,55.2,0.571
T1023,1,0.564,57.8,0.548
T1023,2,0.607,55.6,0.573
T1023,3,0.578,55.1,0.544
T1023,4,0.583,56.6,0.557
T1023,5,0.562,55.3,0.563
T1023,6,0.627,57.0,0.545
T1023,7,0.633,54.3,0.576
T1023,8,0.624,56.2,0.564
T1023,9,0.631,55.1,0.53
T1023,10,0.648,58.3,0.552
T1023,11,0.627,55.3,0.57
T1024,0,0.565,53.4,0.643
T1024,1,0.585,54.8,0.626
T1024,2,0.597,56.8,0.626
T1024,3,0.595,55.5,0.672
T1024,4,0.575,57.4,0.688
T1024,5,0.58,55.1,0.684
T1024,6,0.59,58.9,0.653
T1024,7,0.604,60.9,0.683
T1024,8,0.614,59.9,0.697
T1024,9,0.612,62.2,0.706
T1024,10,0.676,59.7,0.728
T1024,11,0.642,63.6,0.764
T1025,0,0.431,39.0,0.401
T1025,1,0.46,41.6,0.403
T1025,2,0.454,43.2,0.326
T1025,3,0.489,43.5,0.322
T1025,4,0.481,41.1,0.316
T1025,5,0.539,45.5,0.335
T1025,6,0.528,44.8,0.338
T1025,7,0.594,43.4,0.331
T1025,8,0.59,41.0,0.305
T1025,9,0.584,42.5,0.277
T1025,10,0.584,44.6,0.26
T1025,11,0.667,42.7,0.263
T1026,0,0.575,51.1,0.772
T1026,1,0.568,50.2,0.769
T1026,2,0.548,49.6,0.764
T1026,3,0.568,48.5,0.694
T1026,4,0.539,50.1,0.758
T1026,5,0.562,47.3,0.733
T1026,6,0.565,46.4,0.699
T1026,7,0.579,50.7,0.683
T1026,8,0.564,48.5,0.716
T1026,9,0.548,44.1,0.693
T1026,10,0.606,51.5,0.715
T1026,11,0.545,49.8,0.681
T1027,0,0.958,49.5,0.488
T1027,1,0.9,50.7,0.487
T1027,2,0.913,52.1,0.492
T1027,3,0.843,53.4,0.478
T1027,4,0.869,54.8,0.491
T1027,5,0.816,56.9,0.491
T1027,6,0.758,56.1,0.503
T1027,7,0.761,57.8,0.491
T1027,8,0.713,56.8,0.488
T1027,9,0.699,58.0,0.508
T1027,10,0.689,57.8,0.495
T1027,11,0.664,61.5,0.53
T1028,0,0.137,60.6,0.521
T1028,1,0.133,59.2,0.53
T1028,2,0.155,59.6,0.537
T1028,3,0.174,58.7,0.505
T1028,4,0.164,62.8,0.534
T1028,5,0.175,63.0,0.557
T1028,6,0.234,63.8,0.582
T1028,7,0.239,65.0,0.544
T1028,8,0.214,65.1,0.589
T1028,9,0.255,65.1,0.568
T1028,10,0.262,66.3,0.603
T1028,11,0.299,64.8,0.567
T1029,0,0.169,47.2,0.327
T1029,1,0.163,48.9,0.317
T1029,2,0.182,47.7,0.328
T1029,3,0.174,50.0,0.356
T1029,4,0.214,48.0,0.311
T1029,5,0.224,51.3,0.334
T1029,6,0.207,49.9,0.386
T1029,7,0.166,51.5,0.36
T1029,8,0.243,50.9,0.342
T1029,9,0.234,52.8,0.336
T1029,10,0.251,52.0,0.374
T1029,11,0.206,54.1,0.331
T1030,0,0.302,72.2,0.432
T1030,1,0.341,67.6,0.427
T1030,2,0.355,68.3,0.404
T1030,3,0.409,69.1,0.444
T1030,4,0.369,65.6,0.414
T1030,5,0.445,64.8,0.405
T1030,6,0.472,61.6,0.401
T1030,7,0.482,62.7,0.387
T1030,8,0.538,61.6,0.395
T1030,9,0.512,58.4,0.39
T1030,10,0.551,56.8,0.389
T1030,11,0.627,55.7,0.384
T1031,0,0.538,44.5,0.382
T1031,1,0.539,45.2,0.337
T1031,2,0.562,47.3,0.34
T1031,3,0.575,49.5,0.328
T1031,4,0.573,49.9,0.296
T1031,5,0.603,49.7,0.297
T1031,6,0.584,52.4,0.32
T1031,7,0.598,54.5,0.308
T1031,8,0.623,54.6,0.29
T1031,9,0.643,54.2,0.245
T1031,10,0.654,54.8,0.252
T1031,11,0.64,54.7,0.254
T1032,0,0.555,46.0,0.494
T1032,1,0.567,46.5,0.491
T1032,2,0.558,48.6,0.454
T1032,3,0.59,46.6,0.496
T1032,4,0.602,49.1,0.496
T1032,5,0.619,49.2,0.453
T1032,6,0.633,49.5,0.45
T1032,7,0.643,50.0,0.469
T1032,8,0.662,52.9,0.442
T1032,9,0.709,49.7,0.425
T1032,10,0.676,55.0,0.492
T1032,11,0.699,51.4,0.451
T1033,0,0.665,41.5,0.13
T1033,1,0.653,39.8,0.115
T1033,2,0.599,41.9,0.114
T1033,3,0.635,45.9,0.115
T1033,4,0.664,39.9,0.107
T1033,5,0.571,41.9,0.155
T1033,6,0.602,43.3,0.185
T1033,7,0.616,42.8,0.186
T1033,8,0.634,43.0,0.182
T1033,9,0.619,40.7,0.156
T1033,10,0.623,40.0,0.233
T1033,11,0.618,42.2,0.188
T1034,0,0.632,59.2,0.722
T1034,1,0.625,62.4,0.752
T1034,2,0.636,60.4,0.73
T1034,3,0.626,61.0,0.741
T1034,4,0.628,60.5,0.736
T1034,5,0.582,58.6,0.728
T1034,6,0.595,60.4,0.737
T1034,7,0.576,59.1,0.742
T1034,8,0.589,57.1,0.72
T1034,9,0.58,57.7,0.734
T1034,10,0.582,57.1,0.738
T1034,11,0.578,56.8,0.741
T1035,0,0.614,31.2,0.514
T1035,1,0.676,32.9,0.47
T1035,2,0.699,35.9,0.48
T1035,3,0.678,40.0,0.451
T1035,4,0.673,38.6,0.452
T1035,5,0.682,42.3,0.419
T1035,6,0.685,41.6,0.402
T1035,7,0.698,44.9,0.435
T1035,8,0.678,50.1,0.354
T1035,9,0.704,49.3,0.386
T1035,10,0.725,54.0,0.392
T1035,11,0.7,54.7,0.361
T1036,0,0.283,66.5,0.894
T1036,1,0.278,64.6,0.863
T1036,2,0.316,66.9,0.818
T1036,3,0.332,66.2,0.84
T1036,4,0.324,64.7,0.807
T1036,5,0.331,67.2,0.796
T1036,6,0.351,65.3,0.781
T1036,7,0.349,66.3,0.775
T1036,8,0.356,63.1,0.767
T1036,9,0.345,63.7,0.745
T1036,10,0.376,64.9,0.767
T1036,11,0.359,64.0,0.742
T1037,0,0.652,45.0,0.294
T1037,1,0.623,49.0,0.348
T1037,2,0.607,46.1,0.357
T1037,3,0.609,48.7,0.359
T1037,4,0.658,49.8,0.397
T1037,5,0.653,52.9,0.394
T1037,6,0.65,54.1,0.479
T1037,7,0.667,53.7,0.467
T1037,8,0.645,55.4,0.494
T1037,9,0.679,54.1,0.525
T1037,10,0.668,54.7,0.499
T1037,11,0.678,60.4,0.555
T1038,0,0.771,51.1,0.843
T1038,1,0.679,51.8,0.823
T1038,2,0.723,51.4,0.806
T1038,3,0.742,51.8,0.775
T1038,4,0.712,53.3,0.814
T1038,5,0.743,52.0,0.815
T1038,6,0.709,52.7,0.809
T1038,7,0.709,53.1,0.81
T1038,8,0.646,55.8,0.784
T1038,9,0.707,54.9,0.783
T1038,10,0.673,59.2,0.82
T1038,11,0.723,57.0,0.819
T1039,0,0.648,46.0,0.158
T1039,1,0.658,47.9,0.156
T1039,2,0.572,47.6,0.2
T1039,3,0.587,46.5,0.164
T1039,4,0.635,48.4,0.174
T1039,5,0.615,46.4,0.187
T1039,6,0.594,50.1,0.198
T1039,7,0.636,52.4,0.225
T1039,8,0.6,49.6,0.199
T1039,9,0.633,56.0,0.225
T1039,10,0.62,54.3,0.171
T1039,11,0.634,53.7,0.203
T1040,0,0.508,60.2,0.602
T1040,1,0.5,55.1,0.577
T1040,2,0.525,55.3,0.61
T1040,3,0.513,53.6,0.598
T1040,4,0.559,51.7,0.568
T1040,5,0.586,49.1,0.552
T1040,6,0.589,53.9,0.574
T1040,7,0.587,50.5,0.533
T1040,8,0.607,52.6,0.569
T1040,9,0.6,46.6,0.552
T1040,10,0.668,48.2,0.497
T1040,11,0.635,47.5,0.527
T1041,0,0.588,51.5,0.368
T1041,1,0.599,50.2,0.376
T1041,2,0.615,50.8,0.353
T1041,3,0.578,49.4,0.352
T1041,4,0.632,49.3,0.383
T1041,5,0.604,50.9,0.391
T1041,6,0.61,54.3,0.391
T1041,7,0.601,52.7,0.41
T1041,8,0.586,54.2,0.369
T1041,9,0.595,54.1,0.353
T1041,10,0.605,53.9,0.396
T1041,11,0.59,54.4,0.36
T1042,0,0.55,49.3,0.386
T1042,1,0.531,48.7,0.432
T1042,2,0.533,49.6,0.464
T1042,3,0.573,50.8,0.457
T1042,4,0.543,51.1,0.49
T1042,5,0.608,52.4,0.45
T1042,6,0.593,52.6,0.467
T1042,7,0.617,51.9,0.484
T1042,8,0.61,53.4,0.467
T1042,9,0.6,56.3,0.496
T1042,10,0.651,54.4,0.493
T1042,11,0.659,54.6,0.537
T1043,0,0.68,50.1,0.635
T1043,1,0.682,47.8,0.627
T1043,2,0.698,48.3,0.575
T1043,3,0.659,45.5,0.589
T1043,4,0.64,44.8,0.54
T1043,5,0.618,45.5,0.523
T1043,6,0.615,44.6,0.528
T1043,7,0.552,46.4,0.511
T1043,8,0.554,44.7,0.498
T1043,9,0.579,41.9,0.492
T1043,10,0.55,42.3,0.453
T1043,11,0.562,42.3,0.442
T1044,0,0.77,58.0,0.712
T1044,1,0.781,60.9,0.63
T1044,2,0.788,62.6,0.667
T1044,3,0.803,59.1,0.685
T1044,4,0.803,59.5,0.632
T1044,5,0.798,62.0,0.627
T1044,6,0.785,62.4,0.619
T1044,7,0.83,62.5,0.597
T1044,8,0.825,61.3,0.559
T1044,9,0.778,65.6,0.562
T1044,10,0.806,66.2,0.54
T1044,11,0.804,66.3,0.487
T1045,0,0.735,59.3,0.527
T1045,1,0.716,53.9,0.546
T1045,2,0.737,55.7,0.521
T1045,3,0.693,56.2,0.481
T1045,4,0.706,55.6,0.473
T1045,5,0.718,57.9,0.47
T1045,6,0.709,52.9,0.475
T1045,7,0.663,53.3,0.459
T1045,8,0.669,54.4,0.447
T1045,9,0.702,53.9,0.415
T1045,10,0.738,51.2,0.401
T1045,11,0.679,53.0,0.386
T1046,0,0.7,48.0,0.587
T1046,1,0.755,54.7,0.588
T1046,2,0.67,52.4,0.565
T1046,3,0.694,50.5,0.575
T1046,4,0.716,51.2,0.546
T1046,5,0.716,51.5,0.584
T1046,6,0.677,53.8,0.525
T1046,7,0.687,53.0,0.554
T1046,8,0.648,51.0,0.555
T1046,9,0.677,55.3,0.555
T1046,10,0.652,55.7,0.534
T1046,11,0.651,56.7,0.576
T1047,0,0.319,60.8,1.0
T1047,1,0.385,64.8,0.983
T1047,2,0.374,67.1,0.943
T1047,3,0.432,62.2,0.979
T1047,4,0.401,66.1,0.937
T1047,5,0.478,65.1,0.911
T1047,6,0.495,66.9,0.921
T1047,7,0.515,63.7,0.883
T1047,8,0.521,65.7,0.903
T1047,9,0.577,66.4,0.87
T1047,10,0.578,65.1,0.899
T1047,11,0.633,68.2,0.875
T1048,0,1.0,51.5,0.434
T1048,1,1.0,56.4,0.445
T1048,2,0.954,55.7,0.489
T1048,3,0.913,52.3,0.516
T1048,4,0.926,51.9,0.486
T1048,5,0.875,50.7,0.537
T1048,6,0.896,51.0,0.534
T1048,7,0.852,52.2,0.501
T1048,8,0.778,52.1,0.543
T1048,9,0.836,51.8,0.558
T1048,10,0.763,48.0,0.619
T1048,11,0.727,49.7,0.549
T1049,0,0.552,54.8,0.478
T1049,1,0.528,51.1,0.525
T1049,2,0.557,55.1,0.508
T1049,3,0.581,55.4,0.516
T1049,4,0.551,54.9,0.562
T1049,5,0.566,57.6,0.569
T1049,6,0.564,54.0,0.577
T1049,7,0.575,55.5,0.609
T1049,8,0.541,55.5,0.588
T1049,9,0.531,55.3,0.624
T1049,10,0.572,56.5,0.655
T1049,11,0.597,53.8,0.657
T1050,0,0.455,50.1,0.308
T1050,1,0.524,48.5,0.265
T1050,2,0.553,47.9,0.327
T1050,3,0.518,47.4,0.285
T1050,4,0.536,46.5,0.273
T1050,5,0.512,45.7,0.295
T1050,6,0.524,45.0,0.333
T1050,7,0.575,42.7,0.311
T1050,8,0.589,42.2,0.277
T1050,9,0.588,44.8,0.326
T1050,10,0.616,40.3,0.374
T1050,11,0.624,40.7,0.34
T1051,0,0.151,52.0,0.956
T1051,1,0.182,52.8,0.991
T1051,2,0.201,47.4,0.958
T1051,3,0.198,49.2,0.914
T1051,4,0.21,52.3,0.924
T1051,5,0.214,48.4,0.912
T1051,6,0.215,46.8,0.884
T1051,7,0.249,49.3,0.87
T1051,8,0.266,46.6,0.822
T1051,9,0.256,47.3,0.792
T1051,10,0.282,48.0,0.792
T1051,11,0.299,48.4,0.777
T1052,0,0.761,79.3,0.677
T1052,1,0.778,77.6,0.67
T1052,2,0.697,74.0,0.694
T1052,3,0.681,75.1,0.67
T1052,4,0.677,72.7,0.662
T1052,5,0.697,72.4,0.647
T1052,6,0.625,73.1,0.658
T1052,7,0.61,70.5,0.687
T1052,8,0.612,69.6,0.674
T1052,9,0.598,68.2,0.667
T1052,10,0.596,68.9,0.64
T1052,11,0.571,66.1,0.632
T1053,0,0.859,49.0,0.895
T1053,1,0.858,45.2,0.905
T1053,2,0.794,49.2,0.883
T1053,3,0.807,52.6,0.882
T1053,4,0.76,51.3,0.839
T1053,5,0.794,51.0,0.826
T1053,6,0.714,52.7,0.808
T1053,7,0.734,52.1,0.82
T1053,8,0.749,55.3,0.757
T1053,9,0.689,52.3,0.778
T1053,10,0.696,54.6,0.785
T1053,11,0.673,54.6,0.761
T1054,0,0.885,50.6,0.833
T1054,1,0.878,50.5,0.852
T1054,2,0.889,53.1,0.793
T1054,3,0.867,53.3,0.769
T1054,4,0.861,54.2,0.766
T1054,5,0.805,54.8,0.772
T1054,6,0.774,55.1,0.734
T1054,7,0.779,57.4,0.743
T1054,8,0.724,54.6,0.678
T1054,9,0.766,60.5,0.724
T1054,10,0.679,58.8,0.697
T1054,11,0.684,60.2,0.66
T1055,0,0.559,70.4,0.268
T1055,1,0.549,70.1,0.295
T1055,2,0.564,67.2,0.297
T1055,3,0.581,63.7,0.327
T1055,4,0.575,63.0,0.313
T1055,5,0.553,59.9,0.31
T1055,6,0.572,57.3,0.321
T1055,7,0.61,52.3,0.295
T1055,8,0.576,55.3,0.318
T1055,9,0.567,50.4,0.328
T1055,10,0.561,52.1,0.346
T1055,11,0.588,49.4,0.317
T1056,0,0.556,53.8,0.53
T1056,1,0.561,53.2,0.517
T1056,2,0.585,52.7,0.493
T1056,3,0.576,49.9,0.572
T1056,4,0.619,48.7,0.524
T1056,5,0.627,48.0,0.541
T1056,6,0.586,45.8,0.547
T1056,7,0.641,48.0,0.522
T1056,8,0.63,46.1,0.52
T1056,9,0.618,47.5,0.522
T1056,10,0.62,46.2,0.53
T1056,11,0.657,50.1,0.506
T1057,0,0.827,59.8,0.632
T1057,1,0.826,64.4,0.647
T1057,2,0.805,61.8,0.693
T1057,3,0.785,65.0,0.675
T1057,4,0.751,62.4,0.656
T1057,5,0.704,63.0,0.645
T1057,6,0.743,64.0,0.64
T1057,7,0.714,62.7,0.633
T1057,8,0.669,63.3,0.656
T1057,9,0.654,64.4,0.666
T1057,10,0.64,66.1,0.694
T1057,11,0.606,64.5,0.631
T1058,0,0.641,64.7,0.568
T1058,1,0.612,62.4,0.553
T1058,2,0.614,64.0,0.592
T1058,3,0.604,63.3,0.639
T1058,4,0.582,64.5,0.586
T1058,5,0.598,63.7,0.613
T1058,6,0.614,59.7,0.586
T1058,7,0.58,63.5,0.615
T1058,8,0.585,61.7,0.591
T1058,9,0.6,62.2,0.59
T1058,10,0.567,61.0,0.616
T1058,11,0.55,64.0,0.589
T1059,0,0.435,84.4,0.812
T1059,1,0.425,86.0,0.762
T1059,2,0.454,81.7,0.764
T1059,3,0.484,84.3,0.763
T1059,4,0.473,84.2,0.79
T1059,5,0.463,84.2,0.807
T1059,6,0.506,82.7,0.821
T1059,7,0.536,81.6,0.825
T1059,8,0.502,83.1,0.827
T1059,9,0.544,85.2,0.839
T1059,10,0.524,87.1,0.864
T1059,11,0.56,84.6,0.898
T1060,0,0.538,52.5,0.152
T1060,1,0.534,54.7,0.227
T1060,2,0.559,54.3,0.147
T1060,3,0.56,52.7,0.194
T1060,4,0.555,52.7,0.227
T1060,5,0.598,51.1,0.205
T1060,6,0.617,49.3,0.251
T1060,7,0.58,49.7,0.31
T1060,8,0.627,46.7,0.266
T1060,9,0.649,46.9,0.287
T1060,10,0.658,45.1,0.34
T1060,11,0.684,46.8,0.336
T1061,0,0.775,50.8,0.467
T1061,1,0.792,51.3,0.416
T1061,2,0.792,51.5,0.402
T1061,3,0.752,49.3,0.405
T1061,4,0.765,53.8,0.398
T1061,5,0.746,50.5,0.388
T1061,6,0.733,53.4,0.395
T1061,7,0.694,52.0,0.35
T1061,8,0.745,52.9,0.408
T1061,9,0.737,52.6,0.38
T1061,10,0.692,52.9,0.404
T1061,11,0.692,55.2,0.394
T1062,0,0.92,47.1,0.663
T1062,1,0.956,49.1,0.644
T1062,2,0.896,53.0,0.636
T1062,3,0.932,52.3,0.596
T1062,4,0.881,54.6,0.496
T1062,5,0.883,52.7,0.5
T1062,6,0.85,55.3,0.439
T1062,7,0.87,53.3,0.379
T1062,8,0.855,55.2,0.299
T1062,9,0.834,53.5,0.309
T1062,10,0.829,54.1,0.266
T1062,11,0.828,58.8,0.212
T1063,0,0.497,56.4,0.649
T1063,1,0.465,59.1,0.624
T1063,2,0.539,61.4,0.653
T1063,3,0.542,55.9,0.657
T1063,4,0.599,63.2,0.623
T1063,5,0.592,61.8,0.601
T1063,6,0.635,61.4,0.596
T1063,7,0.62,61.9,0.607
T1063,8,0.639,63.0,0.622
T1063,9,0.675,63.6,0.615
T1063,10,0.722,63.0,0.612
T1063,11,0.718,65.9,0.573
T1064,0,0.411,58.1,0.295
T1064,1,0.407,56.3,0.293
T1064,2,0.382,59.1,0.278
T1064,3,0.399,57.6,0.308
T1064,4,0.392,56.2,0.297
T1064,5,0.418,57.5,0.253
T1064,6,0.391,52.0,0.251
T1064,7,0.405,56.9,0.286
T1064,8,0.42,54.2,0.269
T1064,9,0.456,55.3,0.286
T1064,10,0.4,56.7,0.247
T1064,11,0.429,56.9,0.205
T1065,0,0.851,27.2,0.439
T1065,1,0.847,28.3,0.399
T1065,2,0.791,31.5,0.478
T1065,3,0.841,31.2,0.393
T1065,4,0.819,31.6,0.448
T1065,5,0.798,36.2,0.423
T1065,6,0.781,35.7,0.402
T1065,7,0.765,37.5,0.417
T1065,8,0.8,38.3,0.405
T1065,9,0.757,38.5,0.396
T1065,10,0.723,42.5,0.389
T1065,11,0.708,40.9,0.378
T1066,0,0.314,56.0,0.533
T1066,1,0.339,54.8,0.528
T1066,2,0.32,52.4,0.583
T1066,3,0.353,52.0,0.581
T1066,4,0.392,50.4,0.596
T1066,5,0.383,49.6,0.622
T1066,6,0.412,50.7,0.618
T1066,7,0.447,49.8,0.632
T1066,8,0.426,49.5,0.644
T1066,9,0.493,49.8,0.67
T1066,10,0.493,48.4,0.628
T1066,11,0.503,45.0,0.676
T1067,0,0.54,49.2,0.539
T1067,1,0.514,49.9,0.527
T1067,2,0.502,50.4,0.518
T1067,3,0.519,50.8,0.483
T1067,4,0.494,51.2,0.476
T1067,5,0.475,48.1,0.456
T1067,6,0.472,49.2,0.418
T1067,7,0.462,47.4,0.388
T1067,8,0.447,48.4,0.376
T1067,9,0.402,50.4,0.353
T1067,10,0.405,47.5,0.35
T1067,11,0.433,47.6,0.343
T1068,0,0.824,56.6,0.218
T1068,1,0.805,51.5,0.267
T1068,2,0.803,55.8,0.215
T1068,3,0.781,51.8,0.248
T1068,4,0.812,55.1,0.197
T1068,5,0.816,51.6,0.24
T1068,6,0.806,48.5,0.236
T1068,7,0.816,52.3,0.249
T1068,8,0.803,49.6,0.208
T1068,9,0.814,49.1,0.223
T1068,10,0.798,45.7,0.223
T1068,11,0.815,44.7,0.202
T1069,0,0.327,69.9,0.297
T1069,1,0.35,70.9,0.365
T1069,2,0.346,71.7,0.35
T1069,3,0.375,72.6,0.331
T1069,4,0.364,68.1,0.349
T1069,5,0.381,71.6,0.389
T1069,6,0.358,67.6,0.374
T1069,7,0.4,68.5,0.334
T1069,8,0.413,67.7,0.373
T1069,9,0.392,67.4,0.392
T1069,10,0.435,66.9,0.377
T1069,11,0.414,65.5,0.378
T1070,0,0.893,62.9,0.654
T1070,1,0.916,62.6,0.655
T1070,2,0.925,60.1,0.682
T1070,3,0.892,62.2,0.719
T1070,4,0.868,58.6,0.72
T1070,5,0.873,56.2,0.719
T1070,6,0.896,57.7,0.71
T1070,7,0.852,55.4,0.729
T1070,8,0.838,57.8,0.752
T1070,9,0.817,55.8,0.73
T1070,10,0.835,55.8,0.735
T1070,11,0.799,57.6,0.723
T1071,0,0.716,40.4,0.479
T1071,1,0.742,39.4,0.423
T1071,2,0.719,40.9,0.462
T1071,3,0.746,40.9,0.455
T1071,4,0.708,42.8,0.413
T1071,5,0.726,41.8,0.471
T1071,6,0.694,45.8,0.393
T1071,7,0.715,45.0,0.381
T1071,8,0.703,46.4,0.373
T1071,9,0.671,47.2,0.409
T1071,10,0.676,46.5,0.345
T1071,11,0.696,51.1,0.37
T1072,0,0.497,42.9,0.449
T1072,1,0.557,43.7,0.453
T1072,2,0.603,44.6,0.463
T1072,3,0.599,42.0,0.464
T1072,4,0.601,43.8,0.479
T1072,5,0.674,44.0,0.447
T1072,6,0.675,45.7,0.462
T1072,7,0.701,43.7,0.479
T1072,8,0.723,45.1,0.462
T1072,9,0.744,45.0,0.499
T1072,10,0.76,43.1,0.49
T1072,11,0.789,48.0,0.486
T1073,0,0.78,45.7,0.384
T1073,1,0.792,49.3,0.378
T1073,2,0.786,48.8,0.397
T1073,3,0.77,51.7,0.331
T1073,4,0.756,51.7,0.368
T1073,5,0.792,48.6,0.37
T1073,6,0.778,53.2,0.39
T1073,7,0.836,54.3,0.39
T1073,8,0.794,53.8,0.404
T1073,9,0.769,52.6,0.375
T1073,10,0.788,53.0,0.378
T1073,11,0.784,56.7,0.365
T1074,0,0.874,80.9,1.0
T1074,1,0.878,81.3,0.953
T1074,2,0.84,82.1,0.97
T1074,3,0.854,82.8,0.99
T1074,4,0.836,81.2,0.942
T1074,5,0.877,79.0,0.895
T1074,6,0.821,79.9,0.889
T1074,7,0.823,79.6,0.887
T1074,8,0.806,73.9,0.897
T1074,9,0.767,77.0,0.891
T1074,10,0.743,75.1,0.836
T1074,11,0.781,69.8,0.8
T1075,0,0.492,66.4,0.518
T1075,1,0.501,64.4,0.558
T1075,2,0.47,63.3,0.541
T1075,3,0.497,63.6,0.54
T1075,4,0.479,64.0,0.576
T1075,5,0.477,64.5,0.569
T1075,6,0.473,65.1,0.595
T1075,7,0.537,63.6,0.597
T1075,8,0.523,60.2,0.6
T1075,9,0.554,57.4,0.597
T1075,10,0.524,59.2,0.632
T1075,11,0.578,59.9,0.611
T1076,0,0.656,68.4,0.96
T1076,1,0.641,67.1,0.949
T1076,2,0.649,64.6,0.929
T1076,3,0.635,64.0,0.904
T1076,4,0.614,65.5,0.864
T1076,5,0.625,64.5,0.911
T1076,6,0.62,66.3,0.889
T1076,7,0.622,66.7,0.894
T1076,8,0.58,66.7,0.858
T1076,9,0.597,63.7,0.874
T1076,10,0.599,61.0,0.857
T1076,11,0.573,64.8,0.907
T1077,0,0.669,72.6,0.438
T1077,1,0.68,70.6,0.472
T1077,2,0.601,69.9,0.536
T1077,3,0.618,69.8,0.463
T1077,4,0.689,70.2,0.545
T1077,5,0.63,65.6,0.552
T1077,6,0.621,67.4,0.6
T1077,7,0.592,68.0,0.572
T1077,8,0.623,68.2,0.641
T1077,9,0.598,66.6,0.646
T1077,10,0.617,67.7,0.699
T1077,11,0.631,66.1,0.702
T1078,0,0.39,64.4,0.442
T1078,1,0.39,60.5,0.414
T1078,2,0.387,57.7,0.429
T1078,3,0.375,61.8,0.429
T1078,4,0.414,57.1,0.409
T1078,5,0.389,58.1,0.403
T1078,6,0.427,56.8,0.389
T1078,7,0.424,52.7,0.383
T1078,8,0.41,51.5,0.388
T1078,9,0.434,52.2,0.333
T1078,10,0.42,50.9,0.352
T1078,11,0.454,49.9,0.311
T1079,0,0.819,36.8,0.288
T1079,1,0.855,39.6,0.313
T1079,2,0.841,40.2,0.326
T1079,3,0.855,38.1,0.29
T1079,4,0.792,41.8,0.308
T1079,5,0.815,40.4,0.335
T1079,6,0.793,43.0,0.382
T1079,7,0.797,44.7,0.397
T1079,8,0.822,43.3,0.388
T1079,9,0.795,44.1,0.4
T1079,10,0.745,43.7,0.406
T1079,11,0.741,45.1,0.381
T1080,0,0.313,80.3,0.965
T1080,1,0.368,77.2,0.968
T1080,2,0.367,78.1,0.978
T1080,3,0.413,76.1,0.94
T1080,4,0.367,77.8,0.948
T1080,5,0.414,77.1,0.964
T1080,6,0.422,75.7,0.976
T1080,7,0.35,74.5,0.946
T1080,8,0.373,76.9,0.946
T1080,9,0.421,75.5,0.964
T1080,10,0.347,75.4,0.957
T1080,11,0.332,74.0,0.969
T1081,0,0.15,41.7,0.519
T1081,1,0.175,40.2,0.535
T1081,2,0.209,43.5,0.514
T1081,3,0.247,44.2,0.533
T1081,4,0.276,42.6,0.518
T1081,5,0.303,42.9,0.563
T1081,6,0.33,42.4,0.54
T1081,7,0.39,44.2,0.534
T1081,8,0.438,46.4,0.533
T1081,9,0.405,45.3,0.558
T1081,10,0.419,46.7,0.595
T1081,11,0.528,46.9,0.535
T1082,0,0.493,66.5,0.678
T1082,1,0.486,64.2,0.686
T1082,2,0.509,63.0,0.672
T1082,3,0.58,69.4,0.663
T1082,4,0.56,70.5,0.664
T1082,5,0.543,68.8,0.665
T1082,6,0.6,67.1,0.625
T1082,7,0.585,67.8,0.658
T1082,8,0.619,69.3,0.637
T1082,9,0.638,70.0,0.641
T1082,10,0.653,72.3,0.635
T1082,11,0.635,70.4,0.637
T1083,0,0.661,63.9,0.795
T1083,1,0.69,62.0,0.751
T1083,2,0.677,64.6,0.808
T1083,3,0.697,64.0,0.765
T1083,4,0.718,63.8,0.773
T1083,5,0.72,60.0,0.793
T1083,6,0.697,63.4,0.745
T1083,7,0.713,61.1,0.818
T1083,8,0.718,62.4,0.81
T1083,9,0.722,61.8,0.79
T1083,10,0.751,63.7,0.803
T1083,11,0.753,60.4,0.778
T1084,0,0.931,47.3,0.731
T1084,1,0.92,47.9,0.743
T1084,2,0.893,48.0,0.756
T1084,3,0.852,51.0,0.793
T1084,4,0.809,51.8,0.785
T1084,5,0.814,49.3,0.815
T1084,6,0.785,51.2,0.824
T1084,7,0.74,51.3,0.816
T1084,8,0.748,51.3,0.79
T1084,9,0.695,55.2,0.848
T1084,10,0.656,53.6,0.883
T1084,11,0.637,53.8,0.887
T1085,0,0.221,64.0,0.218
T1085,1,0.199,61.8,0.218
T1085,2,0.221,60.5,0.25
T1085,3,0.201,61.0,0.298
T1085,4,0.227,63.3,0.223
T1085,5,0.249,59.0,0.349
T1085,6,0.292,58.5,0.349
T1085,7,0.286,57.3,0.363
T1085,8,0.263,59.7,0.358
T1085,9,0.317,61.8,0.398
T1085,10,0.304,58.5,0.388
T1085,11,0.305,56.1,0.415
T1086,0,0.807,62.0,0.732
T1086,1,0.793,61.9,0.717
T1086,2,0.778,59.9,0.665
T1086,3,0.7,62.8,0.652
T1086,4,0.749,59.2,0.62
T1086,5,0.746,57.7,0.618
T1086,6,0.746,57.0,0.621
T1086,7,0.772,57.1,0.592
T1086,8,0.714,57.8,0.56
T1086,9,0.676,58.6,0.555
T1086,10,0.683,54.9,0.524
T1086,11,0.682,57.7,0.511
T1087,0,0.859,42.0,0.989
T1087,1,0.879,44.0,0.973
T1087,2,0.789,45.7,0.946
T1087,3,0.792,44.3,0.906
T1087,4,0.757,48.8,0.855
T1087,5,0.739,51.0,0.842
T1087,6,0.724,49.9,0.815
T1087,7,0.721,52.3,0.792
T1087,8,0.696,51.3,0.782
T1087,9,0.717,52.7,0.738
T1087,10,0.653,55.6,0.696
T1087,11,0.625,56.5,0.673
T1088,0,0.412,75.3,0.134
T1088,1,0.44,73.0,0.184
T1088,2,0.438,68.3,0.168
T1088,3,0.462,67.0,0.16
T1088,4,0.472,67.7,0.192
T1088,5,0.445,62.5,0.201
T1088,6,0.43,62.2,0.187
T1088,7,0.494,59.4,0.206
T1088,8,0.464,60.8,0.199
T1088,9,0.448,58.2,0.2
T1088,10,0.472,55.6,0.219
T1088,11,0.47,55.7,0.229
T1089,0,0.524,54.3,0.371
T1089,1,0.508,55.1,0.379
T1089,2,0.541,52.6,0.362
T1089,3,0.537,52.3,0.389
T1089,4,0.545,52.7,0.411
T1089,5,0.558,53.1,0.434
T1089,6,0.49,54.8,0.425
T1089,7,0.517,53.0,0.443
T1089,8,0.504,57.0,0.479
T1089,9,0.528,50.8,0.48
T1089,10,0.514,56.8,0.447
T1089,11,0.526,54.5,0.515
T1090,0,0.486,67.6,0.455
T1090,1,0.484,68.3,0.458
T1090,2,0.492,67.5,0.499
T1090,3,0.487,68.9,0.467
T1090,4,0.53,66.8,0.513
T1090,5,0.582,68.2,0.493
T1090,6,0.505,66.0,0.495
T1090,7,0.532,65.6,0.501
T1090,8,0.527,67.4,0.457
T1090,9,0.559,65.6,0.494
T1090,10,0.554,64.8,0.518
T1090,11,0.594,65.9,0.502
T1091,0,0.904,52.6,0.574
T1091,1,0.865,55.3,0.584
T1091,2,0.881,57.2,0.581
T1091,3,0.852,52.3,0.589
T1091,4,0.857,53.2,0.562
T1091,5,0.861,53.2,0.616
T1091,6,0.894,54.1,0.622
T1091,7,0.852,53.1,0.616
T1091,8,0.843,56.5,0.636
T1091,9,0.844,55.6,0.61
T1091,10,0.869,56.6,0.618
T1091,11,0.881,54.3,0.674
T1092,0,0.493,76.6,0.602
T1092,1,0.496,73.7,0.569
T1092,2,0.504,72.6,0.535
T1092,3,0.478,72.7,0.555
T1092,4,0.466,68.8,0.548
T1092,5,0.52,68.2,0.561
T1092,6,0.538,65.0,0.52
T1092,7,0.501,64.1,0.553
T1092,8,0.527,62.9,0.485
T1092,9,0.504,63.5,0.56
T1092,10,0.5,61.6,0.518
T1092,11,0.501,58.9,0.498
T1093,0,0.549,70.6,0.667
T1093,1,0.52,71.0,0.623
T1093,2,0.57,68.6,0.68
T1093,3,0.573,69.1,0.683
T1093,4,0.566,69.3,0.646
T1093,5,0.622,66.3,0.674
T1093,6,0.608,65.4,0.648
T1093,7,0.614,66.0,0.657
T1093,8,0.615,65.0,0.692
T1093,9,0.612,64.0,0.662
T1093,10,0.626,60.6,0.682
T1093,11,0.709,63.5,0.662
T1094,0,0.691,46.5,0.403
T1094,1,0.692,45.9,0.428
T1094,2,0.715,47.5,0.44
T1094,3,0.679,45.1,0.459
T1094,4,0.681,45.8,0.483
T1094,5,0.653,45.8,0.485
T1094,6,0.591,48.5,0.52
T1094,7,0.591,47.3,0.563
T1094,8,0.622,49.5,0.571
T1094,9,0.559,49.0,0.589
T1094,10,0.582,54.4,0.604
T1094,11,0.569,51.5,0.58
T1095,0,0.644,52.2,0.841
T1095,1,0.663,51.8,0.869
T1095,2,0.664,53.6,0.882
T1095,3,0.67,53.6,0.818
T1095,4,0.653,47.0,0.848
T1095,5,0.658,52.8,0.773
T1095,6,0.599,50.4,0.84
T1095,7,0.652,47.2,0.838
T1095,8,0.66,48.3,0.835
T1095,9,0.685,52.2,0.864
T1095,10,0.632,50.3,0.81
T1095,11,0.658,47.8,0.848
T1096,0,1.0,50.5,0.385
T1096,1,0.982,45.9,0.375
T1096,2,0.971,48.1,0.363
T1096,3,0.936,48.8,0.368
T1096,4,0.986,46.3,0.38
T1096,5,0.936,51.0,0.342
T1096,6,0.971,50.8,0.342
T1096,7,0.933,48.0,0.349
T1096,8,0.935,49.9,0.332
T1096,9,0.934,48.3,0.324
T1096,10,0.908,48.0,0.329
T1096,11,0.893,47.9,0.313
T1097,0,0.509,55.0,0.301
T1097,1,0.531,52.6,0.324
T1097,2,0.542,54.2,0.314
T1097,3,0.545,53.2,0.327
T1097,4,0.523,51.1,0.339
T1097,5,0.597,51.9,0.359
T1097,6,0.574,51.8,0.363
T1097,7,0.59,51.6,0.385
T1097,8,0.588,50.4,0.372
T1097,9,0.606,51.4,0.386
T1097,10,0.593,51.4,0.4
T1097,11,0.636,48.0,0.396
T1098,0,0.434,32.9,0.643
T1098,1,0.463,32.5,0.604
T1098,2,0.446,32.1,0.61
T1098,3,0.481,36.5,0.568
T1098,4,0.484,38.5,0.649
T1098,5,0.462,37.8,0.629
T1098,6,0.465,41.0,0.584
T1098,7,0.454,40.5,0.628
T1098,8,0.499,42.1,0.613
T1098,9,0.511,46.3,0.582
T1098,10,0.498,44.0,0.596
T1098,11,0.513,49.8,0.573
T1099,0,0.544,61.6,0.869
T1099,1,0.62,60.9,0.887
T1099,2,0.573,64.2,0.881
T1099,3,0.588,62.8,0.883
T1099,4,0.634,65.8,0.868
T1099,5,0.655,65.9,0.83
T1099,6,0.649,66.7,0.826
T1099,7,0.695,67.1,0.826
T1099,8,0.664,68.5,0.799
T1099,9,0.653,67.0,0.862
T1099,10,0.651,70.0,0.814
T1099,11,0.687,69.7,0.811
T1100,0,0.489,24.4,0.101
T1100,1,0.52,26.4,0.1
T1100,2,0.452,28.9,0.121
T1100,3,0.438,27.9,0.125
T1100,4,0.488,29.1,0.1
T1100,5,0.45,30.8,0.141
T1100,6,0.492,32.7,0.174
T1100,7,0.541,34.9,0.111
T1100,8,0.524,36.8,0.143
T1100,9,0.528,38.7,0.139
T1100,10,0.498,39.1,0.198
T1100,11,0.485,44.0,0.197
T1101,0,0.342,63.9,0.72
T1101,1,0.365,62.7,0.725
T1101,2,0.374,65.0,0.699
T1101,3,0.378,62.3,0.711
T1101,4,0.409,62.9,0.661
T1101,5,0.429,61.1,0.643
T1101,6,0.424,64.4,0.642
T1101,7,0.417,58.6,0.676
T1101,8,0.422,60.3,0.694
T1101,9,0.414,58.3,0.619
T1101,10,0.46,59.7,0.669
T1101,11,0.443,57.9,0.6
T1102,0,0.739,60.0,0.396
T1102,1,0.723,59.8,0.36
T1102,2,0.719,60.5,0.378
T1102,3,0.712,59.2,0.401
T1102,4,0.701,57.1,0.424
T1102,5,0.718,57.1,0.437
T1102,6,0.696,59.1,0.46
T1102,7,0.729,59.9,0.449
T1102,8,0.671,56.0,0.465
T1102,9,0.653,58.1,0.487
T1102,10,0.672,57.2,0.511
T1102,11,0.698,57.7,0.514
T1103,0,0.631,70.6,0.731
T1103,1,0.587,72.9,0.752
T1103,2,0.579,65.1,0.742
T1103,3,0.532,68.5,0.729
T1103,4,0.504,64.9,0.694
T1103,5,0.491,61.3,0.683
T1103,6,0.481,62.6,0.638
T1103,7,0.468,58.1,0.627
T1103,8,0.451,59.5,0.603
T1103,9,0.399,57.7,0.582
T1103,10,0.367,55.0,0.562
T1103,11,0.341,54.2,0.517
T1104,0,0.516,72.3,0.278
T1104,1,0.522,71.3,0.311
T1104,2,0.53,67.7,0.32
T1104,3,0.542,67.8,0.32
T1104,4,0.563,65.5,0.324
T1104,5,0.589,64.8,0.38
T1104,6,0.614,64.8,0.292
T1104,7,0.612,60.1,0.342
T1104,8,0.581,59.2,0.333
T1104,9,0.646,58.9,0.378
T1104,10,0.69,57.7,0.38
T1104,11,0.642,56.3,0.342
T1105,0,0.965,63.9,0.537
T1105,1,0.974,66.3,0.554
T1105,2,0.925,62.6,0.599
T1105,3,0.884,64.2,0.591
T1105,4,0.948,63.9,0.602
T1105,5,0.875,62.4,0.57
T1105,6,0.876,64.6,0.652
T1105,7,0.852,62.2,0.652
T1105,8,0.815,62.6,0.6
T1105,9,0.831,60.8,0.646
T1105,10,0.737,61.7,0.601
T1105,11,0.794,64.5,0.657
T1106,0,0.521,69.8,0.378
T1106,1,0.519,68.9,0.391
T1106,2,0.493,70.4,0.413
T1106,3,0.531,67.6,0.428
T1106,4,0.504,70.8,0.389
T1106,5,0.456,68.2,0.372
T1106,6,0.477,66.3,0.415
T1106,7,0.422,69.8,0.424
T1106,8,0.405,70.3,0.412
T1106,9,0.433,69.0,0.421
T1106,10,0.416,70.3,0.419
T1106,11,0.404,69.4,0.45
T1107,0,0.335,48.8,0.514
T1107,1,0.348,50.6,0.537
T1107,2,0.336,51.7,0.526
T1107,3,0.389,51.1,0.493
T1107,4,0.411,49.2,0.474
T1107,5,0.427,46.5,0.46
T1107,6,0.429,46.0,0.446
T1107,7,0.463,48.8,0.451
T1107,8,0.485,40.3,0.426
T1107,9,0.437,44.7,0.417
T1107,10,0.484,43.1,0.391
T1107,11,0.513,40.7,0.437
T1108,0,0.48,43.0,0.322
T1108,1,0.506,45.9,0.314
T1108,2,0.429,45.8,0.339
T1108,3,0.505,47.6,0.349
T1108,4,0.447,48.1,0.297
T1108,5,0.491,48.8,0.325
T1108,6,0.481,53.0,0.316
T1108,7,0.497,52.0,0.343
T1108,8,0.466,51.9,0.35
T1108,9,0.483,52.1,0.335
T1108,10,0.504,53.4,0.326
T1108,11,0.505,54.0,0.367
T1109,0,0.835,57.3,0.553
T1109,1,0.817,53.9,0.595
T1109,2,0.815,56.1,0.607
T1109,3,0.782,54.2,0.594
T1109,4,0.801,53.7,0.577
T1109,5,0.738,54.5,0.583
T1109,6,0.694,49.5,0.613
T1109,7,0.683,49.8,0.584
T1109,8,0.668,54.0,0.588
T1109,9,0.65,53.7,0.628
T1109,10,0.672,49.0,0.597
T1109,11,0.575,52.6,0.587
T1110,0,0.525,64.6,0.568
T1110,1,0.589,62.7,0.616
T1110,2,0.597,66.3,0.637
T1110,3,0.563,65.2,0.595
T1110,4,0.54,63.3,0.584
T1110,5,0.572,62.4,0.604
T1110,6,0.548,63.5,0.597
T1110,7,0.573,64.3,0.56
T1110,8,0.586,59.2,0.549
T1110,9,0.597,63.7,0.524
T1110,10,0.637,62.4,0.507
T1110,11,0.596,60.2,0.512
T1111,0,0.546,41.7,0.393
T1111,1,0.568,38.5,0.383
T1111,2,0.589,42.7,0.328
T1111,3,0.545,41.5,0.371
T1111,4,0.542,42.9,0.333
T1111,5,0.542,39.0,0.28
T1111,6,0.551,43.8,0.329
T1111,7,0.499,39.4,0.271
T1111,8,0.571,41.9,0.311
T1111,9,0.495,42.5,0.305
T1111,10,0.529,41.6,0.269
T1111,11,0.487,41.9,0.309
T1112,0,0.743,28.2,0.27
T1112,1,0.703,31.4,0.274
T1112,2,0.7,31.2,0.28
T1112,3,0.679,33.0,0.306
T1112,4,0.673,36.0,0.292
T1112,5,0.668,34.9,0.281
T1112,6,0.673,39.0,0.297
T1112,7,0.668,38.4,0.321
T1112,8,0.63,40.3,0.279
T1112,9,0.634,43.0,0.244
T1112,10,0.603,39.3,0.256
T1112,11,0.606,40.9,0.279
T1113,0,0.34,54.3,0.1
T1113,1,0.319,57.2,0.138
T1113,2,0.328,54.4,0.156
T1113,3,0.338,54.8,0.178
T1113,4,0.312,51.7,0.15
T1113,5,0.367,52.4,0.176
T1113,6,0.337,52.5,0.243
T1113,7,0.349,49.7,0.217
T1113,8,0.363,52.1,0.269
T1113,9,0.367,51.6,0.29
T1113,10,0.364,51.4,0.298
T1113,11,0.397,48.1,0.309
T1114,0,0.556,38.4,0.448
T1114,1,0.565,37.2,0.456
T1114,2,0.531,39.2,0.445
T1114,3,0.545,40.6,0.46
T1114,4,0.577,42.3,0.493
T1114,5,0.529,42.6,0.478
T1114,6,0.545,43.8,0.516
T1114,7,0.538,44.6,0.476
T1114,8,0.538,45.8,0.489
T1114,9,0.527,45.3,0.475
T1114,10,0.512,49.1,0.533
T1114,11,0.54,50.0,0.511
T1115,0,0.523,52.5,0.597
T1115,1,0.541,52.6,0.652
T1115,2,0.539,50.1,0.642
T1115,3,0.55,53.9,0.656
T1115,4,0.52,54.4,0.653
T1115,5,0.597,50.2,0.613
T1115,6,0.548,49.6,0.633
T1115,7,0.525,50.1,0.636
T1115,8,0.548,50.9,0.598
T1115,9,0.547,53.7,0.632
T1115,10,0.562,51.0,0.6
T1115,11,0.574,54.1,0.636
T1116,0,0.801,25.1,0.788
T1116,1,0.788,25.2,0.835
T1116,2,0.761,27.7,0.812
T1116,3,0.784,29.5,0.844
T1116,4,0.807,31.8,0.841
T1116,5,0.827,31.7,0.808
T1116,6,0.85,35.4,0.873
T1116,7,0.851,37.1,0.859
T1116,8,0.839,39.5,0.873
T1116,9,0.857,41.7,0.876
T1116,10,0.854,45.1,0.864
T1116,11,0.882,45.7,0.9
T1117,0,0.542,86.3,0.786
T1117,1,0.555,89.0,0.798
T1117,2,0.56,85.1,0.785
T1117,3,0.554,83.5,0.806
T1117,4,0.561,82.4,0.823
T1117,5,0.57,84.7,0.802
T1117,6,0.595,81.9,0.82
T1117,7,0.565,81.5,0.803
T1117,8,0.547,82.5,0.834
T1117,9,0.637,80.2,0.824
T1117,10,0.607,81.9,0.815
T1117,11,0.568,80.2,0.912
T1118,0,0.397,43.1,0.316
T1118,1,0.357,40.9,0.315
T1118,2,0.375,44.7,0.319
T1118,3,0.339,42.0,0.337
T1118,4,0.317,47.1,0.33
T1118,5,0.348,45.4,0.34
T1118,6,0.29,45.9,0.386
T1118,7,0.281,47.8,0.402
T1118,8,0.284,50.8,0.391
T1118,9,0.261,48.5,0.38
T1118,10,0.229,47.4,0.413
T1118,11,0.192,50.7,0.422
T1119,0,0.625,40.5,0.434
T1119,1,0.68,40.9,0.358
T1119,2,0.662,40.7,0.414
T1119,3,0.665,39.0,0.389
T1119,4,0.651,38.0,0.364
T1119,5,0.653,40.2,0.357
T1119,6,0.65,37.8,0.424
T1119,7,0.71,38.8,0.383
T1119,8,0.646,37.5,0.366
T1119,9,0.69,38.7,0.349
T1119,10,0.677,35.7,0.355
T1119,11,0.697,41.5,0.381
T1120,0,0.571,69.6,0.751
T1120,1,0.579,69.9,0.776
T1120,2,0.563,68.3,0.748
T1120,3,0.617,68.1,0.734
T1120,4,0.6,67.8,0.756
T1120,5,0.609,68.3,0.715
T1120,6,0.627,65.6,0.739
T1120,7,0.587,66.3,0.744
T1120,8,0.6,65.1,0.761
T1120,9,0.619,65.6,0.729
T1120,10,0.656,62.1,0.72
T1120,11,0.653,60.5,0.738
T1121,0,0.607,45.3,0.784
T1121,1,0.605,48.4,0.746
T1121,2,0.632,47.0,0.717
T1121,3,0.595,46.9,0.725
T1121,4,0.62,48.2,0.703
T1121,5,0.608,51.1,0.718
T1121,6,0.629,49.0,0.744
T1121,7,0.633,50.0,0.727
T1121,8,0.643,49.3,0.689
T1121,9,0.669,50.5,0.734
T1121,10,0.646,49.8,0.715
T1121,11,0.678,51.3,0.716
T1122,0,0.093,56.3,0.756
T1122,1,0.16,58.9,0.729
T1122,2,0.14,58.5,0.74
T1122,3,0.202,55.4,0.762
T1122,4,0.213,57.8,0.727
T1122,5,0.244,57.0,0.734
T1122,6,0.279,54.5,0.74
T1122,7,0.289,60.0,0.731
T1122,8,0.36,57.7,0.755
T1122,9,0.349,57.5,0.724
T1122,10,0.358,58.8,0.766
T1122,11,0.419,56.5,0.769
T1123,0,0.55,62.4,0.788
T1123,1,0.515,59.3,0.824
T1123,2,0.51,59.6,0.824
T1123,3,0.464,59.6,0.83
T1123,4,0.482,58.2,0.814
T1123,5,0.48,59.3,0.856
T1123,6,0.431,57.7,0.817
T1123,7,0.432,57.5,0.808
T1123,8,0.432,55.7,0.824
T1123,9,0.424,57.9,0.862
T1123,10,0.374,54.1,0.852
T1123,11,0.345,54.6,0.849
T1124,0,0.584,77.4,0.372
T1124,1,0.531,77.1,0.384
T1124,2,0.605,71.6,0.435
T1124,3,0.605,70.1,0.402
T1124,4,0.611,67.4,0.397
T1124,5,0.676,68.6,0.396
T1124,6,0.682,67.3,0.362
T1124,7,0.694,65.3,0.4
T1124,8,0.681,67.0,0.425
T1124,9,0.715,63.1,0.4
T1124,10,0.736,60.6,0.44
T1124,11,0.787,60.1,0.401
T1125,0,0.652,45.5,0.451
T1125,1,0.624,46.7,0.462
T1125,2,0.665,46.3,0.454
T1125,3,0.652,47.1,0.451
T1125,4,0.636,45.9,0.511
T1125,5,0.66,49.7,0.447
T1125,6,0.635,47.2,0.467
T1125,7,0.665,46.8,0.465
T1125,8,0.693,49.3,0.465
T1125,9,0.682,48.0,0.468
T1125,10,0.677,48.3,0.436
T1125,11,0.652,51.4,0.458
T1126,0,0.455,79.6,0.713
T1126,1,0.474,77.1,0.713
T1126,2,0.446,76.7,0.761
T1126,3,0.434,72.5,0.759
T1126,4,0.481,73.3,0.749
T1126,5,0.419,73.1,0.782
T1126,6,0.42,70.6,0.792
T1126,7,0.462,67.3,0.815
T1126,8,0.462,73.2,0.838
T1126,9,0.452,65.5,0.844
T1126,10,0.424,67.8,0.867
T1126,11,0.458,69.2,0.888
T1127,0,0.778,54.6,0.262
T1127,1,0.785,52.3,0.232
T1127,2,0.788,54.3,0.258
T1127,3,0.775,52.2,0.255
T1127,4,0.759,54.5,0.225
T1127,5,0.785,55.2,0.282
T1127,6,0.762,51.2,0.252
T1127,7,0.8,51.7,0.29
T1127,8,0.761,48.2,0.298
T1127,9,0.777,51.8,0.303
T1127,10,0.799,50.1,0.361
T1127,11,0.781,46.5,0.343
T1128,0,0.89,48.8,0.486
T1128,1,0.895,45.6,0.498
T1128,2,0.89,44.5,0.48
T1128,3,0.824,47.1,0.52
T1128,4,0.828,48.3,0.531
T1128,5,0.804,47.0,0.527
T1128,6,0.819,47.0,0.522
T1128,7,0.804,50.5,0.537
T1128,8,0.776,48.9,0.568
T1128,9,0.752,48.5,0.575
T1128,10,0.741,49.3,0.566
T1128,11,0.726,51.4,0.593
T1129,0,0.567,63.4,0.812
T1129,1,0.538,65.5,0.857
T1129,2,0.522,63.5,0.855
T1129,3,0.541,62.1,0.862
T1129,4,0.56,61.5,0.879
T1129,5,0.563,63.0,0.838
T1129,6,0.539,60.8,0.862
T1129,7,0.539,57.2,0.878
T1129,8,0.572,60.3,0.866
T1129,9,0.52,59.5,0.889
T1129,10,0.539,60.3,0.856
T1129,11,0.505,59.8,0.842
T1130,0,0.745,65.3,0.63
T1130,1,0.723,68.2,0.614
T1130,2,0.729,65.4,0.617
T1130,3,0.676,66.1,0.604
T1130,4,0.697,66.8,0.589
T1130,5,0.678,67.8,0.603
T1130,6,0.676,64.6,0.61
T1130,7,0.613,64.7,0.556
T1130,8,0.601,66.1,0.579
T1130,9,0.576,65.8,0.551
T1130,10,0.58,65.7,0.578
T1130,11,0.579,61.8,0.555
T1131,0,0.764,36.3,0.669
T1131,1,0.735,40.0,0.629
T1131,2,0.789,41.1,0.655
T1131,3,0.755,40.7,0.617
T1131,4,0.774,39.2,0.639
T1131,5,0.753,40.9,0.632
T1131,6,0.742,40.9,0.667
T1131,7,0.751,41.4,0.587
T1131,8,0.738,41.8,0.611
T1131,9,0.756,45.5,0.63
T1131,10,0.717,48.0,0.602
T1131,11,0.713,48.7,0.594
T1132,0,0.234,61.7,0.806
T1132,1,0.231,55.4,0.75
T1132,2,0.218,54.6,0.732
T1132,3,0.236,55.8,0.691
T1132,4,0.231,56.1,0.646
T1132,5,0.21,53.8,0.615
T1132,6,0.246,52.5,0.597
T1132,7,0.247,52.6,0.604
T1132,8,0.251,53.6,0.575
T1132,9,0.207,52.0,0.527
T1132,10,0.258,51.5,0.528
T1132,11,0.249,53.9,0.489
T1133,0,0.591,43.6,0.624
T1133,1,0.595,42.4,0.66
T1133,2,0.595,46.6,0.656
T1133,3,0.58,47.8,0.625
T1133,4,0.632,50.4,0.621
T1133,5,0.622,49.8,0.615
T1133,6,0.618,48.9,0.636
T1133,7,0.636,50.3,0.62
T1133,8,0.654,52.3,0.622
T1133,9,0.692,52.3,0.622
T1133,10,0.665,54.2,0.624
T1133,11,0.664,53.1,0.626
T1134,0,0.553,56.8,0.479
T1134,1,0.53,59.9,0.497
T1134,2,0.581,58.6,0.486
T1134,3,0.584,58.3,0.499
T1134,4,0.566,59.3,0.556
T1134,5,0.624,58.4,0.536
T1134,6,0.623,58.8,0.544
T1134,7,0.663,59.9,0.582
T1134,8,0.665,59.5,0.566
T1134,9,0.715,57.5,0.605
T1134,10,0.709,60.0,0.562
T1134,11,0.728,58.5,0.613
T1135,0,0.93,52.2,0.425
T1135,1,0.924,52.4,0.423
T1135,2,0.943,51.8,0.391
T1135,3,0.926,49.1,0.412
T1135,4,0.864,50.0,0.456
T1135,5,0.893,52.6,0.388
T1135,6,0.865,49.7,0.388
T1135,7,0.864,50.0,0.372
T1135,8,0.862,49.0,0.405
T1135,9,0.84,51.5,0.36
T1135,10,0.832,50.0,0.391
T1135,11,0.79,48.1,0.346
T1136,0,0.679,42.0,0.5
T1136,1,0.71,41.8,0.514
T1136,2,0.697,41.9,0.496
T1136,3,0.665,43.3,0.506
T1136,4,0.719,44.4,0.526
T1136,5,0.674,47.5,0.526
T1136,6,0.708,46.6,0.554
T1136,7,0.691,46.1,0.559
T1136,8,0.709,45.9,0.549
T1136,9,0.697,48.7,0.56
T1136,10,0.664,49.1,0.578
T1136,11,0.646,48.6,0.593
T1137,0,0.415,51.6,0.669
T1137,1,0.461,52.6,0.63
T1137,2,0.467,51.2,0.655
T1137,3,0.476,51.9,0.603
T1137,4,0.558,53.1,0.584
T1137,5,0.553,53.0,0.597
T1137,6,0.575,54.4,0.61
T1137,7,0.598,49.9,0.583
T1137,8,0.616,51.5,0.589
T1137,9,0.582,49.3,0.562
T1137,10,0.626,52.5,0.556
T1137,11,0.698,52.6,0.556
T1138,0,0.432,43.4,0.107
T1138,1,0.405,43.0,0.1
T1138,2,0.391,45.6,0.127
T1138,3,0.432,45.6,0.13
T1138,4,0.415,48.0,0.19
T1138,5,0.399,48.1,0.218
T1138,6,0.42,46.3,0.208
T1138,7,0.444,48.3,0.234
T1138,8,0.431,49.9,0.259
T1138,9,0.472,50.2,0.307
T1138,10,0.413,53.4,0.373
T1138,11,0.392,52.8,0.351
T1139,0,0.629,54.5,0.926
T1139,1,0.629,57.9,0.924
T1139,2,0.662,55.1,0.936
T1139,3,0.673,56.3,0.892
T1139,4,0.596,56.9,0.863
T1139,5,0.614,59.5,0.899
T1139,6,0.611,59.7,0.843
T1139,7,0.636,54.8,0.877
T1139,8,0.628,54.3,0.813
T1139,9,0.617,57.6,0.828
T1139,10,0.648,56.8,0.808
T1139,11,0.606,54.7,0.782
T1140,0,0.348,57.7,0.284
T1140,1,0.381,62.0,0.251
T1140,2,0.399,55.6,0.256
T1140,3,0.382,56.9,0.276
T1140,4,0.443,52.4,0.293
T1140,5,0.444,54.2,0.274
T1140,6,0.459,49.6,0.208
T1140,7,0.476,52.6,0.209
T1140,8,0.485,47.8,0.165
T1140,9,0.525,46.9,0.178
T1140,10,0.534,45.8,0.158
T1140,11,0.557,44.0,0.163
T1141,0,0.608,71.5,0.403
T1141,1,0.627,72.4,0.386
T1141,2,0.653,68.2,0.377
T1141,3,0.658,69.6,0.439
T1141,4,0.67,67.2,0.374
T1141,5,0.643,66.7,0.402
T1141,6,0.697,67.2,0.376
T1141,7,0.657,63.9,0.38
T1141,8,0.72,63.3,0.363
T1141,9,0.693,59.7,0.371
T1141,10,0.703,58.2,0.381
T1141,11,0.734,56.9,0.397
T1142,0,0.323,76.7,0.696
T1142,1,0.312,75.5,0.715
T1142,2,0.323,74.1,0.673
T1142,3,0.308,68.9,0.678
T1142,4,0.321,68.1,0.691
T1142,5,0.328,66.2,0.687
T1142,6,0.331,63.4,0.697
T1142,7,0.366,62.0,0.716
T1142,8,0.398,63.3,0.668
T1142,9,0.381,58.2,0.695
T1142,10,0.371,59.3,0.695
T1142,11,0.407,54.1,0.691
T1143,0,0.84,70.1,0.709
T1143,1,0.821,66.7,0.671
T1143,2,0.842,69.2,0.67
T1143,3,0.798,64.6,0.669
T1143,4,0.795,62.4,0.641
T1143,5,0.759,63.5,0.665
T1143,6,0.732,59.5,0.672
T1143,7,0.771,58.6,0.658
T1143,8,0.734,61.4,0.639
T1143,9,0.736,58.3,0.634
T1143,10,0.72,57.5,0.595
T1143,11,0.713,56.5,0.59
T1144,0,0.633,47.2,0.371
T1144,1,0.631,48.2,0.361
T1144,2,0.64,47.4,0.356
T1144,3,0.642,48.4,0.326
T1144,4,0.688,49.2,0.302
T1144,5,0.638,48.8,0.293
T1144,6,0.693,48.4,0.297
T1144,7,0.683,49.6,0.281
T1144,8,0.686,48.2,0.284
T1144,9,0.692,47.9,0.278
T1144,10,0.73,47.9,0.269
T1144,11,0.722,47.5,0.27
T1145,0,0.677,45.7,0.365
T1145,1,0.664,41.0,0.355
T1145,2,0.665,44.7,0.367
T1145,3,0.679,40.8,0.345
T1145,4,0.668,42.8,0.302
T1145,5,0.651,42.7,0.309
T1145,6,0.678,43.4,0.283
T1145,7,0.652,46.4,0.339
T1145,8,0.651,44.0,0.314
T1145,9,0.671,46.7,0.299
T1145,10,0.649,45.4,0.29
T1145,11,0.645,48.6,0.28
T1146,0,0.673,62.1,0.633
T1146,1,0.677,61.7,0.62
T1146,2,0.666,62.2,0.643
T1146,3,0.697,63.8,0.68
T1146,4,0.685,64.7,0.677
T1146,5,0.753,61.9,0.7
T1146,6,0.733,60.4,0.664
T1146,7,0.7,61.5,0.685
T1146,8,0.743,62.9,0.663
T1146,9,0.751,61.6,0.72
T1146,10,0.792,60.9,0.717
T1146,11,0.827,60.3,0.736
T1147,0,0.745,58.5,0.32
T1147,1,0.681,52.3,0.324
T1147,2,0.703,57.8,0.365
T1147,3,0.688,56.3,0.372
T1147,4,0.684,52.9,0.414
T1147,5,0.681,51.5,0.415
T1147,6,0.706,49.9,0.4
T1147,7,0.666,49.4,0.436
T1147,8,0.647,49.2,0.471
T1147,9,0.671,49.0,0.417
T1147,10,0.675,46.4,0.465
T1147,11,0.675,47.1,0.513
T1148,0,0.768,59.5,0.599
T1148,1,0.742,59.3,0.586
T1148,2,0.663,58.4,0.59
T1148,3,0.671,56.9,0.63
T1148,4,0.657,55.8,0.599
T1148,5,0.652,55.0,0.607
T1148,6,0.646,53.3,0.613
T1148,7,0.608,57.7,0.609
T1148,8,0.635,56.2,0.63
T1148,9,0.603,54.9,0.625
T1148,10,0.594,52.6,0.616
T1148,11,0.577,53.5,0.676
T1149,0,0.829,68.5,0.885
T1149,1,0.786,67.9,0.864
T1149,2,0.784,67.8,0.882
T1149,3,0.778,68.4,0.844
T1149,4,0.719,65.0,0.896
T1149,5,0.71,64.7,0.921
T1149,6,0.663,67.9,0.902
T1149,7,0.647,64.2,0.892
T1149,8,0.647,65.3,0.94
T1149,9,0.634,64.0,0.92
T1149,10,0.605,64.4,0.915
T1149,11,0.527,62.7,0.927
T1150,0,0.504,59.5,0.752
T1150,1,0.529,59.3,0.711
T1150,2,0.598,58.1,0.734
T1150,3,0.584,58.4,0.708
T1150,4,0.633,53.9,0.701
T1150,5,0.593,54.2,0.693
T1150,6,0.619,55.3,0.66
T1150,7,0.676,52.8,0.689
T1150,8,0.676,57.3,0.622
T1150,9,0.699,56.4,0.657
T1150,10,0.718,53.5,0.625
T1150,11,0.741,53.8,0.638
T1151,0,0.562,67.1,0.398
T1151,1,0.537,66.0,0.427
T1151,2,0.523,65.5,0.452
T1151,3,0.503,66.8,0.423
T1151,4,0.52,66.2,0.426
T1151,5,0.476,66.8,0.432
T1151,6,0.488,69.1,0.403
T1151,7,0.446,67.9,0.428
T1151,8,0.475,67.9,0.447
T1151,9,0.462,68.5,0.463
T1151,10,0.398,65.5,0.407
T1151,11,0.368,66.2,0.481
T1152,0,0.484,50.4,0.379
T1152,1,0.482,50.9,0.389
T1152,2,0.5,50.6,0.402
T1152,3,0.461,49.6,0.388
T1152,4,0.497,53.1,0.428
T1152,5,0.509,48.8,0.438
T1152,6,0.514,50.9,0.469
T1152,7,0.476,51.6,0.457
T1152,8,0.491,53.8,0.439
T1152,9,0.496,53.4,0.437
T1152,10,0.473,52.7,0.486
T1152,11,0.499,52.0,0.5
T1153,0,0.591,61.1,0.566
T1153,1,0.588,60.1,0.578
T1153,2,0.552,60.2,0.57
T1153,3,0.543,61.4,0.582
T1153,4,0.517,57.3,0.561
T1153,5,0.54,60.5,0.561
T1153,6,0.497,58.2,0.525
T1153,7,0.463,58.6,0.545
T1153,8,0.466,55.5,0.546
T1153,9,0.432,54.4,0.572
T1153,10,0.4,56.2,0.528
T1153,11,0.453,55.4,0.569
T1154,0,0.277,61.9,0.871
T1154,1,0.223,60.0,0.837
T1154,2,0.278,61.0,0.819
T1154,3,0.316,61.5,0.795
T1154,4,0.316,61.4,0.758
T1154,5,0.346,61.5,0.748
T1154,6,0.319,64.1,0.751
T1154,7,0.322,59.1,0.7
T1154,8,0.367,58.9,0.719
T1154,9,0.385,58.5,0.681
T1154,10,0.398,60.5,0.675
T1154,11,0.408,58.3,0.613
T1155,0,0.706,67.6,0.676
T1155,1,0.679,68.7,0.691
T1155,2,0.665,70.0,0.661
T1155,3,0.656,63.8,0.68
T1155,4,0.639,66.6,0.649
T1155,5,0.652,66.2,0.649
T1155,6,0.66,66.8,0.646
T1155,7,0.679,65.2,0.659
T1155,8,0.647,67.4,0.646
T1155,9,0.641,66.9,0.66
T1155,10,0.67,65.8,0.641
T1155,11,0.693,63.9,0.634
T1156,0,0.74,67.0,0.733
T1156,1,0.71,68.3,0.768
T1156,2,0.753,67.1,0.771
T1156,3,0.721,67.9,0.787
T1156,4,0.71,67.5,0.791
T1156,5,0.695,67.0,0.846
T1156,6,0.723,65.9,0.87
T1156,7,0.701,66.6,0.85
T1156,8,0.741,67.8,0.867
T1156,9,0.715,66.6,0.885
T1156,10,0.741,64.9,0.905
T1156,11,0.759,65.8,0.932
T1157,0,0.69,57.0,0.641
T1157,1,0.709,60.2,0.676
T1157,2,0.718,57.8,0.632
T1157,3,0.741,59.7,0.605
T1157,4,0.703,56.8,0.578
T1157,5,0.696,59.8,0.555
T1157,6,0.686,59.2,0.538
T1157,7,0.688,59.0,0.538
T1157,8,0.675,56.4,0.527
T1157,9,0.698,61.3,0.495
T1157,10,0.752,58.4,0.446
T1157,11,0.708,58.5,0.464
T1158,0,0.495,70.6,0.841
T1158,1,0.521,67.8,0.843
T1158,2,0.522,65.4,0.865
T1158,3,0.543,68.8,0.862
T1158,4,0.523,64.4,0.872
T1158,5,0.57,65.0,0.896
T1158,6,0.534,63.7,0.921
T1158,7,0.554,63.0,0.904
T1158,8,0.597,64.1,0.924
T1158,9,0.577,63.8,0.974
T1158,10,0.571,62.0,0.947
T1158,11,0.593,66.0,0.959
T1159,0,0.446,68.2,0.525
T1159,1,0.447,66.0,0.559
T1159,2,0.485,66.6,0.474
T1159,3,0.498,65.5,0.509
T1159,4,0.484,66.0,0.558
T1159,5,0.514,64.1,0.561
T1159,6,0.554,63.3,0.568
T1159,7,0.538,64.5,0.604
T1159,8,0.547,62.2,0.589
T1159,9,0.547,63.5,0.592
T1159,10,0.569,59.2,0.605
T1159,11,0.59,58.1,0.626
T1160,0,0.617,55.2,0.286
T1160,1,0.596,55.8,0.251
T1160,2,0.665,51.5,0.302
T1160,3,0.703,49.8,0.268
T1160,4,0.639,51.2,0.304
T1160,5,0.64,50.2,0.298
T1160,6,0.674,50.4,0.32
T1160,7,0.681,46.8,0.297
T1160,8,0.635,49.2,0.281
T1160,9,0.687,45.9,0.346
T1160,10,0.646,45.9,0.288
T1160,11,0.704,41.8,0.311
T1161,0,0.431,46.7,0.419
T1161,1,0.428,45.8,0.415
T1161,2,0.444,48.2,0.417
T1161,3,0.404,46.2,0.411
T1161,4,0.432,44.6,0.377
T1161,5,0.489,45.4,0.374
T1161,6,0.475,45.7,0.382
T1161,7,0.487,44.4,0.316
T1161,8,0.498,42.6,0.3
T1161,9,0.498,43.0,0.356
T1161,10,0.492,41.9,0.293
T1161,11,0.528,42.9,0.349
T1162,0,0.369,68.1,0.584
T1162,1,0.329,65.3,0.596
T1162,2,0.409,64.6,0.595
T1162,3,0.394,64.4,0.581
T1162,4,0.398,65.2,0.625
T1162,5,0.374,63.1,0.61
T1162,6,0.373,61.5,0.618
T1162,7,0.413,66.1,0.623
T1162,8,0.435,65.2,0.597
T1162,9,0.444,61.0,0.642
T1162,10,0.456,60.7,0.637
T1162,11,0.44,59.4,0.704
T1163,0,0.552,38.5,0.246
T1163,1,0.571,42.2,0.265
T1163,2,0.597,37.3,0.253
T1163,3,0.607,44.3,0.233
T1163,4,0.604,41.2,0.327
T1163,5,0.618,43.7,0.312
T1163,6,0.634,44.6,0.358
T1163,7,0.691,44.0,0.355
T1163,8,0.664,45.8,0.347
T1163,9,0.645,46.2,0.397
T1163,10,0.699,46.6,0.395
T1163,11,0.695,45.6,0.39
T1164,0,0.599,64.9,0.711
T1164,1,0.586,66.1,0.719
T1164,2,0.565,63.7,0.724
T1164,3,0.526,66.3,0.748
T1164,4,0.548,64.3,0.787
T1164,5,0.53,66.5,0.746
T1164,6,0.505,66.0,0.762
T1164,7,0.525,64.3,0.792
T1164,8,0.502,62.1,0.784
T1164,9,0.471,61.8,0.849
T1164,10,0.474,63.1,0.845
T1164,11,0.462,62.3,0.88
T1165,0,0.645,62.2,0.562
T1165,1,0.632,63.8,0.547
T1165,2,0.659,65.2,0.524
T1165,3,0.661,62.4,0.481
T1165,4,0.646,61.4,0.43
T1165,5,0.68,60.4,0.461
T1165,6,0.637,60.2,0.432
T1165,7,0.605,58.8,0.424
T1165,8,0.587,58.6,0.381
T1165,9,0.599,55.2,0.355
T1165,10,0.608,58.1,0.344
T1165,11,0.603,56.2,0.318
T1166,0,0.752,48.2,0.22
T1166,1,0.775,49.1,0.176
T1166,2,0.762,49.0,0.203
T1166,3,0.739,49.1,0.186
T1166,4,0.736,49.4,0.176
T1166,5,0.697,50.4,0.185
T1166,6,0.684,49.5,0.22
T1166,7,0.699,46.8,0.204
T1166,8,0.691,47.2,0.213
T1166,9,0.63,47.8,0.257
T1166,10,0.631,45.7,0.261
T1166,11,0.64,46.8,0.212
T1167,0,0.643,48.5,0.357
T1167,1,0.663,52.7,0.317
T1167,2,0.613,49.7,0.349
T1167,3,0.636,49.8,0.331
T1167,4,0.615,50.8,0.314
T1167,5,0.604,53.7,0.37
T1167,6,0.6,49.7,0.347
T1167,7,0.586,53.7,0.346
T1167,8,0.576,52.1,0.341
T1167,9,0.581,53.3,0.328
T1167,10,0.599,52.4,0.298
T1167,11,0.58,53.8,0.306
T1168,0,0.604,66.9,0.917
T1168,1,0.583,68.3,0.877
T1168,2,0.554,66.2,0.872
T1168,3,0.568,70.0,0.833
T1168,4,0.491,65.0,0.875
T1168,5,0.491,69.2,0.87
T1168,6,0.489,64.8,0.853
T1168,7,0.497,65.0,0.847
T1168,8,0.503,65.7,0.841
T1168,9,0.472,63.6,0.807
T1168,10,0.467,63.8,0.799
T1168,11,0.492,63.2,0.807
T1169,0,0.606,48.4,0.311
T1169,1,0.6,47.4,0.272
T1169,2,0.629,48.0,0.315
T1169,3,0.616,50.9,0.285
T1169,4,0.651,51.3,0.286
T1169,5,0.593,51.5,0.284
T1169,6,0.614,53.1,0.286
T1169,7,0.614,52.1,0.288
T1169,8,0.639,51.6,0.291
T1169,9,0.588,52.1,0.259
T1169,10,0.618,54.0,0.291
T1169,11,0.592,55.2,0.233
T1170,0,0.388,47.0,0.897
T1170,1,0.388,51.6,0.866
T1170,2,0.35,52.7,0.854
T1170,3,0.399,54.3,0.791
T1170,4,0.408,55.8,0.819
T1170,5,0.399,56.0,0.794
T1170,6,0.379,58.2,0.786
T1170,7,0.419,61.1,0.733
T1170,8,0.416,60.7,0.769
T1170,9,0.388,65.8,0.764
T1170,10,0.398,65.7,0.753
T1170,11,0.418,65.5,0.68
T1171,0,0.781,70.0,0.721
T1171,1,0.751,69.1,0.731
T1171,2,0.738,72.8,0.803
T1171,3,0.7,70.7,0.818
T1171,4,0.681,68.2,0.762
T1171,5,0.706,66.9,0.748
T1171,6,0.667,65.1,0.733
T1171,7,0.633,66.6,0.726
T1171,8,0.635,67.4,0.77
T1171,9,0.609,64.9,0.774
T1171,10,0.606,63.5,0.792
T1171,11,0.574,64.4,0.814
T1172,0,0.271,81.9,0.835
T1172,1,0.29,80.6,0.892
T1172,2,0.279,79.6,0.88
T1172,3,0.323,76.9,0.854
T1172,4,0.319,75.8,0.9
T1172,5,0.367,72.0,0.885
T1172,6,0.338,72.9,0.85
T1172,7,0.359,71.8,0.886
T1172,8,0.332,68.9,0.903
T1172,9,0.421,68.8,0.882
T1172,10,0.393,64.8,0.891
T1172,11,0.39,66.8,0.895
T1173,0,1.0,58.4,0.869
T1173,1,1.0,58.0,0.87
T1173,2,0.966,56.8,0.875
T1173,3,0.94,55.6,0.902
T1173,4,0.913,53.5,0.84
T1173,5,0.897,53.1,0.846
T1173,6,0.899,53.5,0.815
T1173,7,0.865,53.2,0.786
T1173,8,0.822,51.3,0.772
T1173,9,0.771,50.5,0.796
T1173,10,0.829,50.0,0.755
T1173,11,0.787,48.7,0.751
T1174,0,0.976,51.3,0.59
T1174,1,0.988,50.1,0.596
T1174,2,0.944,51.1,0.537
T1174,3,0.918,51.8,0.534
T1174,4,0.94,49.4,0.549
T1174,5,0.894,50.0,0.516
T1174,6,0.898,47.9,0.511
T1174,7,0.879,50.1,0.519
T1174,8,0.867,50.9,0.52
T1174,9,0.839,47.5,0.515
T1174,10,0.828,51.1,0.496
T1174,11,0.806,51.1,0.487
T1175,0,0.705,58.8,0.713
T1175,1,0.751,60.8,0.744
T1175,2,0.699,58.2,0.707
T1175,3,0.698,59.2,0.69
T1175,4,0.679,58.5,0.729
T1175,5,0.636,60.1,0.686
T1175,6,0.662,58.8,0.686
T1175,7,0.592,60.0,0.696
T1175,8,0.637,60.3,0.695
T1175,9,0.61,59.0,0.677
T1175,10,0.584,62.8,0.665
T1175,11,0.553,58.5,0.685
T1176,0,0.587,48.3,0.713
T1176,1,0.594,51.3,0.777
T1176,2,0.569,50.0,0.752
T1176,3,0.592,51.1,0.744
T1176,4,0.587,53.8,0.757
T1176,5,0.556,55.1,0.731
T1176,6,0.573,55.8,0.747
T1176,7,0.55,55.3,0.735
T1176,8,0.557,56.3,0.747
T1176,9,0.523,57.1,0.773
T1176,10,0.543,59.5,0.733
T1176,11,0.503,59.4,0.725
T1177,0,0.408,40.1,0.851
T1177,1,0.423,42.8,0.846
T1177,2,0.425,43.8,0.851
T1177,3,0.442,46.8,0.816
T1177,4,0.435,49.6,0.837
T1177,5,0.461,50.3,0.826
T1177,6,0.457,49.8,0.811
T1177,7,0.488,51.8,0.84
T1177,8,0.471,54.9,0.828
T1177,9,0.444,58.7,0.8
T1177,10,0.522,60.2,0.817
T1177,11,0.527,59.2,0.825
T1178,0,0.126,66.7,0.155
T1178,1,0.183,67.9,0.129
T1178,2,0.219,66.9,0.137
T1178,3,0.224,68.6,0.164
T1178,4,0.278,67.4,0.182
T1178,5,0.294,67.9,0.149
T1178,6,0.283,67.7,0.191
T1178,7,0.361,64.5,0.173
T1178,8,0.344,66.9,0.238
T1178,9,0.339,64.5,0.194
T1178,10,0.409,64.9,0.243
T1178,11,0.429,63.3,0.233
T1179,0,0.789,50.6,0.199
T1179,1,0.774,51.8,0.211
T1179,2,0.817,50.6,0.224
T1179,3,0.813,51.1,0.242
T1179,4,0.788,49.4,0.237
T1179,5,0.792,48.0,0.244
T1179,6,0.722,48.3,0.289
T1179,7,0.772,45.5,0.234
T1179,8,0.766,47.6,0.241
T1179,9,0.781,45.1,0.271
T1179,10,0.705,46.2,0.287
T1179,11,0.733,47.1,0.298
T1180,0,0.611,49.3,0.411
T1180,1,0.574,47.5,0.42
T1180,2,0.589,47.0,0.409
T1180,3,0.599,47.2,0.402
T1180,4,0.638,45.9,0.411
T1180,5,0.614,50.4,0.409
T1180,6,0.666,47.2,0.45
T1180,7,0.645,49.6,0.426
T1180,8,0.614,45.2,0.428
T1180,9,0.671,45.7,0.457
T1180,10,0.632,47.0,0.455
T1180,11,0.665,47.0,0.445
T1181,0,0.381,56.1,0.391
T1181,1,0.326,56.5,0.416
T1181,2,0.408,52.4,0.382
T1181,3,0.409,55.9,0.45
T1181,4,0.387,54.4,0.419
T1181,5,0.398,51.6,0.439
T1181,6,0.389,51.2,0.464
T1181,7,0.38,48.3,0.469
T1181,8,0.368,47.7,0.481
T1181,9,0.379,46.4,0.472
T1181,10,0.382,46.5,0.477
T1181,11,0.401,46.3,0.479
T1182,0,0.555,77.7,0.775
T1182,1,0.571,76.6,0.792
T1182,2,0.55,76.2,0.819
T1182,3,0.584,71.2,0.813
T1182,4,0.601,70.6,0.812
T1182,5,0.576,70.4,0.803
T1182,6,0.603,72.5,0.831
T1182,7,0.579,69.5,0.827
T1182,8,0.567,67.3,0.832
T1182,9,0.563,63.8,0.864
T1182,10,0.592,63.1,0.886
T1182,11,0.583,64.4,0.849
T1183,0,0.483,51.0,0.656
T1183,1,0.444,54.5,0.673
T1183,2,0.457,53.7,0.653
T1183,3,0.483,54.4,0.652
T1183,4,0.488,52.4,0.677
T1183,5,0.455,57.1,0.663
T1183,6,0.484,56.1,0.632
T1183,7,0.488,59.7,0.598
T1183,8,0.487,59.4,0.615
T1183,9,0.509,57.5,0.645
T1183,10,0.52,58.8,0.595
T1183,11,0.515,57.6,0.614
T1184,0,0.56,67.2,0.646
T1184,1,0.533,67.5,0.686
T1184,2,0.567,66.1,0.699
T1184,3,0.531,67.0,0.662
T1184,4,0.561,67.0,0.642
T1184,5,0.497,64.8,0.589
T1184,6,0.482,65.6,0.604
T1184,7,0.506,66.6,0.624
T1184,8,0.417,64.5,0.59
T1184,9,0.425,64.6,0.583
T1184,10,0.423,64.9,0.567
T1184,11,0.413,67.2,0.572
T1185,0,0.961,34.0,0.774
T1185,1,0.98,35.6,0.748
T1185,2,0.938,36.3,0.751
T1185,3,0.962,38.9,0.742
T1185,4,0.907,40.1,0.705
T1185,5,0.877,44.3,0.731
T1185,6,0.902,42.0,0.725
T1185,7,0.93,44.5,0.682
T1185,8,0.881,47.2,0.679
T1185,9,0.869,48.2,0.672
T1185,10,0.861,48.5,0.658
T1185,11,0.831,48.1,0.618
T1186,0,0.947,49.3,0.485
T1186,1,0.92,52.3,0.527
T1186,2,0.925,52.2,0.495
T1186,3,0.935,50.4,0.558
T1186,4,0.872,49.0,0.544
T1186,5,0.848,52.8,0.569
T1186,6,0.911,53.8,0.594
T1186,7,0.862,54.0,0.631
T1186,8,0.828,56.6,0.644
T1186,9,0.846,55.8,0.626
T1186,10,0.79,56.4,0.649
T1186,11,0.806,58.1,0.668
T1187,0,0.682,46.7,0.713
T1187,1,0.64,48.4,0.69
T1187,2,0.662,48.1,0.713
T1187,3,0.676,49.2,0.672
T1187,4,0.692,52.9,0.665
T1187,5,0.638,50.8,0.658
T1187,6,0.62,52.2,0.653
T1187,7,0.608,51.4,0.631
T1187,8,0.574,54.8,0.623
T1187,9,0.606,53.3,0.633
T1187,10,0.585,56.4,0.613
T1187,11,0.532,59.7,0.596
T1188,0,0.562,58.9,0.845
T1188,1,0.582,56.4,0.837
T1188,2,0.633,58.5,0.871
T1188,3,0.626,58.7,0.841
T1188,4,0.609,52.6,0.845
T1188,5,0.626,57.2,0.787
T1188,6,0.609,54.4,0.767
T1188,7,0.657,55.2,0.788
T1188,8,0.679,54.5,0.799
T1188,9,0.69,53.4,0.752
T1188,10,0.676,53.4,0.767
T1188,11,0.679,50.9,0.794
T1189,0,0.538,44.8,0.442
T1189,1,0.497,42.7,0.437
T1189,2,0.516,45.0,0.419
T1189,3,0.562,44.5,0.429
T1189,4,0.493,44.4,0.437
T1189,5,0.453,43.1,0.415
T1189,6,0.442,42.5,0.384
T1189,7,0.418,43.6,0.425
T1189,8,0.425,46.2,0.407
T1189,9,0.442,43.4,0.397
T1189,10,0.396,42.1,0.366
T1189,11,0.393,43.8,0.378
T1190,0,0.828,43.8,0.594
T1190,1,0.804,43.8,0.615
T1190,2,0.808,43.3,0.641
T1190,3,0.821,40.6,0.612
T1190,4,0.768,42.9,0.626
T1190,5,0.797,41.3,0.629
T1190,6,0.788,45.8,0.643
T1190,7,0.77,44.0,0.652
T1190,8,0.818,42.8,0.688
T1190,9,0.799,45.9,0.683
T1190,10,0.794,48.1,0.735
T1190,11,0.808,46.5,0.673
T1191,0,0.617,42.4,0.118
T1191,1,0.65,43.4,0.1
T1191,2,0.662,43.7,0.1
T1191,3,0.66,43.4,0.114
T1191,4,0.688,44.3,0.118
T1191,5,0.622,42.9,0.12
T1191,6,0.641,47.0,0.208
T1191,7,0.594,43.7,0.154
T1191,8,0.662,41.9,0.205
T1191,9,0.641,44.4,0.185
T1191,10,0.639,42.7,0.211
T1191,11,0.63,44.2,0.195
T1192,0,0.542,30.5,0.152
T1192,1,0.564,30.0,0.15
T1192,2,0.545,32.6,0.195
T1192,3,0.573,30.3,0.21
T1192,4,0.601,36.4,0.201
T1192,5,0.61,32.1,0.245
T1192,6,0.592,34.9,0.251
T1192,7,0.628,37.5,0.265
T1192,8,0.635,36.5,0.283
T1192,9,0.672,39.7,0.353
T1192,10,0.68,42.3,0.35
T1192,11,0.675,40.4,0.36
T1193,0,0.518,57.7,0.922
T1193,1,0.522,58.2,0.92
T1193,2,0.54,60.5,0.945
T1193,3,0.542,61.7,0.94
T1193,4,0.553,62.2,0.922
T1193,5,0.486,60.9,0.934
T1193,6,0.539,64.9,0.903
T1193,7,0.493,64.4,0.929
T1193,8,0.513,67.0,0.939
T1193,9,0.523,67.9,0.932
T1193,10,0.51,69.3,0.963
T1193,11,0.493,70.4,0.955
T1194,0,0.695,58.4,0.7
T1194,1,0.671,61.4,0.652
T1194,2,0.668,59.6,0.662
T1194,3,0.707,59.5,0.679
T1194,4,0.713,61.0,0.684
T1194,5,0.703,60.8,0.66
T1194,6,0.74,58.7,0.662
T1194,7,0.688,56.9,0.691
T1194,8,0.717,57.9,0.639
T1194,9,0.682,55.3,0.667
T1194,10,0.704,57.0,0.716
T1194,11,0.699,55.0,0.695
T1195,0,0.804,78.1,0.617
T1195,1,0.789,78.0,0.604
T1195,2,0.797,77.7,0.687
T1195,3,0.776,78.4,0.67
T1195,4,0.793,73.0,0.699
T1195,5,0.768,74.6,0.734
T1195,6,0.773,71.1,0.758
T1195,7,0.743,75.3,0.805
T1195,8,0.753,71.0,0.856
T1195,9,0.732,68.7,0.809
T1195,10,0.731,68.2,0.855
T1195,11,0.75,68.3,0.86
T1196,0,0.497,66.2,0.895
T1196,1,0.455,63.3,0.866
T1196,2,0.5,65.0,0.853
T1196,3,0.481,61.6,0.809
T1196,4,0.485,60.4,0.81
T1196,5,0.478,62.2,0.765
T1196,6,0.544,63.3,0.743
T1196,7,0.541,59.8,0.749
T1196,8,0.562,61.6,0.727
T1196,9,0.501,61.5,0.653
T1196,10,0.532,61.1,0.683
T1196,11,0.588,55.2,0.607
T1197,0,0.934,51.5,0.537
T1197,1,0.891,51.1,0.571
T1197,2,0.89,49.7,0.537
T1197,3,0.864,50.2,0.556
T1197,4,0.843,52.8,0.537
T1197,5,0.825,50.3,0.577
T1197,6,0.784,44.5,0.57
T1197,7,0.772,49.0,0.6
T1197,8,0.778,49.6,0.597
T1197,9,0.76,47.3,0.56
T1197,10,0.738,46.5,0.619
T1197,11,0.715,45.6,0.656
T1198,0,0.33,61.5,0.978
T1198,1,0.379,60.3,0.95
T1198,2,0.352,61.0,0.956
T1198,3,0.358,60.9,0.906
T1198,4,0.322,59.5,0.872
T1198,5,0.341,61.0,0.841
T1198,6,0.346,59.8,0.852
T1198,7,0.327,60.4,0.785
T1198,8,0.371,58.8,0.797
T1198,9,0.391,59.2,0.809
T1198,10,0.397,57.8,0.759
T1198,11,0.415,59.9,0.761
T1199,0,0.822,40.6,0.197
T1199,1,0.817,43.2,0.268
T1199,2,0.812,42.2,0.293
T1199,3,0.828,41.0,0.326
T1199,4,0.814,44.9,0.305
T1199,5,0.827,47.7,0.325
T1199,6,0.794,47.6,0.403
T1199,7,0.786,48.2,0.427
T1199,8,0.795,52.3,0.429
T1199,9,0.758,55.0,0.443
T1199,10,0.748,58.8,0.492
T1199,11,0.774,55.1,0.517
T1200,0,0.545,47.2,0.152
T1200,1,0.535,42.3,0.209
T1200,2,0.511,46.9,0.215
T1200,3,0.487,47.4,0.218
T1200,4,0.569,45.1,0.268
T1200,5,0.547,47.0,0.329
T1200,6,0.567,48.4,0.334
T1200,7,0.587,44.6,0.364
T1200,8,0.599,46.0,0.376
T1200,9,0.608,44.3,0.362
T1200,10,0.66,44.9,0.434
T1200,11,0.612,47.6,0.377
T1201,0,0.642,54.9,0.276
T1201,1,0.648,55.9,0.27
T1201,2,0.662,56.1,0.249
T1201,3,0.625,53.0,0.304
T1201,4,0.662,57.7,0.277
T1201,5,0.63,59.0,0.278
T1201,6,0.637,60.2,0.324
T1201,7,0.61,62.4,0.322
T1201,8,0.627,62.5,0.303
T1201,9,0.659,66.0,0.337
T1201,10,0.655,62.7,0.301
T1201,11,0.631,64.3,0.348
T1202,0,0.783,73.6,0.599
T1202,1,0.769,70.4,0.649
T1202,2,0.737,65.2,0.667
T1202,3,0.741,67.5,0.653
T1202,4,0.697,71.5,0.643
T1202,5,0.722,69.0,0.652
T1202,6,0.721,62.4,0.635
T1202,7,0.723,64.5,0.617
T1202,8,0.715,61.2,0.626
T1202,9,0.728,64.1,0.626
T1202,10,0.711,60.3,0.696
T1202,11,0.703,61.9,0.629
T1203,0,0.347,55.3,0.102
T1203,1,0.352,55.2,0.1
T1203,2,0.389,56.7,0.149
T1203,3,0.379,56.0,0.147
T1203,4,0.397,54.3,0.169
T1203,5,0.412,53.6,0.129
T1203,6,0.421,56.7,0.156
T1203,7,0.468,52.5,0.157
T1203,8,0.433,52.7,0.19
T1203,9,0.451,49.5,0.192
T1203,10,0.493,54.0,0.184
T1203,11,0.496,52.1,0.213
T1204,0,0.968,38.0,0.679
T1204,1,0.957,43.6,0.701
T1204,2,0.951,42.5,0.667
T1204,3,0.918,44.6,0.658
T1204,4,0.876,46.5,0.682
T1204,5,0.912,43.6,0.657
T1204,6,0.849,48.2,0.677
T1204,7,0.877,46.9,0.652
T1204,8,0.861,48.3,0.658
T1204,9,0.843,48.9,0.646
T1204,10,0.806,47.4,0.625
T1204,11,0.803,51.5,0.646
T1205,0,0.641,52.6,0.838
T1205,1,0.647,53.5,0.841
T1205,2,0.651,52.9,0.814
T1205,3,0.684,52.1,0.857
T1205,4,0.654,53.5,0.827
T1205,5,0.657,53.7,0.857
T1205,6,0.678,52.7,0.808
T1205,7,0.659,55.2,0.86
T1205,8,0.677,51.9,0.865
T1205,9,0.71,51.7,0.868
T1205,10,0.666,52.8,0.851
T1205,11,0.649,52.1,0.837
T1206,0,0.545,35.1,0.391
T1206,1,0.523,36.3,0.423
T1206,2,0.549,36.5,0.389
T1206,3,0.531,37.4,0.411
T1206,4,0.547,37.8,0.421
T1206,5,0.58,38.0,0.375
T1206,6,0.565,37.6,0.371
T1206,7,0.57,37.8,0.374
T1206,8,0.606,38.7,0.368
T1206,9,0.637,38.2,0.363
T1206,10,0.665,38.7,0.294
T1206,11,0.65,37.8,0.347
T1207,0,0.617,35.1,0.58
T1207,1,0.668,35.4,0.557
T1207,2,0.645,40.9,0.587
T1207,3,0.624,40.0,0.515
T1207,4,0.621,43.2,0.598
T1207,5,0.631,49.4,0.563
T1207,6,0.625,48.1,0.552
T1207,7,0.613,52.4,0.586
T1207,8,0.607,54.7,0.567
T1207,9,0.634,53.5,0.563
T1207,10,0.572,55.7,0.606
T1207,11,0.593,58.3,0.528
T1208,0,0.39,69.2,0.575
T1208,1,0.368,66.0,0.564
T1208,2,0.392,67.9,0.574
T1208,3,0.384,68.8,0.531
T1208,4,0.383,66.1,0.559
T1208,5,0.379,66.9,0.615
T1208,6,0.384,67.0,0.644
T1208,7,0.338,63.9,0.569
T1208,8,0.354,65.3,0.602
T1208,9,0.325,61.8,0.599
T1208,10,0.306,62.7,0.588
T1208,11,0.331,59.4,0.636
T1209,0,1.0,84.0,0.436
T1209,1,0.989,81.5,0.454
T1209,2,0.965,80.7,0.425
T1209,3,0.948,78.0,0.426
T1209,4,0.892,77.2,0.378
T1209,5,0.861,76.6,0.404
T1209,6,0.888,74.6,0.358
T1209,7,0.849,72.3,0.383
T1209,8,0.828,70.6,0.384
T1209,9,0.783,66.9,0.336
T1209,10,0.754,70.1,0.302
T1209,11,0.762,64.8,0.305
T1210,0,0.603,58.9,0.427
T1210,1,0.572,59.7,0.451
T1210,2,0.556,57.2,0.47
T1210,3,0.528,58.8,0.47
T1210,4,0.577,58.1,0.482
T1210,5,0.539,58.2,0.474
T1210,6,0.538,58.1,0.512
T1210,7,0.495,55.7,0.538
T1210,8,0.523,56.0,0.524
T1210,9,0.484,58.2,0.517
T1210,10,0.525,54.4,0.57
T1210,11,0.46,56.9,0.597
T1211,0,0.905,78.4,0.532
T1211,1,0.86,74.0,0.595
T1211,2,0.847,75.7,0.539
T1211,3,0.838,74.7,0.601
T1211,4,0.797,73.6,0.587
T1211,5,0.768,73.3,0.594
T1211,6,0.713,70.9,0.643
T1211,7,0.668,71.0,0.613
T1211,8,0.643,68.6,0.618
T1211,9,0.656,69.7,0.646
T1211,10,0.604,66.9,0.644
T1211,11,0.557,67.1,0.671
T1212,0,0.42,46.0,0.321
T1212,1,0.408,47.4,0.304
T1212,2,0.427,44.5,0.352
T1212,3,0.436,45.5,0.355
T1212,4,0.426,42.4,0.366
T1212,5,0.459,43.9,0.397
T1212,6,0.439,44.3,0.394
T1212,7,0.481,42.9,0.423
T1212,8,0.472,42.7,0.459
T1212,9,0.492,43.3,0.419
T1212,10,0.461,42.1,0.496
T1212,11,0.499,42.2,0.51
T1213,0,0.432,65.5,0.844
T1213,1,0.46,64.0,0.821
T1213,2,0.452,66.4,0.758
T1213,3,0.48,62.1,0.81
T1213,4,0.465,62.6,0.782
T1213,5,0.467,65.7,0.774
T1213,6,0.525,61.4,0.806
T1213,7,0.562,60.4,0.732
T1213,8,0.515,61.7,0.755
T1213,9,0.513,60.3,0.741
T1213,10,0.524,57.3,0.673
T1213,11,0.498,59.3,0.703
T1214,0,0.886,73.4,0.895
T1214,1,0.85,75.7,0.95
T1214,2,0.856,77.2,0.907
T1214,3,0.811,73.6,0.91
T1214,4,0.787,73.6,0.902
T1214,5,0.75,73.6,0.885
T1214,6,0.755,74.3,0.843
T1214,7,0.695,73.7,0.861
T1214,8,0.731,73.6,0.842
T1214,9,0.659,73.1,0.867
T1214,10,0.66,72.4,0.846
T1214,11,0.65,71.3,0.85
T1215,0,0.357,44.7,0.283
T1215,1,0.371,47.2,0.286
T1215,2,0.39,46.6,0.323
T1215,3,0.377,48.1,0.301
T1215,4,0.403,46.5,0.285
T1215,5,0.387,49.3,0.314
T1215,6,0.388,47.7,0.328
T1215,7,0.381,52.8,0.279
T1215,8,0.381,50.5,0.326
T1215,9,0.39,49.0,0.342
T1215,10,0.415,52.6,0.281
T1215,11,0.406,52.7,0.289
T1216,0,0.268,81.0,0.741
T1216,1,0.32,78.0,0.722
T1216,2,0.343,77.4,0.699
T1216,3,0.358,76.0,0.734
T1216,4,0.348,75.8,0.751
T1216,5,0.405,75.4,0.738
T1216,6,0.435,74.8,0.738
T1216,7,0.427,72.8,0.696
T1216,8,0.418,72.3,0.701
T1216,9,0.445,73.1,0.703
T1216,10,0.491,69.6,0.703
T1216,11,0.524,69.7,0.692
T1217,0,0.646,50.1,0.533
T1217,1,0.666,51.9,0.502
T1217,2,0.664,51.3,0.507
T1217,3,0.662,53.8,0.522
T1217,4,0.689,50.4,0.558
T1217,5,0.717,49.6,0.532
T1217,6,0.698,50.8,0.515
T1217,7,0.75,52.4,0.515
T1217,8,0.753,48.5,0.519
T1217,9,0.721,50.7,0.555
T1217,10,0.783,50.6,0.573
T1217,11,0.772,51.6,0.542
T1218,0,0.568,57.7,0.67
T1218,1,0.541,60.6,0.699
T1218,2,0.573,57.8,0.675
T1218,3,0.566,58.0,0.7
T1218,4,0.581,60.2,0.676
T1218,5,0.59,60.6,0.669
T1218,6,0.585,58.4,0.634
T1218,7,0.579,58.1,0.618
T1218,8,0.578,59.1,0.645
T1218,9,0.584,62.3,0.669
T1218,10,0.563,57.2,0.588
T1218,11,0.601,58.9,0.592
T1219,0,0.588,65.1,0.194
T1219,1,0.617,65.2,0.138
T1219,2,0.631,62.9,0.191
T1219,3,0.605,60.4,0.186
T1219,4,0.585,60.4,0.193
T1219,5,0.618,57.3,0.236
T1219,6,0.564,58.8,0.254
T1219,7,0.643,58.8,0.263
T1219,8,0.583,57.4,0.274
T1219,9,0.608,55.5,0.327
T1219,10,0.619,55.7,0.321
T1219,11,0.589,52.6,0.319
T1220,0,0.446,70.1,0.694
T1220,1,0.432,73.3,0.723
T1220,2,0.406,69.1,0.697
T1220,3,0.439,69.0,0.744
T1220,4,0.429,72.1,0.689
T1220,5,0.416,69.7,0.717
T1220,6,0.429,68.2,0.731
T1220,7,0.447,66.9,0.704
T1220,8,0.412,70.2,0.683
T1220,9,0.423,70.0,0.698
T1220,10,0.423,68.4,0.702
T1220,11,0.444,69.0,0.692
T1221,0,0.659,47.7,0.377
T1221,1,0.677,45.5,0.446
T1221,2,0.689,47.6,0.456
T1221,3,0.695,49.3,0.389
T1221,4,0.723,46.5,0.418
T1221,5,0.702,45.2,0.448
T1221,6,0.719,48.0,0.463
T1221,7,0.707,46.7,0.488
T1221,8,0.744,47.8,0.422
T1221,9,0.787,48.8,0.457
T1221,10,0.754,48.8,0.434
T1221,11,0.772,46.0,0.466
T1222,0,0.446,58.1,0.354
T1222,1,0.433,59.9,0.344
T1222,2,0.457,57.8,0.376
T1222,3,0.429,60.3,0.383
T1222,4,0.429,57.2,0.423
T1222,5,0.446,57.6,0.453
T1222,6,0.453,59.0,0.452
T1222,7,0.447,58.1,0.483
T1222,8,0.484,57.7,0.495
T1222,9,0.454,56.5,0.505
T1222,10,0.448,59.9,0.537
T1222,11,0.428,59.4,0.591
T1223,0,0.512,40.0,0.456
T1223,1,0.535,42.2,0.496
T1223,2,0.509,41.5,0.479
T1223,3,0.548,41.4,0.455
T1223,4,0.549,44.6,0.481
T1223,5,0.562,44.8,0.451
T1223,6,0.561,44.9,0.459
T1223,7,0.572,43.3,0.48
T1223,8,0.61,48.6,0.529
T1223,9,0.598,48.2,0.487
T1223,10,0.596,50.6,0.511
T1223,11,0.627,50.9,0.478
T1224,0,0.387,75.8,0.628
T1224,1,0.382,75.8,0.659
T1224,2,0.394,74.6,0.651
T1224,3,0.364,74.1,0.642
T1224,4,0.327,75.7,0.623
T1224,5,0.361,77.0,0.68
T1224,6,0.307,76.8,0.657
T1224,7,0.398,74.3,0.622
T1224,8,0.324,73.9,0.641
T1224,9,0.33,74.3,0.644
T1224,10,0.349,73.4,0.638
T1224,11,0.32,74.2,0.616
T1225,0,0.36,71.0,1.0
T1225,1,0.418,67.9,0.997
T1225,2,0.438,70.0,0.964
T1225,3,0.405,71.4,0.981
T1225,4,0.359,73.0,1.0
T1225,5,0.413,71.5,0.94
T1225,6,0.443,70.5,0.918
T1225,7,0.478,71.0,0.916
T1225,8,0.497,73.6,0.925
T1225,9,0.494,71.1,0.859
T1225,10,0.496,73.0,0.858
T1225,11,0.537,72.2,0.856
T1226,0,0.447,58.6,0.572
T1226,1,0.473,56.7,0.636
T1226,2,0.489,59.5,0.582
T1226,3,0.503,58.1,0.63
T1226,4,0.515,61.8,0.628
T1226,5,0.54,62.1,0.645
T1226,6,0.569,61.5,0.623
T1226,7,0.565,61.7,0.707
T1226,8,0.586,60.7,0.718
T1226,9,0.604,62.0,0.709
T1226,10,0.612,63.0,0.685
T1226,11,0.63,63.6,0.731
T1227,0,0.565,54.7,0.561
T1227,1,0.544,52.1,0.601
T1227,2,0.558,52.9,0.559
T1227,3,0.565,52.5,0.63
T1227,4,0.565,54.5,0.614
T1227,5,0.571,55.0,0.651
T1227,6,0.617,56.9,0.664
T1227,7,0.612,53.6,0.647
T1227,8,0.609,56.7,0.668
T1227,9,0.645,56.9,0.681
T1227,10,0.664,57.7,0.765
T1227,11,0.651,57.8,0.75
T1228,0,0.597,59.7,0.586
T1228,1,0.607,59.0,0.618
T1228,2,0.606,59.7,0.586
T1228,3,0.612,55.9,0.573
T1228,4,0.6,57.5,0.589
T1228,5,0.66,58.8,0.581
T1228,6,0.654,58.1,0.575
T1228,7,0.712,54.2,0.572
T1228,8,0.69,54.8,0.567
T1228,9,0.676,56.5,0.515
T1228,10,0.689,55.1,0.529
T1228,11,0.707,53.1,0.531
T1229,0,0.649,50.6,0.324
T1229,1,0.627,48.4,0.343
T1229,2,0.652,51.0,0.395
T1229,3,0.624,50.7,0.377
T1229,4,0.628,48.3,0.398
T1229,5,0.678,50.3,0.434
T1229,6,0.663,51.3,0.422
T1229,7,0.683,53.0,0.496
T1229,8,0.728,53.3,0.511
T1229,9,0.704,53.1,0.521
T1229,10,0.711,51.3,0.554
T1229,11,0.752,52.5,0.569
T1230,0,0.326,69.0,0.1
T1230,1,0.307,71.4,0.1
T1230,2,0.34,67.5,0.119
T1230,3,0.28,67.8,0.107
T1230,4,0.271,65.9,0.106
T1230,5,0.266,66.0,0.112
T1230,6,0.254,63.6,0.1
T1230,7,0.251,63.2,0.181
T1230,8,0.249,62.5,0.134
T1230,9,0.225,61.1,0.159
T1230,10,0.218,58.0,0.174
T1230,11,0.232,58.8,0.179
T1231,0,0.654,64.9,0.517
T1231,1,0.654,62.7,0.521
T1231,2,0.727,62.9,0.514
T1231,3,0.678,59.1,0.529
T1231,4,0.7,61.9,0.506
T1231,5,0.687,61.0,0.532
T1231,6,0.682,62.0,0.519
T1231,7,0.68,61.0,0.558
T1231,8,0.69,58.0,0.538
T1231,9,0.668,59.1,0.521
T1231,10,0.741,57.9,0.513
T1231,11,0.686,57.5,0.504
T1232,0,0.374,74.2,0.681
T1232,1,0.358,72.4,0.676
T1232,2,0.348,73.4,0.678
T1232,3,0.374,73.2,0.7
T1232,4,0.331,72.3,0.636
T1232,5,0.353,72.1,0.661
T1232,6,0.364,70.3,0.669
T1232,7,0.34,72.2,0.643
T1232,8,0.365,69.7,0.692
T1232,9,0.282,71.7,0.631
T1232,10,0.308,73.7,0.728
T1232,11,0.294,70.1,0.715
T1233,0,0.956,64.0,0.915
T1233,1,0.859,63.7,0.917
T1233,2,0.878,61.2,0.872
T1233,3,0.804,60.3,0.905
T1233,4,0.813,59.6,0.906
T1233,5,0.791,57.6,0.859
T1233,6,0.756,54.2,0.842
T1233,7,0.755,55.0,0.879
T1233,8,0.688,54.5,0.893
T1233,9,0.679,50.7,0.841
T1233,10,0.706,51.2,0.811
T1233,11,0.695,48.6,0.846
T1234,0,0.84,45.6,0.836
T1234,1,0.815,42.4,0.823
T1234,2,0.791,49.0,0.821
T1234,3,0.789,47.9,0.839
T1234,4,0.766,46.5,0.821
T1234,5,0.747,50.5,0.86
T1234,6,0.747,50.9,0.805
T1234,7,0.704,50.9,0.819
T1234,8,0.654,53.0,0.84
T1234,9,0.661,53.3,0.85
T1234,10,0.609,52.9,0.787
T1234,11,0.598,57.0,0.85
T1235,0,0.901,57.6,0.175
T1235,1,0.86,52.9,0.195
T1235,2,0.82,55.2,0.176
T1235,3,0.811,54.1,0.175
T1235,4,0.761,49.8,0.226
T1235,5,0.748,51.6,0.23
T1235,6,0.712,45.9,0.216
T1235,7,0.667,45.2,0.194
T1235,8,0.672,44.9,0.192
T1235,9,0.641,44.1,0.201
T1235,10,0.579,43.3,0.197
T1235,11,0.56,42.0,0.23
T1236,0,0.619,35.1,0.262
T1236,1,0.658,36.2,0.201
T1236,2,0.602,38.3,0.268
T1236,3,0.682,38.7,0.242
T1236,4,0.665,41.9,0.245
T1236,5,0.692,38.3,0.254
T1236,6,0.709,40.5,0.279
T1236,7,0.705,46.3,0.241
T1236,8,0.731,46.0,0.232
T1236,9,0.729,45.9,0.271
T1236,10,0.789,47.9,0.258
T1236,11,0.771,49.3,0.261
T1237,0,0.612,70.7,0.455
T1237,1,0.624,65.1,0.487
T1237,2,0.606,65.2,0.52
T1237,3,0.627,65.0,0.469
T1237,4,0.602,62.5,0.49
T1237,5,0.589,59.3,0.493
T1237,6,0.582,59.4,0.502
T1237,7,0.582,57.1,0.536
T1237,8,0.65,55.5,0.506
T1237,9,0.601,52.6,0.469
T1237,10,0.632,51.5,0.524
T1237,11,0.619,53.1,0.518
T1238,0,0.398,68.9,0.947
T1238,1,0.386,63.5,0.99
T1238,2,0.404,63.9,0.967
T1238,3,0.433,62.6,0.892
T1238,4,0.438,64.1,0.896
T1238,5,0.447,61.8,0.921
T1238,6,0.413,63.7,0.905
T1238,7,0.429,62.3,0.914
T1238,8,0.418,65.0,0.886
T1238,9,0.459,61.5,0.874
T1238,10,0.439,61.6,0.859
T1238,11,0.493,59.8,0.847
T1239,0,0.386,62.8,0.222
T1239,1,0.369,65.1,0.225
T1239,2,0.412,63.4,0.242
T1239,3,0.369,63.4,0.214
T1239,4,0.402,65.6,0.213
T1239,5,0.41,65.5,0.25
T1239,6,0.395,63.3,0.24
T1239,7,0.413,66.9,0.243
T1239,8,0.36,65.0,0.216
T1239,9,0.389,65.9,0.235
T1239,10,0.383,65.1,0.219
T1239,11,0.409,65.9,0.207
T1240,0,0.489,51.9,0.768
T1240,1,0.507,52.7,0.719
T1240,2,0.51,52.8,0.711
T1240,3,0.498,54.3,0.696
T1240,4,0.508,52.6,0.739
T1240,5,0.512,56.5,0.71
T1240,6,0.518,53.9,0.66
T1240,7,0.523,55.3,0.646
T1240,8,0.549,58.7,0.631
T1240,9,0.591,56.9,0.684
T1240,10,0.583,56.0,0.64
T1240,11,0.642,60.3,0.619
T1241,0,0.886,58.4,0.579
T1241,1,0.827,57.7,0.611
T1241,2,0.8,56.9,0.589
T1241,3,0.822,55.3,0.575
T1241,4,0.771,54.8,0.619
T1241,5,0.76,57.3,0.554
T1241,6,0.721,53.5,0.537
T1241,7,0.684,52.5,0.565
T1241,8,0.697,54.1,0.539
T1241,9,0.651,55.0,0.529
T1241,10,0.609,55.0,0.527
T1241,11,0.606,57.1,0.548
T1242,0,0.292,55.6,0.727
T1242,1,0.32,57.8,0.682
T1242,2,0.302,53.2,0.658
T1242,3,0.339,55.9,0.694
T1242,4,0.317,54.5,0.669
T1242,5,0.388,56.6,0.67
T1242,6,0.396,57.2,0.691
T1242,7,0.38,57.5,0.675
T1242,8,0.399,56.2,0.712
T1242,9,0.456,58.3,0.678
T1242,10,0.444,54.6,0.661
T1242,11,0.459,56.1,0.657
T1243,0,0.508,48.6,0.811
T1243,1,0.501,51.6,0.831
T1243,2,0.519,49.2,0.815
T1243,3,0.515,47.7,0.771
T1243,4,0.554,48.9,0.798
T1243,5,0.499,48.8,0.777
T1243,6,0.535,49.7,0.718
T1243,7,0.56,49.4,0.717
T1243,8,0.575,50.1,0.672
T1243,9,0.581,48.1,0.696
T1243,10,0.571,48.4,0.685
T1243,11,0.563,50.6,0.652
T1244,0,0.473,52.5,0.323
T1244,1,0.543,47.9,0.307
T1244,2,0.516,47.8,0.317
T1244,3,0.55,47.4,0.32
T1244,4,0.57,49.3,0.321
T1244,5,0.57,47.2,0.335
T1244,6,0.543,50.0,0.332
T1244,7,0.566,49.8,0.35
T1244,8,0.542,48.6,0.296
T1244,9,0.576,48.5,0.318
T1244,10,0.61,46.3,0.323
T1244,11,0.643,46.9,0.3
T1245,0,0.274,47.6,0.558
T1245,1,0.263,47.6,0.542
T1245,2,0.257,48.8,0.525
T1245,3,0.294,48.6,0.569
T1245,4,0.316,47.6,0.525
T1245,5,0.357,48.8,0.468
T1245,6,0.396,50.7,0.477
T1245,7,0.377,49.5,0.492
T1245,8,0.418,48.3,0.422
T1245,9,0.453,52.2,0.435
T1245,10,0.472,48.8,0.391
T1245,11,0.499,47.8,0.371
T1246,0,0.646,53.0,0.873
T1246,1,0.609,51.8,0.821
T1246,2,0.65,53.9,0.817
T1246,3,0.629,54.7,0.806
T1246,4,0.632,52.4,0.769
T1246,5,0.62,52.6,0.759
T1246,6,0.635,54.6,0.774
T1246,7,0.649,52.7,0.728
T1246,8,0.681,55.6,0.694
T1246,9,0.685,52.4,0.698
T1246,10,0.668,54.1,0.662
T1246,11,0.675,52.7,0.632
T1247,0,0.173,71.8,0.62
T1247,1,0.191,72.3,0.618
T1247,2,0.201,70.3,0.627
T1247,3,0.213,68.0,0.584
T1247,4,0.231,69.9,0.585
T1247,5,0.289,68.9,0.539
T1247,6,0.232,67.6,0.602
T1247,7,0.269,71.1,0.533
T1247,8,0.276,66.9,0.57
T1247,9,0.295,65.8,0.517
T1247,10,0.283,70.2,0.537
T1247,11,0.371,66.2,0.548
T1248,0,0.152,55.1,0.567
T1248,1,0.144,55.2,0.554
T1248,2,0.21,55.0,0.584
T1248,3,0.2,53.2,0.582
T1248,4,0.24,57.0,0.571
T1248,5,0.257,55.8,0.634
T1248,6,0.288,57.8,0.607
T1248,7,0.284,55.4,0.62
T1248,8,0.297,60.5,0.642
T1248,9,0.343,60.7,0.698
T1248,10,0.361,60.4,0.689
T1248,11,0.344,61.3,0.691
T1249,0,0.619,48.0,0.613
T1249,1,0.593,47.9,0.614
T1249,2,0.639,47.9,0.599
T1249,3,0.595,46.6,0.59
T1249,4,0.594,48.3,0.558
T1249,5,0.63,46.4,0.562
T1249,6,0.577,48.7,0.525
T1249,7,0.562,49.8,0.554
T1249,8,0.551,46.5,0.556
T1249,9,0.579,47.2,0.502
T1249,10,0.618,49.7,0.526
T1249,11,0.531,49.5,0.53
T1250,0,0.997,44.3,0.948
T1250,1,0.956,47.0,0.987
T1250,2,0.978,45.3,0.973
T1250,3,0.955,46.8,0.978
T1250,4,0.936,44.9,0.956
T1250,5,0.937,49.9,0.944
T1250,6,0.923,48.2,0.952
T1250,7,0.886,45.9,0.907
T1250,8,0.891,50.0,0.916
T1250,9,0.887,50.7,0.883
T1250,10,0.836,52.0,0.861
T1250,11,0.844,49.6,0.868
T1251,0,0.513,67.0,0.54
T1251,1,0.498,65.7,0.577
T1251,2,0.549,67.2,0.558
T1251,3,0.528,64.8,0.57
T1251,4,0.539,64.1,0.57
T1251,5,0.549,66.7,0.558
T1251,6,0.576,66.2,0.587
T1251,7,0.552,61.7,0.567
T1251,8,0.529,61.9,0.549
T1251,9,0.545,62.2,0.564
T1251,10,0.573,60.0,0.572
T1251,11,0.556,61.1,0.56
T1252,0,1.0,51.2,0.775
T1252,1,0.971,50.1,0.724
T1252,2,0.974,51.0,0.73
T1252,3,0.963,49.7,0.764
T1252,4,0.977,50.3,0.761
T1252,5,0.947,50.7,0.74
T1252,6,0.947,45.2,0.751
T1252,7,0.896,49.6,0.727
T1252,8,0.92,47.6,0.729
T1252,9,0.878,46.3,0.714
T1252,10,0.866,46.7,0.749
T1252,11,0.875,45.8,0.733
T1253,0,0.727,41.4,0.661
T1253,1,0.7,40.2,0.657
T1253,2,0.727,45.1,0.687
T1253,3,0.699,44.6,0.654
T1253,4,0.744,47.5,0.659
T1253,5,0.678,47.0,0.665
T1253,6,0.69,49.7,0.654
T1253,7,0.682,50.9,0.611
T1253,8,0.731,52.6,0.649
T1253,9,0.703,52.9,0.595
T1253,10,0.687,56.7,0.602
T1253,11,0.722,53.2,0.604
T1254,0,0.202,58.8,0.47
T1254,1,0.2,57.1,0.444
T1254,2,0.205,59.1,0.513
T1254,3,0.27,58.5,0.439
T1254,4,0.259,57.5,0.448
T1254,5,0.282,61.3,0.413
T1254,6,0.268,57.5,0.483
T1254,7,0.328,60.0,0.432
T1254,8,0.373,58.7,0.437
T1254,9,0.389,58.0,0.426
T1254,10,0.4,57.6,0.459
T1254,11,0.454,60.0,0.463
T1255,0,0.684,41.2,0.634
T1255,1,0.65,43.6,0.604
T1255,2,0.644,45.8,0.63
T1255,3,0.61,39.6,0.616
T1255,4,0.578,45.9,0.627
T1255,5,0.585,42.2,0.622
T1255,6,0.55,43.3,0.571
T1255,7,0.563,43.1,0.601
T1255,8,0.569,43.6,0.609
T1255,9,0.527,41.5,0.597
T1255,10,0.49,40.8,0.589
T1255,11,0.497,43.4,0.592
T1256,0,0.448,57.8,0.615
T1256,1,0.406,61.3,0.575
T1256,2,0.379,59.0,0.599
T1256,3,0.373,57.8,0.608
T1256,4,0.356,59.8,0.601
T1256,5,0.399,57.7,0.582
T1256,6,0.393,61.3,0.622
T1256,7,0.399,57.1,0.611
T1256,8,0.331,56.8,0.624
T1256,9,0.367,57.8,0.599
T1256,10,0.343,56.6,0.598
T1256,11,0.341,58.3,0.545
T1257,0,0.8,61.9,0.338
T1257,1,0.786,62.2,0.316
T1257,2,0.768,63.3,0.312
T1257,3,0.744,57.7,0.348
T1257,4,0.76,64.5,0.363
T1257,5,0.728,63.8,0.37
T1257,6,0.721,59.6,0.333
T1257,7,0.721,60.9,0.386
T1257,8,0.727,61.1,0.433
T1257,9,0.698,62.5,0.433
T1257,10,0.718,62.4,0.415
T1257,11,0.667,63.9,0.44
T1258,0,0.319,40.4,0.766
T1258,1,0.328,42.2,0.754
T1258,2,0.366,41.5,0.755
T1258,3,0.373,42.9,0.784
T1258,4,0.381,46.6,0.772
T1258,5,0.403,48.5,0.73
T1258,6,0.445,49.1,0.752
T1258,7,0.424,46.0,0.721
T1258,8,0.366,49.7,0.736
T1258,9,0.425,50.6,0.716
T1258,10,0.488,55.1,0.727
T1258,11,0.48,51.8,0.704
T1259,0,0.616,54.7,0.439
T1259,1,0.642,54.2,0.476
T1259,2,0.614,55.0,0.505
T1259,3,0.626,52.2,0.477
T1259,4,0.672,52.9,0.498
T1259,5,0.599,55.1,0.511
T1259,6,0.664,53.3,0.504
T1259,7,0.664,53.6,0.516
T1259,8,0.657,53.6,0.534
T1259,9,0.687,52.5,0.554
T1259,10,0.688,59.5,0.581
T1259,11,0.65,53.6,0.572
T1260,0,0.38,54.4,0.521
T1260,1,0.456,53.9,0.548
T1260,2,0.44,56.9,0.579
T1260,3,0.483,54.7,0.6
T1260,4,0.463,56.3,0.544
T1260,5,0.482,57.6,0.579
T1260,6,0.503,58.0,0.607
T1260,7,0.497,57.3,0.578
T1260,8,0.552,60.2,0.601
T1260,9,0.585,59.1,0.668
T1260,10,0.57,59.0,0.656
T1260,11,0.616,61.6,0.662
T1261,0,0.84,56.1,0.542
T1261,1,0.809,60.5,0.571
T1261,2,0.782,57.5,0.603
T1261,3,0.784,56.5,0.589
T1261,4,0.823,57.5,0.593
T1261,5,0.779,59.5,0.639
T1261,6,0.787,61.5,0.623
T1261,7,0.798,62.5,0.6
T1261,8,0.808,60.7,0.653
T1261,9,0.823,62.2,0.639
T1261,10,0.783,67.8,0.671
T1261,11,0.789,65.5,0.706
T1262,0,0.643,57.4,0.57
T1262,1,0.648,57.9,0.595
T1262,2,0.658,53.4,0.567
T1262,3,0.618,54.6,0.56
T1262,4,0.649,53.3,0.648
T1262,5,0.622,55.7,0.629
T1262,6,0.657,54.0,0.632
T1262,7,0.611,52.9,0.646
T1262,8,0.608,54.5,0.637
T1262,9,0.552,51.7,0.664
T1262,10,0.583,52.2,0.646
T1262,11,0.571,52.7,0.694
T1263,0,0.495,44.0,0.506
T1263,1,0.436,43.5,0.487
T1263,2,0.489,45.7,0.47
T1263,3,0.443,48.9,0.441
T1263,4,0.435,49.1,0.48
T1263,5,0.41,48.7,0.474
T1263,6,0.452,51.3,0.461
T1263,7,0.462,52.8,0.499
T1263,8,0.479,50.8,0.457
T1263,9,0.462,55.0,0.472
T1263,10,0.518,51.0,0.467
T1263,11,0.489,55.3,0.46
T1264,0,0.418,53.1,0.387
T1264,1,0.413,52.2,0.359
T1264,2,0.439,54.1,0.379
T1264,3,0.47,55.7,0.382
T1264,4,0.484,55.3,0.392
T1264,5,0.492,57.6,0.381
T1264,6,0.505,56.4,0.422
T1264,7,0.529,56.3,0.412
T1264,8,0.567,61.9,0.439
T1264,9,0.573,59.0,0.437
T1264,10,0.552,58.3,0.424
T1264,11,0.567,61.3,0.448
T1265,0,0.807,50.1,0.287
T1265,1,0.783,52.1,0.3
T1265,2,0.801,50.4,0.304
T1265,3,0.821,48.4,0.303
T1265,4,0.798,49.7,0.29
T1265,5,0.793,47.2,0.305
T1265,6,0.777,46.3,0.317
T1265,7,0.795,48.1,0.275
T1265,8,0.781,45.6,0.266
T1265,9,0.821,43.5,0.287
T1265,10,0.795,45.6,0.294
T1265,11,0.79,43.1,0.264
T1266,0,0.802,38.0,0.261
T1266,1,0.799,37.2,0.294
T1266,2,0.79,41.5,0.296
T1266,3,0.736,41.2,0.33
T1266,4,0.774,40.6,0.299
T1266,5,0.765,42.6,0.346
T1266,6,0.759,42.2,0.364
T1266,7,0.727,42.3,0.35
T1266,8,0.667,48.0,0.356
T1266,9,0.675,46.5,0.362
T1266,10,0.666,49.4,0.357
T1266,11,0.642,47.6,0.367
T1267,0,0.748,73.1,0.719
T1267,1,0.758,73.1,0.71
T1267,2,0.769,70.5,0.701
T1267,3,0.732,66.9,0.644
T1267,4,0.751,73.2,0.669
T1267,5,0.756,66.9,0.684
T1267,6,0.745,65.0,0.608
T1267,7,0.73,66.7,0.552
T1267,8,0.743,63.8,0.572
T1267,9,0.728,63.3,0.56
T1267,10,0.709,61.3,0.577
T1267,11,0.73,59.4,0.512
T1268,0,0.66,48.3,0.693
T1268,1,0.668,48.3,0.687
T1268,2,0.704,51.2,0.674
T1268,3,0.725,48.7,0.64
T1268,4,0.729,48.7,0.674
T1268,5,0.724,49.9,0.674
T1268,6,0.74,52.9,0.687
T1268,7,0.717,51.1,0.681
T1268,8,0.769,51.4,0.656
T1268,9,0.765,55.9,0.671
T1268,10,0.762,52.8,0.651
T1268,11,0.789,58.2,0.671
T1269,0,0.348,60.4,0.853
T1269,1,0.36,59.9,0.873
T1269,2,0.35,60.6,0.902
T1269,3,0.428,58.3,0.905
T1269,4,0.344,59.9,0.841
T1269,5,0.394,62.7,0.872
T1269,6,0.387,63.5,0.874
T1269,7,0.397,60.9,0.83
T1269,8,0.429,66.6,0.881
T1269,9,0.428,64.0,0.844
T1269,10,0.473,63.9,0.869
T1269,11,0.484,63.8,0.84
T1270,0,0.575,27.5,0.1
T1270,1,0.555,26.9,0.152
T1270,2,0.545,28.5,0.1
T1270,3,0.616,26.0,0.1
T1270,4,0.602,33.6,0.133
T1270,5,0.609,28.9,0.136
T1270,6,0.614,30.7,0.118
T1270,7,0.627,31.7,0.1
T1270,8,0.673,31.9,0.1
T1270,9,0.696,38.2,0.1
T1270,10,0.691,33.1,0.115
T1270,11,0.711,39.7,0.126
T1271,0,0.906,29.4,0.102
T1271,1,0.905,28.4,0.1
T1271,2,0.877,27.9,0.118
T1271,3,0.912,29.1,0.128
T1271,4,0.872,26.7,0.106
T1271,5,0.872,33.5,0.144
T1271,6,0.875,31.4,0.127
T1271,7,0.857,30.0,0.138
T1271,8,0.832,28.2,0.175
T1271,9,0.875,30.5,0.179
T1271,10,0.823,30.0,0.156
T1271,11,0.806,32.6,0.15
T1272,0,0.596,44.5,0.115
T1272,1,0.646,43.8,0.1
T1272,2,0.581,42.2,0.141
T1272,3,0.624,43.3,0.16
T1272,4,0.585,43.6,0.17
T1272,5,0.579,40.3,0.133
T1272,6,0.594,43.9,0.162
T1272,7,0.551,39.4,0.197
T1272,8,0.534,38.9,0.143
T1272,9,0.562,41.3,0.203
T1272,10,0.555,39.4,0.199
T1272,11,0.517,38.2,0.21
T1273,0,0.674,50.9,0.889
T1273,1,0.676,51.9,0.887
T1273,2,0.627,53.4,0.89
T1273,3,0.631,53.4,0.882
T1273,4,0.653,55.1,0.889
T1273,5,0.641,56.5,0.864
T1273,6,0.597,54.9,0.834
T1273,7,0.602,54.4,0.837
T1273,8,0.593,57.3,0.864
T1273,9,0.588,61.0,0.819
T1273,10,0.565,62.6,0.833
T1273,11,0.565,59.1,0.825
T1274,0,0.445,55.6,0.662
T1274,1,0.417,56.4,0.735
T1274,2,0.435,56.2,0.67
T1274,3,0.405,53.8,0.702
T1274,4,0.418,55.5,0.746
T1274,5,0.394,55.3,0.668
T1274,6,0.396,53.2,0.716
T1274,7,0.393,53.3,0.747
T1274,8,0.424,56.3,0.723
T1274,9,0.373,56.0,0.716
T1274,10,0.408,53.9,0.699
T1274,11,0.391,53.9,0.733
T1275,0,0.602,58.2,0.6
T1275,1,0.562,56.6,0.559
T1275,2,0.601,59.7,0.581
T1275,3,0.548,59.0,0.541
T1275,4,0.581,57.3,0.611
T1275,5,0.608,57.4,0.574
T1275,6,0.62,54.8,0.56
T1275,7,0.66,56.4,0.529
T1275,8,0.611,57.5,0.553
T1275,9,0.61,56.1,0.567
T1275,10,0.626,57.3,0.55
T1275,11,0.621,57.9,0.55
T1276,0,0.538,52.6,0.156
T1276,1,0.524,50.5,0.187
T1276,2,0.489,54.3,0.189
T1276,3,0.511,54.3,0.202
T1276,4,0.502,53.8,0.265
T1276,5,0.453,51.9,0.31
T1276,6,0.445,51.5,0.318
T1276,7,0.425,52.2,0.349
T1276,8,0.392,54.2,0.378
T1276,9,0.43,51.2,0.409
T1276,10,0.419,51.6,0.448
T1276,11,0.428,53.1,0.508
T1277,0,0.299,77.4,0.751
T1277,1,0.378,76.9,0.833
T1277,2,0.359,79.4,0.747
T1277,3,0.382,77.9,0.779
T1277,4,0.418,80.9,0.779
T1277,5,0.39,80.5,0.76
T1277,6,0.388,82.5,0.759
T1277,7,0.415,83.0,0.756
T1277,8,0.38,84.8,0.793
T1277,9,0.404,85.9,0.751
T1277,10,0.446,87.4,0.768
T1277,11,0.474,87.7,0.781
T1278,0,0.371,39.6,0.275
T1278,1,0.364,39.6,0.283
T1278,2,0.396,37.1,0.285
T1278,3,0.414,39.1,0.28
T1278,4,0.465,41.5,0.317
T1278,5,0.458,41.5,0.352
T1278,6,0.5,42.5,0.366
T1278,7,0.53,43.7,0.35
T1278,8,0.542,41.6,0.343
T1278,9,0.567,44.6,0.325
T1278,10,0.62,41.9,0.367
T1278,11,0.664,46.7,0.342
T1279,0,0.553,53.9,0.354
T1279,1,0.555,58.1,0.35
T1279,2,0.591,56.2,0.32
T1279,3,0.531,58.2,0.34
T1279,4,0.607,57.6,0.32
T1279,5,0.525,54.2,0.292
T1279,6,0.548,57.4,0.251
T1279,7,0.556,57.8,0.265
T1279,8,0.53,54.6,0.281
T1279,9,0.529,55.0,0.24
T1279,10,0.536,55.6,0.24
T1279,11,0.519,54.9,0.227
T1280,0,0.871,52.9,0.836
T1280,1,0.836,57.1,0.843
T1280,2,0.851,57.0,0.842
T1280,3,0.833,54.4,0.85
T1280,4,0.809,57.1,0.887
T1280,5,0.852,56.8,0.845
T1280,6,0.766,60.1,0.83
T1280,7,0.785,60.8,0.855
T1280,8,0.782,60.2,0.849
T1280,9,0.77,62.4,0.891
T1280,10,0.771,61.6,0.866
T1280,11,0.757,64.6,0.861
T1281,0,0.592,58.0,0.496
T1281,1,0.54,56.4,0.5
T1281,2,0.548,58.9,0.503
T1281,3,0.587,59.4,0.533
T1281,4,0.542,59.4,0.509
T1281,5,0.551,56.0,0.535
T1281,6,0.556,56.3,0.534
T1281,7,0.549,57.0,0.554
T1281,8,0.537,54.5,0.55
T1281,9,0.55,56.8,0.561
T1281,10,0.504,57.2,0.619
T1281,11,0.572,54.9,0.584
T1282,0,0.559,40.7,0.503
T1282,1,0.538,41.2,0.484
T1282,2,0.528,42.2,0.499
T1282,3,0.542,43.2,0.478
T1282,4,0.541,45.5,0.464
T1282,5,0.504,41.5,0.467
T1282,6,0.506,45.2,0.428
T1282,7,0.451,45.7,0.423
T1282,8,0.445,46.1,0.419
T1282,9,0.462,47.2,0.413
T1282,10,0.465,47.2,0.387
T1282,11,0.433,48.1,0.363
T1283,0,0.978,55.2,0.576
T1283,1,0.973,54.1,0.571
T1283,2,0.968,57.6,0.526
T1283,3,0.936,52.2,0.547
T1283,4,0.909,56.2,0.544
T1283,5,0.918,52.7,0.54
T1283,6,0.896,52.4,0.515
T1283,7,0.861,52.4,0.542
T1283,8,0.857,50.4,0.524
T1283,9,0.852,48.6,0.508
T1283,10,0.841,49.2,0.49
T1283,11,0.814,50.6,0.469
T1284,0,0.566,81.1,0.613
T1284,1,0.538,79.0,0.591
T1284,2,0.522,76.8,0.611
T1284,3,0.537,72.2,0.639
T1284,4,0.555,75.0,0.639
T1284,5,0.532,74.1,0.646
T1284,6,0.591,72.0,0.706
T1284,7,0.537,70.6,0.709
T1284,8,0.564,68.5,0.712
T1284,9,0.564,67.3,0.757
T1284,10,0.594,63.6,0.757
T1284,11,0.549,63.4,0.804
T1285,0,0.77,55.2,0.688
T1285,1,0.773,55.0,0.679
T1285,2,0.727,54.9,0.698
T1285,3,0.739,57.5,0.642
T1285,4,0.755,57.8,0.686
T1285,5,0.74,60.5,0.697
T1285,6,0.774,61.8,0.671
T1285,7,0.719,62.5,0.678
T1285,8,0.773,62.8,0.637
T1285,9,0.773,63.9,0.697
T1285,10,0.731,67.2,0.69
T1285,11,0.725,65.2,0.675
T1286,0,0.52,51.4,0.35
T1286,1,0.539,49.3,0.374
T1286,2,0.51,51.9,0.389
T1286,3,0.58,51.2,0.387
T1286,4,0.544,49.8,0.383
T1286,5,0.523,53.5,0.404
T1286,6,0.569,50.9,0.377
T1286,7,0.552,53.6,0.389
T1286,8,0.565,56.0,0.401
T1286,9,0.55,58.2,0.365
T1286,10,0.571,58.2,0.383
T1286,11,0.557,58.9,0.388
T1287,0,0.346,42.5,0.231
T1287,1,0.394,46.4,0.238
T1287,2,0.382,44.8,0.27
T1287,3,0.359,50.3,0.255
T1287,4,0.389,47.6,0.27
T1287,5,0.398,47.7,0.256
T1287,6,0.402,51.6,0.266
T1287,7,0.386,51.2,0.284
T1287,8,0.414,54.4,0.342
T1287,9,0.445,53.8,0.34
T1287,10,0.406,56.3,0.374
T1287,11,0.418,60.6,0.363
T1288,0,0.385,74.1,0.867
T1288,1,0.367,75.5,0.83
T1288,2,0.39,75.0,0.872
T1288,3,0.433,73.8,0.829
T1288,4,0.396,77.4,0.811
T1288,5,0.433,74.1,0.805
T1288,6,0.434,76.3,0.816
T1288,7,0.425,74.3,0.801
T1288,8,0.44,76.1,0.813
T1288,9,0.461,74.9,0.837
T1288,10,0.452,73.7,0.829
T1288,11,0.402,76.8,0.776
T1289,0,0.89,51.9,0.671
T1289,1,0.884,50.8,0.631
T1289,2,0.845,52.8,0.697
T1289,3,0.87,52.9,0.657
T1289,4,0.849,55.5,0.628
T1289,5,0.822,53.1,0.663
T1289,6,0.785,55.9,0.67
T1289,7,0.784,54.7,0.666
T1289,8,0.781,52.9,0.707
T1289,9,0.772,55.6,0.685
T1289,10,0.735,56.5,0.655
T1289,11,0.705,54.2,0.656
T1290,0,0.645,62.7,0.712
T1290,1,0.605,60.6,0.746
T1290,2,0.642,58.5,0.711
T1290,3,0.595,62.0,0.745
T1290,4,0.586,60.4,0.731
T1290,5,0.624,62.0,0.732
T1290,6,0.61,58.0,0.73
T1290,7,0.636,57.5,0.738
T1290,8,0.643,59.4,0.713
T1290,9,0.629,56.0,0.678
T1290,10,0.663,57.1,0.676
T1290,11,0.628,55.8,0.676
T1291,0,0.955,52.2,0.565
T1291,1,0.898,52.0,0.578
T1291,2,0.904,51.5,0.597
T1291,3,0.987,49.2,0.545
T1291,4,0.919,51.4,0.505
T1291,5,0.909,49.9,0.525
T1291,6,0.907,47.7,0.509
T1291,7,0.844,50.1,0.455
T1291,8,0.882,52.0,0.456
T1291,9,0.852,51.4,0.399
T1291,10,0.856,51.2,0.399
T1291,11,0.854,49.3,0.371
T1292,0,0.727,55.8,0.14
T1292,1,0.735,55.3,0.158
T1292,2,0.742,51.2,0.178
T1292,3,0.705,50.7,0.135
T1292,4,0.726,52.1,0.172
T1292,5,0.694,48.9,0.208
T1292,6,0.729,49.7,0.171
T1292,7,0.742,48.0,0.184
T1292,8,0.729,44.6,0.177
T1292,9,0.726,42.6,0.206
T1292,10,0.744,43.6,0.208
T1292,11,0.728,44.1,0.211
T1293,0,0.319,49.6,0.406
T1293,1,0.335,54.0,0.396
T1293,2,0.358,52.7,0.438
T1293,3,0.387,48.9,0.414
T1293,4,0.391,51.8,0.392
T1293,5,0.398,51.5,0.445
T1293,6,0.418,51.6,0.383
T1293,7,0.427,50.5,0.431
T1293,8,0.376,53.6,0.391
T1293,9,0.47,50.2,0.391
T1293,10,0.46,52.8,0.419
T1293,11,0.448,53.1,0.446
T1294,0,0.446,58.7,0.456
T1294,1,0.463,58.3,0.452
T1294,2,0.515,58.9,0.504
T1294,3,0.492,57.9,0.521
T1294,4,0.53,61.8,0.518
T1294,5,0.577,58.2,0.499
T1294,6,0.582,56.9,0.487
T1294,7,0.61,55.7,0.512
T1294,8,0.633,58.9,0.457
T1294,9,0.641,57.0,0.548
T1294,10,0.677,54.3,0.524
T1294,11,0.738,54.5,0.522
T1295,0,0.742,54.3,0.784
T1295,1,0.699,58.4,0.725
T1295,2,0.749,58.4,0.725
T1295,3,0.716,55.9,0.784
T1295,4,0.714,56.5,0.761
T1295,5,0.685,56.2,0.72
T1295,6,0.666,53.0,0.713
T1295,7,0.68,56.5,0.725
T1295,8,0.674,52.0,0.75
T1295,9,0.708,55.2,0.756
T1295,10,0.669,56.4,0.703
T1295,11,0.665,49.8,0.744
T1296,0,0.782,45.6,0.584
T1296,1,0.732,49.9,0.581
T1296,2,0.787,50.3,0.561
T1296,3,0.769,47.8,0.598
T1296,4,0.788,48.9,0.547
T1296,5,0.785,52.2,0.618
T1296,6,0.762,47.0,0.561
T1296,7,0.787,51.1,0.605
T1296,8,0.795,49.9,0.594
T1296,9,0.754,52.4,0.547
T1296,10,0.788,53.5,0.591
T1296,11,0.783,53.5,0.582
T1297,0,0.494,25.9,0.1
T1297,1,0.519,25.6,0.126
T1297,2,0.53,27.1,0.132
T1297,3,0.523,29.3,0.1
T1297,4,0.52,33.9,0.165
T1297,5,0.554,30.5,0.13
T1297,6,0.552,33.7,0.133
T1297,7,0.593,33.0,0.128
T1297,8,0.582,33.9,0.137
T1297,9,0.599,35.0,0.127
T1297,10,0.643,36.2,0.143
T1297,11,0.663,36.5,0.185
T1298,0,0.725,48.1,0.665
T1298,1,0.677,46.6,0.709
T1298,2,0.666,50.4,0.655
T1298,3,0.658,52.9,0.686
T1298,4,0.628,53.4,0.665
T1298,5,0.612,54.8,0.656
T1298,6,0.578,57.1,0.737
T1298,7,0.575,58.0,0.709
T1298,8,0.557,59.6,0.723
T1298,9,0.547,60.1,0.697
T1298,10,0.543,64.0,0.711
T1298,11,0.524,63.6,0.683
T1299,0,0.65,73.7,0.539
T1299,1,0.614,70.8,0.501
T1299,2,0.617,70.7,0.507
T1299,3,0.585,68.1,0.495
T1299,4,0.608,70.3,0.466
T1299,5,0.621,68.8,0.482
T1299,6,0.62,67.4,0.495
T1299,7,0.57,67.9,0.509
T1299,8,0.635,66.8,0.5
T1299,9,0.586,67.6,0.501
T1299,10,0.587,67.9,0.495
T1299,11,0.637,66.5,0.497
T1300,0,0.726,64.8,0.474
T1300,1,0.738,64.6,0.464
T1300,2,0.654,62.8,0.477
T1300,3,0.653,62.6,0.453
T1300,4,0.638,59.8,0.408
T1300,5,0.633,59.1,0.421
T1300,6,0.607,57.3,0.429
T1300,7,0.617,57.8,0.423
T1300,8,0.606,56.8,0.378
T1300,9,0.551,56.4,0.337
T1300,10,0.582,55.6,0.343
T1300,11,0.559,55.3,0.342
T1301,0,0.629,61.5,0.702
T1301,1,0.646,58.8,0.665
T1301,2,0.656,60.9,0.693
T1301,3,0.654,61.8,0.665
T1301,4,0.673,59.5,0.656
T1301,5,0.679,58.8,0.666
T1301,6,0.687,63.4,0.658
T1301,7,0.721,62.6,0.7
T1301,8,0.711,61.9,0.684
T1301,9,0.755,58.4,0.675
T1301,10,0.755,59.7,0.667
T1301,11,0.749,61.4,0.626
T1302,0,0.24,60.0,0.851
T1302,1,0.259,60.7,0.904
T1302,2,0.312,62.1,0.894
T1302,3,0.298,62.7,0.907
T1302,4,0.303,60.6,0.916
T1302,5,0.324,64.9,0.898
T1302,6,0.343,63.2,0.939
T1302,7,0.346,64.7,0.919
T1302,8,0.338,68.3,0.894
T1302,9,0.373,66.9,0.937
T1302,10,0.416,67.6,0.917
T1302,11,0.388,67.0,0.935
T1303,0,0.707,45.4,0.736
T1303,1,0.724,48.4,0.727
T1303,2,0.73,47.4,0.721
T1303,3,0.752,50.4,0.756
T1303,4,0.736,51.0,0.735
T1303,5,0.719,53.0,0.73
T1303,6,0.756,52.7,0.792
T1303,7,0.733,56.7,0.771
T1303,8,0.77,55.2,0.768
T1303,9,0.733,56.8,0.763
T1303,10,0.754,54.3,0.719
T1303,11,0.766,57.4,0.778
T1304,0,0.612,53.2,0.715
T1304,1,0.644,55.0,0.716
T1304,2,0.65,53.5,0.742
T1304,3,0.675,56.8,0.761
T1304,4,0.692,55.1,0.765
T1304,5,0.731,54.0,0.746
T1304,6,0.752,54.6,0.789
T1304,7,0.754,53.9,0.788
T1304,8,0.748,51.7,0.817
T1304,9,0.778,54.1,0.787
T1304,10,0.73,55.4,0.769
T1304,11,0.789,52.3,0.783
T1305,0,0.69,27.9,0.421
T1305,1,0.655,30.6,0.419
T1305,2,0.748,30.6,0.395
T1305,3,0.68,32.9,0.363
T1305,4,0.659,34.6,0.39
T1305,5,0.696,32.9,0.376
T1305,6,0.711,34.8,0.363
T1305,7,0.671,34.8,0.321
T1305,8,0.657,37.3,0.324
T1305,9,0.667,39.0,0.387
T1305,10,0.663,39.7,0.37
T1305,11,0.681,42.3,0.342
T1306,0,0.698,54.3,0.371
T1306,1,0.722,53.0,0.361
T1306,2,0.762,54.2,0.374
T1306,3,0.733,50.5,0.409
T1306,4,0.758,51.7,0.399
T1306,5,0.765,54.8,0.475
T1306,6,0.757,52.4,0.462
T1306,7,0.776,53.8,0.508
T1306,8,0.787,57.0,0.511
T1306,9,0.788,54.8,0.495
T1306,10,0.792,55.2,0.511
T1306,11,0.793,57.6,0.568
T1307,0,0.573,59.3,0.124
T1307,1,0.588,57.7,0.129
T1307,2,0.553,56.2,0.147
T1307,3,0.574,57.2,0.105
T1307,4,0.603,53.8,0.131
T1307,5,0.568,53.6,0.122
T1307,6,0.558,53.5,0.168
T1307,7,0.552,53.9,0.14
T1307,8,0.57,53.0,0.15
T1307,9,0.569,50.6,0.166
T1307,10,0.573,53.8,0.167
T1307,11,0.583,50.9,0.161
T1308,0,0.5,70.0,0.701
T1308,1,0.504,70.7,0.656
T1308,2,0.495,69.3,0.637
T1308,3,0.492,67.7,0.618
T1308,4,0.494,67.8,0.599
T1308,5,0.514,68.6,0.583
T1308,6,0.525,64.6,0.557
T1308,7,0.519,62.3,0.566
T1308,8,0.499,60.3,0.545
T1308,9,0.482,61.7,0.541
T1308,10,0.505,63.0,0.465
T1308,11,0.465,60.9,0.499
T1309,0,0.16,67.6,0.511
T1309,1,0.186,67.4,0.493
T1309,2,0.158,65.2,0.546
T1309,3,0.174,67.6,0.553
T1309,4,0.15,66.8,0.574
T1309,5,0.192,67.6,0.575
T1309,6,0.214,69.5,0.565
T1309,7,0.219,72.9,0.562
T1309,8,0.219,71.9,0.608
T1309,9,0.259,72.3,0.608
T1309,10,0.257,70.4,0.582
T1309,11,0.242,70.4,0.572
T1310,0,0.527,52.7,0.618
T1310,1,0.54,50.3,0.646
T1310,2,0.525,52.2,0.641
T1310,3,0.514,48.9,0.665
T1310,4,0.503,51.5,0.641
T1310,5,0.512,53.3,0.638
T1310,6,0.506,55.1,0.684
T1310,7,0.544,54.0,0.704
T1310,8,0.555,57.9,0.662
T1310,9,0.54,56.2,0.675
T1310,10,0.496,57.1,0.696
T1310,11,0.547,57.5,0.7
T1311,0,0.746,57.6,0.517
T1311,1,0.779,57.0,0.521
T1311,2,0.728,55.8,0.516
T1311,3,0.771,50.1,0.54
T1311,4,0.735,54.9,0.545
T1311,5,0.734,49.7,0.559
T1311,6,0.732,51.0,0.545
T1311,7,0.699,49.1,0.561
T1311,8,0.678,46.5,0.632
T1311,9,0.694,47.7,0.555
T1311,10,0.695,43.2,0.63
T1311,11,0.666,41.7,0.628
T1312,0,0.706,45.5,0.702
T1312,1,0.655,46.2,0.658
T1312,2,0.628,47.0,0.648
T1312,3,0.665,46.2,0.647
T1312,4,0.693,45.1,0.676
T1312,5,0.652,45.9,0.704
T1312,6,0.674,47.1,0.659
T1312,7,0.698,48.7,0.643
T1312,8,0.62,48.0,0.659
T1312,9,0.68,45.6,0.668
T1312,10,0.681,47.2,0.655
T1312,11,0.701,49.4,0.669
T1313,0,0.56,71.7,0.362
T1313,1,0.524,71.9,0.363
T1313,2,0.611,73.4,0.391
T1313,3,0.596,72.0,0.339
T1313,4,0.582,68.2,0.37
T1313,5,0.593,71.3,0.385
T1313,6,0.626,70.2,0.345
T1313,7,0.63,69.2,0.378
T1313,8,0.612,66.5,0.371
T1313,9,0.663,68.1,0.37
T1313,10,0.671,64.9,0.385
T1313,11,0.651,65.4,0.37
T1314,0,0.677,52.3,0.176
T1314,1,0.718,55.1,0.259
T1314,2,0.66,54.8,0.269
T1314,3,0.651,54.2,0.311
T1314,4,0.639,53.7,0.276
T1314,5,0.68,54.3,0.324
T1314,6,0.594,55.1,0.314
T1314,7,0.576,55.6,0.319
T1314,8,0.604,52.1,0.351
T1314,9,0.564,55.5,0.369
T1314,10,0.587,56.7,0.453
T1314,11,0.551,56.7,0.454
T1315,0,0.596,70.4,0.57
T1315,1,0.579,67.3,0.544
T1315,2,0.606,67.1,0.597
T1315,3,0.599,65.6,0.559
T1315,4,0.582,62.1,0.605
T1315,5,0.62,64.7,0.541
T1315,6,0.608,62.5,0.591
T1315,7,0.638,58.3,0.573
T1315,8,0.64,56.9,0.538
T1315,9,0.705,54.2,0.583
T1315,10,0.695,51.5,0.557
T1315,11,0.703,49.7,0.557
T1316,0,0.607,42.5,0.472
T1316,1,0.567,44.2,0.491
T1316,2,0.554,44.6,0.535
T1316,3,0.529,44.0,0.495
T1316,4,0.524,48.4,0.527
T1316,5,0.566,46.8,0.513
T1316,6,0.533,49.7,0.509
T1316,7,0.504,48.2,0.52
T1316,8,0.516,47.9,0.517
T1316,9,0.481,47.8,0.54
T1316,10,0.509,50.2,0.506
T1316,11,0.472,47.7,0.531
T1317,0,0.576,77.8,0.917
T1317,1,0.565,77.3,0.944
T1317,2,0.598,78.8,0.94
T1317,3,0.608,76.9,0.929
T1317,4,0.61,79.9,0.937
T1317,5,0.619,77.7,0.945
T1317,6,0.647,76.1,0.911
T1317,7,0.641,76.7,0.91
T1317,8,0.63,76.0,0.939
T1317,9,0.642,76.9,0.977
T1317,10,0.675,71.9,0.929
T1317,11,0.64,74.6,0.939
T1318,0,0.685,42.4,0.805
T1318,1,0.712,45.7,0.799
T1318,2,0.695,41.5,0.752
T1318,3,0.691,47.4,0.797
T1318,4,0.716,42.4,0.749
T1318,5,0.697,48.2,0.75
T1318,6,0.687,46.1,0.743
T1318,7,0.679,48.1,0.771
T1318,8,0.672,50.2,0.774
T1318,9,0.69,50.1,0.735
T1318,10,0.664,50.5,0.729
T1318,11,0.666,55.6,0.751
T1319,0,0.49,46.9,0.251
T1319,1,0.514,45.7,0.222
T1319,2,0.52,45.8,0.284
T1319,3,0.52,47.2,0.253
T1319,4,0.554,46.4,0.293
T1319,5,0.55,45.2,0.286
T1319,6,0.539,49.2,0.375
T1319,7,0.558,49.5,0.331
T1319,8,0.588,48.3,0.314
T1319,9,0.583,51.6,0.361
T1319,10,0.591,50.2,0.377
T1319,11,0.606,52.8,0.393
T1320,0,0.371,73.7,0.675
T1320,1,0.397,69.4,0.694
T1320,2,0.388,69.9,0.693
T1320,3,0.456,67.4,0.679
T1320,4,0.464,63.8,0.69
T1320,5,0.437,65.9,0.718
T1320,6,0.495,62.6,0.694
T1320,7,0.486,62.7,0.713
T1320,8,0.528,63.2,0.702
T1320,9,0.532,57.0,0.693
T1320,10,0.531,56.6,0.692
T1320,11,0.555,55.5,0.682
T1321,0,0.581,45.3,0.125
T1321,1,0.576,45.6,0.127
T1321,2,0.555,45.7,0.111
T1321,3,0.606,46.5,0.108
T1321,4,0.554,48.7,0.101
T1321,5,0.546,47.0,0.121
T1321,6,0.564,48.3,0.124
T1321,7,0.553,51.9,0.137
T1321,8,0.548,47.5,0.16
T1321,9,0.592,50.3,0.18
T1321,10,0.578,50.6,0.177
T1321,11,0.551,51.3,0.148
T1322,0,0.824,68.1,0.767
T1322,1,0.826,64.7,0.778
T1322,2,0.821,67.0,0.721
T1322,3,0.829,65.4,0.73
T1322,4,0.823,66.7,0.671
T1322,5,0.871,68.1,0.656
T1322,6,0.836,60.6,0.684
T1322,7,0.866,60.2,0.644
T1322,8,0.83,62.9,0.607
T1322,9,0.846,62.4,0.603
T1322,10,0.818,61.3,0.602
T1322,11,0.836,60.7,0.559
T1323,0,0.483,60.9,0.207
T1323,1,0.471,62.1,0.186
T1323,2,0.519,57.3,0.193
T1323,3,0.479,60.7,0.258
T1323,4,0.526,57.5,0.232
T1323,5,0.518,58.4,0.229
T1323,6,0.557,53.1,0.255
T1323,7,0.557,55.9,0.26
T1323,8,0.583,51.4,0.301
T1323,9,0.599,49.0,0.313
T1323,10,0.611,49.4,0.332
T1323,11,0.611,50.0,0.337
T1324,0,0.377,55.8,0.772
T1324,1,0.411,59.4,0.706
T1324,2,0.425,59.0,0.741
T1324,3,0.444,59.7,0.711
T1324,4,0.447,61.5,0.72
T1324,5,0.476,63.0,0.662
T1324,6,0.477,63.7,0.617
T1324,7,0.531,63.8,0.662
T1324,8,0.533,65.6,0.614
T1324,9,0.533,65.2,0.633
T1324,10,0.537,68.8,0.647
T1324,11,0.583,67.2,0.595
T1325,0,0.227,51.3,0.565
T1325,1,0.231,53.5,0.576
T1325,2,0.307,52.0,0.581
T1325,3,0.357,56.7,0.58
T1325,4,0.38,58.7,0.594
T1325,5,0.403,56.7,0.582
T1325,6,0.491,57.0,0.596
T1325,7,0.464,59.8,0.599
T1325,8,0.543,56.8,0.615
T1325,9,0.559,59.7,0.577
T1325,10,0.587,58.1,0.592
T1325,11,0.615,60.9,0.587
T1326,0,0.39,69.8,0.785
T1326,1,0.447,68.0,0.786
T1326,2,0.455,68.0,0.816
T1326,3,0.449,67.1,0.783
T1326,4,0.465,68.8,0.801
T1326,5,0.462,65.5,0.799
T1326,6,0.465,63.9,0.816
T1326,7,0.49,65.1,0.748
T1326,8,0.512,63.1,0.787
T1326,9,0.544,61.7,0.803
T1326,10,0.568,60.3,0.769
T1326,11,0.562,60.1,0.753
T1327,0,0.976,64.6,0.545
T1327,1,0.97,64.4,0.569
T1327,2,0.967,58.4,0.584
T1327,3,0.943,61.1,0.584
T1327,4,0.947,61.6,0.613
T1327,5,0.92,63.3,0.555
T1327,6,0.915,59.3,0.62
T1327,7,0.947,57.8,0.657
T1327,8,0.925,58.9,0.616
T1327,9,0.876,57.7,0.66
T1327,10,0.895,56.3,0.63
T1327,11,0.889,56.3,0.637
T1328,0,0.343,47.1,0.1
T1328,1,0.361,44.9,0.1
T1328,2,0.373,42.2,0.111
T1328,3,0.317,44.5,0.118
T1328,4,0.353,45.5,0.112
T1328,5,0.367,42.8,0.124
T1328,6,0.419,42.1,0.103
T1328,7,0.43,42.5,0.141
T1328,8,0.474,41.4,0.158
T1328,9,0.45,40.3,0.115
T1328,10,0.472,38.8,0.141
T1328,11,0.426,39.3,0.147
T1329,0,0.88,45.3,0.26
T1329,1,0.893,44.1,0.264
T1329,2,0.866,44.2,0.271
T1329,3,0.811,43.5,0.284
T1329,4,0.844,42.3,0.324
T1329,5,0.857,40.7,0.28
T1329,6,0.788,43.1,0.29
T1329,7,0.811,43.0,0.281
T1329,8,0.802,44.2,0.295
T1329,9,0.809,41.2,0.301
T1329,10,0.782,43.2,0.278
T1329,11,0.785,44.0,0.293
T1330,0,0.835,49.5,0.617
T1330,1,0.824,49.0,0.586
T1330,2,0.872,50.0,0.593
T1330,3,0.856,47.9,0.587
T1330,4,0.859,50.8,0.576
T1330,5,0.833,51.0,0.573
T1330,6,0.844,52.3,0.566
T1330,7,0.851,52.2,0.568
T1330,8,0.818,53.4,0.528
T1330,9,0.859,53.5,0.561
T1330,10,0.801,51.5,0.523
T1330,11,0.797,50.2,0.505
T1331,0,0.685,56.6,0.601
T1331,1,0.713,57.0,0.586
T1331,2,0.744,60.0,0.594
T1331,3,0.731,57.2,0.606
T1331,4,0.744,56.9,0.581
T1331,5,0.799,58.5,0.602
T1331,6,0.754,58.1,0.65
T1331,7,0.782,55.7,0.671
T1331,8,0.783,52.3,0.686
T1331,9,0.825,55.9,0.677
T1331,10,0.823,51.7,0.685
T1331,11,0.842,52.5,0.68
T1332,0,0.785,45.9,0.426
T1332,1,0.783,46.5,0.424
T1332,2,0.774,44.1,0.451
T1332,3,0.767,42.4,0.414
T1332,4,0.806,44.9,0.442
T1332,5,0.781,41.2,0.399
T1332,6,0.78,43.8,0.401
T1332,7,0.809,39.6,0.427
T1332,8,0.811,39.1,0.41
T1332,9,0.789,37.2,0.429
T1332,10,0.785,38.8,0.427
T1332,11,0.81,37.2,0.415
T1333,0,0.547,59.6,0.725
T1333,1,0.503,61.6,0.742
T1333,2,0.525,61.9,0.731
T1333,3,0.508,63.7,0.693
T1333,4,0.556,63.6,0.639
T1333,5,0.498,67.4,0.633
T1333,6,0.498,65.7,0.613
T1333,7,0.538,69.2,0.593
T1333,8,0.486,68.8,0.534
T1333,9,0.491,73.3,0.555
T1333,10,0.485,72.8,0.53
T1333,11,0.506,74.4,0.538
T1334,0,0.359,52.6,0.663
T1334,1,0.392,52.0,0.646
T1334,2,0.379,51.1,0.646
T1334,3,0.441,48.5,0.602
T1334,4,0.439,51.1,0.621
T1334,5,0.448,48.5,0.602
T1334,6,0.494,47.3,0.578
T1334,7,0.496,48.2,0.542
T1334,8,0.53,47.5,0.513
T1334,9,0.519,46.6,0.509
T1334,10,0.502,47.2,0.492
T1334,11,0.557,44.6,0.486
T1335,0,0.183,66.5,0.439
T1335,1,0.182,66.4,0.449
T1335,2,0.158,67.5,0.483
T1335,3,0.217,69.0,0.504
T1335,4,0.205,66.3,0.43
T1335,5,0.219,68.6,0.475
T1335,6,0.197,68.1,0.46
T1335,7,0.234,67.6,0.508
T1335,8,0.256,72.2,0.485
T1335,9,0.218,71.7,0.484
T1335,10,0.239,71.1,0.502
T1335,11,0.244,71.7,0.509
T1336,0,0.712,56.0,0.581
T1336,1,0.714,59.1,0.557
T1336,2,0.662,56.4,0.586
T1336,3,0.657,55.3,0.563
T1336,4,0.665,53.5,0.539
T1336,5,0.63,54.0,0.576
T1336,6,0.614,55.5,0.551
T1336,7,0.596,55.8,0.588
T1336,8,0.589,54.2,0.565
T1336,9,0.603,53.2,0.582
T1336,10,0.587,54.3,0.544
T1336,11,0.528,54.0,0.55
T1337,0,0.666,26.8,0.233
T1337,1,0.674,30.4,0.234
T1337,2,0.656,29.0,0.197
T1337,3,0.658,29.5,0.187
T1337,4,0.67,31.7,0.197
T1337,5,0.682,31.9,0.145
T1337,6,0.651,33.0,0.191
T1337,7,0.652,37.9,0.137
T1337,8,0.656,33.8,0.147
T1337,9,0.633,40.8,0.126
T1337,10,0.675,39.0,0.128
T1337,11,0.644,39.1,0.144
T1338,0,0.882,65.0,0.699
T1338,1,0.894,63.4,0.675
T1338,2,0.874,66.4,0.699
T1338,3,0.828,67.5,0.71
T1338,4,0.846,62.3,0.737
T1338,5,0.842,64.9,0.751
T1338,6,0.797,64.0,0.733
T1338,7,0.731,64.7,0.768
T1338,8,0.79,64.3,0.745
T1338,9,0.736,64.0,0.764
T1338,10,0.693,64.2,0.811
T1338,11,0.7,66.1,0.822
T1339,0,0.659,53.7,0.297
T1339,1,0.658,54.4,0.308
T1339,2,0.643,51.4,0.249
T1339,3,0.682,53.2,0.308
T1339,4,0.653,51.9,0.3
T1339,5,0.68,51.8,0.314
T1339,6,0.712,52.6,0.294
T1339,7,0.697,52.2,0.309
T1339,8,0.675,51.1,0.357
T1339,9,0.702,50.8,0.344
T1339,10,0.666,51.1,0.322
T1339,11,0.72,51.8,0.324
T1340,0,0.766,21.6,0.582
T1340,1,0.804,22.5,0.589
T1340,2,0.798,26.7,0.578
T1340,3,0.82,27.7,0.586
T1340,4,0.826,29.7,0.579
T1340,5,0.841,31.4,0.564
T1340,6,0.828,33.0,0.495
T1340,7,0.834,34.6,0.531
T1340,8,0.8,38.7,0.487
T1340,9,0.814,38.6,0.468
T1340,10,0.858,41.0,0.485
T1340,11,0.85,43.2,0.502
T1341,0,0.522,53.7,0.799
T1341,1,0.482,53.7,0.828
T1341,2,0.534,53.1,0.83
T1341,3,0.505,53.0,0.799
T1341,4,0.507,51.0,0.842
T1341,5,0.535,52.9,0.818
T1341,6,0.509,52.1,0.768
T1341,7,0.503,51.6,0.808
T1341,8,0.526,52.2,0.78
T1341,9,0.477,52.0,0.787
T1341,10,0.504,52.9,0.803
T1341,11,0.515,51.8,0.808
T1342,0,0.589,57.4,0.233
T1342,1,0.572,55.4,0.244
T1342,2,0.587,51.4,0.237
T1342,3,0.598,53.8,0.262
T1342,4,0.611,51.8,0.242
T1342,5,0.607,54.2,0.26
T1342,6,0.588,53.6,0.283
T1342,7,0.578,54.7,0.264
T1342,8,0.536,53.9,0.274
T1342,9,0.564,55.8,0.285
T1342,10,0.567,52.9,0.297
T1342,11,0.55,54.9,0.3
T1343,0,0.718,61.7,0.113
T1343,1,0.642,64.0,0.11
T1343,2,0.627,62.0,0.182
T1343,3,0.558,65.8,0.144
T1343,4,0.537,57.7,0.163
T1343,5,0.491,60.2,0.168
T1343,6,0.464,61.3,0.188
T1343,7,0.438,58.5,0.2
T1343,8,0.414,56.1,0.214
T1343,9,0.396,56.3,0.223
T1343,10,0.403,53.1,0.247
T1343,11,0.319,56.3,0.243
T1344,0,0.852,69.6,0.716
T1344,1,0.784,63.6,0.688
T1344,2,0.819,66.3,0.718
T1344,3,0.744,64.3,0.715
T1344,4,0.768,66.4,0.701
T1344,5,0.725,65.5,0.692
T1344,6,0.728,63.4,0.653
T1344,7,0.665,66.6,0.688
T1344,8,0.695,64.1,0.691
T1344,9,0.693,66.2,0.687
T1344,10,0.647,62.9,0.672
T1344,11,0.618,65.0,0.715
T1345,0,0.433,62.6,0.451
T1345,1,0.455,58.8,0.428
T1345,2,0.449,61.8,0.418
T1345,3,0.436,59.3,0.415
T1345,4,0.471,61.9,0.444
T1345,5,0.437,59.7,0.379
T1345,6,0.448,62.2,0.417
T1345,7,0.438,61.3,0.435
T1345,8,0.468,59.3,0.418
T1345,9,0.47,56.7,0.416
T1345,10,0.413,60.0,0.368
T1345,11,0.403,57.6,0.423
T1346,0,0.552,55.8,0.409
T1346,1,0.555,55.3,0.405
T1346,2,0.565,54.3,0.463
T1346,3,0.605,53.7,0.445
T1346,4,0.579,52.0,0.453
T1346,5,0.601,55.6,0.468
T1346,6,0.621,51.0,0.481
T1346,7,0.624,51.2,0.517
T1346,8,0.668,48.6,0.542
T1346,9,0.668,49.3,0.584
T1346,10,0.669,48.0,0.565
T1346,11,0.675,48.6,0.551
T1347,0,0.404,41.9,0.301
T1347,1,0.438,41.5,0.315
T1347,2,0.416,45.3,0.297
T1347,3,0.408,44.4,0.31
T1347,4,0.402,43.7,0.32
T1347,5,0.407,45.3,0.344
T1347,6,0.41,50.7,0.374
T1347,7,0.431,48.5,0.373
T1347,8,0.446,52.1,0.39
T1347,9,0.434,51.9,0.419
T1347,10,0.471,52.0,0.405
T1347,11,0.464,53.3,0.408
T1348,0,0.642,59.0,0.691
T1348,1,0.651,60.5,0.743
T1348,2,0.623,56.0,0.72
T1348,3,0.603,59.8,0.767
T1348,4,0.622,58.7,0.692
T1348,5,0.607,58.2,0.743
T1348,6,0.624,56.5,0.759
T1348,7,0.628,58.8,0.739
T1348,8,0.588,61.7,0.771
T1348,9,0.589,59.5,0.778
T1348,10,0.594,61.2,0.776
T1348,11,0.547,60.9,0.782
T1349,0,0.672,40.4,0.106
T1349,1,0.714,41.3,0.148
T1349,2,0.641,42.3,0.164
T1349,3,0.713,41.2,0.165
T1349,4,0.668,42.6,0.182
T1349,5,0.683,43.2,0.179
T1349,6,0.72,43.2,0.167
T1349,7,0.703,41.3,0.194
T1349,8,0.7,40.6,0.259
T1349,9,0.7,41.1,0.22
T1349,10,0.719,42.7,0.254
T1349,11,0.741,43.2,0.257
T1350,0,0.58,61.3,0.81
T1350,1,0.565,61.2,0.807
T1350,2,0.586,62.5,0.797
T1350,3,0.568,62.5,0.801
T1350,4,0.627,62.1,0.82
T1350,5,0.628,59.0,0.748
T1350,6,0.623,58.7,0.756
T1350,7,0.704,63.2,0.779
T1350,8,0.682,61.6,0.731
T1350,9,0.696,61.8,0.729
T1350,10,0.666,62.1,0.718
T1350,11,0.7,60.9,0.726
T1351,0,0.496,83.8,0.64
T1351,1,0.491,83.4,0.672
T1351,2,0.5,81.4,0.656
T1351,3,0.49,82.5,0.632
T1351,4,0.474,78.2,0.678
T1351,5,0.525,77.5,0.675
T1351,6,0.545,75.8,0.629
T1351,7,0.54,75.0,0.646
T1351,8,0.564,74.7,0.663
T1351,9,0.555,76.1,0.652
T1351,10,0.549,70.5,0.612
T1351,11,0.568,70.5,0.611
T1352,0,0.477,44.4,0.303
T1352,1,0.504,41.2,0.397
T1352,2,0.499,45.5,0.389
T1352,3,0.518,42.2,0.352
T1352,4,0.519,39.8,0.373
T1352,5,0.503,44.0,0.385
T1352,6,0.542,41.8,0.421
T1352,7,0.57,43.2,0.378
T1352,8,0.543,44.3,0.407
T1352,9,0.578,46.5,0.4
T1352,10,0.568,43.8,0.441
T1352,11,0.609,43.9,0.474
T1353,0,0.575,68.2,0.286
T1353,1,0.548,67.9,0.259
T1353,2,0.536,65.7,0.24
T1353,3,0.499,63.0,0.223
T1353,4,0.563,61.7,0.206
T1353,5,0.488,60.4,0.229
T1353,6,0.493,58.5,0.131
T1353,7,0.465,56.4,0.166
T1353,8,0.487,54.8,0.129
T1353,9,0.443,54.0,0.134
T1353,10,0.465,51.1,0.114
T1353,11,0.377,51.2,0.132
T1354,0,0.709,48.2,0.191
T1354,1,0.698,51.8,0.144
T1354,2,0.696,53.0,0.191
T1354,3,0.644,50.7,0.249
T1354,4,0.644,54.4,0.166
T1354,5,0.599,56.5,0.224
T1354,6,0.568,59.8,0.233
T1354,7,0.574,60.1,0.231
T1354,8,0.528,65.0,0.283
T1354,9,0.499,62.6,0.313
T1354,10,0.515,67.0,0.288
T1354,11,0.446,67.8,0.344
T1355,0,0.971,54.5,0.564
T1355,1,0.917,56.8,0.548
T1355,2,0.957,54.0,0.456
T1355,3,0.923,52.7,0.414
T1355,4,0.955,52.8,0.365
T1355,5,0.929,52.9,0.329
T1355,6,0.883,48.4,0.288
T1355,7,0.876,47.0,0.299
T1355,8,0.92,47.3,0.214
T1355,9,0.9,48.2,0.24
T1355,10,0.872,46.3,0.161
T1355,11,0.91,46.2,0.148
T1356,0,0.638,47.7,0.86
T1356,1,0.654,44.1,0.828
T1356,2,0.615,48.2,0.814
T1356,3,0.614,46.2,0.812
T1356,4,0.596,43.3,0.785
T1356,5,0.616,43.4,0.724
T1356,6,0.594,47.2,0.766
T1356,7,0.616,46.8,0.75
T1356,8,0.559,46.8,0.746
T1356,9,0.604,46.7,0.705
T1356,10,0.578,46.3,0.664
T1356,11,0.546,48.1,0.664
T1357,0,0.496,38.5,0.426
T1357,1,0.507,39.5,0.448
T1357,2,0.509,44.1,0.464
T1357,3,0.509,43.7,0.486
T1357,4,0.466,41.0,0.566
T1357,5,0.494,44.9,0.531
T1357,6,0.502,46.7,0.545
T1357,7,0.539,46.8,0.588
T1357,8,0.504,47.8,0.587
T1357,9,0.504,49.3,0.619
T1357,10,0.522,49.3,0.654
T1357,11,0.521,48.7,0.685
T1358,0,0.76,72.3,1.0
T1358,1,0.753,73.3,1.0
T1358,2,0.715,69.5,1.0
T1358,3,0.668,66.7,0.988
T1358,4,0.691,63.4,0.96
T1358,5,0.622,65.8,0.965
T1358,6,0.637,64.3,0.951
T1358,7,0.598,59.8,0.938
T1358,8,0.564,57.9,0.955
T1358,9,0.58,58.5,0.92
T1358,10,0.573,57.0,0.915
T1358,11,0.583,54.3,0.926
T1359,0,0.551,52.2,0.43
T1359,1,0.535,53.6,0.451
T1359,2,0.489,52.1,0.469
T1359,3,0.503,52.0,0.526
T1359,4,0.528,54.2,0.517
T1359,5,0.532,53.4,0.517
T1359,6,0.513,55.5,0.558
T1359,7,0.497,56.3,0.582
T1359,8,0.511,57.0,0.548
T1359,9,0.512,54.3,0.595
T1359,10,0.515,55.0,0.61
T1359,11,0.449,54.7,0.6
T1360,0,0.663,33.6,0.355
T1360,1,0.687,32.5,0.343
T1360,2,0.632,31.4,0.358
T1360,3,0.717,30.4,0.326
T1360,4,0.653,34.1,0.331
T1360,5,0.65,31.3,0.33
T1360,6,0.646,35.4,0.31
T1360,7,0.63,36.4,0.269
T1360,8,0.633,36.5,0.283
T1360,9,0.64,38.5,0.289
T1360,10,0.672,42.3,0.272
T1360,11,0.719,36.7,0.287
T1361,0,0.547,60.9,0.573
T1361,1,0.545,62.2,0.566
T1361,2,0.552,65.0,0.566
T1361,3,0.545,64.2,0.572
T1361,4,0.563,64.0,0.605
T1361,5,0.563,64.5,0.614
T1361,6,0.568,62.8,0.574
T1361,7,0.552,67.6,0.613
T1361,8,0.54,64.5,0.596
T1361,9,0.566,64.8,0.616
T1361,10,0.544,64.8,0.63
T1361,11,0.583,66.4,0.683
T1362,0,0.323,59.4,0.445
T1362,1,0.351,60.2,0.472
T1362,2,0.383,64.4,0.471
T1362,3,0.353,60.3,0.5
T1362,4,0.372,62.3,0.481
T1362,5,0.418,63.0,0.497
T1362,6,0.439,63.6,0.487
T1362,7,0.414,64.3,0.475
T1362,8,0.42,66.2,0.535
T1362,9,0.456,63.9,0.528
T1362,10,0.431,64.7,0.563
T1362,11,0.462,67.1,0.582
T1363,0,0.546,60.0,0.712
T1363,1,0.501,61.3,0.711
T1363,2,0.527,64.4,0.681
T1363,3,0.505,65.6,0.698
T1363,4,0.517,64.4,0.704
T1363,5,0.536,65.5,0.692
T1363,6,0.501,67.5,0.662
T1363,7,0.514,68.6,0.681
T1363,8,0.471,69.5,0.63
T1363,9,0.482,68.2,0.642
T1363,10,0.462,69.5,0.603
T1363,11,0.441,71.6,0.611
T1364,0,0.602,43.9,0.491
T1364,1,0.601,45.1,0.487
T1364,2,0.587,46.0,0.473
T1364,3,0.623,44.3,0.47
T1364,4,0.605,45.6,0.502
T1364,5,0.663,49.1,0.489
T1364,6,0.642,47.3,0.541
T1364,7,0.675,47.2,0.482
T1364,8,0.698,48.7,0.494
T1364,9,0.715,45.6,0.512
T1364,10,0.723,47.2,0.565
T1364,11,0.762,50.6,0.559
T1365,0,0.436,73.9,0.716
T1365,1,0.462,72.4,0.699
T1365,2,0.44,71.3,0.738
T1365,3,0.435,71.7,0.744
T1365,4,0.409,70.3,0.736
T1365,5,0.458,67.9,0.741
T1365,6,0.447,67.3,0.775
T1365,7,0.432,66.6,0.758
T1365,8,0.443,64.7,0.765
T1365,9,0.476,64.2,0.769
T1365,10,0.483,63.7,0.759
T1365,11,0.455,62.7,0.801
T1366,0,0.693,53.5,0.219
T1366,1,0.701,52.8,0.259
T1366,2,0.695,52.0,0.241
T1366,3,0.716,57.1,0.227
T1366,4,0.712,52.6,0.27
T1366,5,0.689,53.0,0.248
T1366,6,0.69,55.5,0.304
T1366,7,0.66,55.0,0.331
T1366,8,0.705,57.0,0.308
T1366,9,0.67,56.2,0.355
T1366,10,0.694,56.4,0.358
T1366,11,0.664,55.2,0.381
T1367,0,0.728,62.8,0.572
T1367,1,0.672,63.9,0.56
T1367,2,0.645,63.4,0.575
T1367,3,0.673,64.2,0.605
T1367,4,0.671,65.1,0.574
T1367,5,0.66,62.4,0.578
T1367,6,0.64,65.1,0.559
T1367,7,0.652,62.9,0.597
T1367,8,0.658,64.5,0.574
T1367,9,0.623,65.8,0.619
T1367,10,0.612,63.4,0.605
T1367,11,0.577,65.5,0.626
T1368,0,1.0,50.6,0.424
T1368,1,0.997,50.0,0.446
T1368,2,0.977,50.6,0.462
T1368,3,0.964,49.7,0.462
T1368,4,0.935,52.6,0.443
T1368,5,0.935,48.4,0.5
T1368,6,0.946,54.0,0.436
T1368,7,0.88,51.9,0.436
T1368,8,0.895,52.5,0.467
T1368,9,0.853,49.7,0.409
T1368,10,0.871,49.8,0.446
T1368,11,0.88,49.1,0.426
T1369,0,0.385,56.1,0.467
T1369,1,0.374,56.9,0.515
T1369,2,0.409,58.7,0.483
T1369,3,0.352,59.5,0.468
T1369,4,0.427,62.7,0.508
T1369,5,0.46,61.7,0.513
T1369,6,0.456,64.1,0.502
T1369,7,0.441,63.4,0.502
T1369,8,0.416,66.5,0.495
T1369,9,0.483,65.2,0.497
T1369,10,0.496,67.3,0.497
T1369,11,0.498,68.2,0.458
T1370,0,0.595,70.7,0.422
T1370,1,0.608,68.7,0.422
T1370,2,0.607,69.0,0.434
T1370,3,0.581,70.2,0.443
T1370,4,0.607,71.0,0.44
T1370,5,0.591,68.4,0.432
T1370,6,0.524,68.5,0.475
T1370,7,0.547,64.2,0.456
T1370,8,0.557,64.6,0.472
T1370,9,0.546,62.3,0.43
T1370,10,0.558,64.3,0.473
T1370,11,0.549,64.7,0.469
T1371,0,0.585,71.8,0.559
T1371,1,0.59,72.8,0.615
T1371,2,0.584,72.6,0.591
T1371,3,0.553,69.2,0.578
T1371,4,0.577,69.9,0.526
T1371,5,0.536,72.3,0.547
T1371,6,0.505,68.4,0.575
T1371,7,0.487,71.5,0.534
T1371,8,0.494,70.2,0.541
T1371,9,0.475,69.4,0.551
T1371,10,0.523,68.3,0.518
T1371,11,0.478,67.0,0.521
T1372,0,0.556,54.5,0.547
T1372,1,0.549,54.7,0.521
T1372,2,0.546,54.5,0.541
T1372,3,0.556,55.6,0.548
T1372,4,0.512,58.0,0.48
T1372,5,0.505,52.1,0.56
T1372,6,0.509,53.6,0.519
T1372,7,0.492,52.5,0.567
T1372,8,0.511,52.7,0.553
T1372,9,0.492,51.5,0.563
T1372,10,0.449,56.6,0.57
T1372,11,0.442,54.8,0.576
T1373,0,0.312,67.9,0.543
T1373,1,0.31,65.7,0.562
T1373,2,0.342,63.3,0.563
T1373,3,0.391,68.1,0.578
T1373,4,0.371,64.1,0.586
T1373,5,0.39,66.2,0.592
T1373,6,0.397,62.5,0.613
T1373,7,0.399,62.4,0.588
T1373,8,0.393,66.8,0.62
T1373,9,0.416,62.8,0.637
T1373,10,0.401,63.9,0.652
T1373,11,0.44,63.8,0.646
T1374,0,0.42,43.2,0.344
T1374,1,0.464,49.0,0.358
T1374,2,0.486,49.3,0.334
T1374,3,0.514,46.7,0.337
T1374,4,0.472,46.1,0.346
T1374,5,0.48,49.0,0.414
T1374,6,0.511,50.8,0.442
T1374,7,0.52,49.8,0.467
T1374,8,0.528,50.9,0.435
T1374,9,0.498,50.8,0.481
T1374,10,0.514,52.1,0.509
T1374,11,0.553,51.2,0.566
T1375,0,0.885,70.6,0.793
T1375,1,0.861,66.9,0.737
T1375,2,0.811,65.7,0.751
T1375,3,0.818,67.7,0.731
T1375,4,0.814,67.9,0.722
T1375,5,0.781,64.4,0.667
T1375,6,0.781,66.8,0.632
T1375,7,0.771,62.4,0.6
T1375,8,0.735,61.4,0.632
T1375,9,0.702,62.1,0.607
T1375,10,0.742,60.9,0.535
T1375,11,0.716,58.6,0.526
T1376,0,0.362,67.8,0.68
T1376,1,0.45,68.1,0.63
T1376,2,0.449,70.1,0.676
T1376,3,0.427,68.3,0.624
T1376,4,0.432,66.8,0.601
T1376,5,0.47,67.5,0.624
T1376,6,0.454,64.9,0.553
T1376,7,0.495,61.7,0.595
T1376,8,0.48,61.3,0.571
T1376,9,0.472,59.9,0.593
T1376,10,0.501,60.3,0.567
T1376,11,0.481,58.8,0.522
T1377,0,0.801,39.8,0.348
T1377,1,0.791,38.4,0.378
T1377,2,0.791,42.0,0.351
T1377,3,0.797,39.7,0.348
T1377,4,0.729,43.2,0.32
T1377,5,0.77,45.6,0.299
T1377,6,0.77,44.1,0.322
T1377,7,0.733,45.0,0.285
T1377,8,0.756,46.9,0.304
T1377,9,0.739,47.9,0.271
T1377,10,0.713,48.6,0.267
T1377,11,0.712,51.6,0.266
T1378,0,0.311,52.8,0.567
T1378,1,0.322,52.5,0.518
T1378,2,0.323,57.2,0.516
T1378,3,0.343,52.4,0.502
T1378,4,0.327,57.4,0.519
T1378,5,0.369,55.2,0.477
T1378,6,0.32,60.5,0.531
T1378,7,0.315,58.5,0.443
T1378,8,0.328,59.5,0.495
T1378,9,0.298,59.8,0.47
T1378,10,0.338,60.3,0.467
T1378,11,0.302,62.9,0.444
T1379,0,0.853,42.0,0.747
T1379,1,0.867,40.8,0.717
T1379,2,0.849,41.8,0.711
T1379,3,0.842,43.9,0.683
T1379,4,0.866,42.3,0.685
T1379,5,0.84,43.5,0.632
T1379,6,0.833,45.6,0.64
T1379,7,0.818,42.7,0.597
T1379,8,0.808,42.5,0.664
T1379,9,0.826,46.3,0.605
T1379,10,0.835,46.8,0.617
T1379,11,0.776,43.5,0.573
T1380,0,0.572,55.8,0.641
T1380,1,0.53,56.8,0.672
T1380,2,0.607,56.9,0.687
T1380,3,0.57,58.7,0.709
T1380,4,0.576,60.1,0.69
T1380,5,0.574,58.0,0.728
T1380,6,0.57,57.4,0.78
T1380,7,0.57,60.4,0.785
T1380,8,0.573,59.4,0.833
T1380,9,0.584,62.0,0.887
T1380,10,0.583,61.6,0.822
T1380,11,0.605,61.4,0.869
T1381,0,0.991,44.3,0.243
T1381,1,0.978,43.7,0.253
T1381,2,0.99,43.3,0.273
T1381,3,0.955,45.8,0.232
T1381,4,0.976,44.1,0.266
T1381,5,0.961,43.5,0.293
T1381,6,0.945,44.9,0.265
T1381,7,0.947,43.1,0.28
T1381,8,0.909,42.3,0.258
T1381,9,0.924,45.6,0.28
T1381,10,0.914,46.7,0.272
T1381,11,0.928,42.9,0.297
T1382,0,0.598,61.5,0.433
T1382,1,0.627,61.7,0.419
T1382,2,0.629,61.3,0.439
T1382,3,0.624,57.5,0.446
T1382,4,0.632,59.6,0.501
T1382,5,0.614,57.2,0.48
T1382,6,0.579,54.1,0.534
T1382,7,0.634,58.1,0.502
T1382,8,0.626,56.4,0.534
T1382,9,0.635,53.1,0.533
T1382,10,0.633,54.8,0.553
T1382,11,0.608,53.9,0.559
T1383,0,0.632,54.2,0.683
T1383,1,0.65,56.6,0.758
T1383,2,0.668,54.9,0.717
T1383,3,0.649,54.5,0.73
T1383,4,0.646,55.1,0.772
T1383,5,0.641,58.2,0.744
T1383,6,0.637,56.0,0.72
T1383,7,0.658,56.0,0.745
T1383,8,0.651,57.4,0.746
T1383,9,0.642,56.8,0.754
T1383,10,0.632,57.5,0.757
T1383,11,0.633,58.3,0.757
T1384,0,0.788,53.1,0.31
T1384,1,0.776,52.1,0.305
T1384,2,0.778,54.5,0.367
T1384,3,0.781,52.0,0.299
T1384,4,0.783,51.8,0.339
T1384,5,0.764,53.5,0.362
T1384,6,0.708,54.2,0.349
T1384,7,0.714,54.6,0.349
T1384,8,0.723,50.4,0.354
T1384,9,0.696,51.3,0.391
T1384,10,0.681,51.6,0.369
T1384,11,0.711,51.4,0.411
T1385,0,0.934,55.1,0.394
T1385,1,0.925,55.2,0.456
T1385,2,0.906,57.0,0.431
T1385,3,0.897,54.6,0.427
T1385,4,0.865,53.5,0.41
T1385,5,0.84,56.4,0.406
T1385,6,0.85,53.5,0.385
T1385,7,0.815,54.1,0.408
T1385,8,0.809,55.0,0.391
T1385,9,0.794,54.6,0.421
T1385,10,0.754,53.1,0.415
T1385,11,0.737,53.4,0.396
T1386,0,0.896,48.5,0.7
T1386,1,0.937,46.8,0.711
T1386,2,0.926,46.8,0.684
T1386,3,0.886,48.7,0.725
T1386,4,0.899,50.2,0.675
T1386,5,0.877,51.0,0.714
T1386,6,0.879,47.3,0.698
T1386,7,0.88,50.1,0.671
T1386,8,0.851,48.6,0.696
T1386,9,0.827,49.0,0.696
T1386,10,0.886,46.3,0.647
T1386,11,0.859,49.0,0.672
T1387,0,0.811,57.7,0.636
T1387,1,0.818,57.4,0.647
T1387,2,0.821,56.8,0.63
T1387,3,0.753,55.9,0.678
T1387,4,0.766,60.5,0.644
T1387,5,0.741,60.9,0.623
T1387,6,0.743,58.9,0.629
T1387,7,0.717,58.4,0.676
T1387,8,0.72,60.8,0.635
T1387,9,0.711,60.8,0.647
T1387,10,0.64,62.2,0.678
T1387,11,0.64,62.0,0.645
T1388,0,0.902,54.1,0.758
T1388,1,0.888,56.1,0.743
T1388,2,0.835,56.0,0.748
T1388,3,0.869,57.7,0.762
T1388,4,0.787,57.1,0.799
T1388,5,0.809,57.5,0.784
T1388,6,0.818,56.3,0.85
T1388,7,0.778,59.4,0.847
T1388,8,0.728,61.2,0.892
T1388,9,0.736,61.4,0.856
T1388,10,0.717,60.7,0.861
T1388,11,0.75,62.4,0.925
T1389,0,0.494,55.6,0.596
T1389,1,0.593,57.0,0.641
T1389,2,0.56,55.9,0.654
T1389,3,0.583,55.3,0.611
T1389,4,0.59,53.0,0.589
T1389,5,0.534,51.8,0.572
T1389,6,0.59,53.4,0.596
T1389,7,0.587,50.9,0.589
T1389,8,0.586,48.4,0.574
T1389,9,0.601,47.2,0.584
T1389,10,0.589,48.9,0.564
T1389,11,0.601,45.1,0.616
T1390,0,0.402,72.5,0.559
T1390,1,0.407,74.2,0.584
T1390,2,0.408,71.9,0.54
T1390,3,0.426,74.5,0.569
T1390,4,0.46,76.3,0.601
T1390,5,0.455,75.4,0.612
T1390,6,0.492,76.7,0.607
T1390,7,0.434,75.3,0.573
T1390,8,0.487,76.2,0.599
T1390,9,0.502,78.4,0.68
T1390,10,0.534,75.9,0.605
T1390,11,0.558,77.0,0.639
T1391,0,0.79,57.4,0.372
T1391,1,0.753,60.0,0.374
T1391,2,0.809,58.6,0.4
T1391,3,0.811,61.4,0.392
T1391,4,0.82,57.6,0.401
T1391,5,0.829,60.4,0.401
T1391,6,0.808,58.9,0.411
T1391,7,0.889,58.5,0.403
T1391,8,0.835,57.8,0.438
T1391,9,0.879,56.2,0.458
T1391,10,0.882,57.7,0.42
T1391,11,0.882,58.8,0.468
T1392,0,0.884,56.4,0.639
T1392,1,0.885,55.2,0.596
T1392,2,0.889,54.5,0.62
T1392,3,0.867,56.4,0.579
T1392,4,0.845,52.7,0.625
T1392,5,0.896,54.7,0.574
T1392,6,0.864,54.1,0.62
T1392,7,0.883,52.1,0.601
T1392,8,0.874,54.9,0.586
T1392,9,0.863,55.3,0.584
T1392,10,0.892,56.0,0.545
T1392,11,0.86,55.2,0.523
T1393,0,0.424,44.1,0.244
T1393,1,0.465,44.5,0.196
T1393,2,0.472,43.6,0.283
T1393,3,0.454,42.7,0.217
T1393,4,0.518,45.5,0.197
T1393,5,0.527,45.3,0.213
T1393,6,0.591,46.7,0.229
T1393,7,0.601,44.4,0.186
T1393,8,0.614,47.9,0.173
T1393,9,0.665,46.2,0.183
T1393,10,0.642,48.2,0.197
T1393,11,0.689,46.3,0.164
T1394,0,0.488,38.7,0.828
T1394,1,0.492,38.6,0.788
T1394,2,0.523,40.0,0.747
T1394,3,0.544,40.1,0.812
T1394,4,0.492,41.2,0.783
T1394,5,0.549,44.4,0.763
T1394,6,0.576,43.5,0.772
T1394,7,0.575,41.4,0.771
T1394,8,0.604,43.3,0.767
T1394,9,0.6,41.3,0.731
T1394,10,0.643,46.4,0.764
T1394,11,0.662,46.3,0.734
T1395,0,0.374,65.4,0.644
T1395,1,0.351,65.2,0.607
T1395,2,0.405,60.6,0.667
T1395,3,0.357,62.8,0.594
T1395,4,0.351,64.6,0.589
T1395,5,0.35,61.9,0.6
T1395,6,0.38,61.6,0.522
T1395,7,0.378,57.8,0.544
T1395,8,0.37,59.5,0.52
T1395,9,0.373,59.9,0.492
T1395,10,0.348,57.0,0.494
T1395,11,0.406,60.1,0.486
T1396,0,0.459,48.1,0.829
T1396,1,0.47,48.8,0.83
T1396,2,0.479,51.6,0.806
T1396,3,0.436,55.0,0.825
T1396,4,0.486,52.3,0.81
T1396,5,0.485,51.2,0.846
T1396,6,0.436,51.9,0.815
T1396,7,0.42,52.7,0.845
T1396,8,0.463,58.2,0.836
T1396,9,0.385,52.9,0.826
T1396,10,0.394,55.3,0.809
T1396,11,0.433,58.3,0.796
T1397,0,0.437,62.1,0.431
T1397,1,0.439,63.0,0.415
T1397,2,0.486,59.1,0.413
T1397,3,0.484,58.7,0.399
T1397,4,0.514,55.2,0.384
T1397,5,0.5,57.5,0.417
T1397,6,0.534,56.5,0.375
T1397,7,0.555,54.9,0.435
T1397,8,0.567,52.4,0.395
T1397,9,0.613,51.3,0.414
T1397,10,0.617,51.2,0.382
T1397,11,0.656,49.9,0.393
T1398,0,0.609,45.0,0.408
T1398,1,0.666,47.3,0.453
T1398,2,0.668,49.3,0.424
T1398,3,0.683,48.1,0.414
T1398,4,0.672,46.5,0.435
T1398,5,0.657,47.9,0.441
T1398,6,0.698,50.7,0.406
T1398,7,0.699,50.2,0.435
T1398,8,0.714,53.8,0.435
T1398,9,0.709,54.6,0.427
T1398,10,0.696,51.1,0.425
T1398,11,0.707,56.4,0.44
T1399,0,0.343,55.7,0.674
T1399,1,0.365,53.8,0.704
T1399,2,0.355,54.3,0.72
T1399,3,0.433,51.4,0.721
T1399,4,0.448,53.1,0.705
T1399,5,0.442,50.4,0.717
T1399,6,0.481,50.3,0.703
T1399,7,0.512,49.7,0.702
T1399,8,0.513,50.3,0.753
T1399,9,0.501,48.5,0.746
T1399,10,0.569,50.1,0.739
T1399,11,0.581,48.3,0.73
T1400,0,1.0,49.3,0.696
T1400,1,0.988,48.7,0.666
T1400,2,0.944,48.6,0.651
T1400,3,0.932,51.3,0.659
T1400,4,0.956,52.4,0.658
T1400,5,0.874,50.4,0.659
T1400,6,0.923,49.3,0.675
T1400,7,0.893,51.8,0.647
T1400,8,0.889,51.2,0.681
T1400,9,0.857,52.2,0.667
T1400,10,0.854,50.8,0.673
T1400,11,0.844,52.6,0.678
T1401,0,0.513,72.7,0.779
T1401,1,0.506,74.6,0.798
T1401,2,0.446,75.6,0.799
T1401,3,0.489,72.9,0.823
T1401,4,0.471,72.6,0.794
T1401,5,0.426,71.9,0.826
T1401,6,0.457,73.8,0.781
T1401,7,0.463,70.5,0.781
T1401,8,0.477,71.5,0.816
T1401,9,0.45,72.0,0.786
T1401,10,0.435,72.0,0.806
T1401,11,0.459,73.2,0.838
T1402,0,0.518,63.5,0.345
T1402,1,0.573,65.5,0.367
T1402,2,0.542,64.6,0.387
T1402,3,0.56,62.8,0.39
T1402,4,0.517,63.9,0.386
T1402,5,0.582,62.6,0.406
T1402,6,0.53,57.2,0.444
T1402,7,0.6,57.4,0.447
T1402,8,0.571,58.1,0.447
T1402,9,0.568,58.4,0.472
T1402,10,0.564,57.4,0.531
T1402,11,0.582,52.8,0.51
T1403,0,0.643,48.2,0.75
T1403,1,0.733,50.0,0.762
T1403,2,0.655,54.6,0.789
T1403,3,0.729,55.6,0.773
T1403,4,0.671,54.5,0.72
T1403,5,0.682,59.5,0.759
T1403,6,0.744,59.8,0.749
T1403,7,0.705,60.8,0.767
T1403,8,0.71,59.4,0.769
T1403,9,0.687,60.7,0.765
T1403,10,0.719,63.4,0.767
T1403,11,0.731,63.1,0.762
T1404,0,0.757,36.3,0.444
T1404,1,0.775,36.6,0.427
T1404,2,0.68,39.7,0.425
T1404,3,0.763,41.3,0.396
T1404,4,0.709,42.4,0.407
T1404,5,0.734,42.1,0.457
T1404,6,0.714,41.7,0.451
T1404,7,0.694,44.9,0.402
T1404,8,0.709,42.4,0.428
T1404,9,0.697,42.8,0.469
T1404,10,0.676,48.2,0.475
T1404,11,0.634,47.0,0.413
T1405,0,0.086,60.7,0.694
T1405,1,0.101,58.3,0.718
T1405,2,0.088,60.9,0.714
T1405,3,0.182,60.4,0.753
T1405,4,0.166,60.2,0.761
T1405,5,0.201,59.3,0.822
T1405,6,0.227,60.7,0.802
T1405,7,0.224,59.5,0.826
T1405,8,0.289,60.1,0.852
T1405,9,0.298,57.0,0.855
T1405,10,0.308,53.8,0.889
T1405,11,0.325,55.0,0.873
T1406,0,0.496,50.8,0.782
T1406,1,0.491,50.4,0.813
T1406,2,0.537,52.8,0.821
T1406,3,0.528,51.3,0.769
T1406,4,0.538,51.9,0.838
T1406,5,0.585,52.8,0.782
T1406,6,0.614,55.4,0.83
T1406,7,0.596,55.8,0.809
T1406,8,0.641,56.2,0.809
T1406,9,0.63,55.8,0.781
T1406,10,0.635,56.3,0.823
T1406,11,0.677,61.8,0.777
T1407,0,0.237,54.3,0.64
T1407,1,0.253,57.3,0.62
T1407,2,0.238,59.3,0.645
T1407,3,0.286,58.6,0.58
T1407,4,0.279,57.0,0.63
T1407,5,0.232,57.4,0.564
T1407,6,0.248,58.8,0.573
T1407,7,0.245,56.6,0.572
T1407,8,0.263,58.1,0.548
T1407,9,0.278,58.6,0.529
T1407,10,0.273,56.1,0.54
T1407,11,0.257,59.1,0.49
T1408,0,0.623,57.5,0.756
T1408,1,0.621,55.2,0.754
T1408,2,0.655,57.3,0.737
T1408,3,0.636,55.2,0.755
T1408,4,0.632,55.1,0.662
T1408,5,0.605,56.7,0.708
T1408,6,0.586,54.2,0.671
T1408,7,0.598,54.3,0.663
T1408,8,0.564,53.6,0.628
T1408,9,0.58,53.2,0.618
T1408,10,0.608,54.3,0.574
T1408,11,0.575,53.0,0.557
T1409,0,0.611,80.3,0.405
T1409,1,0.615,77.5,0.43
T1409,2,0.58,76.5,0.457
T1409,3,0.608,74.6,0.427
T1409,4,0.606,73.5,0.453
T1409,5,0.622,72.7,0.437
T1409,6,0.595,68.4,0.469
T1409,7,0.657,70.8,0.467
T1409,8,0.641,68.3,0.477
T1409,9,0.614,63.5,0.487
T1409,10,0.642,62.1,0.465
T1409,11,0.665,64.2,0.455
T1410,0,0.333,58.8,0.299
T1410,1,0.363,61.9,0.278
T1410,2,0.423,57.4,0.268
T1410,3,0.413,60.5,0.288
T1410,4,0.455,61.1,0.274
T1410,5,0.47,62.5,0.269
T1410,6,0.536,61.9,0.289
T1410,7,0.533,60.9,0.289
T1410,8,0.579,57.3,0.288
T1410,9,0.613,56.5,0.315
T1410,10,0.61,61.4,0.343
T1410,11,0.68,62.4,0.301
T1411,0,0.634,56.1,0.759
T1411,1,0.614,58.6,0.737
T1411,2,0.654,60.2,0.758
T1411,3,0.678,57.4,0.748
T1411,4,0.614,58.7,0.745
T1411,5,0.655,57.0,0.724
T1411,6,0.705,55.9,0.769
T1411,7,0.655,57.4,0.726
T1411,8,0.685,57.4,0.702
T1411,9,0.732,60.2,0.711
T1411,10,0.692,61.1,0.667
T1411,11,0.71,61.3,0.693
T1412,0,0.557,63.1,0.603
T1412,1,0.562,60.5,0.586
T1412,2,0.596,58.9,0.532
T1412,3,0.6,61.0,0.528
T1412,4,0.622,57.5,0.547
T1412,5,0.594,54.7,0.526
T1412,6,0.64,57.4,0.537
T1412,7,0.624,51.4,0.468
T1412,8,0.617,52.0,0.484
T1412,9,0.673,50.5,0.461
T1412,10,0.674,49.7,0.492
T1412,11,0.71,49.8,0.436
T1413,0,0.501,59.1,0.662
T1413,1,0.552,60.8,0.626
T1413,2,0.573,59.0,0.618
T1413,3,0.618,58.0,0.649
T1413,4,0.598,59.2,0.608
T1413,5,0.681,56.8,0.659
T1413,6,0.674,58.7,0.665
T1413,7,0.689,55.2,0.62
T1413,8,0.74,58.9,0.649
T1413,9,0.739,58.3,0.624
T1413,10,0.802,59.3,0.639
T1413,11,0.851,56.7,0.644
T1414,0,0.151,55.5,0.497
T1414,1,0.157,55.8,0.481
T1414,2,0.179,56.9,0.46
T1414,3,0.229,58.6,0.464
T1414,4,0.255,56.1,0.447
T1414,5,0.269,54.1,0.448
T1414,6,0.3,54.5,0.41
T1414,7,0.355,52.9,0.452
T1414,8,0.356,54.4,0.422
T1414,9,0.407,54.2,0.436
T1414,10,0.398,53.1,0.375
T1414,11,0.441,55.1,0.382
T1415,0,0.64,42.3,0.283
T1415,1,0.66,41.4,0.29
T1415,2,0.664,40.4,0.251
T1415,3,0.643,40.0,0.263
T1415,4,0.632,41.2,0.28
T1415,5,0.661,42.3,0.242
T1415,6,0.691,40.0,0.266
T1415,7,0.668,41.4,0.265
T1415,8,0.705,43.1,0.216
T1415,9,0.681,40.3,0.244
T1415,10,0.692,39.3,0.229
T1415,11,0.704,44.8,0.191
T1416,0,0.34,55.3,0.768
T1416,1,0.38,54.8,0.766
T1416,2,0.391,57.7,0.763
T1416,3,0.413,56.2,0.732
T1416,4,0.419,59.0,0.735
T1416,5,0.461,56.4,0.684
T1416,6,0.446,56.8,0.709
T1416,7,0.477,56.0,0.688
T1416,8,0.523,60.1,0.651
T1416,9,0.508,59.2,0.632
T1416,10,0.565,60.4,0.647
T1416,11,0.574,65.2,0.598
T1417,0,0.42,61.4,0.54
T1417,1,0.436,60.4,0.533
T1417,2,0.399,61.7,0.572
T1417,3,0.455,59.4,0.548
T1417,4,0.431,60.5,0.533
T1417,5,0.466,59.0,0.556
T1417,6,0.459,55.7,0.515
T1417,7,0.465,57.5,0.543
T1417,8,0.431,56.9,0.522
T1417,9,0.481,60.2,0.532
T1417,10,0.494,56.7,0.53
T1417,11,0.499,57.6,0.533
T1418,0,0.766,57.1,0.436
T1418,1,0.794,58.5,0.443
T1418,2,0.814,56.0,0.496
T1418,3,0.784,61.1,0.443
T1418,4,0.764,56.8,0.486
T1418,5,0.77,57.2,0.513
T1418,6,0.774,55.5,0.496
T1418,7,0.771,54.0,0.505
T1418,8,0.747,53.9,0.487
T1418,9,0.782,58.8,0.497
T1418,10,0.786,55.9,0.544
T1418,11,0.765,57.3,0.496
T1419,0,0.438,72.1,0.739
T1419,1,0.448,72.1,0.727
T1419,2,0.45,73.8,0.701
T1419,3,0.45,69.4,0.709
T1419,4,0.472,67.8,0.739
T1419,5,0.548,63.7,0.717
T1419,6,0.576,63.6,0.745
T1419,7,0.556,61.7,0.721
T1419,8,0.615,60.8,0.712
T1419,9,0.593,62.8,0.692
T1419,10,0.653,58.1,0.761
T1419,11,0.66,55.9,0.751
T1420,0,0.6,59.0,0.695
T1420,1,0.63,57.1,0.702
T1420,2,0.615,58.6,0.71
T1420,3,0.594,58.8,0.699
T1420,4,0.582,58.5,0.663
T1420,5,0.6,59.6,0.668
T1420,6,0.588,58.8,0.662
T1420,7,0.557,60.7,0.708
T1420,8,0.553,56.8,0.711
T1420,9,0.55,56.3,0.663
T1420,10,0.574,56.8,0.698
T1420,11,0.529,59.4,0.676
T1421,0,0.52,34.1,0.409
T1421,1,0.537,32.6,0.443
T1421,2,0.513,30.6,0.4
T1421,3,0.454,32.8,0.383
T1421,4,0.492,33.2,0.363
T1421,5,0.506,32.7,0.368
T1421,6,0.522,35.9,0.335
T1421,7,0.503,32.8,0.288
T1421,8,0.544,34.7,0.287
T1421,9,0.484,33.7,0.23
T1421,10,0.524,38.7,0.213
T1421,11,0.509,38.2,0.187
T1422,0,0.591,31.7,0.154
T1422,1,0.584,30.3,0.162
T1422,2,0.619,31.1,0.189
T1422,3,0.596,31.8,0.213
T1422,4,0.634,34.0,0.21
T1422,5,0.642,33.1,0.267
T1422,6,0.645,34.7,0.266
T1422,7,0.636,37.3,0.272
T1422,8,0.642,35.4,0.234
T1422,9,0.678,38.6,0.295
T1422,10,0.68,36.8,0.317
T1422,11,0.717,38.3,0.285
T1423,0,0.623,39.9,0.468
T1423,1,0.659,44.5,0.481
T1423,2,0.615,41.0,0.423
T1423,3,0.617,43.4,0.423
T1423,4,0.641,43.1,0.423
T1423,5,0.618,44.5,0.377
T1423,6,0.609,43.6,0.422
T1423,7,0.614,44.3,0.385
T1423,8,0.647,41.9,0.38
T1423,9,0.585,45.6,0.38
T1423,10,0.57,42.5,0.367
T1423,11,0.583,42.7,0.348
T1424,0,0.837,59.1,0.209
T1424,1,0.816,57.2,0.21
T1424,2,0.797,56.7,0.185
T1424,3,0.819,58.5,0.236
T1424,4,0.742,56.5,0.208
T1424,5,0.742,57.3,0.21
T1424,6,0.738,55.3,0.216
T1424,7,0.731,51.1,0.242
T1424,8,0.694,52.9,0.209
T1424,9,0.703,53.8,0.192
T1424,10,0.764,53.7,0.174
T1424,11,0.695,54.9,0.193
T1425,0,0.602,54.5,0.407
T1425,1,0.615,52.4,0.422
T1425,2,0.596,55.6,0.442
T1425,3,0.614,53.8,0.422
T1425,4,0.592,54.6,0.43
T1425,5,0.609,55.2,0.464
T1425,6,0.641,52.4,0.432
T1425,7,0.622,54.5,0.455
T1425,8,0.634,53.3,0.438
T1425,9,0.644,52.7,0.464
T1425,10,0.652,50.1,0.449
T1425,11,0.654,51.1,0.46
T1426,0,0.394,69.8,0.768
T1426,1,0.421,71.2,0.762
T1426,2,0.356,69.5,0.728
T1426,3,0.413,66.5,0.778
T1426,4,0.405,68.6,0.71
T1426,5,0.443,70.6,0.722
T1426,6,0.428,66.7,0.725
T1426,7,0.427,69.0,0.727
T1426,8,0.432,69.5,0.738
T1426,9,0.419,67.1,0.71
T1426,10,0.472,68.5,0.77
T1426,11,0.426,66.4,0.721
T1427,0,0.385,63.2,0.66
T1427,1,0.319,61.1,0.664
T1427,2,0.366,65.3,0.647
T1427,3,0.365,63.0,0.603
T1427,4,0.374,64.2,0.581
T1427,5,0.381,60.7,0.567
T1427,6,0.394,65.4,0.534
T1427,7,0.39,64.9,0.556
T1427,8,0.355,61.3,0.553
T1427,9,0.398,62.8,0.492
T1427,10,0.434,63.5,0.47
T1427,11,0.391,63.9,0.481
T1428,0,0.136,50.8,0.592
T1428,1,0.147,52.4,0.587
T1428,2,0.182,52.2,0.536
T1428,3,0.286,50.9,0.526
T1428,4,0.311,53.9,0.505
T1428,5,0.314,54.9,0.491
T1428,6,0.341,52.5,0.518
T1428,7,0.352,57.3,0.462
T1428,8,0.42,56.3,0.441
T1428,9,0.469,59.3,0.397
T1428,10,0.516,56.7,0.418
T1428,11,0.571,57.7,0.427
T1429,0,0.578,54.7,0.562
T1429,1,0.597,53.8,0.59
T1429,2,0.593,51.6,0.53
T1429,3,0.595,53.8,0.544
T1429,4,0.62,54.3,0.504
T1429,5,0.636,53.0,0.522
T1429,6,0.616,51.0,0.528
T1429,7,0.662,50.9,0.488
T1429,8,0.637,53.1,0.496
T1429,9,0.682,53.0,0.474
T1429,10,0.701,53.1,0.475
T1429,11,0.706,49.9,0.43
T1430,0,0.74,35.7,0.568
T1430,1,0.783,40.2,0.605
T1430,2,0.772,41.7,0.563
T1430,3,0.798,41.0,0.612
T1430,4,0.792,41.0,0.583
T1430,5,0.785,42.3,0.569
T1430,6,0.803,47.3,0.595
T1430,7,0.801,44.8,0.582
T1430,8,0.823,46.5,0.566
T1430,9,0.803,43.8,0.572
T1430,10,0.803,48.0,0.607
T1430,11,0.829,46.0,0.599
T1431,0,0.277,62.9,0.757
T1431,1,0.282,63.9,0.816
T1431,2,0.31,63.5,0.807
T1431,3,0.283,62.6,0.798
T1431,4,0.319,64.7,0.813
T1431,5,0.307,62.1,0.789
T1431,6,0.321,63.5,0.783
T1431,7,0.287,61.4,0.801
T1431,8,0.341,62.5,0.824
T1431,9,0.314,64.8,0.815
T1431,10,0.341,60.8,0.794
T1431,11,0.33,63.2,0.831
T1432,0,0.36,74.3,0.674
T1432,1,0.331,74.5,0.667
T1432,2,0.384,72.6,0.665
T1432,3,0.369,71.2,0.648
T1432,4,0.367,68.2,0.623
T1432,5,0.391,74.0,0.62
T1432,6,0.415,69.7,0.579
T1432,7,0.426,67.8,0.586
T1432,8,0.397,66.1,0.59
T1432,9,0.397,64.1,0.549
T1432,10,0.43,65.1,0.528
T1432,11,0.402,64.3,0.531
T1433,0,0.537,53.1,0.674
T1433,1,0.52,58.4,0.638
T1433,2,0.555,58.6,0.665
T1433,3,0.523,57.2,0.628
T1433,4,0.539,54.7,0.708
T1433,5,0.546,54.7,0.66
T1433,6,0.544,56.0,0.591
T1433,7,0.546,58.1,0.617
T1433,8,0.609,61.8,0.64
T1433,9,0.57,55.5,0.612
T1433,10,0.613,57.2,0.664
T1433,11,0.587,60.9,0.649
T1434,0,0.785,34.8,0.725
T1434,1,0.782,36.7,0.701
T1434,2,0.745,33.0,0.73
T1434,3,0.755,36.7,0.733
T1434,4,0.723,37.1,0.75
T1434,5,0.712,36.3,0.715
T1434,6,0.672,37.4,0.765
T1434,7,0.63,41.4,0.782
T1434,8,0.683,43.3,0.742
T1434,9,0.633,44.4,0.811
T1434,10,0.621,42.7,0.852
T1434,11,0.578,46.3,0.798
T1435,0,0.682,68.0,0.437
T1435,1,0.705,64.8,0.459
T1435,2,0.66,65.9,0.438
T1435,3,0.638,62.0,0.441
T1435,4,0.649,64.3,0.451
T1435,5,0.688,59.3,0.439
T1435,6,0.634,60.9,0.445
T1435,7,0.663,57.4,0.448
T1435,8,0.66,58.3,0.471
T1435,9,0.641,53.5,0.459
T1435,10,0.606,57.8,0.53
T1435,11,0.611,55.4,0.495
T1436,0,0.58,63.4,0.885
T1436,1,0.543,62.8,0.881
T1436,2,0.603,61.9,0.857
T1436,3,0.589,60.8,0.867
T1436,4,0.614,64.5,0.889
T1436,5,0.562,60.7,0.871
T1436,6,0.543,65.2,0.866
T1436,7,0.565,57.8,0.874
T1436,8,0.556,62.8,0.882
T1436,9,0.553,58.6,0.894
T1436,10,0.541,61.1,0.853
T1436,11,0.567,60.3,0.875
T1437,0,0.67,38.8,0.428
T1437,1,0.63,37.1,0.434
T1437,2,0.612,39.2,0.416
T1437,3,0.62,38.3,0.436
T1437,4,0.623,40.4,0.463
T1437,5,0.613,39.0,0.458
T1437,6,0.608,42.1,0.455
T1437,7,0.622,37.9,0.471
T1437,8,0.637,42.3,0.477
T1437,9,0.568,41.5,0.476
T1437,10,0.574,42.9,0.487
T1437,11,0.586,43.1,0.476
T1438,0,0.828,32.5,0.295
T1438,1,0.802,33.4,0.306
T1438,2,0.807,33.7,0.302
T1438,3,0.78,33.8,0.32
T1438,4,0.758,35.7,0.322
T1438,5,0.781,32.7,0.316
T1438,6,0.756,34.3,0.29
T1438,7,0.786,34.8,0.266
T1438,8,0.75,35.4,0.276
T1438,9,0.703,39.0,0.267
T1438,10,0.722,34.4,0.307
T1438,11,0.702,34.3,0.284
T1439,0,0.499,58.5,0.663
T1439,1,0.521,60.0,0.662
T1439,2,0.462,63.5,0.661
T1439,3,0.501,61.1,0.654
T1439,4,0.51,61.7,0.629
T1439,5,0.485,62.4,0.634
T1439,6,0.477,62.4,0.625
T1439,7,0.474,65.8,0.576
T1439,8,0.468,65.2,0.58
T1439,9,0.477,65.9,0.584
T1439,10,0.444,63.1,0.57
T1439,11,0.446,69.1,0.587
T1440,0,0.495,50.6,0.405
T1440,1,0.506,48.7,0.413
T1440,2,0.49,49.9,0.4
T1440,3,0.52,50.8,0.389
T1440,4,0.487,47.5,0.397
T1440,5,0.491,49.4,0.406
T1440,6,0.448,47.9,0.41
T1440,7,0.491,48.8,0.367
T1440,8,0.459,50.4,0.368
T1440,9,0.52,51.9,0.362
T1440,10,0.454,50.3,0.34
T1440,11,0.447,50.9,0.303
T1441,0,0.235,43.1,0.171
T1441,1,0.274,45.1,0.211
T1441,2,0.301,44.7,0.227
T1441,3,0.302,47.1,0.226
T1441,4,0.345,44.2,0.232
T1441,5,0.358,49.0,0.258
T1441,6,0.416,48.9,0.266
T1441,7,0.426,49.0,0.291
T1441,8,0.445,48.5,0.306
T1441,9,0.474,49.2,0.311
T1441,10,0.462,53.4,0.321
T1441,11,0.515,53.8,0.318
T1442,0,0.763,46.2,0.766
T1442,1,0.793,46.3,0.769
T1442,2,0.733,46.0,0.752
T1442,3,0.771,48.0,0.731
T1442,4,0.731,47.9,0.724
T1442,5,0.738,47.9,0.744
T1442,6,0.74,50.0,0.703
T1442,7,0.697,48.9,0.685
T1442,8,0.736,50.5,0.702
T1442,9,0.697,51.8,0.7
T1442,10,0.711,47.9,0.691
T1442,11,0.712,50.4,0.665
T1443,0,0.778,52.6,0.507
T1443,1,0.797,52.4,0.518
T1443,2,0.78,52.3,0.517
T1443,3,0.762,52.5,0.502
T1443,4,0.764,52.1,0.522
T1443,5,0.79,49.8,0.523
T1443,6,0.733,49.3,0.511
T1443,7,0.757,51.1,0.543
T1443,8,0.721,50.9,0.476
T1443,9,0.732,51.4,0.516
T1443,10,0.712,52.3,0.553
T1443,11,0.724,52.3,0.527
T1444,0,0.455,48.6,1.0
T1444,1,0.454,47.1,0.98
T1444,2,0.428,52.3,0.96
T1444,3,0.487,52.4,1.0
T1444,4,0.44,49.7,0.994
T1444,5,0.49,52.5,0.958
T1444,6,0.472,54.7,0.959
T1444,7,0.522,56.4,0.965
T1444,8,0.491,59.7,0.986
T1444,9,0.496,55.2,0.906
T1444,10,0.521,58.2,0.918
T1444,11,0.549,60.7,0.958
T1445,0,0.477,46.1,0.168
T1445,1,0.519,47.4,0.195
T1445,2,0.48,45.8,0.141
T1445,3,0.554,45.1,0.187
T1445,4,0.546,43.7,0.206
T1445,5,0.529,45.0,0.202
T1445,6,0.557,45.0,0.187
T1445,7,0.568,45.8,0.223
T1445,8,0.573,40.4,0.202
T1445,9,0.569,42.8,0.232
T1445,10,0.611,41.7,0.243
T1445,11,0.539,42.2,0.229
T1446,0,0.4,33.6,0.244
T1446,1,0.388,35.5,0.212
T1446,2,0.437,32.0,0.245
T1446,3,0.434,35.4,0.245
T1446,4,0.454,39.3,0.296
T1446,5,0.495,37.1,0.237
T1446,6,0.481,38.8,0.287
T1446,7,0.539,37.5,0.266
T1446,8,0.561,40.0,0.284
T1446,9,0.581,43.7,0.311
T1446,10,0.619,38.7,0.307
T1446,11,0.608,41.6,0.322
T1447,0,0.368,56.0,0.79
T1447,1,0.393,54.8,0.761
T1447,2,0.354,53.2,0.773
T1447,3,0.379,51.9,0.766
T1447,4,0.389,52.1,0.716
T1447,5,0.363,49.4,0.692
T1447,6,0.42,54.0,0.715
T1447,7,0.358,51.2,0.685
T1447,8,0.369,50.8,0.667
T1447,9,0.396,49.9,0.663
T1447,10,0.383,49.2,0.693
T1447,11,0.394,46.1,0.612
T1448,0,0.529,44.1,0.271
T1448,1,0.509,48.3,0.261
T1448,2,0.524,44.3,0.263
T1448,3,0.531,46.2,0.287
T1448,4,0.549,45.4,0.296
T1448,5,0.565,45.4,0.269
T1448,6,0.565,46.2,0.236
T1448,7,0.588,47.7,0.276
T1448,8,0.586,46.9,0.269
T1448,9,0.575,49.7,0.283
T1448,10,0.618,49.3,0.253
T1448,11,0.574,50.2,0.293
T1449,0,0.648,69.1,0.628
T1449,1,0.662,63.4,0.594
T1449,2,0.691,63.6,0.636
T1449,3,0.692,61.7,0.611
T1449,4,0.716,62.8,0.586
T1449,5,0.703,60.5,0.607
T1449,6,0.746,59.3,0.576
T1449,7,0.758,56.9,0.611
T1449,8,0.785,57.3,0.573
T1449,9,0.745,55.5,0.575
T1449,10,0.794,52.3,0.579
T1449,11,0.754,50.7,0.558
T1450,0,0.811,58.2,0.365
T1450,1,0.805,57.8,0.363
T1450,2,0.779,52.2,0.38
T1450,3,0.796,52.3,0.38
T1450,4,0.776,49.6,0.333
T1450,5,0.79,50.8,0.391
T1450,6,0.758,47.3,0.353
T1450,7,0.762,46.5,0.326
T1450,8,0.784,48.2,0.327
T1450,9,0.772,42.6,0.294
T1450,10,0.749,41.6,0.384
T1450,11,0.797,39.5,0.308
T1451,0,0.092,78.9,1.0
T1451,1,0.106,75.9,0.988
T1451,2,0.12,79.8,0.964
T1451,3,0.098,79.2,0.951
T1451,4,0.18,80.6,0.926
T1451,5,0.217,78.5,0.886
T1451,6,0.2,80.5,0.845
T1451,7,0.253,80.7,0.893
T1451,8,0.226,81.9,0.88
T1451,9,0.281,85.1,0.839
T1451,10,0.287,85.6,0.81
T1451,11,0.332,86.3,0.826
T1452,0,0.749,46.7,0.473
T1452,1,0.766,48.1,0.501
T1452,2,0.752,47.7,0.501
T1452,3,0.746,48.1,0.453
T1452,4,0.761,49.3,0.457
T1452,5,0.796,50.8,0.452
T1452,6,0.78,49.9,0.474
T1452,7,0.75,53.0,0.464
T1452,8,0.764,54.7,0.478
T1452,9,0.76,54.8,0.434
T1452,10,0.803,55.3,0.485
T1452,11,0.801,53.4,0.457
T1453,0,0.767,51.6,0.264
T1453,1,0.749,53.8,0.276
T1453,2,0.789,55.3,0.267
T1453,3,0.757,52.5,0.29
T1453,4,0.747,52.1,0.331
T1453,5,0.783,54.2,0.34
T1453,6,0.739,55.0,0.343
T1453,7,0.735,52.6,0.361
T1453,8,0.719,53.4,0.386
T1453,9,0.785,53.7,0.398
T1453,10,0.718,54.0,0.408
T1453,11,0.743,51.6,0.419
T1454,0,0.682,44.4,0.36
T1454,1,0.681,45.3,0.404
T1454,2,0.669,44.8,0.403
T1454,3,0.646,43.9,0.422
T1454,4,0.671,46.5,0.43
T1454,5,0.668,42.2,0.425
T1454,6,0.657,47.5,0.39
T1454,7,0.682,45.5,0.424
T1454,8,0.635,45.1,0.401
T1454,9,0.612,43.6,0.477
T1454,10,0.581,44.4,0.473
T1454,11,0.616,42.1,0.469
T1455,0,0.712,51.6,0.454
T1455,1,0.702,52.6,0.476
T1455,2,0.7,51.7,0.484
T1455,3,0.694,50.3,0.473
T1455,4,0.69,49.5,0.462
T1455,5,0.686,51.0,0.47
T1455,6,0.701,46.9,0.456
T1455,7,0.653,47.4,0.487
T1455,8,0.643,47.0,0.42
T1455,9,0.697,45.6,0.482
T1455,10,0.661,49.6,0.452
T1455,11,0.64,44.8,0.473
T1456,0,0.549,36.6,0.418
T1456,1,0.547,36.1,0.346
T1456,2,0.548,38.9,0.353
T1456,3,0.542,38.3,0.365
T1456,4,0.538,35.5,0.325
T1456,5,0.523,40.4,0.338
T1456,6,0.534,40.4,0.304
T1456,7,0.508,37.7,0.346
T1456,8,0.529,39.0,0.285
T1456,9,0.511,37.9,0.313
T1456,10,0.495,38.9,0.259
T1456,11,0.495,38.8,0.274
T1457,0,0.638,27.6,0.401
T1457,1,0.681,24.6,0.439
T1457,2,0.709,29.6,0.423
T1457,3,0.727,27.5,0.419
T1457,4,0.734,31.3,0.416
T1457,5,0.732,33.9,0.413
T1457,6,0.771,31.3,0.403
T1457,7,0.767,33.7,0.426
T1457,8,0.852,39.1,0.451
T1457,9,0.867,35.4,0.438
T1457,10,0.875,36.3,0.396
T1457,11,0.904,39.8,0.404
T1458,0,0.873,42.5,0.226
T1458,1,0.828,42.4,0.209
T1458,2,0.85,42.6,0.204
T1458,3,0.828,41.6,0.196
T1458,4,0.78,41.6,0.222
T1458,5,0.767,41.4,0.22
T1458,6,0.748,45.9,0.242
T1458,7,0.755,43.7,0.226
T1458,8,0.738,41.5,0.209
T1458,9,0.732,42.0,0.248
T1458,10,0.754,39.1,0.188
T1458,11,0.684,39.3,0.218
T1459,0,0.56,60.3,0.139
T1459,1,0.578,57.9,0.147
T1459,2,0.537,57.5,0.188
T1459,3,0.594,56.5,0.181
T1459,4,0.563,59.2,0.235
T1459,5,0.555,57.9,0.202
T1459,6,0.57,57.7,0.269
T1459,7,0.537,55.7,0.21
T1459,8,0.582,56.5,0.23
T1459,9,0.548,52.8,0.235
T1459,10,0.587,55.0,0.276
T1459,11,0.54,55.2,0.317
T1460,0,0.364,45.5,0.341
T1460,1,0.339,45.7,0.377
T1460,2,0.375,47.8,0.418
T1460,3,0.408,48.5,0.43
T1460,4,0.429,48.8,0.424
T1460,5,0.388,51.8,0.457
T1460,6,0.424,50.7,0.534
T1460,7,0.408,50.0,0.529
T1460,8,0.452,52.1,0.547
T1460,9,0.462,51.4,0.588
T1460,10,0.456,49.6,0.569
T1460,11,0.518,50.4,0.604
T1461,0,0.291,47.1,0.518
T1461,1,0.296,51.1,0.521
T1461,2,0.338,49.2,0.529
T1461,3,0.387,48.0,0.493
T1461,4,0.393,49.2,0.51
T1461,5,0.375,49.0,0.532
T1461,6,0.389,48.4,0.529
T1461,7,0.416,48.6,0.496
T1461,8,0.415,51.7,0.515
T1461,9,0.457,53.8,0.482
T1461,10,0.472,51.4,0.492
T1461,11,0.471,50.0,0.485
T1462,0,0.75,38.3,0.783
T1462,1,0.777,44.0,0.771
T1462,2,0.747,47.0,0.763
T1462,3,0.768,44.2,0.751
T1462,4,0.772,46.9,0.779
T1462,5,0.786,46.3,0.758
T1462,6,0.797,46.8,0.771
T1462,7,0.804,46.9,0.787
T1462,8,0.773,47.7,0.774
T1462,9,0.767,49.9,0.81
T1462,10,0.795,48.5,0.788
T1462,11,0.739,54.3,0.819
T1463,0,0.319,36.4,0.455
T1463,1,0.341,38.9,0.454
T1463,2,0.352,37.1,0.419
T1463,3,0.377,40.6,0.434
T1463,4,0.397,42.1,0.401
T1463,5,0.386,42.0,0.351
T1463,6,0.355,43.0,0.356
T1463,7,0.402,42.3,0.337
T1463,8,0.4,45.6,0.315
T1463,9,0.366,47.3,0.295
T1463,10,0.392,44.5,0.278
T1463,11,0.434,46.9,0.268
T1464,0,0.89,56.4,0.912
T1464,1,0.88,54.8,0.895
T1464,2,0.846,56.6,0.919
T1464,3,0.794,55.8,0.876
T1464,4,0.825,55.1,0.902
T1464,5,0.787,57.6,0.9
T1464,6,0.776,56.8,0.889
T1464,7,0.735,58.8,0.874
T1464,8,0.782,59.5,0.822
T1464,9,0.718,60.9,0.865
T1464,10,0.7,59.1,0.852
T1464,11,0.705,60.1,0.855
T1465,0,0.717,54.7,0.547
T1465,1,0.719,56.1,0.52
T1465,2,0.72,54.9,0.544
T1465,3,0.663,54.9,0.541
T1465,4,0.679,54.9,0.536
T1465,5,0.699,50.9,0.506
T1465,6,0.686,52.3,0.534
T1465,7,0.702,55.5,0.506
T1465,8,0.634,53.8,0.506
T1465,9,0.71,52.4,0.527
T1465,10,0.648,52.7,0.509
T1465,11,0.665,53.8,0.48
T1466,0,0.624,68.6,0.585
T1466,1,0.637,70.9,0.59
T1466,2,0.584,69.4,0.619
T1466,3,0.617,69.9,0.638
T1466,4,0.56,68.8,0.647
T1466,5,0.548,67.5,0.671
T1466,6,0.563,73.0,0.714
T1466,7,0.523,71.5,0.7
T1466,8,0.507,69.2,0.694
T1466,9,0.471,72.2,0.747
T1466,10,0.466,69.3,0.761
T1466,11,0.48,73.4,0.762
T1467,0,0.575,57.5,0.481
T1467,1,0.647,56.3,0.475
T1467,2,0.625,58.8,0.499
T1467,3,0.637,57.1,0.476
T1467,4,0.63,58.6,0.482
T1467,5,0.674,56.8,0.438
T1467,6,0.665,60.2,0.535
T1467,7,0.642,58.3,0.509
T1467,8,0.692,61.5,0.505
T1467,9,0.663,59.2,0.515
T1467,10,0.661,61.1,0.521
T1467,11,0.694,57.1,0.552
T1468,0,0.859,50.9,0.796
T1468,1,0.866,53.0,0.778
T1468,2,0.832,52.2,0.797
T1468,3,0.841,51.7,0.814
T1468,4,0.812,53.6,0.792
T1468,5,0.827,53.8,0.837
T1468,6,0.79,55.3,0.775
T1468,7,0.786,53.4,0.811
T1468,8,0.785,55.4,0.766
T1468,9,0.77,56.8,0.822
T1468,10,0.749,56.6,0.786
T1468,11,0.773,52.9,0.809
T1469,0,0.889,58.4,0.64
T1469,1,0.827,56.9,0.623
T1469,2,0.828,58.6,0.662
T1469,3,0.816,55.1,0.647
T1469,4,0.791,58.7,0.628
T1469,5,0.763,58.0,0.662
T1469,6,0.817,58.6,0.669
T1469,7,0.771,53.4,0.65
T1469,8,0.751,55.4,0.667
T1469,9,0.78,57.5,0.688
T1469,10,0.748,55.1,0.698
T1469,11,0.748,58.3,0.723
T1470,0,0.842,41.5,0.381
T1470,1,0.831,42.7,0.409
T1470,2,0.838,38.6,0.388
T1470,3,0.844,42.2,0.43
T1470,4,0.834,42.0,0.404
T1470,5,0.835,43.4,0.433
T1470,6,0.795,42.2,0.459
T1470,7,0.853,43.6,0.458
T1470,8,0.843,42.5,0.48
T1470,9,0.819,43.4,0.46
T1470,10,0.837,43.6,0.477
T1470,11,0.853,41.4,0.499
T1471,0,0.335,65.8,0.309
T1471,1,0.327,68.3,0.326
T1471,2,0.333,65.7,0.313
T1471,3,0.379,64.5,0.377
T1471,4,0.41,67.7,0.382
T1471,5,0.451,65.4,0.414
T1471,6,0.4,64.5,0.423
T1471,7,0.473,62.4,0.429
T1471,8,0.48,63.5,0.446
T1471,9,0.492,66.1,0.432
T1471,10,0.51,62.3,0.443
T1471,11,0.49,64.6,0.445
T1472,0,0.551,28.3,0.119
T1472,1,0.599,32.7,0.1
T1472,2,0.587,27.7,0.111
T1472,3,0.588,30.4,0.109
T1472,4,0.575,32.1,0.116
T1472,5,0.597,31.4,0.14
T1472,6,0.608,32.4,0.134
T1472,7,0.612,32.1,0.146
T1472,8,0.579,32.3,0.148
T1472,9,0.585,32.9,0.176
T1472,10,0.619,32.5,0.182
T1472,11,0.621,35.6,0.219
T1473,0,0.716,60.0,0.542
T1473,1,0.72,59.9,0.566
T1473,2,0.742,58.7,0.509
T1473,3,0.699,60.9,0.584
T1473,4,0.646,53.7,0.547
T1473,5,0.687,55.8,0.586
T1473,6,0.669,53.2,0.609
T1473,7,0.647,50.9,0.59
T1473,8,0.658,53.1,0.609
T1473,9,0.625,52.2,0.642
T1473,10,0.649,51.4,0.631
T1473,11,0.666,47.7,0.628
T1474,0,0.622,64.9,0.291
T1474,1,0.651,61.0,0.306
T1474,2,0.639,61.8,0.318
T1474,3,0.679,58.2,0.327
T1474,4,0.672,60.1,0.342
T1474,5,0.715,58.4,0.333
T1474,6,0.722,52.7,0.345
T1474,7,0.745,53.6,0.346
T1474,8,0.742,50.1,0.346
T1474,9,0.773,50.5,0.385
T1474,10,0.76,49.4,0.39
T1474,11,0.81,47.0,0.407
T1475,0,0.586,43.7,0.699
T1475,1,0.638,42.8,0.684
T1475,2,0.654,42.4,0.663
T1475,3,0.628,43.1,0.673
T1475,4,0.608,44.8,0.706
T1475,5,0.609,43.9,0.671
T1475,6,0.605,47.5,0.665
T1475,7,0.616,48.1,0.729
T1475,8,0.637,49.6,0.683
T1475,9,0.634,48.8,0.742
T1475,10,0.632,50.9,0.743
T1475,11,0.585,53.6,0.71
T1476,0,0.415,61.8,0.766
T1476,1,0.39,57.5,0.782
T1476,2,0.418,58.4,0.814
T1476,3,0.372,58.1,0.823
T1476,4,0.379,58.4,0.809
T1476,5,0.423,58.7,0.76
T1476,6,0.456,57.2,0.798
T1476,7,0.421,58.1,0.849
T1476,8,0.438,55.8,0.812
T1476,9,0.471,54.4,0.835
T1476,10,0.462,54.0,0.833
T1476,11,0.444,55.4,0.788
T1477,0,0.409,45.3,0.66
T1477,1,0.444,46.9,0.679
T1477,2,0.44,48.9,0.658
T1477,3,0.428,48.7,0.685
T1477,4,0.415,50.8,0.649
T1477,5,0.44,51.8,0.633
T1477,6,0.397,52.1,0.635
T1477,7,0.409,53.1,0.631
T1477,8,0.444,54.7,0.636
T1477,9,0.417,53.5,0.652
T1477,10,0.472,53.2,0.612
T1477,11,0.407,54.4,0.591
T1478,0,0.577,39.3,0.211
T1478,1,0.616,40.8,0.203
T1478,2,0.636,42.8,0.251
T1478,3,0.647,40.2,0.288
T1478,4,0.63,38.7,0.228
T1478,5,0.634,37.1,0.217
T1478,6,0.656,40.9,0.232
T1478,7,0.68,38.2,0.252
T1478,8,0.677,35.3,0.265
T1478,9,0.705,36.2,0.299
T1478,10,0.67,38.4,0.281
T1478,11,0.692,36.1,0.264
T1479,0,0.474,57.4,0.227
T1479,1,0.482,60.6,0.236
T1479,2,0.505,58.6,0.284
T1479,3,0.541,58.8,0.272
T1479,4,0.485,58.7,0.262
T1479,5,0.536,57.9,0.314
T1479,6,0.539,60.0,0.3
T1479,7,0.518,60.6,0.31
T1479,8,0.609,58.8,0.331
T1479,9,0.577,60.9,0.355
T1479,10,0.574,59.0,0.378
T1479,11,0.583,56.4,0.364
T1480,0,0.751,66.0,0.64
T1480,1,0.753,66.9,0.621
T1480,2,0.738,61.7,0.649
T1480,3,0.713,62.9,0.642
T1480,4,0.718,63.7,0.612
T1480,5,0.752,60.7,0.623
T1480,6,0.723,60.8,0.61
T1480,7,0.733,58.9,0.602
T1480,8,0.734,59.3,0.602
T1480,9,0.73,59.7,0.574
T1480,10,0.73,57.1,0.567
T1480,11,0.719,57.4,0.568
T1481,0,0.599,50.9,0.671
T1481,1,0.622,46.8,0.742
T1481,2,0.662,49.1,0.694
T1481,3,0.653,46.9,0.7
T1481,4,0.654,48.3,0.726
T1481,5,0.634,46.5,0.728
T1481,6,0.701,46.7,0.722
T1481,7,0.704,47.8,0.71
T1481,8,0.679,49.4,0.774
T1481,9,0.707,49.5,0.758
T1481,10,0.703,49.9,0.734
T1481,11,0.725,49.5,0.735
T1482,0,0.277,40.1,0.704
T1482,1,0.286,42.9,0.689
T1482,2,0.28,43.5,0.699
T1482,3,0.3,41.0,0.653
T1482,4,0.29,46.0,0.647
T1482,5,0.327,41.8,0.647
T1482,6,0.331,45.1,0.659
T1482,7,0.367,43.3,0.586
T1482,8,0.356,42.4,0.587
T1482,9,0.364,45.4,0.609
T1482,10,0.438,44.4,0.553
T1482,11,0.405,43.2,0.554
T1483,0,0.372,67.8,0.5
T1483,1,0.409,67.8,0.515
T1483,2,0.437,66.6,0.522
T1483,3,0.459,65.6,0.571
T1483,4,0.451,64.7,0.542
T1483,5,0.484,62.7,0.6
T1483,6,0.525,63.9,0.605
T1483,7,0.504,64.5,0.604
T1483,8,0.524,63.5,0.59
T1483,9,0.538,59.6,0.633
T1483,10,0.574,60.5,0.649
T1483,11,0.565,59.8,0.647
T1484,0,0.401,49.3,0.321
T1484,1,0.374,47.7,0.308
T1484,2,0.376,49.6,0.334
T1484,3,0.403,47.9,0.308
T1484,4,0.365,52.9,0.348
T1484,5,0.37,50.5,0.316
T1484,6,0.413,49.9,0.31
T1484,7,0.388,47.7,0.335
T1484,8,0.36,53.3,0.331
T1484,9,0.381,52.0,0.347
T1484,10,0.32,54.2,0.359
T1484,11,0.356,52.9,0.365
T1485,0,0.597,37.3,0.389
T1485,1,0.591,38.4,0.333
T1485,2,0.532,36.7,0.319
T1485,3,0.561,40.8,0.365
T1485,4,0.53,42.1,0.351
T1485,5,0.513,41.7,0.366
T1485,6,0.48,42.0,0.339
T1485,7,0.464,44.4,0.359
T1485,8,0.487,45.6,0.321
T1485,9,0.469,47.8,0.379
T1485,10,0.458,48.8,0.351
T1485,11,0.471,49.3,0.369
T1486,0,0.222,88.0,0.46
T1486,1,0.224,86.5,0.519
T1486,2,0.246,85.1,0.534
T1486,3,0.231,84.9,0.558
T1486,4,0.275,80.1,0.574
T1486,5,0.254,80.5,0.638
T1486,6,0.249,78.8,0.635
T1486,7,0.262,80.7,0.647
T1486,8,0.27,73.6,0.681
T1486,9,0.26,74.3,0.695
T1486,10,0.253,71.8,0.753
T1486,11,0.27,73.4,0.777
T1487,0,0.571,47.3,0.471
T1487,1,0.574,47.2,0.496
T1487,2,0.569,51.3,0.503
T1487,3,0.575,49.7,0.496
T1487,4,0.568,51.0,0.496
T1487,5,0.554,52.9,0.421
T1487,6,0.653,50.3,0.47
T1487,7,0.609,50.3,0.493
T1487,8,0.6,51.4,0.505
T1487,9,0.619,51.0,0.485
T1487,10,0.661,50.1,0.487
T1487,11,0.681,51.6,0.455
T1488,0,0.805,39.6,0.624
T1488,1,0.782,38.9,0.613
T1488,2,0.766,41.5,0.597
T1488,3,0.756,43.3,0.596
T1488,4,0.77,44.5,0.646
T1488,5,0.782,50.8,0.635
T1488,6,0.759,51.7,0.62
T1488,7,0.742,48.8,0.625
T1488,8,0.738,53.9,0.612
T1488,9,0.72,53.1,0.613
T1488,10,0.727,58.4,0.621
T1488,11,0.715,57.9,0.626
T1489,0,0.46,87.3,0.682
T1489,1,0.47,83.0,0.694
T1489,2,0.441,85.1,0.746
T1489,3,0.473,80.0,0.718
T1489,4,0.4,80.5,0.762
T1489,5,0.407,80.5,0.761
T1489,6,0.384,77.4,0.721
T1489,7,0.351,76.0,0.772
T1489,8,0.366,77.6,0.758
T1489,9,0.334,77.6,0.742
T1489,10,0.343,75.0,0.78
T1489,11,0.277,74.3,0.75
T1490,0,0.332,20.3,0.366
T1490,1,0.385,23.3,0.413
T1490,2,0.444,24.6,0.368
T1490,3,0.432,26.6,0.358
T1490,4,0.497,27.0,0.415
T1490,5,0.52,29.3,0.403
T1490,6,0.565,29.6,0.417
T1490,7,0.637,32.3,0.402
T1490,8,0.681,34.0,0.405
T1490,9,0.681,36.7,0.424
T1490,10,0.739,37.8,0.408
T1490,11,0.786,37.6,0.423
T1491,0,0.719,55.8,0.413
T1491,1,0.736,54.2,0.422
T1491,2,0.707,53.3,0.442
T1491,3,0.695,53.1,0.404
T1491,4,0.692,51.3,0.389
T1491,5,0.641,49.9,0.386
T1491,6,0.663,49.7,0.446
T1491,7,0.661,46.0,0.422
T1491,8,0.627,46.8,0.372
T1491,9,0.605,44.6,0.415
T1491,10,0.628,46.3,0.412
T1491,11,0.581,43.4,0.422
T1492,0,0.656,57.8,0.491
T1492,1,0.708,54.6,0.473
T1492,2,0.661,55.0,0.467
T1492,3,0.735,55.2,0.459
T1492,4,0.713,56.3,0.452
T1492,5,0.731,54.7,0.428
T1492,6,0.683,57.2,0.401
T1492,7,0.729,57.8,0.384
T1492,8,0.736,56.6,0.392
T1492,9,0.76,57.9,0.377
T1492,10,0.741,54.5,0.358
T1492,11,0.779,56.6,0.359
T1493,0,0.564,61.2,0.384
T1493,1,0.521,60.7,0.386
T1493,2,0.545,57.6,0.412
T1493,3,0.521,55.8,0.448
T1493,4,0.535,52.5,0.465
T1493,5,0.518,52.2,0.46
T1493,6,0.524,55.5,0.46
T1493,7,0.489,51.0,0.492
T1493,8,0.492,52.9,0.517
T1493,9,0.475,48.7,0.513
T1493,10,0.474,50.9,0.524
T1493,11,0.493,48.8,0.524
T1494,0,0.632,51.6,0.452
T1494,1,0.659,51.5,0.439
T1494,2,0.667,52.4,0.457
T1494,3,0.638,54.6,0.428
T1494,4,0.601,52.0,0.443
T1494,5,0.664,50.0,0.399
T1494,6,0.596,54.6,0.431
T1494,7,0.624,51.8,0.431
T1494,8,0.62,53.5,0.444
T1494,9,0.634,52.8,0.384
T1494,10,0.652,54.9,0.414
T1494,11,0.606,59.3,0.43
T1495,0,0.396,54.7,0.573
T1495,1,0.416,54.4,0.586
T1495,2,0.439,56.4,0.648
T1495,3,0.435,57.9,0.611
T1495,4,0.459,58.5,0.638
T1495,5,0.491,55.7,0.632
T1495,6,0.471,55.9,0.649
T1495,7,0.532,57.1,0.722
T1495,8,0.499,58.0,0.695
T1495,9,0.536,61.1,0.719
T1495,10,0.553,58.9,0.701
T1495,11,0.536,62.3,0.742
T1496,0,0.373,48.5,0.591
T1496,1,0.415,46.6,0.6
T1496,2,0.412,49.3,0.559
T1496,3,0.43,49.0,0.608
T1496,4,0.495,48.6,0.602
T1496,5,0.48,52.9,0.618
T1496,6,0.509,51.2,0.605
T1496,7,0.511,47.8,0.607
T1496,8,0.551,51.2,0.61
T1496,9,0.577,52.4,0.601
T1496,10,0.609,49.7,0.627
T1496,11,0.596,48.8,0.612
T1497,0,0.244,55.9,0.469
T1497,1,0.292,57.0,0.501
T1497,2,0.317,53.3,0.518
T1497,3,0.279,52.9,0.545
T1497,4,0.37,54.7,0.532
T1497,5,0.373,57.1,0.557
T1497,6,0.404,58.1,0.6
T1497,7,0.42,56.2,0.586
T1497,8,0.44,53.6,0.621
T1497,9,0.436,54.9,0.626
T1497,10,0.495,56.5,0.627
T1497,11,0.502,55.6,0.654
T1498,0,1.0,44.7,0.625
T1498,1,0.957,47.1,0.598
T1498,2,1.0,46.2,0.581
T1498,3,0.92,49.4,0.6
T1498,4,0.926,51.4,0.584
T1498,5,0.933,50.3,0.592
T1498,6,0.871,50.6,0.542
T1498,7,0.866,51.1,0.578
T1498,8,0.839,53.6,0.526
T1498,9,0.878,52.6,0.535
T1498,10,0.831,53.7,0.524
T1498,11,0.811,55.2,0.557
T1499,0,0.729,43.2,0.187
T1499,1,0.727,45.7,0.203
T1499,2,0.737,41.6,0.179
T1499,3,0.733,46.9,0.199
T1499,4,0.689,45.0,0.212
T1499,5,0.746,46.9,0.246
T1499,6,0.666,50.1,0.237
T1499,7,0.729,47.6,0.271
T1499,8,0.7,48.9,0.243
T1499,9,0.734,53.4,0.258
T1499,10,0.725,49.5,0.246
T1499,11,0.702,52.0,0.254
T1500,0,0.42,41.3,0.715
T1500,1,0.391,41.3,0.729
T1500,2,0.435,40.6,0.716
T1500,3,0.42,43.3,0.742
T1500,4,0.442,45.4,0.735
T1500,5,0.428,44.2,0.735
T1500,6,0.435,45.0,0.687
T1500,7,0.469,46.4,0.711
T1500,8,0.477,47.6,0.722
T1500,9,0.488,46.8,0.665
T1500,10,0.46,52.8,0.662
T1500,11,0.484,49.6,0.71
T1501,0,0.644,75.3,0.654
T1501,1,0.614,70.3,0.635
T1501,2,0.654,71.0,0.656
T1501,3,0.595,64.8,0.646
T1501,4,0.639,66.8,0.665
T1501,5,0.628,63.7,0.665
T1501,6,0.598,61.5,0.617
T1501,7,0.588,63.0,0.626
T1501,8,0.633,61.4,0.658
T1501,9,0.554,58.9,0.598
T1501,10,0.615,57.7,0.629
T1501,11,0.576,56.1,0.648
T1502,0,0.604,51.1,0.417
T1502,1,0.631,51.3,0.423
T1502,2,0.666,48.3,0.405
T1502,3,0.641,47.7,0.434
T1502,4,0.656,43.4,0.406
T1502,5,0.636,44.7,0.442
T1502,6,0.618,45.8,0.445
T1502,7,0.615,42.3,0.447
T1502,8,0.661,40.1,0.474
T1502,9,0.678,41.2,0.487
T1502,10,0.609,42.6,0.443
T1502,11,0.643,39.0,0.425
T1503,0,0.743,32.9,0.394
T1503,1,0.716,34.7,0.449
T1503,2,0.732,34.5,0.433
T1503,3,0.734,36.6,0.435
T1503,4,0.717,38.7,0.493
T1503,5,0.707,38.9,0.494
T1503,6,0.765,38.9,0.553
T1503,7,0.708,40.3,0.556
T1503,8,0.756,44.0,0.552
T1503,9,0.751,41.8,0.561
T1503,10,0.71,44.8,0.571
T1503,11,0.719,44.5,0.61
T1504,0,0.767,19.8,0.329
T1504,1,0.803,19.8,0.302
T1504,2,0.779,23.3,0.339
T1504,3,0.786,23.3,0.329
T1504,4,0.815,23.6,0.357
T1504,5,0.829,25.3,0.328
T1504,6,0.819,28.7,0.371
T1504,7,0.82,27.6,0.335
T1504,8,0.778,29.1,0.336
T1504,9,0.839,32.8,0.319
T1504,10,0.821,34.0,0.343
T1504,11,0.803,37.0,0.335
T1505,0,0.454,58.7,0.436
T1505,1,0.458,59.4,0.505
T1505,2,0.509,54.8,0.489
T1505,3,0.506,59.4,0.508
T1505,4,0.518,58.2,0.542
T1505,5,0.528,59.4,0.549
T1505,6,0.587,55.1,0.585
T1505,7,0.604,60.2,0.605
T1505,8,0.545,57.3,0.643
T1505,9,0.646,57.5,0.687
T1505,10,0.623,58.9,0.68
T1505,11,0.612,54.3,0.701
T1506,0,0.321,72.9,1.0
T1506,1,0.293,74.6,0.949
T1506,2,0.393,73.2,0.978
T1506,3,0.379,70.9,0.953
T1506,4,0.426,68.7,0.927
T1506,5,0.425,65.6,0.925
T1506,6,0.432,67.8,0.933
T1506,7,0.492,64.7,0.913
T1506,8,0.454,63.6,0.922
T1506,9,0.535,63.1,0.87
T1506,10,0.508,60.7,0.881
T1506,11,0.54,59.4,0.837
T1507,0,0.69,51.5,0.496
T1507,1,0.702,52.1,0.526
T1507,2,0.699,50.4,0.541
T1507,3,0.632,52.1,0.533
T1507,4,0.655,51.4,0.503
T1507,5,0.668,51.9,0.522
T1507,6,0.614,52.4,0.532
T1507,7,0.596,53.4,0.523
T1507,8,0.595,52.8,0.523
T1507,9,0.579,54.7,0.5
T1507,10,0.575,52.9,0.549
T1507,11,0.556,56.5,0.543
T1508,0,0.301,61.6,0.71
T1508,1,0.274,61.2,0.69
T1508,2,0.319,59.0,0.663
T1508,3,0.285,59.4,0.678
T1508,4,0.296,59.2,0.601
T1508,5,0.314,58.2,0.617
T1508,6,0.248,56.7,0.587
T1508,7,0.308,56.8,0.575
T1508,8,0.337,57.1,0.6
T1508,9,0.324,57.7,0.555
T1508,10,0.296,57.5,0.509
T1508,11,0.337,57.0,0.506
T1509,0,0.527,29.7,0.271
T1509,1,0.515,33.7,0.252
T1509,2,0.555,33.0,0.3
T1509,3,0.533,34.5,0.31
T1509,4,0.562,35.5,0.312
T1509,5,0.54,38.6,0.311
T1509,6,0.518,41.4,0.362
T1509,7,0.554,42.4,0.365
T1509,8,0.55,44.4,0.377
T1509,9,0.549,45.3,0.345
T1509,10,0.543,46.9,0.395
T1509,11,0.531,49.8,0.405
T1510,0,0.488,34.1,0.723
T1510,1,0.471,33.0,0.713
T1510,2,0.524,31.2,0.724
T1510,3,0.528,34.7,0.723
T1510,4,0.558,35.8,0.699
T1510,5,0.61,37.7,0.668
T1510,6,0.595,37.4,0.684
T1510,7,0.605,40.9,0.649
T1510,8,0.652,40.9,0.658
T1510,9,0.607,42.5,0.697
T1510,10,0.657,43.6,0.718
T1510,11,0.635,44.4,0.658
T1511,0,0.822,61.0,0.693
T1511,1,0.804,61.0,0.715
T1511,2,0.804,62.0,0.743
T1511,3,0.791,59.3,0.651
T1511,4,0.749,59.1,0.702
T1511,5,0.764,56.7,0.698
T1511,6,0.722,56.2,0.657
T1511,7,0.715,56.3,0.679
T1511,8,0.736,53.1,0.692
T1511,9,0.713,56.4,0.638
T1511,10,0.685,53.6,0.653
T1511,11,0.688,52.9,0.624
T1512,0,0.547,59.0,0.523
T1512,1,0.582,63.4,0.522
T1512,2,0.535,64.5,0.523
T1512,3,0.611,62.9,0.537
T1512,4,0.629,62.7,0.522
T1512,5,0.598,61.5,0.519
T1512,6,0.633,62.3,0.567
T1512,7,0.63,61.2,0.551
T1512,8,0.616,61.8,0.576
T1512,9,0.641,62.3,0.609
T1512,10,0.659,63.7,0.561
T1512,11,0.68,63.0,0.567
T1513,0,0.462,85.2,0.786
T1513,1,0.466,85.1,0.785
T1513,2,0.484,86.8,0.795
T1513,3,0.459,82.7,0.799
T1513,4,0.481,83.6,0.825
T1513,5,0.466,84.7,0.885
T1513,6,0.468,80.6,0.814
T1513,7,0.472,83.7,0.859
T1513,8,0.504,79.2,0.851
T1513,9,0.531,81.6,0.883
T1513,10,0.495,79.1,0.891
T1513,11,0.54,79.6,0.924
T1514,0,0.461,69.2,0.691
T1514,1,0.497,68.0,0.708
T1514,2,0.479,68.6,0.637
T1514,3,0.467,67.8,0.677
T1514,4,0.474,67.8,0.633
T1514,5,0.471,66.2,0.632
T1514,6,0.462,70.6,0.585
T1514,7,0.463,66.1,0.617
T1514,8,0.439,66.3,0.606
T1514,9,0.463,66.9,0.606
T1514,10,0.439,69.8,0.581
T1514,11,0.472,65.9,0.552
T1515,0,0.706,37.4,0.402
T1515,1,0.772,38.2,0.393
T1515,2,0.735,40.0,0.375
T1515,3,0.725,40.1,0.354
T1515,4,0.751,42.3,0.37
T1515,5,0.774,41.2,0.361
T1515,6,0.82,42.2,0.363
T1515,7,0.793,44.6,0.37
T1515,8,0.846,42.4,0.374
T1515,9,0.817,44.1,0.363
T1515,10,0.857,42.1,0.356
T1515,11,0.876,45.4,0.37
T1516,0,0.555,73.8,0.667
T1516,1,0.539,71.4,0.688
T1516,2,0.526,68.9,0.66
T1516,3,0.557,68.0,0.67
T1516,4,0.515,68.8,0.679
T1516,5,0.539,68.8,0.66
T1516,6,0.547,66.4,0.724
T1516,7,0.541,63.3,0.74
T1516,8,0.54,64.5,0.716
T1516,9,0.496,63.9,0.745
T1516,10,0.534,62.8,0.736
T1516,11,0.505,64.1,0.737
T1517,0,0.609,59.2,0.346
T1517,1,0.615,56.8,0.408
T1517,2,0.631,54.0,0.376
T1517,3,0.632,55.9,0.391
T1517,4,0.604,54.9,0.426
T1517,5,0.621,51.7,0.437
T1517,6,0.623,53.1,0.465
T1517,7,0.571,51.4,0.526
T1517,8,0.568,52.8,0.51
T1517,9,0.599,49.0,0.54
T1517,10,0.604,53.0,0.586
T1517,11,0.587,52.4,0.592
T1518,0,0.816,46.1,0.851
T1518,1,0.805,48.7,0.78
T1518,2,0.824,47.5,0.797
T1518,3,0.823,50.9,0.808
T1518,4,0.751,50.5,0.782
T1518,5,0.771,52.1,0.77
T1518,6,0.792,53.9,0.741
T1518,7,0.809,53.3,0.743
T1518,8,0.745,50.3,0.725
T1518,9,0.789,52.8,0.75
T1518,10,0.745,56.1,0.68
T1518,11,0.774,56.3,0.733
T1519,0,0.475,83.7,0.605
T1519,1,0.497,84.0,0.62
T1519,2,0.519,83.0,0.597
T1519,3,0.528,80.4,0.582
T1519,4,0.548,77.7,0.599
T1519,5,0.563,76.4,0.597
T1519,6,0.559,76.7,0.606
T1519,7,0.581,76.5,0.578
T1519,8,0.557,73.8,0.596
T1519,9,0.59,70.3,0.589
T1519,10,0.592,70.2,0.57
T1519,11,0.615,69.2,0.604
T1520,0,0.177,64.1,0.831
T1520,1,0.171,66.6,0.86
T1520,2,0.203,63.0,0.858
T1520,3,0.174,63.0,0.86
T1520,4,0.209,66.5,0.858
T1520,5,0.213,65.5,0.848
T1520,6,0.2,66.4,0.818
T1520,7,0.237,66.8,0.845
T1520,8,0.198,67.4,0.84
T1520,9,0.256,67.9,0.836
T1520,10,0.24,66.6,0.839
T1520,11,0.241,67.5,0.818
T1521,0,0.872,47.3,0.645
T1521,1,0.851,45.3,0.706
T1521,2,0.865,42.6,0.673
T1521,3,0.821,46.9,0.656
T1521,4,0.828,46.1,0.612
T1521,5,0.828,44.0,0.647
T1521,6,0.8,48.4,0.685
T1521,7,0.774,48.4,0.677
T1521,8,0.735,48.7,0.654
T1521,9,0.795,42.3,0.65
T1521,10,0.747,43.5,0.691
T1521,11,0.747,44.4,0.658
T1522,0,0.975,66.7,0.485
T1522,1,0.985,62.2,0.49
T1522,2,0.929,63.7,0.455
T1522,3,0.949,64.2,0.488
T1522,4,0.909,61.0,0.456
T1522,5,0.933,62.9,0.476
T1522,6,0.861,57.4,0.458
T1522,7,0.837,60.9,0.471
T1522,8,0.834,59.2,0.48
T1522,9,0.851,56.6,0.466
T1522,10,0.802,54.0,0.465
T1522,11,0.786,53.7,0.462
T1523,0,0.535,68.9,0.964
T1523,1,0.534,67.0,0.949
T1523,2,0.525,67.9,0.913
T1523,3,0.511,68.9,0.926
T1523,4,0.53,68.9,0.872
T1523,5,0.491,64.7,0.914
T1523,6,0.543,66.1,0.886
T1523,7,0.493,66.1,0.866
T1523,8,0.533,66.7,0.841
T1523,9,0.544,64.8,0.868
T1523,10,0.511,66.2,0.835
T1523,11,0.552,62.6,0.831
T1524,0,0.815,70.9,0.64
T1524,1,0.823,69.4,0.645
T1524,2,0.818,68.7,0.66
T1524,3,0.768,68.2,0.649
T1524,4,0.754,68.5,0.678
T1524,5,0.765,66.9,0.614
T1524,6,0.738,67.5,0.592
T1524,7,0.703,69.4,0.625
T1524,8,0.728,65.5,0.636
T1524,9,0.766,66.3,0.619
T1524,10,0.686,65.8,0.567
T1524,11,0.691,66.5,0.644
T1525,0,0.512,56.5,0.603
T1525,1,0.468,51.3,0.558
T1525,2,0.498,53.6,0.593
T1525,3,0.482,54.2,0.617
T1525,4,0.467,55.9,0.582
T1525,5,0.467,55.1,0.566
T1525,6,0.438,59.1,0.579
T1525,7,0.43,56.4,0.605
T1525,8,0.419,56.6,0.579
T1525,9,0.407,54.3,0.597
T1525,10,0.404,58.6,0.602
T1525,11,0.369,57.7,0.544
T1526,0,0.688,52.2,0.353
T1526,1,0.641,55.5,0.352
T1526,2,0.678,55.7,0.378
T1526,3,0.667,51.6,0.374
T1526,4,0.664,51.9,0.417
T1526,5,0.692,53.1,0.391
T1526,6,0.674,50.2,0.438
T1526,7,0.682,47.9,0.425
T1526,8,0.68,51.1,0.414
T1526,9,0.699,49.2,0.423
T1526,10,0.69,48.1,0.465
T1526,11,0.692,45.8,0.483
T1527,0,0.636,67.8,0.226
T1527,1,0.62,67.7,0.194
T1527,2,0.568,64.5,0.188
T1527,3,0.569,64.1,0.221
T1527,4,0.556,65.9,0.191
T1527,5,0.538,66.8,0.24
T1527,6,0.553,65.5,0.198
T1527,7,0.528,64.1,0.204
T1527,8,0.539,66.1,0.204
T1527,9,0.511,66.2,0.204
T1527,10,0.512,66.6,0.236
T1527,11,0.496,65.9,0.247
T1528,0,0.428,54.4,0.304
T1528,1,0.39,55.9,0.306
T1528,2,0.401,55.4,0.33
T1528,3,0.386,55.7,0.332
T1528,4,0.378,51.6,0.38
T1528,5,0.378,56.6,0.386
T1528,6,0.381,58.4,0.364
T1528,7,0.352,58.1,0.416
T1528,8,0.373,58.4,0.387
T1528,9,0.384,56.9,0.393
T1528,10,0.34,60.0,0.409
T1528,11,0.348,60.1,0.401
T1529,0,0.067,54.8,0.472
T1529,1,0.093,53.8,0.476
T1529,2,0.111,55.8,0.475
T1529,3,0.179,55.7,0.458
T1529,4,0.201,53.0,0.452
T1529,5,0.188,55.8,0.409
T1529,6,0.244,57.0,0.444
T1529,7,0.238,57.3,0.387
T1529,8,0.252,56.4,0.407
T1529,9,0.281,56.2,0.398
T1529,10,0.306,53.8,0.36
T1529,11,0.346,56.3,0.39
T1530,0,1.0,62.5,0.501
T1530,1,0.997,58.3,0.49
T1530,2,0.951,60.1,0.528
T1530,3,0.904,60.0,0.5
T1530,4,0.889,60.7,0.515
T1530,5,0.859,57.1,0.467
T1530,6,0.82,56.6,0.509
T1530,7,0.84,58.6,0.515
T1530,8,0.766,56.6,0.477
T1530,9,0.784,53.8,0.428
T1530,10,0.736,54.5,0.48
T1530,11,0.749,54.7,0.504
T1531,0,0.258,57.4,0.448
T1531,1,0.279,55.7,0.45
T1531,2,0.235,58.9,0.467
T1531,3,0.292,58.7,0.504
T1531,4,0.272,57.8,0.487
T1531,5,0.32,61.7,0.521
T1531,6,0.377,61.2,0.507
T1531,7,0.35,62.7,0.566
T1531,8,0.368,62.2,0.559
T1531,9,0.371,63.1,0.571
T1531,10,0.376,62.2,0.541
T1531,11,0.433,61.9,0.548
T1532,0,0.235,64.3,0.815
T1532,1,0.257,64.5,0.842
T1532,2,0.255,64.1,0.854
T1532,3,0.254,64.5,0.789
T1532,4,0.235,65.6,0.822
T1532,5,0.235,66.5,0.834
T1532,6,0.248,67.3,0.815
T1532,7,0.248,67.7,0.849
T1532,8,0.262,70.9,0.837
T1532,9,0.271,69.7,0.81
T1532,10,0.306,70.2,0.769
T1532,11,0.303,72.4,0.82
T1533,0,0.567,54.9,0.861
T1533,1,0.585,56.8,0.852
T1533,2,0.582,58.0,0.871
T1533,3,0.574,56.9,0.87
T1533,4,0.591,59.0,0.864
T1533,5,0.55,55.8,0.855
T1533,6,0.597,61.5,0.868
T1533,7,0.633,59.7,0.849
T1533,8,0.575,56.5,0.847
T1533,9,0.613,60.7,0.859
T1533,10,0.547,60.0,0.8
T1533,11,0.636,64.1,0.832
T1534,0,0.565,33.9,0.335
T1534,1,0.601,33.7,0.339
T1534,2,0.626,35.8,0.307
T1534,3,0.657,37.8,0.339
T1534,4,0.627,37.4,0.343
T1534,5,0.62,39.5,0.347
T1534,6,0.712,36.7,0.358
T1534,7,0.675,40.1,0.332
T1534,8,0.702,42.4,0.367
T1534,9,0.746,43.9,0.371
T1534,10,0.71,43.6,0.371
T1534,11,0.785,47.1,0.403
T1535,0,0.716,49.0,0.293
T1535,1,0.756,51.4,0.29
T1535,2,0.73,47.4,0.257
T1535,3,0.766,48.8,0.306
T1535,4,0.754,48.0,0.268
T1535,5,0.785,49.1,0.3
T1535,6,0.743,45.4,0.276
T1535,7,0.75,49.1,0.321
T1535,8,0.734,45.0,0.315
T1535,9,0.753,49.2,0.295
T1535,10,0.749,47.9,0.3
T1535,11,0.781,46.1,0.341
T1536,0,0.408,52.7,0.759
T1536,1,0.476,53.7,0.733
T1536,2,0.461,55.8,0.759
T1536,3,0.468,54.7,0.751
T1536,4,0.466,56.7,0.748
T1536,5,0.479,58.0,0.736
T1536,6,0.472,57.6,0.74
T1536,7,0.449,59.1,0.793
T1536,8,0.465,60.2,0.772
T1536,9,0.46,58.6,0.732
T1536,10,0.474,61.2,0.751
T1536,11,0.474,61.9,0.741
T1537,0,0.439,45.8,0.428
T1537,1,0.425,46.4,0.451
T1537,2,0.486,46.7,0.436
T1537,3,0.527,47.5,0.452
T1537,4,0.464,49.5,0.454
T1537,5,0.493,48.8,0.493
T1537,6,0.513,50.6,0.505
T1537,7,0.541,49.5,0.531
T1537,8,0.543,54.5,0.528
T1537,9,0.566,54.1,0.549
T1537,10,0.6,55.0,0.57
T1537,11,0.599,56.9,0.599
T1538,0,0.753,50.2,0.1
T1538,1,0.765,49.0,0.1
T1538,2,0.74,51.0,0.103
T1538,3,0.744,48.4,0.147
T1538,4,0.719,50.5,0.126
T1538,5,0.707,49.9,0.142
T1538,6,0.674,50.0,0.16
T1538,7,0.647,47.6,0.15
T1538,8,0.679,49.3,0.197
T1538,9,0.658,51.2,0.129
T1538,10,0.651,49.2,0.182
T1538,11,0.609,52.0,0.21
T1539,0,1.0,36.8,0.375
T1539,1,0.997,36.0,0.36
T1539,2,0.953,38.0,0.393
T1539,3,0.95,40.5,0.385
T1539,4,0.937,41.7,0.38
T1539,5,0.884,42.1,0.409
T1539,6,0.895,42.5,0.406
T1539,7,0.822,42.9,0.434
T1539,8,0.872,46.9,0.419
T1539,9,0.867,43.4,0.419
T1539,10,0.791,48.0,0.44
T1539,11,0.776,44.2,0.425
T1540,0,0.812,87.3,0.972
T1540,1,0.819,83.8,1.0
T1540,2,0.805,82.5,0.99
T1540,3,0.808,79.5,0.977
T1540,4,0.812,81.5,0.997
T1540,5,0.773,80.5,0.971
T1540,6,0.756,78.0,0.981
T1540,7,0.76,79.6,0.973
T1540,8,0.731,77.5,0.96
T1540,9,0.717,76.4,0.928
T1540,10,0.716,75.7,0.946
T1540,11,0.707,74.4,0.939
T1541,0,0.544,45.7,0.419
T1541,1,0.486,42.1,0.387
T1541,2,0.537,44.9,0.361
T1541,3,0.514,45.1,0.404
T1541,4,0.481,44.5,0.441
T1541,5,0.443,46.3,0.455
T1541,6,0.489,45.3,0.437
T1541,7,0.409,45.9,0.474
T1541,8,0.436,46.2,0.457
T1541,9,0.395,49.8,0.456
T1541,10,0.403,50.0,0.476
T1541,11,0.4,50.2,0.485
T1542,0,0.924,74.1,0.681
T1542,1,0.914,71.8,0.682
T1542,2,0.876,68.1,0.681
T1542,3,0.875,71.9,0.701
T1542,4,0.875,70.9,0.676
T1542,5,0.842,69.5,0.699
T1542,6,0.841,70.0,0.679
T1542,7,0.838,66.0,0.691
T1542,8,0.831,64.4,0.679
T1542,9,0.797,64.2,0.73
T1542,10,0.822,64.2,0.716
T1542,11,0.827,63.1,0.692
T1543,0,0.385,55.8,0.273
T1543,1,0.396,55.2,0.281
T1543,2,0.472,57.7,0.285
T1543,3,0.489,55.6,0.247
T1543,4,0.489,55.3,0.225
T1543,5,0.445,56.0,0.221
T1543,6,0.505,54.8,0.188
T1543,7,0.465,54.8,0.17
T1543,8,0.509,55.1,0.2
T1543,9,0.488,53.6,0.171
T1543,10,0.481,54.5,0.163
T1543,11,0.515,52.0,0.114
T1544,0,0.994,30.9,0.514
T1544,1,1.0,34.7,0.507
T1544,2,0.935,35.4,0.527
T1544,3,0.907,37.4,0.506
T1544,4,0.931,38.2,0.506
T1544,5,0.884,37.2,0.554
T1544,6,0.902,40.4,0.559
T1544,7,0.843,42.8,0.54
T1544,8,0.834,45.3,0.481
T1544,9,0.823,43.0,0.515
T1544,10,0.794,47.2,0.526
T1544,11,0.744,47.4,0.49
T1545,0,0.788,44.8,0.209
T1545,1,0.797,46.4,0.22
T1545,2,0.813,48.3,0.191
T1545,3,0.78,47.6,0.248
T1545,4,0.749,47.3,0.225
T1545,5,0.755,45.4,0.192
T1545,6,0.731,47.4,0.206
T1545,7,0.744,49.1,0.177
T1545,8,0.704,48.6,0.168
T1545,9,0.685,50.2,0.153
T1545,10,0.691,49.2,0.186
T1545,11,0.668,49.1,0.213
T1546,0,0.907,39.0,0.628
T1546,1,0.878,39.5,0.64
T1546,2,0.885,37.5,0.638
T1546,3,0.867,38.8,0.664
T1546,4,0.846,40.1,0.666
T1546,5,0.848,40.1,0.608
T1546,6,0.827,41.8,0.638
T1546,7,0.837,37.8,0.601
T1546,8,0.799,45.1,0.621
T1546,9,0.788,43.0,0.641
T1546,10,0.795,42.3,0.616
T1546,11,0.761,41.0,0.573
T1547,0,0.813,65.8,0.796
T1547,1,0.821,66.4,0.823
T1547,2,0.759,63.5,0.799
T1547,3,0.76,66.4,0.817
T1547,4,0.751,64.2,0.832
T1547,5,0.718,66.5,0.835
T1547,6,0.642,65.3,0.81
T1547,7,0.635,64.6,0.871
T1547,8,0.604,64.9,0.874
T1547,9,0.566,65.5,0.881
T1547,10,0.578,64.2,0.884
T1547,11,0.521,65.8,0.873
T1548,0,1.0,56.9,0.913
T1548,1,0.994,57.3,0.903
T1548,2,0.994,57.3,0.843
T1548,3,0.968,53.9,0.828
T1548,4,0.963,54.1,0.876
T1548,5,0.937,53.4,0.85
T1548,6,0.907,55.6,0.826
T1548,7,0.891,53.6,0.8
T1548,8,0.922,55.2,0.772
T1548,9,0.842,53.2,0.735
T1548,10,0.849,52.1,0.729
T1548,11,0.816,50.9,0.771
T1549,0,0.594,60.6,0.39
T1549,1,0.513,57.6,0.366
T1549,2,0.566,59.2,0.409
T1549,3,0.533,62.0,0.396
T1549,4,0.565,58.0,0.379
T1549,5,0.557,57.9,0.448
T1549,6,0.547,58.2,0.447
T1549,7,0.557,59.3,0.456
T1549,8,0.568,60.9,0.466
T1549,9,0.569,57.0,0.493
T1549,10,0.532,58.0,0.476
T1549,11,0.521,62.2,0.495
T1550,0,0.674,47.2,0.436
T1550,1,0.654,53.2,0.412
T1550,2,0.68,50.7,0.396
T1550,3,0.651,54.2,0.419
T1550,4,0.638,49.4,0.372
T1550,5,0.663,49.3,0.369
T1550,6,0.632,50.3,0.318
T1550,7,0.618,50.3,0.355
T1550,8,0.605,50.5,0.353
T1550,9,0.64,52.1,0.336
T1550,10,0.603,49.8,0.31
T1550,11,0.655,51.6,0.29
T1551,0,0.845,31.9,0.233
T1551,1,0.796,34.3,0.248
T1551,2,0.757,38.0,0.216
T1551,3,0.771,38.7,0.208
T1551,4,0.72,42.3,0.236
T1551,5,0.709,43.0,0.223
T1551,6,0.679,43.8,0.24
T1551,7,0.708,48.3,0.295
T1551,8,0.651,47.9,0.282
T1551,9,0.643,49.4,0.328
T1551,10,0.627,48.8,0.28
T1551,11,0.601,49.2,0.3
T1552,0,0.851,64.1,0.766
T1552,1,0.818,63.1,0.718
T1552,2,0.775,60.9,0.701
T1552,3,0.804,61.0,0.715
T1552,4,0.761,61.6,0.737
T1552,5,0.767,59.6,0.653
T1552,6,0.759,57.1,0.693
T1552,7,0.769,53.5,0.711
T1552,8,0.726,54.4,0.722
T1552,9,0.65,52.4,0.697
T1552,10,0.694,51.7,0.665
T1552,11,0.699,51.9,0.713
T1553,0,0.449,62.1,0.926
T1553,1,0.45,61.4,0.926
T1553,2,0.445,59.7,0.908
T1553,3,0.487,62.1,0.884
T1553,4,0.501,60.1,0.858
T1553,5,0.52,61.4,0.847
T1553,6,0.519,59.4,0.831
T1553,7,0.529,60.0,0.853
T1553,8,0.575,64.6,0.81
T1553,9,0.565,61.2,0.818
T1553,10,0.611,59.9,0.808
T1553,11,0.623,61.3,0.814
T1554,0,0.663,61.7,0.741
T1554,1,0.658,62.9,0.753
T1554,2,0.684,61.3,0.768
T1554,3,0.642,60.7,0.726
T1554,4,0.624,61.2,0.777
T1554,5,0.591,61.7,0.777
T1554,6,0.547,60.9,0.765
T1554,7,0.534,63.0,0.797
T1554,8,0.538,63.2,0.771
T1554,9,0.472,63.4,0.753
T1554,10,0.431,63.1,0.781
T1554,11,0.482,63.6,0.777
T1555,0,0.734,50.2,0.391
T1555,1,0.715,49.6,0.371
T1555,2,0.651,51.4,0.42
T1555,3,0.665,53.2,0.414
T1555,4,0.654,50.7,0.37
T1555,5,0.593,50.9,0.361
T1555,6,0.641,54.0,0.376
T1555,7,0.6,55.0,0.354
T1555,8,0.629,54.2,0.363
T1555,9,0.545,56.9,0.357
T1555,10,0.523,56.1,0.345
T1555,11,0.524,54.0,0.315
T1556,0,0.817,68.2,0.734
T1556,1,0.808,66.9,0.784
T1556,2,0.803,62.3,0.776
T1556,3,0.758,64.0,0.775
T1556,4,0.78,65.6,0.828
T1556,5,0.737,63.8,0.811
T1556,6,0.69,66.1,0.785
T1556,7,0.665,64.9,0.824
T1556,8,0.596,65.1,0.836
T1556,9,0.556,65.5,0.851
T1556,10,0.584,61.7,0.805
T1556,11,0.517,62.1,0.846
T1557,0,0.453,65.6,0.49
T1557,1,0.412,61.1,0.509
T1557,2,0.405,63.0,0.486
T1557,3,0.43,62.8,0.491
T1557,4,0.373,61.8,0.531
T1557,5,0.397,61.6,0.509
T1557,6,0.431,62.7,0.505
T1557,7,0.386,62.3,0.507
T1557,8,0.402,60.7,0.502
T1557,9,0.38,62.3,0.487
T1557,10,0.367,63.1,0.495
T1557,11,0.433,63.8,0.527
T1558,0,0.195,74.5,0.742
T1558,1,0.222,74.4,0.708
T1558,2,0.253,75.1,0.708
T1558,3,0.248,74.0,0.676
T1558,4,0.303,70.9,0.658
T1558,5,0.313,71.6,0.673
T1558,6,0.373,65.0,0.629
T1558,7,0.386,68.1,0.639
T1558,8,0.365,63.3,0.608
T1558,9,0.425,61.9,0.629
T1558,10,0.49,62.8,0.604
T1558,11,0.497,62.8,0.538
T1559,0,0.489,45.1,0.526
T1559,1,0.501,44.1,0.519
T1559,2,0.533,44.6,0.518
T1559,3,0.498,45.0,0.526
T1559,4,0.554,47.3,0.528
T1559,5,0.53,43.4,0.558
T1559,6,0.545,46.9,0.564
T1559,7,0.574,44.3,0.558
T1559,8,0.555,48.1,0.521
T1559,9,0.547,44.8,0.557
T1559,10,0.623,47.9,0.545
T1559,11,0.566,45.8,0.585
T1560,0,0.576,82.0,0.264
T1560,1,0.605,80.0,0.242
T1560,2,0.612,78.2,0.35
T1560,3,0.671,77.9,0.313
T1560,4,0.629,78.8,0.313
T1560,5,0.633,75.5,0.363
T1560,6,0.588,74.8,0.405
T1560,7,0.682,73.5,0.393
T1560,8,0.63,74.7,0.429
T1560,9,0.694,76.3,0.462
T1560,10,0.701,72.5,0.474
T1560,11,0.658,73.3,0.512
T1561,0,0.572,49.5,0.585
T1561,1,0.57,49.3,0.609
T1561,2,0.56,50.3,0.561
T1561,3,0.586,52.3,0.556
T1561,4,0.563,52.0,0.558
T1561,5,0.53,52.3,0.516
T1561,6,0.61,49.8,0.512
T1561,7,0.593,55.9,0.432
T1561,8,0.535,52.7,0.481
T1561,9,0.538,53.2,0.414
T1561,10,0.586,56.3,0.405
T1561,11,0.514,56.4,0.383
T1562,0,0.986,70.9,0.538
T1562,1,0.976,68.3,0.567
T1562,2,0.949,68.1,0.547
T1562,3,0.856,67.3,0.518
T1562,4,0.896,68.3,0.519
T1562,5,0.922,68.3,0.501
T1562,6,0.887,67.1,0.512
T1562,7,0.836,67.3,0.487
T1562,8,0.806,68.3,0.511
T1562,9,0.786,65.7,0.463
T1562,10,0.763,64.9,0.454
T1562,11,0.752,63.4,0.488
T1563,0,0.653,53.6,0.719
T1563,1,0.651,52.0,0.752
T1563,2,0.637,54.4,0.727
T1563,3,0.629,54.1,0.762
T1563,4,0.617,58.6,0.742
T1563,5,0.675,56.9,0.767
T1563,6,0.656,54.7,0.748
T1563,7,0.667,55.7,0.762
T1563,8,0.667,56.5,0.771
T1563,9,0.681,55.5,0.768
T1563,10,0.663,59.0,0.774
T1563,11,0.665,54.9,0.804
T1564,0,0.617,66.0,0.23
T1564,1,0.598,65.8,0.265
T1564,2,0.587,64.8,0.268
T1564,3,0.516,61.7,0.237
T1564,4,0.508,63.5,0.245
T1564,5,0.49,63.6,0.215
T1564,6,0.462,60.9,0.259
T1564,7,0.444,60.8,0.24
T1564,8,0.397,60.8,0.238
T1564,9,0.374,59.2,0.266
T1564,10,0.382,54.5,0.239
T1564,11,0.296,57.9,0.221
T1565,0,0.443,71.1,0.552
T1565,1,0.48,72.4,0.577
T1565,2,0.539,69.9,0.582
T1565,3,0.525,70.0,0.568
T1565,4,0.492,70.0,0.603
T1565,5,0.491,71.4,0.597
T1565,6,0.529,72.3,0.598
T1565,7,0.515,74.0,0.626
T1565,8,0.564,72.7,0.619
T1565,9,0.509,73.9,0.592
T1565,10,0.558,72.0,0.641
T1565,11,0.519,72.7,0.616
T1566,0,0.832,58.7,0.713
T1566,1,0.814,55.0,0.679
T1566,2,0.798,57.0,0.665
T1566,3,0.779,57.6,0.7
T1566,4,0.8,59.1,0.685
T1566,5,0.761,59.2,0.691
T1566,6,0.737,59.8,0.697
T1566,7,0.751,58.6,0.681
T1566,8,0.745,60.1,0.668
T1566,9,0.71,57.6,0.639
T1566,10,0.719,58.9,0.643
T1566,11,0.685,61.8,0.663
T1567,0,0.939,69.7,0.9
T1567,1,0.949,72.8,0.871
T1567,2,0.895,71.1,0.847
T1567,3,0.87,71.0,0.916
T1567,4,0.857,69.0,0.87
T1567,5,0.83,66.9,0.914
T1567,6,0.782,68.1,0.89
T1567,7,0.751,66.7,0.885
T1567,8,0.749,69.9,0.891
T1567,9,0.711,69.2,0.908
T1567,10,0.704,66.9,0.884
T1567,11,0.637,64.0,0.905
T1568,0,0.489,58.8,0.46
T1568,1,0.435,57.7,0.432
T1568,2,0.472,61.0,0.442
T1568,3,0.466,57.7,0.465
T1568,4,0.47,57.7,0.526
T1568,5,0.512,60.3,0.461
T1568,6,0.484,55.4,0.5
T1568,7,0.515,56.1,0.518
T1568,8,0.505,61.6,0.544
T1568,9,0.502,55.4,0.556
T1568,10,0.484,58.7,0.554
T1568,11,0.547,58.0,0.561
T1569,0,0.946,62.9,0.577
T1569,1,0.901,62.4,0.586
T1569,2,0.9,62.0,0.563
T1569,3,0.85,60.9,0.534
T1569,4,0.833,59.8,0.534
T1569,5,0.855,61.4,0.489
T1569,6,0.76,60.0,0.443
T1569,7,0.775,62.0,0.385
T1569,8,0.782,61.2,0.416
T1569,9,0.744,59.9,0.343
T1569,10,0.688,60.9,0.36
T1569,11,0.705,60.0,0.344
T1570,0,0.33,38.0,0.139
T1570,1,0.326,38.3,0.134
T1570,2,0.338,41.4,0.13
T1570,3,0.321,43.0,0.156
T1570,4,0.361,42.5,0.132
T1570,5,0.328,41.2,0.142
T1570,6,0.324,41.4,0.108
T1570,7,0.297,46.2,0.144
T1570,8,0.323,44.4,0.126
T1570,9,0.312,45.2,0.125
T1570,10,0.345,46.9,0.151
T1570,11,0.352,48.1,0.152
T1571,0,0.855,76.7,0.884
T1571,1,0.819,73.4,0.856
T1571,2,0.783,74.3,0.841
T1571,3,0.774,78.1,0.848
T1571,4,0.765,76.6,0.822
T1571,5,0.747,72.8,0.809
T1571,6,0.712,71.8,0.794
T1571,7,0.724,75.0,0.851
T1571,8,0.717,71.4,0.794
T1571,9,0.668,71.8,0.794
T1571,10,0.683,74.8,0.806
T1571,11,0.639,70.8,0.763
T1572,0,1.0,54.8,0.622
T1572,1,0.975,53.8,0.63
T1572,2,0.937,51.7,0.66
T1572,3,0.955,53.0,0.668
T1572,4,0.908,51.1,0.658
T1572,5,0.894,51.2,0.635
T1572,6,0.879,54.1,0.625
T1572,7,0.862,54.0,0.609
T1572,8,0.844,52.2,0.625
T1572,9,0.833,51.0,0.617
T1572,10,0.847,50.9,0.578
T1572,11,0.817,51.5,0.627
T1573,0,0.636,80.6,0.422
T1573,1,0.61,77.3,0.425
T1573,2,0.653,79.2,0.388
T1573,3,0.652,76.4,0.401
T1573,4,0.594,70.8,0.459
T1573,5,0.658,71.2,0.43
T1573,6,0.649,69.6,0.432
T1573,7,0.621,65.0,0.462
T1573,8,0.685,63.4,0.458
T1573,9,0.637,64.7,0.509
T1573,10,0.693,62.0,0.489
T1573,11,0.656,61.3,0.471
T1574,0,0.492,35.4,0.539
T1574,1,0.485,36.1,0.55
T1574,2,0.555,36.4,0.516
T1574,3,0.515,40.1,0.473
T1574,4,0.566,37.7,0.463
T1574,5,0.582,34.2,0.425
T1574,6,0.611,36.0,0.388
T1574,7,0.664,39.4,0.394
T1574,8,0.694,40.5,0.359
T1574,9,0.691,40.5,0.354
T1574,10,0.71,44.2,0.287
T1574,11,0.804,41.4,0.307
T1575,0,0.602,48.7,0.834
T1575,1,0.624,52.7,0.892
T1575,2,0.576,50.0,0.851
T1575,3,0.603,49.5,0.854
T1575,4,0.616,55.1,0.844
T1575,5,0.561,52.5,0.852
T1575,6,0.576,54.5,0.852
T1575,7,0.543,57.5,0.828
T1575,8,0.555,54.0,0.851
T1575,9,0.547,58.3,0.815
T1575,10,0.525,56.2,0.829
T1575,11,0.521,56.9,0.862
T1576,0,0.507,54.9,0.664
T1576,1,0.545,54.0,0.661
T1576,2,0.601,53.5,0.659
T1576,3,0.628,54.5,0.657
T1576,4,0.616,52.7,0.632
T1576,5,0.613,53.8,0.61
T1576,6,0.675,52.5,0.632
T1576,7,0.671,52.1,0.615
T1576,8,0.738,54.3,0.623
T1576,9,0.729,52.7,0.554
T1576,10,0.747,52.4,0.584
T1576,11,0.746,51.4,0.564
T1577,0,0.322,57.5,0.361
T1577,1,0.356,56.4,0.385
T1577,2,0.311,56.7,0.278
T1577,3,0.305,54.4,0.314
T1577,4,0.397,56.0,0.293
T1577,5,0.353,52.1,0.321
T1577,6,0.428,50.9,0.273
T1577,7,0.42,52.2,0.272
T1577,8,0.463,50.2,0.232
T1577,9,0.491,50.0,0.242
T1577,10,0.492,51.6,0.249
T1577,11,0.518,46.7,0.215
T1578,0,0.711,56.1,0.674
T1578,1,0.744,53.8,0.621
T1578,2,0.699,52.5,0.614
T1578,3,0.741,54.1,0.603
T1578,4,0.706,55.4,0.633
T1578,5,0.744,51.9,0.638
T1578,6,0.735,53.2,0.668
T1578,7,0.726,57.0,0.616
T1578,8,0.687,54.9,0.652
T1578,9,0.757,55.7,0.631
T1578,10,0.656,55.7,0.637
T1578,11,0.711,58.6,0.621
T1579,0,0.429,41.7,0.514
T1579,1,0.423,41.0,0.517
T1579,2,0.472,44.0,0.494
T1579,3,0.481,43.6,0.462
T1579,4,0.518,45.3,0.449
T1579,5,0.499,43.6,0.441
T1579,6,0.528,44.0,0.41
T1579,7,0.523,45.8,0.409
T1579,8,0.525,45.9,0.375
T1579,9,0.568,47.1,0.339
T1579,10,0.608,46.4,0.329
T1579,11,0.573,46.9,0.299
T1580,0,0.509,36.9,0.202
T1580,1,0.504,36.5,0.219
T1580,2,0.496,39.1,0.223
T1580,3,0.476,37.6,0.224
T1580,4,0.496,40.1,0.228
T1580,5,0.497,39.6,0.257
T1580,6,0.438,43.3,0.238
T1580,7,0.442,44.3,0.241
T1580,8,0.418,45.5,0.263
T1580,9,0.41,46.7,0.227
T1580,10,0.421,46.6,0.227
T1580,11,0.405,45.8,0.27
T1581,0,0.771,66.0,1.0
T1581,1,0.756,67.8,0.949
T1581,2,0.753,69.6,0.964
T1581,3,0.697,67.3,0.963
T1581,4,0.712,64.0,0.889
T1581,5,0.686,66.4,0.818
T1581,6,0.654,64.5,0.844
T1581,7,0.633,62.9,0.795
T1581,8,0.617,64.0,0.767
T1581,9,0.602,60.0,0.723
T1581,10,0.538,58.9,0.687
T1581,11,0.531,57.4,0.699
T1582,0,0.912,53.9,0.733
T1582,1,0.818,51.4,0.697
T1582,2,0.825,50.5,0.694
T1582,3,0.848,47.3,0.703
T1582,4,0.819,47.6,0.694
T1582,5,0.786,48.0,0.631
T1582,6,0.765,50.0,0.615
T1582,7,0.791,47.1,0.621
T1582,8,0.784,46.0,0.589
T1582,9,0.809,46.7,0.595
T1582,10,0.779,43.7,0.582
T1582,11,0.781,42.7,0.572
T1583,0,0.869,39.0,0.666
T1583,1,0.893,38.0,0.65
T1583,2,0.865,38.5,0.657
T1583,3,0.819,36.4,0.609
T1583,4,0.84,36.6,0.571
T1583,5,0.787,36.8,0.604
T1583,6,0.793,38.5,0.598
T1583,7,0.809,39.4,0.566
T1583,8,0.796,40.7,0.555
T1583,9,0.752,41.3,0.586
T1583,10,0.77,44.5,0.512
T1583,11,0.728,41.2,0.542
T1584,0,0.863,51.9,0.741
T1584,1,0.897,54.4,0.737
T1584,2,0.91,50.2,0.71
T1584,3,0.849,53.8,0.72
T1584,4,0.864,53.3,0.681
T1584,5,0.858,55.4,0.661
T1584,6,0.821,51.9,0.676
T1584,7,0.816,51.2,0.656
T1584,8,0.804,49.8,0.664
T1584,9,0.778,53.0,0.617
T1584,10,0.742,53.7,0.635
T1584,11,0.76,51.4,0.594
T1585,0,0.446,46.1,0.461
T1585,1,0.46,44.6,0.446
T1585,2,0.496,44.1,0.425
T1585,3,0.487,48.0,0.425
T1585,4,0.503,46.5,0.424
T1585,5,0.503,49.0,0.426
T1585,6,0.539,48.6,0.434
T1585,7,0.551,48.1,0.403
T1585,8,0.606,51.9,0.407
T1585,9,0.589,51.0,0.447
T1585,10,0.613,51.8,0.416
T1585,11,0.64,54.7,0.446
T1586,0,0.429,51.8,0.475
T1586,1,0.455,55.1,0.529
T1586,2,0.487,51.5,0.555
T1586,3,0.448,54.0,0.546
T1586,4,0.467,52.6,0.552
T1586,5,0.501,54.5,0.568
T1586,6,0.524,55.7,0.572
T1586,7,0.56,54.6,0.599
T1586,8,0.52,54.5,0.613
T1586,9,0.545,57.4,0.652
T1586,10,0.509,58.9,0.679
T1586,11,0.547,58.2,0.667
T1587,0,0.408,51.8,0.253
T1587,1,0.463,50.1,0.31
T1587,2,0.495,50.6,0.334
T1587,3,0.559,48.8,0.338
T1587,4,0.537,47.8,0.325
T1587,5,0.61,49.7,0.344
T1587,6,0.624,49.4,0.361
T1587,7,0.662,48.6,0.365
T1587,8,0.729,49.6,0.384
T1587,9,0.703,44.2,0.403
T1587,10,0.772,45.1,0.379
T1587,11,0.769,47.3,0.418
T1588,0,0.776,56.4,0.725
T1588,1,0.752,57.2,0.748
T1588,2,0.699,53.5,0.711
T1588,3,0.689,51.6,0.709
T1588,4,0.646,53.1,0.679
T1588,5,0.634,55.8,0.674
T1588,6,0.591,55.5,0.643
T1588,7,0.608,54.4,0.698
T1588,8,0.523,53.3,0.646
T1588,9,0.527,51.2,0.641
T1588,10,0.464,51.9,0.656
T1588,11,0.445,51.7,0.663
T1589,0,0.345,64.6,0.614
T1589,1,0.355,63.2,0.686
T1589,2,0.341,63.4,0.657
T1589,3,0.352,63.5,0.663
T1589,4,0.403,60.0,0.695
T1589,5,0.446,63.0,0.697
T1589,6,0.431,58.9,0.651
T1589,7,0.492,57.1,0.704
T1589,8,0.493,56.6,0.746
T1589,9,0.492,56.0,0.768
T1589,10,0.534,53.9,0.745
T1589,11,0.532,56.7,0.784
T1590,0,0.921,51.0,0.568
T1590,1,0.853,48.8,0.559
T1590,2,0.89,48.9,0.588
T1590,3,0.877,49.5,0.567
T1590,4,0.881,48.8,0.583
T1590,5,0.859,48.4,0.57
T1590,6,0.858,50.0,0.602
T1590,7,0.821,48.2,0.549
T1590,8,0.743,46.7,0.547
T1590,9,0.794,50.8,0.529
T1590,10,0.783,50.0,0.523
T1590,11,0.784,48.0,0.536
T1591,0,0.528,53.9,0.928
T1591,1,0.534,54.5,0.908
T1591,2,0.524,52.7,0.922
T1591,3,0.549,56.4,0.898
T1591,4,0.567,54.8,0.862
T1591,5,0.575,55.1,0.871
T1591,6,0.513,55.4,0.794
T1591,7,0.565,56.9,0.848
T1591,8,0.57,54.7,0.767
T1591,9,0.579,53.7,0.741
T1591,10,0.579,56.7,0.725
T1591,11,0.572,54.3,0.744
T1592,0,0.446,36.1,0.385
T1592,1,0.492,35.1,0.418
T1592,2,0.467,37.7,0.424
T1592,3,0.5,36.2,0.395
T1592,4,0.556,35.6,0.43
T1592,5,0.534,36.0,0.439
T1592,6,0.538,43.6,0.418
T1592,7,0.615,39.9,0.416
T1592,8,0.624,43.8,0.411
T1592,9,0.61,41.2,0.446
T1592,10,0.667,43.4,0.49
T1592,11,0.667,46.1,0.482
T1593,0,0.899,73.7,0.752
T1593,1,0.874,72.3,0.76
T1593,2,0.853,70.6,0.755
T1593,3,0.793,68.4,0.742
T1593,4,0.778,71.2,0.727
T1593,5,0.769,65.9,0.71
T1593,6,0.768,67.1,0.769
T1593,7,0.745,66.2,0.716
T1593,8,0.698,65.4,0.717
T1593,9,0.716,64.1,0.683
T1593,10,0.682,62.0,0.714
T1593,11,0.642,63.6,0.709
T1594,0,0.364,52.8,0.448
T1594,1,0.392,50.4,0.49
T1594,2,0.407,52.5,0.508
T1594,3,0.41,53.4,0.525
T1594,4,0.408,54.5,0.526
T1594,5,0.41,53.3,0.551
T1594,6,0.395,56.4,0.546
T1594,7,0.399,59.5,0.604
T1594,8,0.405,57.6,0.624
T1594,9,0.417,62.6,0.601
T1594,10,0.429,57.2,0.649
T1594,11,0.46,58.8,0.635
T1595,0,0.992,40.0,0.293
T1595,1,0.983,45.4,0.325
T1595,2,0.945,44.4,0.283
T1595,3,0.942,43.4,0.289
T1595,4,0.926,41.4,0.327
T1595,5,0.874,44.7,0.3
T1595,6,0.931,44.0,0.289
T1595,7,0.868,45.7,0.306
T1595,8,0.84,45.5,0.298
T1595,9,0.854,44.5,0.319
T1595,10,0.794,48.7,0.282
T1595,11,0.786,45.8,0.321
T1596,0,0.173,75.3,0.624
T1596,1,0.185,74.2,0.652
T1596,2,0.18,72.8,0.662
T1596,3,0.188,71.2,0.64
T1596,4,0.169,72.7,0.658
T1596,5,0.24,72.7,0.658
T1596,6,0.262,71.1,0.646
T1596,7,0.295,70.2,0.667
T1596,8,0.296,68.8,0.693
T1596,9,0.312,69.5,0.716
T1596,10,0.32,64.9,0.678
T1596,11,0.347,65.6,0.691
T1597,0,0.524,54.4,0.68
T1597,1,0.526,53.5,0.708
T1597,2,0.526,53.6,0.748
T1597,3,0.503,51.9,0.725
T1597,4,0.483,53.2,0.666
T1597,5,0.494,56.5,0.702
T1597,6,0.509,53.5,0.716
T1597,7,0.464,56.6,0.685
T1597,8,0.456,55.0,0.746
T1597,9,0.464,57.8,0.711
T1597,10,0.438,55.7,0.739
T1597,11,0.455,55.2,0.756
T1598,0,0.781,36.7,0.163
T1598,1,0.79,39.5,0.237
T1598,2,0.764,42.2,0.196
T1598,3,0.778,40.3,0.19
T1598,4,0.732,43.4,0.236
T1598,5,0.726,47.8,0.198
T1598,6,0.689,43.5,0.239
T1598,7,0.741,46.8,0.245
T1598,8,0.682,48.4,0.283
T1598,9,0.7,47.4,0.28
T1598,10,0.641,50.5,0.291
T1598,11,0.682,51.1,0.262
T1599,0,0.367,48.6,0.409
T1599,1,0.408,49.1,0.431
T1599,2,0.375,53.2,0.406
T1599,3,0.409,51.9,0.408
T1599,4,0.448,50.3,0.364
T1599,5,0.435,58.6,0.375
T1599,6,0.448,53.8,0.371
T1599,7,0.441,56.8,0.388
T1599,8,0.498,55.9,0.36
T1599,9,0.501,59.8,0.338
T1599,10,0.576,59.0,0.353
T1599,11,0.498,59.1,0.339
T1600,0,0.538,49.1,0.499
T1600,1,0.528,48.4,0.507
T1600,2,0.559,48.1,0.481
T1600,3,0.515,48.3,0.49
T1600,4,0.558,50.6,0.506
T1600,5,0.577,47.6,0.488
T1600,6,0.57,49.6,0.491
T1600,7,0.642,51.0,0.494
T1600,8,0.639,50.0,0.456
T1600,9,0.688,51.7,0.507
T1600,10,0.655,52.3,0.48
T1600,11,0.649,47.9,0.46
T1601,0,0.697,57.6,0.581
T1601,1,0.67,60.3,0.561
T1601,2,0.649,56.9,0.558
T1601,3,0.645,58.0,0.529
T1601,4,0.611,59.8,0.521
T1601,5,0.604,58.2,0.528
T1601,6,0.609,57.0,0.521
T1601,7,0.589,56.3,0.464
T1601,8,0.564,56.8,0.495
T1601,9,0.529,58.1,0.515
T1601,10,0.508,56.4,0.488
T1601,11,0.525,55.9,0.456
T1602,0,0.501,57.7,0.645
T1602,1,0.518,55.4,0.64
T1602,2,0.514,57.5,0.657
T1602,3,0.502,58.8,0.661
T1602,4,0.534,59.5,0.667
T1602,5,0.619,59.1,0.721
T1602,6,0.567,58.1,0.666
T1602,7,0.595,60.9,0.697
T1602,8,0.604,60.0,0.676
T1602,9,0.625,58.1,0.697
T1602,10,0.645,61.7,0.687
T1602,11,0.676,58.5,0.731
T1603,0,0.382,47.1,0.41
T1603,1,0.407,47.3,0.394
T1603,2,0.452,48.8,0.45
T1603,3,0.471,48.4,0.413
T1603,4,0.453,51.1,0.422
T1603,5,0.502,48.4,0.431
T1603,6,0.493,51.1,0.45
T1603,7,0.565,52.7,0.447
T1603,8,0.589,53.4,0.438
T1603,9,0.566,51.2,0.488
T1603,10,0.605,54.2,0.474
T1603,11,0.629,54.2,0.49
T1604,0,0.858,35.9,0.55
T1604,1,0.807,39.7,0.574
T1604,2,0.812,37.9,0.561
T1604,3,0.791,40.6,0.528
T1604,4,0.787,44.6,0.514
T1604,5,0.774,43.0,0.521
T1604,6,0.765,46.4,0.48
T1604,7,0.788,46.8,0.506
T1604,8,0.755,46.5,0.534
T1604,9,0.76,47.1,0.481
T1604,10,0.731,48.0,0.474
T1604,11,0.719,53.5,0.481
T1605,0,0.655,30.9,0.469
T1605,1,0.713,34.9,0.494
T1605,2,0.701,35.9,0.424
T1605,3,0.687,36.4,0.439
T1605,4,0.707,36.4,0.404
T1605,5,0.743,37.8,0.432
T1605,6,0.707,37.4,0.428
T1605,7,0.728,39.8,0.393
T1605,8,0.719,39.4,0.397
T1605,9,0.73,40.8,0.383
T1605,10,0.726,43.7,0.36
T1605,11,0.743,43.5,0.342
T1606,0,0.519,62.6,0.398
T1606,1,0.474,63.6,0.397
T1606,2,0.476,62.8,0.413
T1606,3,0.446,62.2,0.369
T1606,4,0.437,60.0,0.375
T1606,5,0.386,60.7,0.371
T1606,6,0.398,63.1,0.339
T1606,7,0.41,61.3,0.384
T1606,8,0.371,61.3,0.383
T1606,9,0.306,61.7,0.354
T1606,10,0.359,62.7,0.334
T1606,11,0.307,59.9,0.345
T1607,0,0.392,37.2,0.162
T1607,1,0.419,37.9,0.195
T1607,2,0.403,40.5,0.185
T1607,3,0.402,40.8,0.172
T1607,4,0.393,45.8,0.206
T1607,5,0.413,43.4,0.209
T1607,6,0.379,45.3,0.265
T1607,7,0.379,47.2,0.257
T1607,8,0.356,47.8,0.289
T1607,9,0.357,48.7,0.276
T1607,10,0.391,47.3,0.276
T1607,11,0.332,48.5,0.268
T1608,0,0.716,44.3,0.56
T1608,1,0.751,39.4,0.556
T1608,2,0.745,43.1,0.489
T1608,3,0.745,43.6,0.461
T1608,4,0.762,42.6,0.526
T1608,5,0.732,43.2,0.514
T1608,6,0.747,42.2,0.48
T1608,7,0.799,45.3,0.496
T1608,8,0.775,42.3,0.456
T1608,9,0.759,46.0,0.415
T1608,10,0.786,44.1,0.448
T1608,11,0.787,41.7,0.398
T1609,0,0.557,41.5,0.422
T1609,1,0.557,38.9,0.451
T1609,2,0.521,40.7,0.397
T1609,3,0.523,40.3,0.389
T1609,4,0.537,41.1,0.404
T1609,5,0.546,43.3,0.409
T1609,6,0.538,43.6,0.378
T1609,7,0.593,43.0,0.376
T1609,8,0.565,43.8,0.421
T1609,9,0.58,45.4,0.472
T1609,10,0.557,44.5,0.429
T1609,11,0.54,44.1,0.454
T1610,0,0.459,64.2,0.737
T1610,1,0.439,61.5,0.721
T1610,2,0.453,61.8,0.714
T1610,3,0.45,58.1,0.693
T1610,4,0.421,62.0,0.631
T1610,5,0.417,62.1,0.627
T1610,6,0.402,61.3,0.629
T1610,7,0.414,58.1,0.588
T1610,8,0.417,60.9,0.571
T1610,9,0.388,62.9,0.568
T1610,10,0.403,60.3,0.587
T1610,11,0.358,59.5,0.513
T1611,0,0.799,53.1,0.5
T1611,1,0.837,51.5,0.535
T1611,2,0.787,50.2,0.51
T1611,3,0.715,53.8,0.575
T1611,4,0.727,54.5,0.573
T1611,5,0.747,54.4,0.527
T1611,6,0.715,55.3,0.567
T1611,7,0.633,55.7,0.579
T1611,8,0.629,57.8,0.581
T1611,9,0.57,57.4,0.597
T1611,10,0.553,55.6,0.586
T1611,11,0.539,57.4,0.58
T1612,0,0.953,67.4,0.782
T1612,1,0.952,64.0,0.823
T1612,2,0.957,65.6,0.833
T1612,3,0.893,64.1,0.785
T1612,4,0.917,64.6,0.831
T1612,5,0.85,63.6,0.793
T1612,6,0.858,65.1,0.822
T1612,7,0.816,64.4,0.815
T1612,8,0.773,64.0,0.78
T1612,9,0.765,64.1,0.82
T1612,10,0.78,62.6,0.801
T1612,11,0.679,61.9,0.802
T1613,0,0.319,44.7,0.107
T1613,1,0.356,43.4,0.141
T1613,2,0.419,42.0,0.117
T1613,3,0.365,41.6,0.136
T1613,4,0.364,43.6,0.1
T1613,5,0.415,41.2,0.114
T1613,6,0.401,38.8,0.1
T1613,7,0.43,42.0,0.122
T1613,8,0.447,41.0,0.142
T1613,9,0.492,41.3,0.154
T1613,10,0.507,40.7,0.155
T1613,11,0.52,41.6,0.129
T1614,0,0.51,44.7,0.116
T1614,1,0.505,43.6,0.132
T1614,2,0.505,43.7,0.152
T1614,3,0.535,41.4,0.149
T1614,4,0.579,43.6,0.165
T1614,5,0.567,43.4,0.13
T1614,6,0.573,43.0,0.155
T1614,7,0.571,47.1,0.105
T1614,8,0.563,44.7,0.115
T1614,9,0.573,44.8,0.188
T1614,10,0.625,41.9,0.147
T1614,11,0.623,40.6,0.199
T1615,0,0.583,56.5,0.452
T1615,1,0.613,57.0,0.432
T1615,2,0.614,55.8,0.465
T1615,3,0.592,59.0,0.434
T1615,4,0.631,55.3,0.461
T1615,5,0.63,55.4,0.448
T1615,6,0.656,56.7,0.463
T1615,7,0.674,55.3,0.483
T1615,8,0.689,52.1,0.497
T1615,9,0.678,58.8,0.489
T1615,10,0.714,53.6,0.509
T1615,11,0.708,52.1,0.53
T1616,0,0.66,48.9,0.583
T1616,1,0.651,50.6,0.575
T1616,2,0.621,51.2,0.567
T1616,3,0.613,46.2,0.528
T1616,4,0.621,53.9,0.508
T1616,5,0.62,52.3,0.517
T1616,6,0.63,51.6,0.484
T1616,7,0.635,55.6,0.47
T1616,8,0.629,54.2,0.459
T1616,9,0.657,56.9,0.487
T1616,10,0.645,57.8,0.458
T1616,11,0.617,59.2,0.438
T1617,0,0.612,50.3,0.819
T1617,1,0.634,47.2,0.777
T1617,2,0.623,45.6,0.769
T1617,3,0.6,49.4,0.795
T1617,4,0.606,47.0,0.802
T1617,5,0.593,44.7,0.807
T1617,6,0.561,46.4,0.832
T1617,7,0.597,45.8,0.783
T1617,8,0.605,44.9,0.843
T1617,9,0.624,46.1,0.872
T1617,10,0.628,43.9,0.88
T1617,11,0.557,43.9,0.866
T1618,0,0.766,57.2,0.625
T1618,1,0.763,52.8,0.627
T1618,2,0.755,55.4,0.59
T1618,3,0.781,56.5,0.566
T1618,4,0.81,55.4,0.585
T1618,5,0.788,58.0,0.567
T1618,6,0.766,56.9,0.565
T1618,7,0.782,56.9,0.602
T1618,8,0.773,57.8,0.58
T1618,9,0.747,60.0,0.547
T1618,10,0.757,55.3,0.59
T1618,11,0.759,56.1,0.587
T1619,0,0.977,44.6,0.558
T1619,1,1.0,45.4,0.578
T1619,2,0.972,45.4,0.543
T1619,3,0.936,48.3,0.509
T1619,4,0.981,43.8,0.488
T1619,5,0.921,45.3,0.51
T1619,6,0.943,49.1,0.533
T1619,7,0.909,45.0,0.473
T1619,8,0.912,46.6,0.481
T1619,9,0.87,46.8,0.444
T1619,10,0.892,49.6,0.394
T1619,11,0.866,50.9,0.416
T1620,0,0.615,41.6,0.548
T1620,1,0.627,41.2,0.561
T1620,2,0.607,42.5,0.53
T1620,3,0.612,42.4,0.539
T1620,4,0.647,43.8,0.53
T1620,5,0.619,44.2,0.54
T1620,6,0.638,44.5,0.537
T1620,7,0.598,44.6,0.547
T1620,8,0.595,43.3,0.523
T1620,9,0.598,44.9,0.529
T1620,10,0.631,47.2,0.591
T1620,11,0.629,42.3,0.577
T1621,0,0.683,57.4,0.618
T1621,1,0.726,53.5,0.59
T1621,2,0.716,52.4,0.623
T1621,3,0.751,55.5,0.637
T1621,4,0.729,55.4,0.685
T1621,5,0.763,56.3,0.639
T1621,6,0.764,55.8,0.666
T1621,7,0.736,54.8,0.69
T1621,8,0.793,54.8,0.717
T1621,9,0.766,59.5,0.688
T1621,10,0.782,58.8,0.688
T1621,11,0.777,58.8,0.766
T1622,0,0.824,47.1,0.471
T1622,1,0.85,47.7,0.489
T1622,2,0.872,43.3,0.515
T1622,3,0.823,47.8,0.493
T1622,4,0.828,45.9,0.49
T1622,5,0.838,47.7,0.438
T1622,6,0.818,46.1,0.481
T1622,7,0.849,47.6,0.488
T1622,8,0.827,47.0,0.459
T1622,9,0.832,49.3,0.482
T1622,10,0.829,47.1,0.52
T1622,11,0.826,50.9,0.527
T1623,0,0.731,58.3,0.645
T1623,1,0.794,56.1,0.638
T1623,2,0.754,57.6,0.67
T1623,3,0.769,56.3,0.647
T1623,4,0.747,56.0,0.664
T1623,5,0.8,54.5,0.671
T1623,6,0.741,56.2,0.664
T1623,7,0.796,48.9,0.71
T1623,8,0.755,53.6,0.671
T1623,9,0.797,52.0,0.683
T1623,10,0.787,50.0,0.717
T1623,11,0.801,52.0,0.717
T1624,0,0.77,53.8,0.375
T1624,1,0.704,50.5,0.381
T1624,2,0.743,51.0,0.384
T1624,3,0.747,49.6,0.372
T1624,4,0.767,52.0,0.38
T1624,5,0.735,51.8,0.436
T1624,6,0.712,48.9,0.451
T1624,7,0.747,48.7,0.407
T1624,8,0.724,49.2,0.439
T1624,9,0.722,48.1,0.419
T1624,10,0.772,48.2,0.463
T1624,11,0.748,50.5,0.461
T1625,0,0.571,70.7,0.956
T1625,1,0.515,67.4,0.916
T1625,2,0.5,72.5,0.865
T1625,3,0.524,71.1,0.867
T1625,4,0.493,70.3,0.825
T1625,5,0.432,71.6,0.826
T1625,6,0.414,72.2,0.813
T1625,7,0.473,74.2,0.782
T1625,8,0.419,74.2,0.789
T1625,9,0.376,72.3,0.699
T1625,10,0.395,72.4,0.717
T1625,11,0.346,72.0,0.632
T1626,0,0.584,49.0,0.494
T1626,1,0.563,50.5,0.529
T1626,2,0.589,50.8,0.511
T1626,3,0.568,53.1,0.539
T1626,4,0.519,52.3,0.56
T1626,5,0.537,53.2,0.582
T1626,6,0.561,51.6,0.565
T1626,7,0.566,50.7,0.599
T1626,8,0.501,56.9,0.603
T1626,9,0.538,57.6,0.596
T1626,10,0.523,51.5,0.612
T1626,11,0.501,54.7,0.632
T1627,0,0.286,56.6,0.765
T1627,1,0.33,54.4,0.797
T1627,2,0.387,56.1,0.726
T1627,3,0.389,57.1,0.742
T1627,4,0.443,59.9,0.727
T1627,5,0.478,61.7,0.715
T1627,6,0.508,55.5,0.729
T1627,7,0.506,59.2,0.725
T1627,8,0.542,56.6,0.714
T1627,9,0.591,57.5,0.694
T1627,10,0.638,56.3,0.717
T1627,11,0.671,56.4,0.685
T1628,0,0.609,51.8,0.196
T1628,1,0.564,52.2,0.2
T1628,2,0.524,53.3,0.16
T1628,3,0.497,52.0,0.146
T1628,4,0.471,51.6,0.152
T1628,5,0.442,50.2,0.183
T1628,6,0.409,47.3,0.163
T1628,7,0.361,51.6,0.161
T1628,8,0.356,50.0,0.199
T1628,9,0.308,51.4,0.195
T1628,10,0.285,49.5,0.183
T1628,11,0.258,48.2,0.214
T1629,0,0.625,63.9,0.505
T1629,1,0.68,63.5,0.545
T1629,2,0.626,62.6,0.552
T1629,3,0.644,62.8,0.537
T1629,4,0.609,63.7,0.573
T1629,5,0.633,60.0,0.623
T1629,6,0.573,61.8,0.629
T1629,7,0.608,60.1,0.644
T1629,8,0.559,58.7,0.663
T1629,9,0.596,56.4,0.655
T1629,10,0.605,57.2,0.706
T1629,11,0.559,55.1,0.742
T1630,0,0.37,53.1,0.621
T1630,1,0.41,51.2,0.587
T1630,2,0.475,49.5,0.538
T1630,3,0.485,46.9,0.497
T1630,4,0.482,50.1,0.481
T1630,5,0.498,51.7,0.492
T1630,6,0.532,51.6,0.466
T1630,7,0.598,49.7,0.458
T1630,8,0.585,47.3,0.404
T1630,9,0.627,48.1,0.375
T1630,10,0.613,48.2,0.383
T1630,11,0.665,48.2,0.367
T1631,0,0.491,44.5,0.129
T1631,1,0.5,43.7,0.1
T1631,2,0.499,45.4,0.14
T1631,3,0.5,46.7,0.155
T1631,4,0.563,44.0,0.187
T1631,5,0.454,43.6,0.218
T1631,6,0.577,48.2,0.251
T1631,7,0.532,49.1,0.276
T1631,8,0.521,49.3,0.248
T1631,9,0.546,50.7,0.328
T1631,10,0.525,49.5,0.348
T1631,11,0.586,48.8,0.352
T1632,0,0.611,60.3,0.455
T1632,1,0.553,63.8,0.457
T1632,2,0.577,66.4,0.47
T1632,3,0.542,64.3,0.435
T1632,4,0.597,66.6,0.461
T1632,5,0.607,64.5,0.406
T1632,6,0.595,64.4,0.456
T1632,7,0.629,65.9,0.482
T1632,8,0.605,65.4,0.455
T1632,9,0.634,69.2,0.446
T1632,10,0.605,67.3,0.486
T1632,11,0.643,65.9,0.485
T1633,0,0.514,57.2,0.513
T1633,1,0.555,51.7,0.511
T1633,2,0.524,57.8,0.474
T1633,3,0.513,53.9,0.476
T1633,4,0.523,54.7,0.515
T1633,5,0.539,54.5,0.488
T1633,6,0.488,53.4,0.455
T1633,7,0.534,54.6,0.487
T1633,8,0.548,56.2,0.499
T1633,9,0.552,51.2,0.474
T1633,10,0.528,53.0,0.446
T1633,11,0.54,55.3,0.449
T1634,0,0.493,38.2,0.71
T1634,1,0.555,38.1,0.683
T1634,2,0.526,43.6,0.708
T1634,3,0.527,41.7,0.673
T1634,4,0.535,44.5,0.714
T1634,5,0.554,46.0,0.683
T1634,6,0.557,47.4,0.697
T1634,7,0.55,45.8,0.718
T1634,8,0.56,49.9,0.665
T1634,9,0.562,54.0,0.671
T1634,10,0.561,54.0,0.667
T1634,11,0.582,55.2,0.68
T1635,0,0.46,53.5,0.1
T1635,1,0.501,53.4,0.1
T1635,2,0.551,51.7,0.141
T1635,3,0.576,49.1,0.122
T1635,4,0.571,48.9,0.145
T1635,5,0.62,51.6,0.138
T1635,6,0.696,51.4,0.167
T1635,7,0.683,48.2,0.204
T1635,8,0.759,49.3,0.201
T1635,9,0.772,46.2,0.243
T1635,10,0.784,51.9,0.257
T1635,11,0.809,48.1,0.239
T1636,0,0.51,64.1,0.939
T1636,1,0.535,63.7,0.932
T1636,2,0.48,59.6,0.954
T1636,3,0.499,61.9,0.932
T1636,4,0.51,60.6,0.946
T1636,5,0.542,60.2,0.914
T1636,6,0.529,65.5,0.945
T1636,7,0.51,64.7,0.932
T1636,8,0.558,59.5,0.949
T1636,9,0.546,61.7,0.929
T1636,10,0.571,63.6,0.94
T1636,11,0.596,62.1,0.919
T1637,0,0.793,50.2,0.725
T1637,1,0.752,48.0,0.694
T1637,2,0.76,50.1,0.719
T1637,3,0.756,51.7,0.684
T1637,4,0.666,50.2,0.667
T1637,5,0.654,51.7,0.656
T1637,6,0.671,53.0,0.648
T1637,7,0.631,52.0,0.64
T1637,8,0.584,53.4,0.63
T1637,9,0.584,50.9,0.57
T1637,10,0.553,51.9,0.537
T1637,11,0.547,51.1,0.553
T1638,0,0.184,53.7,0.837
T1638,1,0.198,52.9,0.83
T1638,2,0.266,54.0,0.801
T1638,3,0.25,53.4,0.807
T1638,4,0.273,53.1,0.852
T1638,5,0.266,56.8,0.812
T1638,6,0.311,53.5,0.811
T1638,7,0.365,54.0,0.817
T1638,8,0.361,55.7,0.801
T1638,9,0.374,54.8,0.777
T1638,10,0.361,56.3,0.801
T1638,11,0.459,57.4,0.765
T1639,0,0.954,70.5,0.15
T1639,1,0.924,70.6,0.167
T1639,2,0.86,69.9,0.181
T1639,3,0.857,68.5,0.175
T1639,4,0.799,66.3,0.182
T1639,5,0.783,68.6,0.227
T1639,6,0.768,68.0,0.206
T1639,7,0.756,64.3,0.235
T1639,8,0.728,64.4,0.239
T1639,9,0.693,63.1,0.291
T1639,10,0.66,60.1,0.274
T1639,11,0.648,59.1,0.258
T1640,0,0.319,54.2,0.1
T1640,1,0.323,54.1,0.1
T1640,2,0.334,51.1,0.11
T1640,3,0.372,52.7,0.184
T1640,4,0.324,50.4,0.158
T1640,5,0.423,49.6,0.157
T1640,6,0.393,51.6,0.221
T1640,7,0.491,47.4,0.168
T1640,8,0.445,49.0,0.198
T1640,9,0.487,46.1,0.245
T1640,10,0.491,47.3,0.24
T1640,11,0.504,46.6,0.278
T1641,0,0.413,62.4,0.433
T1641,1,0.431,62.2,0.454
T1641,2,0.446,61.6,0.505
T1641,3,0.475,63.3,0.482
T1641,4,0.443,61.6,0.489
T1641,5,0.434,65.6,0.466
T1641,6,0.499,64.9,0.54
T1641,7,0.523,67.4,0.533
T1641,8,0.528,67.1,0.529
T1641,9,0.533,68.1,0.543
T1641,10,0.573,68.5,0.543
T1641,11,0.58,70.5,0.563
T1642,0,0.744,60.4,1.0
T1642,1,0.7,57.5,0.976
T1642,2,0.713,61.1,0.973
T1642,3,0.73,60.0,0.94
T1642,4,0.709,61.8,0.951
T1642,5,0.747,63.1,0.96
T1642,6,0.73,61.4,0.997
T1642,7,0.768,60.3,0.988
T1642,8,0.733,61.8,0.962
T1642,9,0.73,63.7,0.993
T1642,10,0.73,61.9,1.0
T1642,11,0.771,61.5,0.983
T1643,0,0.347,93.2,1.0
T1643,1,0.362,93.0,1.0
T1643,2,0.35,94.6,1.0
T1643,3,0.41,91.3,0.982
T1643,4,0.408,94.5,0.92
T1643,5,0.38,91.8,0.921
T1643,6,0.424,89.9,0.943
T1643,7,0.444,91.8,0.92
T1643,8,0.445,89.7,0.879
T1643,9,0.399,92.2,0.898
T1643,10,0.452,87.0,0.881
T1643,11,0.441,89.5,0.877
T1644,0,0.43,65.9,0.968
T1644,1,0.381,64.3,0.935
T1644,2,0.415,65.6,0.958
T1644,3,0.407,67.3,0.977
T1644,4,0.452,63.7,0.953
T1644,5,0.431,65.8,0.889
T1644,6,0.394,67.8,0.93
T1644,7,0.472,65.4,0.926
T1644,8,0.447,62.1,0.918
T1644,9,0.475,67.7,0.905
T1644,10,0.43,64.9,0.934
T1644,11,0.487,68.1,0.896
T1645,0,0.905,39.9,0.366
T1645,1,0.894,37.8,0.409
T1645,2,0.88,41.5,0.396
T1645,3,0.852,40.0,0.444
T1645,4,0.866,42.3,0.463
T1645,5,0.885,43.4,0.451
T1645,6,0.892,44.6,0.47
T1645,7,0.855,46.5,0.535
T1645,8,0.861,47.7,0.536
T1645,9,0.896,51.0,0.505
T1645,10,0.841,51.0,0.562
T1645,11,0.83,53.5,0.578
T1646,0,0.433,50.4,0.1
T1646,1,0.442,52.2,0.126
T1646,2,0.469,49.7,0.108
T1646,3,0.444,53.0,0.121
T1646,4,0.463,50.7,0.1
T1646,5,0.437,54.1,0.14
T1646,6,0.415,50.2,0.155
T1646,7,0.441,51.5,0.166
T1646,8,0.427,51.5,0.178
T1646,9,0.427,49.7,0.192
T1646,10,0.443,50.8,0.187
T1646,11,0.405,51.1,0.199
T1647,0,0.975,57.2,0.238
T1647,1,0.968,53.6,0.252
T1647,2,0.956,55.8,0.246
T1647,3,0.946,55.6,0.274
T1647,4,0.914,52.9,0.257
T1647,5,0.886,55.8,0.272
T1647,6,0.853,53.7,0.335
T1647,7,0.884,52.9,0.34
T1647,8,0.843,54.3,0.338
T1647,9,0.818,52.3,0.363
T1647,10,0.827,52.8,0.389
T1647,11,0.794,48.0,0.344
T1648,0,0.731,50.7,0.37
T1648,1,0.71,50.3,0.397
T1648,2,0.713,50.3,0.369
T1648,3,0.681,53.4,0.355
T1648,4,0.706,54.1,0.36
T1648,5,0.724,52.6,0.376
T1648,6,0.681,53.4,0.4
T1648,7,0.683,54.4,0.421
T1648,8,0.724,55.3,0.394
T1648,9,0.727,51.6,0.397
T1648,10,0.757,53.5,0.389
T1648,11,0.713,52.5,0.381
T1649,0,0.629,47.6,0.491
T1649,1,0.63,48.2,0.452
T1649,2,0.672,50.8,0.437
T1649,3,0.608,48.1,0.455
T1649,4,0.61,48.9,0.472
T1649,5,0.643,46.5,0.471
T1649,6,0.591,49.4,0.489
T1649,7,0.586,49.0,0.442
T1649,8,0.613,51.0,0.46
T1649,9,0.628,46.9,0.428
T1649,10,0.562,50.2,0.488
T1649,11,0.565,45.5,0.48
T1650,0,0.561,62.3,0.525
T1650,1,0.555,59.9,0.533
T1650,2,0.598,59.6,0.538
T1650,3,0.577,58.6,0.572
T1650,4,0.6,57.6,0.583
T1650,5,0.626,59.6,0.636
T1650,6,0.6,57.6,0.589
T1650,7,0.64,55.7,0.637
T1650,8,0.654,58.4,0.668
T1650,9,0.633,58.3,0.625
T1650,10,0.653,56.4,0.636
T1650,11,0.611,53.9,0.685
T1651,0,0.27,48.6,0.456
T1651,1,0.318,43.7,0.412
T1651,2,0.286,46.5,0.413
T1651,3,0.334,48.1,0.441
T1651,4,0.345,46.7,0.414
T1651,5,0.398,47.2,0.41
T1651,6,0.431,50.0,0.454
T1651,7,0.422,49.9,0.419
T1651,8,0.439,50.7,0.407
T1651,9,0.469,53.9,0.397
T1651,10,0.514,54.2,0.36
T1651,11,0.505,52.4,0.403
T1652,0,0.207,72.9,0.522
T1652,1,0.256,68.5,0.544
T1652,2,0.316,69.1,0.565
T1652,3,0.307,68.3,0.544
T1652,4,0.301,70.9,0.506
T1652,5,0.312,70.0,0.535
T1652,6,0.338,71.0,0.524
T1652,7,0.301,71.4,0.516
T1652,8,0.37,74.1,0.492
T1652,9,0.393,70.6,0.53
T1652,10,0.373,71.4,0.518
T1652,11,0.395,76.5,0.507
T1653,0,0.581,70.8,0.659
T1653,1,0.571,67.9,0.683
T1653,2,0.567,67.5,0.713
T1653,3,0.556,70.2,0.695
T1653,4,0.565,68.6,0.686
T1653,5,0.531,69.6,0.742
T1653,6,0.531,68.3,0.746
T1653,7,0.504,68.5,0.719
T1653,8,0.49,70.5,0.699
T1653,9,0.481,67.1,0.748
T1653,10,0.519,68.8,0.769
T1653,11,0.507,66.6,0.746
T1654,0,0.853,81.7,0.764
T1654,1,0.841,81.0,0.782
T1654,2,0.838,78.9,0.781
T1654,3,0.806,75.9,0.807
T1654,4,0.785,76.8,0.817
T1654,5,0.81,74.4,0.798
T1654,6,0.791,74.8,0.796
T1654,7,0.766,74.5,0.771
T1654,8,0.753,74.3,0.762
T1654,9,0.728,69.4,0.755
T1654,10,0.758,69.9,0.778
T1654,11,0.717,67.9,0.778
T1655,0,0.551,49.2,0.729
T1655,1,0.571,53.2,0.721
T1655,2,0.566,52.5,0.734
T1655,3,0.565,54.6,0.679
T1655,4,0.565,53.1,0.719
T1655,5,0.552,52.3,0.685
T1655,6,0.53,50.0,0.675
T1655,7,0.557,50.8,0.713
T1655,8,0.56,54.8,0.673
T1655,9,0.558,53.3,0.678
T1655,10,0.517,55.4,0.685
T1655,11,0.548,56.3,0.608
T1656,0,0.833,54.9,0.882
T1656,1,0.801,55.8,0.82
T1656,2,0.816,53.0,0.862
T1656,3,0.802,54.0,0.862
T1656,4,0.727,55.3,0.868
T1656,5,0.714,55.8,0.873
T1656,6,0.72,51.6,0.82
T1656,7,0.706,52.1,0.822
T1656,8,0.688,53.7,0.836
T1656,9,0.655,54.2,0.861
T1656,10,0.626,52.2,0.848
T1656,11,0.593,51.3,0.839
T1657,0,0.198,64.4,0.113
T1657,1,0.213,63.0,0.117
T1657,2,0.229,64.1,0.142
T1657,3,0.287,61.2,0.172
T1657,4,0.305,60.4,0.192
T1657,5,0.308,60.2,0.153
T1657,6,0.383,58.1,0.172
T1657,7,0.407,58.4,0.162
T1657,8,0.427,55.9,0.192
T1657,9,0.459,59.7,0.211
T1657,10,0.454,56.3,0.2
T1657,11,0.515,56.3,0.176
T1658,0,0.564,44.7,0.453
T1658,1,0.545,50.2,0.443
T1658,2,0.554,46.8,0.479
T1658,3,0.559,50.4,0.499
T1658,4,0.555,49.2,0.499
T1658,5,0.555,47.7,0.481
T1658,6,0.588,51.3,0.513
T1658,7,0.54,52.0,0.513
T1658,8,0.544,50.9,0.518
T1658,9,0.582,51.6,0.535
T1658,10,0.596,53.8,0.528
T1658,11,0.568,55.4,0.504
T1659,0,0.53,55.3,0.597
T1659,1,0.529,55.2,0.573
T1659,2,0.514,53.7,0.614
T1659,3,0.54,54.2,0.606
T1659,4,0.547,53.6,0.589
T1659,5,0.522,51.1,0.587
T1659,6,0.535,52.5,0.619
T1659,7,0.519,55.1,0.643
T1659,8,0.545,54.2,0.633
T1659,9,0.495,53.6,0.61
T1659,10,0.56,51.7,0.643
T1659,11,0.517,51.3,0.687
T1660,0,0.757,56.0,0.607
T1660,1,0.776,55.4,0.622
T1660,2,0.77,58.1,0.653
T1660,3,0.773,55.7,0.632
T1660,4,0.722,57.2,0.61
T1660,5,0.742,56.4,0.583
T1660,6,0.757,57.2,0.605
T1660,7,0.728,55.9,0.584
T1660,8,0.716,62.4,0.543
T1660,9,0.735,55.1,0.545
T1660,10,0.779,60.2,0.576
T1660,11,0.722,57.4,0.535
T1661,0,0.369,55.1,0.245
T1661,1,0.361,54.6,0.255
T1661,2,0.4,53.9,0.283
T1661,3,0.421,54.4,0.244
T1661,4,0.448,52.9,0.266
T1661,5,0.507,53.4,0.23
T1661,6,0.474,53.6,0.263
T1661,7,0.466,59.0,0.271
T1661,8,0.481,58.1,0.285
T1661,9,0.496,56.6,0.292
T1661,10,0.52,59.0,0.255
T1661,11,0.535,55.6,0.283
T1662,0,0.77,56.5,0.588
T1662,1,0.759,55.3,0.61
T1662,2,0.715,57.5,0.623
T1662,3,0.703,57.1,0.598
T1662,4,0.655,53.5,0.591
T1662,5,0.676,54.9,0.62
T1662,6,0.65,50.8,0.591
T1662,7,0.631,54.8,0.61
T1662,8,0.653,55.6,0.603
T1662,9,0.602,55.9,0.613
T1662,10,0.591,54.8,0.655
T1662,11,0.577,55.1,0.665
T1663,0,0.584,56.0,0.464
T1663,1,0.6,57.3,0.46
T1663,2,0.607,55.5,0.51
T1663,3,0.618,57.9,0.47
T1663,4,0.621,56.0,0.446
T1663,5,0.655,57.2,0.449
T1663,6,0.626,56.3,0.439
T1663,7,0.633,59.8,0.444
T1663,8,0.637,58.4,0.427
T1663,9,0.67,57.0,0.443
T1663,10,0.686,57.4,0.472
T1663,11,0.714,58.0,0.439
T1664,0,0.823,36.5,0.288
T1664,1,0.81,39.0,0.276
T1664,2,0.764,38.2,0.309
T1664,3,0.808,41.3,0.273
T1664,4,0.798,39.2,0.304
T1664,5,0.79,41.1,0.266
T1664,6,0.795,39.0,0.296
T1664,7,0.77,43.5,0.288
T1664,8,0.765,46.9,0.3
T1664,9,0.782,46.1,0.308
T1664,10,0.761,47.3,0.274
T1664,11,0.76,48.9,0.312
T1665,0,0.507,50.0,0.569
T1665,1,0.502,51.9,0.601
T1665,2,0.512,54.5,0.624
T1665,3,0.528,52.7,0.619
T1665,4,0.552,51.8,0.665
T1665,5,0.527,56.8,0.698
T1665,6,0.556,51.7,0.696
T1665,7,0.568,56.1,0.748
T1665,8,0.54,54.4,0.764
T1665,9,0.563,56.5,0.769
T1665,10,0.579,56.8,0.804
T1665,11,0.608,55.4,0.851
T1666,0,0.547,33.7,0.291
T1666,1,0.578,34.2,0.274
T1666,2,0.585,35.3,0.229
T1666,3,0.606,36.0,0.281
T1666,4,0.609,37.4,0.272
T1666,5,0.683,38.4,0.324
T1666,6,0.657,37.5,0.295
T1666,7,0.711,43.6,0.33
T1666,8,0.707,40.4,0.293
T1666,9,0.725,39.2,0.325
T1666,10,0.691,40.9,0.346
T1666,11,0.762,45.1,0.325
T1667,0,0.572,44.8,0.31
T1667,1,0.583,45.6,0.308
T1667,2,0.577,41.9,0.35
T1667,3,0.593,44.9,0.341
T1667,4,0.607,42.4,0.333
T1667,5,0.626,40.9,0.389
T1667,6,0.605,44.3,0.391
T1667,7,0.654,40.0,0.399
T1667,8,0.697,40.6,0.427
T1667,9,0.647,43.0,0.393
T1667,10,0.637,42.4,0.42
T1667,11,0.7,42.4,0.44
T1668,0,0.767,54.6,0.634
T1668,1,0.784,55.1,0.666
T1668,2,0.757,52.2,0.592
T1668,3,0.717,52.5,0.615
T1668,4,0.734,50.9,0.612
T1668,5,0.723,50.8,0.577
T1668,6,0.699,46.0,0.597
T1668,7,0.69,48.3,0.589
T1668,8,0.694,47.1,0.551
T1668,9,0.699,46.9,0.537
T1668,10,0.676,45.6,0.561
T1668,11,0.647,44.5,0.566
T1669,0,0.496,95.0,0.465
T1669,1,0.589,93.8,0.419
T1669,2,0.58,90.8,0.455
T1669,3,0.537,88.9,0.439
T1669,4,0.573,90.1,0.516
T1669,5,0.584,83.4,0.483
T1669,6,0.571,84.9,0.54
T1669,7,0.561,83.6,0.518
T1669,8,0.587,77.9,0.54
T1669,9,0.597,78.1,0.569
T1669,10,0.615,74.3,0.545
T1669,11,0.583,74.5,0.561
T1670,0,0.26,72.7,0.993
T1670,1,0.289,71.9,0.983
T1670,2,0.283,70.6,0.995
T1670,3,0.283,74.1,0.955
T1670,4,0.317,68.0,0.931
T1670,5,0.344,68.3,1.0
T1670,6,0.337,69.4,0.917
T1670,7,0.394,68.9,0.934
T1670,8,0.371,68.1,0.893
T1670,9,0.409,67.3,0.843
T1670,10,0.412,68.2,0.903
T1670,11,0.457,64.6,0.855
T1671,0,1.0,39.2,0.306
T1671,1,0.999,35.6,0.35
T1671,2,0.974,37.3,0.313
T1671,3,0.967,36.1,0.37
T1671,4,0.932,41.3,0.417
T1671,5,0.938,38.1,0.377
T1671,6,0.905,42.0,0.371
T1671,7,0.907,41.4,0.383
T1671,8,0.902,44.2,0.382
T1671,9,0.846,40.2,0.436
T1671,10,0.862,40.3,0.432
T1671,11,0.845,44.3,0.484
T1672,0,0.643,58.8,0.478
T1672,1,0.677,56.5,0.459
T1672,2,0.68,60.5,0.498
T1672,3,0.675,60.2,0.48
T1672,4,0.688,58.1,0.474
T1672,5,0.674,54.4,0.513
T1672,6,0.713,55.1,0.538
T1672,7,0.7,53.4,0.487
T1672,8,0.651,53.5,0.516
T1672,9,0.646,52.6,0.552
T1672,10,0.696,51.7,0.503
T1672,11,0.703,51.6,0.555
T1673,0,0.49,40.6,0.426
T1673,1,0.545,44.1,0.446
T1673,2,0.523,41.6,0.413
T1673,3,0.529,42.5,0.451
T1673,4,0.579,43.2,0.434
T1673,5,0.578,49.1,0.479
T1673,6,0.576,47.8,0.446
T1673,7,0.669,51.3,0.456
T1673,8,0.631,51.6,0.423
T1673,9,0.656,54.8,0.46
T1673,10,0.646,57.4,0.471
T1673,11,0.654,57.4,0.479
T1674,0,0.809,59.9,0.941
T1674,1,0.804,61.2,0.898
T1674,2,0.78,60.9,0.869
T1674,3,0.763,60.1,0.84
T1674,4,0.776,60.5,0.854
T1674,5,0.766,60.9,0.817
T1674,6,0.734,62.3,0.787
T1674,7,0.724,61.3,0.781
T1674,8,0.711,61.7,0.74
T1674,9,0.639,60.1,0.756
T1674,10,0.65,62.0,0.681
T1674,11,0.634,61.2,0.683
T1675,0,0.621,66.3,0.655
T1675,1,0.596,66.8,0.673
T1675,2,0.626,67.3,0.683
T1675,3,0.637,68.3,0.67
T1675,4,0.648,65.6,0.653
T1675,5,0.632,67.7,0.656
T1675,6,0.616,67.1,0.613
T1675,7,0.604,64.2,0.631
T1675,8,0.602,72.0,0.672
T1675,9,0.61,67.8,0.619
T1675,10,0.613,70.1,0.63
T1675,11,0.628,66.9,0.691
T1676,0,0.592,67.2,0.633
T1676,1,0.58,63.7,0.617
T1676,2,0.596,64.2,0.597
T1676,3,0.663,62.3,0.564
T1676,4,0.641,61.4,0.502
T1676,5,0.678,57.7,0.514
T1676,6,0.685,57.8,0.514
T1676,7,0.735,54.2,0.491
T1676,8,0.747,56.7,0.469
T1676,9,0.764,50.7,0.44
T1676,10,0.795,50.6,0.422
T1676,11,0.769,52.8,0.392
T1677,0,0.513,63.9,0.704
T1677,1,0.558,63.5,0.75
T1677,2,0.578,60.0,0.734
T1677,3,0.628,62.6,0.739
T1677,4,0.67,64.3,0.676
T1677,5,0.661,62.7,0.69
T1677,6,0.714,63.3,0.689
T1677,7,0.724,65.5,0.669
T1677,8,0.718,64.0,0.652
T1677,9,0.756,63.0,0.641
T1677,10,0.826,66.8,0.623
T1677,11,0.829,64.1,0.584
T1678,0,0.433,60.3,0.733
T1678,1,0.428,61.7,0.685
T1678,2,0.431,63.8,0.712
T1678,3,0.46,64.6,0.747
T1678,4,0.495,64.6,0.753
T1678,5,0.472,68.2,0.708
T1678,6,0.528,68.2,0.789
T1678,7,0.529,66.0,0.758
T1678,8,0.535,65.0,0.81
T1678,9,0.589,70.5,0.788
T1678,10,0.599,70.0,0.78
T1678,11,0.596,70.6,0.762
T1679,0,0.521,41.7,0.799
T1679,1,0.504,42.8,0.803
T1679,2,0.514,43.2,0.783
T1679,3,0.467,45.0,0.706
T1679,4,0.487,41.9,0.688
T1679,5,0.465,41.4,0.7
T1679,6,0.52,47.1,0.66
T1679,7,0.461,44.9,0.663
T1679,8,0.461,40.8,0.601
T1679,9,0.528,45.0,0.615
T1679,10,0.511,44.6,0.589
T1679,11,0.492,41.9,0.529
T1680,0,0.74,61.0,0.313
T1680,1,0.723,59.7,0.302
T1680,2,0.708,60.3,0.282
T1680,3,0.734,55.3,0.25
T1680,4,0.712,57.6,0.26
T1680,5,0.737,53.6,0.267
T1680,6,0.736,55.8,0.23
T1680,7,0.723,53.3,0.231
T1680,8,0.728,51.9,0.198
T1680,9,0.737,49.4,0.18
T1680,10,0.736,48.9,0.159
T1680,11,0.753,48.0,0.161
T1681,0,0.477,65.8,0.506
T1681,1,0.469,63.0,0.526
T1681,2,0.469,63.0,0.498
T1681,3,0.484,65.4,0.525
T1681,4,0.464,61.2,0.559
T1681,5,0.503,63.1,0.545
T1681,6,0.494,62.6,0.558
T1681,7,0.492,61.5,0.592
T1681,8,0.449,60.8,0.557
T1681,9,0.472,59.6,0.595
T1681,10,0.501,59.1,0.612
T1681,11,0.477,59.8,0.642
T1682,0,0.764,58.2,0.647
T1682,1,0.748,58.0,0.678
T1682,2,0.758,56.0,0.661
T1682,3,0.78,57.7,0.658
T1682,4,0.774,53.8,0.654
T1682,5,0.761,54.9,0.635
T1682,6,0.796,53.2,0.638
T1682,7,0.811,50.1,0.63
T1682,8,0.816,50.0,0.615
T1682,9,0.818,47.9,0.613
T1682,10,0.812,49.7,0.652
T1682,11,0.878,47.6,0.643
T1683,0,0.678,55.5,0.561
T1683,1,0.621,52.5,0.576
T1683,2,0.616,54.6,0.619
T1683,3,0.618,56.2,0.604
T1683,4,0.648,54.0,0.618
T1683,5,0.601,55.7,0.661
T1683,6,0.571,55.4,0.63
T1683,7,0.61,55.7,0.658
T1683,8,0.571,59.1,0.653
T1683,9,0.576,55.8,0.651
T1683,10,0.552,58.0,0.638
T1683,11,0.534,56.2,0.698
T1684,0,0.479,62.2,0.771
T1684,1,0.448,63.4,0.773
T1684,2,0.447,64.5,0.785
T1684,3,0.469,63.7,0.755
T1684,4,0.447,63.1,0.755
T1684,5,0.413,60.3,0.734
T1684,6,0.466,64.8,0.728
T1684,7,0.417,61.8,0.775
T1684,8,0.431,64.6,0.772
T1684,9,0.445,62.9,0.726
T1684,10,0.471,62.8,0.737
T1684,11,0.45,63.0,0.763
T1685,0,0.78,67.6,0.784
T1685,1,0.738,68.8,0.789
T1685,2,0.733,66.8,0.784
T1685,3,0.668,65.8,0.765
T1685,4,0.685,69.0,0.752
T1685,5,0.684,69.7,0.705
T1685,6,0.653,67.9,0.706
T1685,7,0.603,67.1,0.716
T1685,8,0.568,66.4,0.686
T1685,9,0.586,67.3,0.673
T1685,10,0.579,69.0,0.687
T1685,11,0.559,69.7,0.657
T1686,0,0.466,60.1,0.658
T1686,1,0.496,57.9,0.614
T1686,2,0.505,60.9,0.623
T1686,3,0.515,59.2,0.629
T1686,4,0.52,60.0,0.622
T1686,5,0.486,60.4,0.6
T1686,6,0.54,59.6,0.56
T1686,7,0.544,54.7,0.599
T1686,8,0.551,55.7,0.581
T1686,9,0.529,54.4,0.619
T1686,10,0.55,54.2,0.552
T1686,11,0.518,56.4,0.606
T1687,0,0.793,53.9,0.427
T1687,1,0.794,54.5,0.449
T1687,2,0.786,55.0,0.407
T1687,3,0.76,54.5,0.387
T1687,4,0.756,52.2,0.398
T1687,5,0.751,48.5,0.354
T1687,6,0.761,49.3,0.36
T1687,7,0.746,46.6,0.375
T1687,8,0.74,47.5,0.354
T1687,9,0.79,46.1,0.353
T1687,10,0.741,46.2,0.353
T1687,11,0.745,46.0,0.325
T1688,0,0.388,52.6,0.144
T1688,1,0.387,52.9,0.187
T1688,2,0.407,55.0,0.252
T1688,3,0.414,50.6,0.239
T1688,4,0.378,53.6,0.271
T1688,5,0.367,50.8,0.256
T1688,6,0.331,52.6,0.274
T1688,7,0.349,51.2,0.296
T1688,8,0.306,44.5,0.348
T1688,9,0.304,45.4,0.322
T1688,10,0.309,45.7,0.333
T1688,11,0.254,48.4,0.342
T1689,0,0.622,71.9,0.485
T1689,1,0.601,72.3,0.447
T1689,2,0.572,70.4,0.485
T1689,3,0.567,67.9,0.493
T1689,4,0.611,68.0,0.465
T1689,5,0.591,66.5,0.506
T1689,6,0.629,66.1,0.493
T1689,7,0.591,64.6,0.496
T1689,8,0.567,65.6,0.47
T1689,9,0.578,61.3,0.523
T1689,10,0.627,62.7,0.512
T1689,11,0.592,62.1,0.521
T1690,0,0.285,49.2,0.235
T1690,1,0.303,46.2,0.237
T1690,2,0.35,45.5,0.192
T1690,3,0.363,46.0,0.205
T1690,4,0.371,49.2,0.219
T1690,5,0.386,47.0,0.182
T1690,6,0.407,47.8,0.193
T1690,7,0.455,47.8,0.243
T1690,8,0.47,47.8,0.179
T1690,9,0.486,47.6,0.212
T1690,10,0.545,47.4,0.221
T1690,11,0.541,48.5,0.242
T1691,0,0.954,53.9,0.697
T1691,1,0.895,50.9,0.676
T1691,2,0.859,55.3,0.665
T1691,3,0.887,55.5,0.704
T1691,4,0.882,52.0,0.714
T1691,5,0.869,54.7,0.703
T1691,6,0.875,55.8,0.734
T1691,7,0.859,57.3,0.748
T1691,8,0.875,52.9,0.709
T1691,9,0.867,54.8,0.765
T1691,10,0.831,53.2,0.733
T1691,11,0.831,53.4,0.777
T1692,0,0.475,70.7,0.391
T1692,1,0.489,72.7,0.438
T1692,2,0.423,73.0,0.398
T1692,3,0.442,69.4,0.389
T1692,4,0.428,73.5,0.379
T1692,5,0.428,74.5,0.377
T1692,6,0.358,71.6,0.377
T1692,7,0.361,73.0,0.35
T1692,8,0.343,70.2,0.362
T1692,9,0.354,72.8,0.368
T1692,10,0.329,72.0,0.338
T1692,11,0.359,73.0,0.383
T1693,0,1.0,32.1,0.3
T1693,1,1.0,37.3,0.289
T1693,2,0.925,36.5,0.284
T1693,3,0.957,36.4,0.26
T1693,4,0.906,38.9,0.259
T1693,5,0.916,37.5,0.234
T1693,6,0.897,36.2,0.227
T1693,7,0.83,40.3,0.224
T1693,8,0.819,39.7,0.184
T1693,9,0.842,39.9,0.162
T1693,10,0.824,42.2,0.2
T1693,11,0.786,42.6,0.148
T1694,0,0.437,49.3,0.663
T1694,1,0.465,50.2,0.706
T1694,2,0.466,50.6,0.671
T1694,3,0.481,51.6,0.681
T1694,4,0.511,50.8,0.731
T1694,5,0.547,53.0,0.748
T1694,6,0.562,51.3,0.729
T1694,7,0.531,54.7,0.698
T1694,8,0.57,53.1,0.738
T1694,9,0.599,53.4,0.757
T1694,10,0.636,52.4,0.768
T1694,11,0.639,54.0,0.76
T1695,0,0.425,46.3,0.383
T1695,1,0.426,46.5,0.359
T1695,2,0.456,45.4,0.369
T1695,3,0.428,52.0,0.365
T1695,4,0.468,47.3,0.347
T1695,5,0.447,53.2,0.344
T1695,6,0.402,51.1,0.342
T1695,7,0.424,52.9,0.37
T1695,8,0.439,54.5,0.319
T1695,9,0.408,56.9,0.346
T1695,10,0.45,54.1,0.29
T1695,11,0.502,56.8,0.301
T1696,0,0.424,27.6,0.492
T1696,1,0.455,29.4,0.501
T1696,2,0.497,30.1,0.504
T1696,3,0.527,29.5,0.486
T1696,4,0.57,30.6,0.48
T1696,5,0.564,32.3,0.441
T1696,6,0.614,29.5,0.475
T1696,7,0.657,34.3,0.436
T1696,8,0.709,35.4,0.437
T1696,9,0.694,37.8,0.397
T1696,10,0.726,40.1,0.392
T1696,11,0.762,35.3,0.419
T1697,0,0.713,76.2,0.776
T1697,1,0.725,75.6,0.77
T1697,2,0.739,74.4,0.734
T1697,3,0.741,76.0,0.763
T1697,4,0.714,73.3,0.787
T1697,5,0.692,74.2,0.755
T1697,6,0.733,71.9,0.773
T1697,7,0.652,70.6,0.742
T1697,8,0.669,72.6,0.742
T1697,9,0.639,69.2,0.783
T1697,10,0.662,72.4,0.721
T1697,11,0.629,67.1,0.744
T1698,0,0.588,61.9,0.922
T1698,1,0.579,65.1,0.938
T1698,2,0.531,63.1,0.873
T1698,3,0.553,63.1,0.872
T1698,4,0.528,65.7,0.859
T1698,5,0.549,61.9,0.833
T1698,6,0.572,60.7,0.849
T1698,7,0.563,64.2,0.826
T1698,8,0.548,63.4,0.794
T1698,9,0.516,62.7,0.805
T1698,10,0.535,63.4,0.839
T1698,11,0.531,61.8,0.779
T1699,0,0.875,50.7,0.687
T1699,1,0.788,51.7,0.688
T1699,2,0.848,51.0,0.703
T1699,3,0.841,54.0,0.68
T1699,4,0.815,53.8,0.665
T1699,5,0.801,53.8,0.686
T1699,6,0.837,55.0,0.664
T1699,7,0.816,52.2,0.665
T1699,8,0.882,51.5,0.667
T1699,9,0.855,53.4,0.653
T1699,10,0.82,55.2,0.664
T1699,11,0.82,53.2,0.665
T1700,0,0.539,77.8,0.687
T1700,1,0.521,79.2,0.668
T1700,2,0.538,78.4,0.685
T1700,3,0.459,73.3,0.68
T1700,4,0.501,77.0,0.64
T1700,5,0.498,74.8,0.616
T1700,6,0.492,71.2,0.649
T1700,7,0.502,73.1,0.612
T1700,8,0.475,70.5,0.613
T1700,9,0.45,70.0,0.616
T1700,10,0.451,70.4,0.6
T1700,11,0.422,73.0,0.526
T1701,0,0.448,44.7,0.213
T1701,1,0.459,44.9,0.288
T1701,2,0.488,43.3,0.28
T1701,3,0.482,48.4,0.287
T1701,4,0.502,44.9,0.28
T1701,5,0.531,45.2,0.268
T1701,6,0.479,45.1,0.278
T1701,7,0.526,44.9,0.325
T1701,8,0.546,47.1,0.279
T1701,9,0.544,44.3,0.282
T1701,10,0.579,44.3,0.29
T1701,11,0.574,44.9,0.291
T1702,0,0.644,37.8,0.735
T1702,1,0.624,39.9,0.713
T1702,2,0.621,41.7,0.771
T1702,3,0.59,43.2,0.777
T1702,4,0.56,44.2,0.77
T1702,5,0.578,42.7,0.808
T1702,6,0.611,47.1,0.79
T1702,7,0.61,45.9,0.779
T1702,8,0.586,48.2,0.821
T1702,9,0.649,50.5,0.803
T1702,10,0.578,50.2,0.802
T1702,11,0.559,50.5,0.789
T1703,0,0.942,55.2,0.336
T1703,1,0.929,53.2,0.386
T1703,2,0.869,53.0,0.372
T1703,3,0.826,53.5,0.369
T1703,4,0.824,48.6,0.355
T1703,5,0.765,50.4,0.398
T1703,6,0.744,49.9,0.39
T1703,7,0.722,49.5,0.362
T1703,8,0.689,49.3,0.376
T1703,9,0.642,43.8,0.376
T1703,10,0.643,43.6,0.411
T1703,11,0.622,43.2,0.388
T1704,0,0.515,65.2,0.618
T1704,1,0.502,65.1,0.624
T1704,2,0.545,64.8,0.607
T1704,3,0.545,66.5,0.61
T1704,4,0.572,67.1,0.601
T1704,5,0.602,64.3,0.627
T1704,6,0.63,60.5,0.646
T1704,7,0.603,62.6,0.603
T1704,8,0.607,64.3,0.633
T1704,9,0.608,62.8,0.653
T1704,10,0.63,60.2,0.656
T1704,11,0.648,63.1,0.681
T1705,0,0.626,35.6,0.619
T1705,1,0.661,37.1,0.624
T1705,2,0.646,40.5,0.656
T1705,3,0.636,39.1,0.648
T1705,4,0.635,42.3,0.618
T1705,5,0.67,44.2,0.602
T1705,6,0.656,46.0,0.597
T1705,7,0.643,43.6,0.609
T1705,8,0.668,49.1,0.628
T1705,9,0.701,50.4,0.59
T1705,10,0.663,50.9,0.622
T1705,11,0.72,52.0,0.63
T1706,0,0.775,42.6,0.698
T1706,1,0.732,39.1,0.709
T1706,2,0.766,39.1,0.69
T1706,3,0.77,40.3,0.665
T1706,4,0.757,41.1,0.657
T1706,5,0.692,40.8,0.639
T1706,6,0.756,44.9,0.601
T1706,7,0.753,44.8,0.632
T1706,8,0.728,45.7,0.581
T1706,9,0.732,47.6,0.618
T1706,10,0.715,47.5,0.589
T1706,11,0.734,46.2,0.591
T1707,0,0.903,37.1,0.609
T1707,1,0.895,33.3,0.564
T1707,2,0.88,35.1,0.629
T1707,3,0.874,35.4,0.562
T1707,4,0.819,38.1,0.567
T1707,5,0.829,41.9,0.57
T1707,6,0.802,40.0,0.521
T1707,7,0.813,40.5,0.527
T1707,8,0.744,40.4,0.569
T1707,9,0.753,40.4,0.541
T1707,10,0.775,42.6,0.517
T1707,11,0.734,44.1,0.511
T1708,0,0.568,67.1,0.28
T1708,1,0.546,65.4,0.237
T1708,2,0.526,64.6,0.227
T1708,3,0.568,59.9,0.241
T1708,4,0.555,62.9,0.244
T1708,5,0.579,61.6,0.247
T1708,6,0.515,59.9,0.239
T1708,7,0.59,58.8,0.272
T1708,8,0.547,56.5,0.215
T1708,9,0.517,55.4,0.248
T1708,10,0.498,54.1,0.228
T1708,11,0.521,53.5,0.207
T1709,0,0.377,60.9,0.305
T1709,1,0.423,61.8,0.32
T1709,2,0.43,57.9,0.296
T1709,3,0.413,64.2,0.311
T1709,4,0.476,61.2,0.28
T1709,5,0.459,60.0,0.275
T1709,6,0.451,61.7,0.236
T1709,7,0.479,58.8,0.245
T1709,8,0.478,57.3,0.225
T1709,9,0.411,57.4,0.19
T1709,10,0.465,57.0,0.193
T1709,11,0.501,56.2,0.213
T1710,0,0.48,67.5,0.736
T1710,1,0.451,67.3,0.756
T1710,2,0.49,68.5,0.755
T1710,3,0.518,68.6,0.79
T1710,4,0.453,69.6,0.787
T1710,5,0.54,64.6,0.784
T1710,6,0.598,70.7,0.769
T1710,7,0.525,70.1,0.789
T1710,8,0.584,69.8,0.768
T1710,9,0.56,71.2,0.824
T1710,10,0.578,71.7,0.779
T1710,11,0.616,71.9,0.815
T1711,0,0.522,48.2,0.18
T1711,1,0.506,46.8,0.241
T1711,2,0.548,46.3,0.251
T1711,3,0.566,46.5,0.246
T1711,4,0.583,48.5,0.26
T1711,5,0.605,49.1,0.325
T1711,6,0.601,46.1,0.258
T1711,7,0.6,42.4,0.298
T1711,8,0.667,45.1,0.303
T1711,9,0.665,44.5,0.281
T1711,10,0.697,43.3,0.285
T1711,11,0.645,45.3,0.307
T1712,0,0.498,61.4,0.498
T1712,1,0.466,60.7,0.542
T1712,2,0.442,60.3,0.543
T1712,3,0.43,60.9,0.515
T1712,4,0.45,56.8,0.567
T1712,5,0.442,58.1,0.586
T1712,6,0.442,55.1,0.589
T1712,7,0.417,56.4,0.645
T1712,8,0.441,54.1,0.582
T1712,9,0.412,52.0,0.655
T1712,10,0.464,53.3,0.715
T1712,11,0.402,51.1,0.713
T1713,0,0.52,52.4,0.688
T1713,1,0.536,52.9,0.686
T1713,2,0.553,49.4,0.676
T1713,3,0.562,50.4,0.649
T1713,4,0.592,50.3,0.625
T1713,5,0.505,49.7,0.661
T1713,6,0.613,52.6,0.625
T1713,7,0.566,50.6,0.634
T1713,8,0.583,54.2,0.654
T1713,9,0.621,50.0,0.616
T1713,10,0.625,52.6,0.596
T1713,11,0.617,52.7,0.623
T1714,0,0.696,74.4,0.996
T1714,1,0.696,71.7,0.92
T1714,2,0.684,70.3,0.893
T1714,3,0.681,71.0,0.872
T1714,4,0.694,67.7,0.9
T1714,5,0.717,68.6,0.866
T1714,6,0.694,68.1,0.871
T1714,7,0.735,64.6,0.868
T1714,8,0.707,66.1,0.865
T1714,9,0.76,65.5,0.859
T1714,10,0.758,65.5,0.813
T1714,11,0.712,67.3,0.823
T1715,0,0.879,40.3,0.443
T1715,1,0.865,39.9,0.44
T1715,2,0.859,42.3,0.465
T1715,3,0.803,41.4,0.497
T1715,4,0.824,43.6,0.47
T1715,5,0.8,45.1,0.53
T1715,6,0.794,47.3,0.493
T1715,7,0.77,48.9,0.487
T1715,8,0.769,51.5,0.503
T1715,9,0.735,51.6,0.539
T1715,10,0.729,51.9,0.526
T1715,11,0.689,53.4,0.546
T1716,0,0.547,58.5,0.558
T1716,1,0.559,58.2,0.561
T1716,2,0.577,58.7,0.563
T1716,3,0.619,58.6,0.574
T1716,4,0.638,55.2,0.565
T1716,5,0.65,53.0,0.538
T1716,6,0.697,56.2,0.54
T1716,7,0.711,57.0,0.489
T1716,8,0.73,57.5,0.509
T1716,9,0.734,57.8,0.486
T1716,10,0.769,52.8,0.501
T1716,11,0.726,53.2,0.497
T1717,0,0.586,70.0,0.518
T1717,1,0.615,70.7,0.507
T1717,2,0.597,70.2,0.49
T1717,3,0.618,71.0,0.484
T1717,4,0.586,69.0,0.477
T1717,5,0.645,69.7,0.46
T1717,6,0.652,68.2,0.454
T1717,7,0.658,68.6,0.445
T1717,8,0.655,67.8,0.439
T1717,9,0.639,69.2,0.428
T1717,10,0.664,66.3,0.457
T1717,11,0.704,67.1,0.446
T1718,0,0.525,43.4,0.353
T1718,1,0.57,44.6,0.335
T1718,2,0.543,44.3,0.354
T1718,3,0.559,49.0,0.36
T1718,4,0.579,46.7,0.339
T1718,5,0.549,44.6,0.364
T1718,6,0.554,47.0,0.329
T1718,7,0.569,44.8,0.385
T1718,8,0.592,48.4,0.379
T1718,9,0.576,48.8,0.361
T1718,10,0.523,49.1,0.373
T1718,11,0.541,49.7,0.354
T1719,0,0.768,45.7,0.592
T1719,1,0.783,43.1,0.544
T1719,2,0.77,43.1,0.536
T1719,3,0.819,39.4,0.494
T1719,4,0.786,45.6,0.478
T1719,5,0.816,45.4,0.529
T1719,6,0.82,43.2,0.485
T1719,7,0.799,45.9,0.485
T1719,8,0.81,47.4,0.406
T1719,9,0.795,43.1,0.449
T1719,10,0.813,44.2,0.434
T1719,11,0.779,43.7,0.411
T1720,0,0.389,40.7,0.47
T1720,1,0.365,40.8,0.467
T1720,2,0.438,38.6,0.492
T1720,3,0.43,44.3,0.509
T1720,4,0.46,42.7,0.51
T1720,5,0.393,42.1,0.539
T1720,6,0.413,46.5,0.591
T1720,7,0.44,49.1,0.566
T1720,8,0.45,46.0,0.616
T1720,9,0.483,47.3,0.579
T1720,10,0.505,49.2,0.633
T1720,11,0.457,48.8,0.66
T1721,0,0.3,53.3,0.657
T1721,1,0.311,54.1,0.654
T1721,2,0.377,53.0,0.646
T1721,3,0.402,57.7,0.659
T1721,4,0.392,52.6,0.691
T1721,5,0.434,52.1,0.676
T1721,6,0.473,54.9,0.632
T1721,7,0.516,55.5,0.644
T1721,8,0.526,56.8,0.676
T1721,9,0.554,56.8,0.686
T1721,10,0.561,54.2,0.698
T1721,11,0.598,55.9,0.672
T1722,0,0.876,45.5,0.334
T1722,1,0.888,47.2,0.313
T1722,2,0.907,47.7,0.3
T1722,3,0.934,46.5,0.279
T1722,4,0.893,45.2,0.31
T1722,5,0.892,44.5,0.283
T1722,6,0.913,46.4,0.272
T1722,7,0.908,45.8,0.262
T1722,8,0.942,48.6,0.268
T1722,9,0.922,44.3,0.241
T1722,10,0.953,47.8,0.252
T1722,11,0.962,48.7,0.201
T1723,0,0.322,49.2,0.577
T1723,1,0.364,50.1,0.636
T1723,2,0.414,49.5,0.582
T1723,3,0.392,51.4,0.61
T1723,4,0.43,50.3,0.604
T1723,5,0.431,52.1,0.626
T1723,6,0.502,52.4,0.587
T1723,7,0.474,54.1,0.612
T1723,8,0.498,53.6,0.611
T1723,9,0.499,53.9,0.638
T1723,10,0.554,55.1,0.606
T1723,11,0.558,59.3,0.598
T1724,0,0.714,57.0,0.435
T1724,1,0.703,58.5,0.413
T1724,2,0.661,57.0,0.423
T1724,3,0.653,56.9,0.427
T1724,4,0.671,54.9,0.427
T1724,5,0.626,54.8,0.407
T1724,6,0.639,52.4,0.357
T1724,7,0.644,53.5,0.402
T1724,8,0.614,53.6,0.4
T1724,9,0.627,55.2,0.366
T1724,10,0.589,54.9,0.427
T1724,11,0.593,51.8,0.414
T1725,0,0.888,56.9,0.897
T1725,1,0.849,57.1,0.891
T1725,2,0.884,57.9,0.848
T1725,3,0.807,53.1,0.882
T1725,4,0.783,58.3,0.869
T1725,5,0.769,56.9,0.863
T1725,6,0.811,55.8,0.875
T1725,7,0.775,56.9,0.858
T1725,8,0.715,55.7,0.851
T1725,9,0.739,57.2,0.871
T1725,10,0.689,59.9,0.856
T1725,11,0.681,56.9,0.873
T1726,0,0.127,75.3,0.503
T1726,1,0.126,76.0,0.543
T1726,2,0.159,74.1,0.53
T1726,3,0.222,73.6,0.544
T1726,4,0.231,69.7,0.527
T1726,5,0.279,68.7,0.567
T1726,6,0.295,71.1,0.474
T1726,7,0.327,69.7,0.491
T1726,8,0.374,70.4,0.493
T1726,9,0.371,68.8,0.52
T1726,10,0.381,69.3,0.508
T1726,11,0.433,71.2,0.529
T1727,0,0.344,34.9,0.52
T1727,1,0.336,36.9,0.501
T1727,2,0.356,36.4,0.477
T1727,3,0.333,33.7,0.421
T1727,4,0.362,37.9,0.41
T1727,5,0.33,35.9,0.442
T1727,6,0.392,36.1,0.37
T1727,7,0.413,38.8,0.319
T1727,8,0.434,42.6,0.293
T1727,9,0.393,39.6,0.25
T1727,10,0.425,38.5,0.264
T1727,11,0.432,39.7,0.248
T1728,0,0.366,88.0,0.396
T1728,1,0.385,86.0,0.4
T1728,2,0.398,82.7,0.455
T1728,3,0.362,83.0,0.462
T1728,4,0.37,84.2,0.503
T1728,5,0.348,81.1,0.527
T1728,6,0.3,79.9,0.544
T1728,7,0.335,79.7,0.573
T1728,8,0.352,75.6,0.585
T1728,9,0.324,76.6,0.556
T1728,10,0.278,71.4,0.634
T1728,11,0.288,71.0,0.672
T1729,0,0.463,68.3,0.1
T1729,1,0.431,74.9,0.123
T1729,2,0.458,71.0,0.129
T1729,3,0.462,70.2,0.153
T1729,4,0.5,69.1,0.151
T1729,5,0.507,67.2,0.178
T1729,6,0.534,66.6,0.154
T1729,7,0.552,66.2,0.159
T1729,8,0.568,66.3,0.166
T1729,9,0.575,64.0,0.21
T1729,10,0.579,62.0,0.248
T1729,11,0.622,62.7,0.23
T1730,0,0.612,42.5,0.392
T1730,1,0.638,45.1,0.368
T1730,2,0.644,46.1,0.438
T1730,3,0.681,44.2,0.409
T1730,4,0.667,45.5,0.36
T1730,5,0.666,47.5,0.388
T1730,6,0.653,48.6,0.357
T1730,7,0.677,49.3,0.367
T1730,8,0.692,48.6,0.36
T1730,9,0.692,56.2,0.338
T1730,10,0.677,51.5,0.32
T1730,11,0.692,53.9,0.324
T1731,0,0.579,48.5,0.456
T1731,1,0.574,50.6,0.465
T1731,2,0.571,53.9,0.449
T1731,3,0.656,53.4,0.509
T1731,4,0.592,54.1,0.48
T1731,5,0.593,55.4,0.487
T1731,6,0.573,56.0,0.444
T1731,7,0.583,58.7,0.447
T1731,8,0.624,56.4,0.474
T1731,9,0.613,59.0,0.465
T1731,10,0.635,59.8,0.453
T1731,11,0.685,60.3,0.503
T1732,0,0.609,42.5,0.259
T1732,1,0.653,42.7,0.262
T1732,2,0.604,43.4,0.278
T1732,3,0.579,42.7,0.293
T1732,4,0.571,45.8,0.311
T1732,5,0.54,42.1,0.264
T1732,6,0.592,45.4,0.289
T1732,7,0.509,43.5,0.345
T1732,8,0.493,47.3,0.305
T1732,9,0.513,46.0,0.336
T1732,10,0.492,46.4,0.324
T1732,11,0.451,47.2,0.29
T1733,0,0.321,47.9,0.467
T1733,1,0.375,51.3,0.503
T1733,2,0.396,51.7,0.484
T1733,3,0.38,54.7,0.522
T1733,4,0.382,55.9,0.539
T1733,5,0.395,55.4,0.511
T1733,6,0.364,58.4,0.555
T1733,7,0.377,56.5,0.571
T1733,8,0.374,60.8,0.589
T1733,9,0.388,58.7,0.583
T1733,10,0.401,65.0,0.614
T1733,11,0.379,64.2,0.626
T1734,0,0.732,58.7,0.382
T1734,1,0.646,61.1,0.39
T1734,2,0.689,60.7,0.403
T1734,3,0.682,61.6,0.393
T1734,4,0.609,61.9,0.459
T1734,5,0.646,62.4,0.371
T1734,6,0.613,63.3,0.439
T1734,7,0.609,63.8,0.437
T1734,8,0.574,60.4,0.457
T1734,9,0.558,61.1,0.476
T1734,10,0.549,61.8,0.462
T1734,11,0.555,63.3,0.489
T1735,0,0.747,62.5,0.363
T1735,1,0.729,60.9,0.367
T1735,2,0.772,59.2,0.364
T1735,3,0.747,59.1,0.344
T1735,4,0.71,58.3,0.368
T1735,5,0.654,57.7,0.37
T1735,6,0.62,58.7,0.326
T1735,7,0.66,54.3,0.316
T1735,8,0.613,55.0,0.331
T1735,9,0.578,53.7,0.357
T1735,10,0.547,55.9,0.305
T1735,11,0.558,54.0,0.342
T1736,0,0.607,55.6,0.492
T1736,1,0.59,52.7,0.535
T1736,2,0.58,53.7,0.531
T1736,3,0.545,52.8,0.576
T1736,4,0.584,52.1,0.57
T1736,5,0.585,52.9,0.533
T1736,6,0.572,55.3,0.529
T1736,7,0.591,51.4,0.581
T1736,8,0.577,50.3,0.574
T1736,9,0.598,49.3,0.594
T1736,10,0.555,50.4,0.614
T1736,11,0.551,49.2,0.608
T1737,0,0.664,68.5,0.271
T1737,1,0.695,66.4,0.261
T1737,2,0.701,62.2,0.249
T1737,3,0.675,57.6,0.285
T1737,4,0.712,57.7,0.271
T1737,5,0.689,56.1,0.291
T1737,6,0.707,55.2,0.308
T1737,7,0.78,55.1,0.29
T1737,8,0.694,50.4,0.314
T1737,9,0.729,49.5,0.298
T1737,10,0.739,47.8,0.307
T1737,11,0.74,46.0,0.305
T1738,0,0.669,75.4,0.481
T1738,1,0.623,75.9,0.492
T1738,2,0.64,75.0,0.498
T1738,3,0.608,76.4,0.478
T1738,4,0.596,74.8,0.484
T1738,5,0.558,74.6,0.522
T1738,6,0.53,72.5,0.527
T1738,7,0.538,77.4,0.541
T1738,8,0.53,72.1,0.505
T1738,9,0.477,72.6,0.512
T1738,10,0.449,75.2,0.527
T1738,11,0.429,75.7,0.54
T1739,0,0.626,45.6,0.268
T1739,1,0.656,44.4,0.318
T1739,2,0.621,41.8,0.225
T1739,3,0.595,43.9,0.291
T1739,4,0.604,43.1,0.241
T1739,5,0.619,42.4,0.238
T1739,6,0.589,43.6,0.237
T1739,7,0.547,45.7,0.174
T1739,8,0.551,43.0,0.199
T1739,9,0.539,43.8,0.165
T1739,10,0.505,41.2,0.132
T1739,11,0.517,42.4,0.148
T1740,0,0.373,63.5,0.131
T1740,1,0.384,61.8,0.162
T1740,2,0.408,59.6,0.1
T1740,3,0.419,60.7,0.1
T1740,4,0.45,60.2,0.131
T1740,5,0.475,55.3,0.154
T1740,6,0.5,56.6,0.137
T1740,7,0.511,56.4,0.17
T1740,8,0.558,53.1,0.171
T1740,9,0.599,53.6,0.144
T1740,10,0.556,55.3,0.146
T1740,11,0.632,50.4,0.147
T1741,0,0.824,48.2,0.669
T1741,1,0.831,48.4,0.665
T1741,2,0.806,49.2,0.696
T1741,3,0.787,48.2,0.691
T1741,4,0.837,50.8,0.671
T1741,5,0.832,51.9,0.672
T1741,6,0.816,48.9,0.642
T1741,7,0.783,53.1,0.65
T1741,8,0.809,52.1,0.633
T1741,9,0.828,49.7,0.676
T1741,10,0.794,56.4,0.663
T1741,11,0.806,55.2,0.644
T1742,0,0.619,64.0,0.571
T1742,1,0.583,66.7,0.597
T1742,2,0.609,64.4,0.665
T1742,3,0.58,67.3,0.659
T1742,4,0.568,67.5,0.637
T1742,5,0.579,70.5,0.67
T1742,6,0.546,68.6,0.723
T1742,7,0.566,71.9,0.716
T1742,8,0.545,68.7,0.737
T1742,9,0.51,70.4,0.783
T1742,10,0.555,71.6,0.741
T1742,11,0.533,72.1,0.762
T1743,0,0.502,54.7,0.461
T1743,1,0.504,54.3,0.502
T1743,2,0.522,56.9,0.529
T1743,3,0.543,56.1,0.511
T1743,4,0.528,53.9,0.541
T1743,5,0.542,54.0,0.533
T1743,6,0.536,55.0,0.552
T1743,7,0.587,53.6,0.573
T1743,8,0.588,56.0,0.572
T1743,9,0.558,55.9,0.606
T1743,10,0.59,55.0,0.606
T1743,11,0.634,55.1,0.635
T1744,0,0.734,50.0,0.145
T1744,1,0.735,46.3,0.164
T1744,2,0.778,52.5,0.192
T1744,3,0.774,53.1,0.164
T1744,4,0.719,53.3,0.166
T1744,5,0.776,51.6,0.189
T1744,6,0.739,50.6,0.24
T1744,7,0.717,51.3,0.241
T1744,8,0.751,50.0,0.27
T1744,9,0.724,53.4,0.234
T1744,10,0.756,51.6,0.276
T1744,11,0.742,53.3,0.323
T1745,0,0.375,59.3,0.354
T1745,1,0.427,60.0,0.327
T1745,2,0.366,58.4,0.326
T1745,3,0.415,56.4,0.352
T1745,4,0.434,58.6,0.38
T1745,5,0.437,56.7,0.355
T1745,6,0.43,57.7,0.362
T1745,7,0.452,56.0,0.394
T1745,8,0.471,58.2,0.36
T1745,9,0.512,56.7,0.377
T1745,10,0.513,57.2,0.394
T1745,11,0.519,54.3,0.408
T1746,0,0.554,48.2,0.408
T1746,1,0.561,51.4,0.413
T1746,2,0.604,50.6,0.431
T1746,3,0.556,45.7,0.371
T1746,4,0.623,49.6,0.399
T1746,5,0.595,46.6,0.413
T1746,6,0.632,46.7,0.379
T1746,7,0.626,44.6,0.387
T1746,8,0.625,42.2,0.367
T1746,9,0.642,44.1,0.368
T1746,10,0.664,42.9,0.359
T1746,11,0.654,40.7,0.372
T1747,0,0.398,55.3,0.37
T1747,1,0.454,54.4,0.345
T1747,2,0.455,54.1,0.397
T1747,3,0.463,53.4,0.357
T1747,4,0.45,51.5,0.381
T1747,5,0.523,51.9,0.387
T1747,6,0.481,48.9,0.364
T1747,7,0.541,47.2,0.381
T1747,8,0.567,46.1,0.357
T1747,9,0.561,48.1,0.392
T1747,10,0.587,43.4,0.423
T1747,11,0.561,39.9,0.365
T1748,0,0.655,50.9,0.643
T1748,1,0.652,49.3,0.57
T1748,2,0.618,48.8,0.574
T1748,3,0.618,50.7,0.518
T1748,4,0.644,50.2,0.551
T1748,5,0.644,47.9,0.517
T1748,6,0.617,50.5,0.5
T1748,7,0.608,49.9,0.491
T1748,8,0.612,50.8,0.494
T1748,9,0.62,49.7,0.459
T1748,10,0.638,50.9,0.468
T1748,11,0.614,45.1,0.409
T1749,0,0.473,54.8,0.841
T1749,1,0.523,59.2,0.846
T1749,2,0.505,55.9,0.837
T1749,3,0.518,59.5,0.81
T1749,4,0.498,61.8,0.857
T1749,5,0.55,62.9,0.859
T1749,6,0.59,64.6,0.846
T1749,7,0.592,61.0,0.86
T1749,8,0.579,62.1,0.885
T1749,9,0.598,63.8,0.874
T1749,10,0.607,63.5,0.926
T1749,11,0.619,60.0,0.86
T1750,0,0.469,59.7,0.675
T1750,1,0.488,60.1,0.701
T1750,2,0.488,57.0,0.682
T1750,3,0.481,59.1,0.685
T1750,4,0.52,62.3,0.723
T1750,5,0.536,61.7,0.726
T1750,6,0.556,63.6,0.673
T1750,7,0.556,61.6,0.72
T1750,8,0.596,59.2,0.704
T1750,9,0.554,59.1,0.714
T1750,10,0.549,57.9,0.717
T1750,11,0.602,60.1,0.695
T1751,0,0.792,51.3,0.585
T1751,1,0.839,50.1,0.574
T1751,2,0.782,51.9,0.624
T1751,3,0.787,53.3,0.59
T1751,4,0.828,57.5,0.565
T1751,5,0.829,56.0,0.576
T1751,6,0.831,57.5,0.531
T1751,7,0.843,61.0,0.582
T1751,8,0.847,60.0,0.561
T1751,9,0.891,59.3,0.547
T1751,10,0.844,62.1,0.517
T1751,11,0.853,62.4,0.587
T1752,0,0.626,49.4,0.606
T1752,1,0.655,45.7,0.585
T1752,2,0.636,44.0,0.579
T1752,3,0.603,44.3,0.538
T1752,4,0.621,45.4,0.543
T1752,5,0.615,46.1,0.569
T1752,6,0.652,43.0,0.567
T1752,7,0.62,46.0,0.528
T1752,8,0.6,42.6,0.482
T1752,9,0.586,44.2,0.483
T1752,10,0.6,46.5,0.511
T1752,11,0.568,43.5,0.521
T1753,0,0.588,59.7,0.579
T1753,1,0.577,55.4,0.618
T1753,2,0.581,58.4,0.619
T1753,3,0.583,58.4,0.615
T1753,4,0.571,61.9,0.637
T1753,5,0.594,59.2,0.618
T1753,6,0.585,61.5,0.63
T1753,7,0.538,60.7,0.649
T1753,8,0.602,56.2,0.599
T1753,9,0.558,58.9,0.678
T1753,10,0.579,60.4,0.632
T1753,11,0.562,60.0,0.643
T1754,0,0.984,42.4,0.14
T1754,1,0.957,41.6,0.159
T1754,2,0.97,42.2,0.172
T1754,3,0.967,40.1,0.17
T1754,4,0.946,42.4,0.194
T1754,5,0.947,38.0,0.209
T1754,6,0.933,39.2,0.23
T1754,7,0.867,36.1,0.282
T1754,8,0.923,41.2,0.273
T1754,9,0.89,38.8,0.26
T1754,10,0.862,38.2,0.224
T1754,11,0.831,37.8,0.315
T1755,0,0.706,63.3,0.338
T1755,1,0.756,63.3,0.324
T1755,2,0.691,64.3,0.305
T1755,3,0.726,64.3,0.357
T1755,4,0.721,60.5,0.391
T1755,5,0.79,62.2,0.401
T1755,6,0.766,63.9,0.421
T1755,7,0.759,61.7,0.407
T1755,8,0.74,59.9,0.448
T1755,9,0.806,61.0,0.455
T1755,10,0.764,61.1,0.488
T1755,11,0.781,59.6,0.5
T1756,0,0.928,54.6,0.863
T1756,1,0.917,54.5,0.852
T1756,2,0.895,59.1,0.877
T1756,3,0.886,57.0,0.878
T1756,4,0.858,59.8,0.85
T1756,5,0.851,59.5,0.844
T1756,6,0.828,58.2,0.814
T1756,7,0.81,56.0,0.837
T1756,8,0.821,58.9,0.824
T1756,9,0.781,57.3,0.796
T1756,10,0.782,57.8,0.814
T1756,11,0.764,59.1,0.777
T1757,0,0.101,31.7,0.252
T1757,1,0.141,35.3,0.242
T1757,2,0.144,33.1,0.283
T1757,3,0.183,36.2,0.281
T1757,4,0.221,35.4,0.328
T1757,5,0.235,38.4,0.357
T1757,6,0.27,41.7,0.37
T1757,7,0.347,41.3,0.375
T1757,8,0.357,42.0,0.384
T1757,9,0.379,43.9,0.377
T1757,10,0.408,45.6,0.441
T1757,11,0.463,46.7,0.434
T1758,0,0.843,47.8,0.448
T1758,1,0.825,45.1,0.432
T1758,2,0.811,41.8,0.422
T1758,3,0.792,43.7,0.39
T1758,4,0.767,41.8,0.367
T1758,5,0.75,40.4,0.361
T1758,6,0.74,41.5,0.345
T1758,7,0.717,40.9,0.285
T1758,8,0.706,39.7,0.289
T1758,9,0.677,39.1,0.284
T1758,10,0.662,41.0,0.233
T1758,11,0.66,35.0,0.219
T1759,0,0.9,36.6,0.658
T1759,1,0.952,35.2,0.583
T1759,2,0.889,37.3,0.592
T1759,3,0.903,38.0,0.55
T1759,4,0.883,38.0,0.551
T1759,5,0.938,41.6,0.517
T1759,6,0.918,41.4,0.542
T1759,7,0.94,42.4,0.496
T1759,8,0.921,41.6,0.517
T1759,9,0.926,44.2,0.477
T1759,10,0.908,45.8,0.484
T1759,11,0.907,43.5,0.462
T1760,0,0.334,67.4,0.884
T1760,1,0.366,67.2,0.905
T1760,2,0.377,66.6,0.888
T1760,3,0.399,68.5,0.814
T1760,4,0.418,66.9,0.777
T1760,5,0.428,66.0,0.773
T1760,6,0.418,65.7,0.783
T1760,7,0.451,62.8,0.724
T1760,8,0.439,60.6,0.715
T1760,9,0.441,58.9,0.697
T1760,10,0.486,60.4,0.703
T1760,11,0.513,61.7,0.639
T1761,0,0.595,42.4,0.569
T1761,1,0.631,44.7,0.532
T1761,2,0.608,48.1,0.515
T1761,3,0.597,41.1,0.566
T1761,4,0.587,43.9,0.539
T1761,5,0.599,47.1,0.492
T1761,6,0.608,48.5,0.518
T1761,7,0.643,47.9,0.502
T1761,8,0.593,47.8,0.477
T1761,9,0.653,51.1,0.477
T1761,10,0.649,49.7,0.402
T1761,11,0.65,51.0,0.454
T1762,0,0.727,86.9,0.695
T1762,1,0.763,86.4,0.735
T1762,2,0.764,84.9,0.677
T1762,3,0.761,78.1,0.725
T1762,4,0.81,80.5,0.718
T1762,5,0.769,76.4,0.702
T1762,6,0.757,75.9,0.705
T1762,7,0.8,70.6,0.713
T1762,8,0.816,72.1,0.711
T1762,9,0.828,69.0,0.723
T1762,10,0.804,65.3,0.738
T1762,11,0.809,66.9,0.717
T1763,0,0.463,40.1,0.366
T1763,1,0.473,38.5,0.359
T1763,2,0.456,42.9,0.386
T1763,3,0.437,42.4,0.347
T1763,4,0.454,41.8,0.367
T1763,5,0.454,42.1,0.331
T1763,6,0.464,44.6,0.365
T1763,7,0.479,45.4,0.29
T1763,8,0.506,43.7,0.307
T1763,9,0.486,43.8,0.31
T1763,10,0.496,49.7,0.294
T1763,11,0.502,46.8,0.284
T1764,0,0.938,67.9,0.614
T1764,1,0.926,63.9,0.592
T1764,2,0.92,65.5,0.624
T1764,3,0.882,64.5,0.627
T1764,4,0.845,65.2,0.639
T1764,5,0.82,66.6,0.585
T1764,6,0.799,64.6,0.533
T1764,7,0.792,63.4,0.558
T1764,8,0.771,64.7,0.572
T1764,9,0.733,64.2,0.501
T1764,10,0.711,64.0,0.538
T1764,11,0.707,63.7,0.538
T1765,0,0.65,50.2,0.567
T1765,1,0.676,51.0,0.65
T1765,2,0.635,48.5,0.627
T1765,3,0.639,49.7,0.642
T1765,4,0.633,46.8,0.681
T1765,5,0.615,50.6,0.646
T1765,6,0.618,47.6,0.702
T1765,7,0.625,47.8,0.646
T1765,8,0.613,46.8,0.686
T1765,9,0.642,46.3,0.692
T1765,10,0.631,48.7,0.731
T1765,11,0.612,45.2,0.73
T1766,0,0.559,49.6,0.432
T1766,1,0.577,48.0,0.423
T1766,2,0.631,50.6,0.413
T1766,3,0.613,47.6,0.423
T1766,4,0.606,48.5,0.432
T1766,5,0.619,47.6,0.38
T1766,6,0.611,46.2,0.42
T1766,7,0.652,45.4,0.44
T1766,8,0.678,43.6,0.413
T1766,9,0.72,42.1,0.401
T1766,10,0.67,44.1,0.375
T1766,11,0.667,41.7,0.404
T1767,0,0.489,66.3,0.593
T1767,1,0.549,62.9,0.627
T1767,2,0.495,62.8,0.611
T1767,3,0.446,61.1,0.616
T1767,4,0.5,60.7,0.644
T1767,5,0.447,63.0,0.61
T1767,6,0.469,56.3,0.637
T1767,7,0.457,58.4,0.616
T1767,8,0.474,56.4,0.608
T1767,9,0.485,56.6,0.583
T1767,10,0.46,55.2,0.616
T1767,11,0.431,55.6,0.645
T1768,0,0.814,51.0,0.673
T1768,1,0.773,49.4,0.703
T1768,2,0.797,51.0,0.652
T1768,3,0.767,49.9,0.698
T1768,4,0.735,52.8,0.665
T1768,5,0.715,53.8,0.648
T1768,6,0.689,52.2,0.666
T1768,7,0.674,51.6,0.669
T1768,8,0.644,54.8,0.665
T1768,9,0.69,54.0,0.634
T1768,10,0.668,55.8,0.68
T1768,11,0.634,55.0,0.69
T1769,0,0.571,40.1,0.221
T1769,1,0.584,38.9,0.203
T1769,2,0.577,37.9,0.226
T1769,3,0.591,40.4,0.209
T1769,4,0.578,39.5,0.255
T1769,5,0.593,41.1,0.228
T1769,6,0.604,39.6,0.221
T1769,7,0.628,41.6,0.273
T1769,8,0.629,39.8,0.255
T1769,9,0.631,37.9,0.255
T1769,10,0.631,39.5,0.248
T1769,11,0.642,37.9,0.282
T1770,0,0.425,77.7,0.631
T1770,1,0.382,79.2,0.634
T1770,2,0.403,76.8,0.639
T1770,3,0.41,73.6,0.605
T1770,4,0.418,76.5,0.605
T1770,5,0.399,72.2,0.545
T1770,6,0.359,72.9,0.534
T1770,7,0.394,72.8,0.534
T1770,8,0.365,69.8,0.495
T1770,9,0.377,69.2,0.453
T1770,10,0.376,68.0,0.494
T1770,11,0.386,67.6,0.416
T1771,0,0.661,25.3,0.65
T1771,1,0.698,26.9,0.638
T1771,2,0.713,29.0,0.639
T1771,3,0.728,33.2,0.614
T1771,4,0.668,36.4,0.63
T1771,5,0.698,34.5,0.599
T1771,6,0.716,39.7,0.58
T1771,7,0.685,42.4,0.616
T1771,8,0.681,44.2,0.598
T1771,9,0.672,45.5,0.593
T1771,10,0.673,50.6,0.61
T1771,11,0.647,49.8,0.552
T1772,0,0.909,47.1,0.459
T1772,1,0.909,49.4,0.458
T1772,2,0.887,49.0,0.473
T1772,3,0.848,49.6,0.501
T1772,4,0.839,50.7,0.495
T1772,5,0.828,51.2,0.45
T1772,6,0.828,49.6,0.514
T1772,7,0.838,49.1,0.494
T1772,8,0.831,49.1,0.523
T1772,9,0.75,50.9,0.539
T1772,10,0.819,53.5,0.476
T1772,11,0.75,53.3,0.481
T1773,0,0.65,65.0,1.0
T1773,1,0.66,65.9,1.0
T1773,2,0.674,64.2,0.968
T1773,3,0.635,63.6,1.0
T1773,4,0.665,65.4,0.982
T1773,5,0.676,65.4,0.955
T1773,6,0.648,62.3,1.0
T1773,7,0.659,63.3,0.954
T1773,8,0.618,61.7,0.93
T1773,9,0.653,61.1,0.968
T1773,10,0.624,61.2,0.984
T1773,11,0.636,62.9,0.947
T1774,0,0.27,68.7,0.446
T1774,1,0.276,66.7,0.468
T1774,2,0.295,66.5,0.423
T1774,3,0.337,62.6,0.444
T1774,4,0.302,63.1,0.489
T1774,5,0.355,61.9,0.474
T1774,6,0.331,57.0,0.502
T1774,7,0.356,58.2,0.512
T1774,8,0.368,57.2,0.534
T1774,9,0.385,56.8,0.551
T1774,10,0.356,52.5,0.549
T1774,11,0.381,47.0,0.546
T1775,0,0.981,59.3,0.589
T1775,1,0.955,54.7,0.593
T1775,2,0.936,57.7,0.573
T1775,3,0.971,56.6,0.553
T1775,4,0.943,57.9,0.602
T1775,5,0.921,58.3,0.573
T1775,6,0.91,58.7,0.575
T1775,7,0.89,58.1,0.538
T1775,8,0.846,59.4,0.539
T1775,9,0.827,57.7,0.519
T1775,10,0.846,55.4,0.503
T1775,11,0.836,58.2,0.48
T1776,0,0.607,61.3,0.578
T1776,1,0.619,57.5,0.568
T1776,2,0.621,60.0,0.541
T1776,3,0.634,62.6,0.556
T1776,4,0.599,59.9,0.548
T1776,5,0.636,59.5,0.585
T1776,6,0.621,58.8,0.514
T1776,7,0.59,58.4,0.533
T1776,8,0.577,59.7,0.502
T1776,9,0.579,58.0,0.496
T1776,10,0.568,58.9,0.471
T1776,11,0.536,60.2,0.462
T1777,0,0.885,46.4,0.402
T1777,1,0.874,48.3,0.344
T1777,2,0.857,48.5,0.35
T1777,3,0.874,47.0,0.382
T1777,4,0.868,47.5,0.326
T1777,5,0.846,46.2,0.395
T1777,6,0.857,47.4,0.379
T1777,7,0.865,48.4,0.331
T1777,8,0.858,47.6,0.369
T1777,9,0.885,45.1,0.391
T1777,10,0.805,46.9,0.326
T1777,11,0.822,45.8,0.322
T1778,0,0.725,60.2,0.459
T1778,1,0.717,60.2,0.5
T1778,2,0.687,58.6,0.515
T1778,3,0.693,62.7,0.536
T1778,4,0.674,63.5,0.567
T1778,5,0.696,62.8,0.557
T1778,6,0.682,61.9,0.622
T1778,7,0.702,63.4,0.588
T1778,8,0.691,62.3,0.629
T1778,9,0.663,63.3,0.625
T1778,10,0.664,60.5,0.638
T1778,11,0.652,62.6,0.703
T1779,0,0.626,49.1,0.821
T1779,1,0.63,49.8,0.823
T1779,2,0.591,50.9,0.847
T1779,3,0.612,50.9,0.821
T1779,4,0.608,48.5,0.827
T1779,5,0.597,52.9,0.8
T1779,6,0.57,50.8,0.811
T1779,7,0.583,51.1,0.764
T1779,8,0.595,51.9,0.781
T1779,9,0.533,51.0,0.78
T1779,10,0.572,51.8,0.752
T1779,11,0.553,50.6,0.773
T1780,0,0.688,68.7,0.646
T1780,1,0.675,65.0,0.604
T1780,2,0.664,67.4,0.578
T1780,3,0.672,66.6,0.621
T1780,4,0.677,67.5,0.557
T1780,5,0.651,64.6,0.546
T1780,6,0.663,67.2,0.525
T1780,7,0.695,67.1,0.491
T1780,8,0.642,61.8,0.478
T1780,9,0.626,65.7,0.434
T1780,10,0.625,65.4,0.406
T1780,11,0.608,64.0,0.469
T1781,0,0.393,49.2,0.211
T1781,1,0.429,46.8,0.212
T1781,2,0.43,46.4,0.245
T1781,3,0.448,50.5,0.232
T1781,4,0.441,49.5,0.273
T1781,5,0.442,51.6,0.286
T1781,6,0.419,51.2,0.268
T1781,7,0.433,51.9,0.272
T1781,8,0.446,51.8,0.296
T1781,9,0.454,51.0,0.324
T1781,10,0.418,53.4,0.312
T1781,11,0.446,51.2,0.34
T1782,0,0.522,63.0,0.338
T1782,1,0.546,63.0,0.373
T1782,2,0.53,58.5,0.415
T1782,3,0.557,57.4,0.44
T1782,4,0.547,56.1,0.47
T1782,5,0.594,57.6,0.517
T1782,6,0.615,57.6,0.554
T1782,7,0.623,55.0,0.574
T1782,8,0.668,55.1,0.636
T1782,9,0.661,53.6,0.648
T1782,10,0.651,55.2,0.675
T1782,11,0.691,56.5,0.689
T1783,0,0.345,41.1,0.523
T1783,1,0.343,41.5,0.549
T1783,2,0.364,42.0,0.542
T1783,3,0.351,42.1,0.527
T1783,4,0.352,44.5,0.523
T1783,5,0.338,45.0,0.547
T1783,6,0.353,43.1,0.527
T1783,7,0.32,46.0,0.534
T1783,8,0.332,50.8,0.475
T1783,9,0.31,46.9,0.465
T1783,10,0.319,47.5,0.497
T1783,11,0.348,50.5,0.544
T1784,0,0.558,37.9,0.632
T1784,1,0.538,39.5,0.603
T1784,2,0.627,39.1,0.631
T1784,3,0.595,40.4,0.65
T1784,4,0.625,42.6,0.618
T1784,5,0.661,43.1,0.714
T1784,6,0.67,42.6,0.694
T1784,7,0.637,44.3,0.717
T1784,8,0.672,46.1,0.709
T1784,9,0.701,46.3,0.732
T1784,10,0.659,48.4,0.724
T1784,11,0.733,50.6,0.741
T1785,0,0.824,52.6,0.938
T1785,1,0.845,53.8,0.92
T1785,2,0.781,57.5,0.922
T1785,3,0.808,54.4,0.929
T1785,4,0.743,53.7,0.923
T1785,5,0.728,57.1,0.943
T1785,6,0.711,52.3,0.946
T1785,7,0.657,55.7,0.942
T1785,8,0.686,55.0,0.917
T1785,9,0.653,56.6,0.944
T1785,10,0.58,56.7,0.938
T1785,11,0.601,57.3,0.941
T1786,0,0.548,60.2,0.721
T1786,1,0.59,57.0,0.726
T1786,2,0.602,59.1,0.713
T1786,3,0.582,59.8,0.759
T1786,4,0.59,58.9,0.761
T1786,5,0.662,58.0,0.749
T1786,6,0.665,59.5,0.734
T1786,7,0.662,56.8,0.764
T1786,8,0.681,60.1,0.737
T1786,9,0.682,56.5,0.726
T1786,10,0.725,58.4,0.755
T1786,11,0.738,58.6,0.767
T1787,0,1.0,75.0,0.604
T1787,1,0.955,74.5,0.646
T1787,2,0.98,72.1,0.544
T1787,3,0.942,69.4,0.603
T1787,4,0.965,68.7,0.611
T1787,5,0.903,68.0,0.603
T1787,6,0.896,67.4,0.613
T1787,7,0.878,63.2,0.621
T1787,8,0.901,64.0,0.595
T1787,9,0.817,61.0,0.623
T1787,10,0.846,62.2,0.643
T1787,11,0.794,59.7,0.623
T1788,0,0.703,50.9,0.573
T1788,1,0.714,49.7,0.623
T1788,2,0.661,48.7,0.623
T1788,3,0.7,50.9,0.598
T1788,4,0.675,48.2,0.605
T1788,5,0.654,50.5,0.599
T1788,6,0.687,52.6,0.64
T1788,7,0.655,51.7,0.635
T1788,8,0.691,53.3,0.624
T1788,9,0.648,53.5,0.633
T1788,10,0.628,54.2,0.64
T1788,11,0.641,52.6,0.625
T1789,0,1.0,46.8,0.689
T1789,1,1.0,46.1,0.698
T1789,2,1.0,47.9,0.724
T1789,3,0.993,49.7,0.729
T1789,4,0.977,50.1,0.731
T1789,5,0.979,50.6,0.751
T1789,6,0.978,49.6,0.787
T1789,7,0.957,51.3,0.777
T1789,8,0.972,52.8,0.776
T1789,9,0.945,49.0,0.744
T1789,10,0.937,51.6,0.744
T1789,11,0.948,52.3,0.766
T1790,0,0.619,63.3,0.983
T1790,1,0.605,62.1,1.0
T1790,2,0.64,61.6,0.95
T1790,3,0.607,65.1,0.986
T1790,4,0.671,61.1,0.943
T1790,5,0.631,62.4,0.936
T1790,6,0.65,64.4,0.939
T1790,7,0.689,63.2,0.945
T1790,8,0.695,60.9,0.918
T1790,9,0.711,60.4,0.889
T1790,10,0.727,60.6,0.867
T1790,11,0.757,57.2,0.897
T1791,0,0.817,49.3,0.379
T1791,1,0.79,48.6,0.409
T1791,2,0.787,50.3,0.389
T1791,3,0.799,50.2,0.455
T1791,4,0.81,48.3,0.418
T1791,5,0.867,48.3,0.409
T1791,6,0.849,46.7,0.454
T1791,7,0.828,46.2,0.384
T1791,8,0.821,46.8,0.429
T1791,9,0.814,47.1,0.426
T1791,10,0.866,45.0,0.449
T1791,11,0.805,49.2,0.46
T1792,0,0.325,53.8,0.705
T1792,1,0.336,55.0,0.677
T1792,2,0.385,54.9,0.699
T1792,3,0.409,52.7,0.651
T1792,4,0.433,50.6,0.656
T1792,5,0.447,49.8,0.63
T1792,6,0.465,49.7,0.652
T1792,7,0.479,51.1,0.689
T1792,8,0.496,49.1,0.621
T1792,9,0.536,48.8,0.649
T1792,10,0.581,50.5,0.629
T1792,11,0.538,49.6,0.643
T1793,0,0.331,48.8,0.386
T1793,1,0.355,48.3,0.365
T1793,2,0.375,45.0,0.344
T1793,3,0.344,51.5,0.288
T1793,4,0.338,50.4,0.324
T1793,5,0.349,47.9,0.325
T1793,6,0.355,46.8,0.3
T1793,7,0.366,47.8,0.289
T1793,8,0.39,49.4,0.276
T1793,9,0.364,50.9,0.26
T1793,10,0.381,49.3,0.229
T1793,11,0.394,47.2,0.259
T1794,0,0.672,55.4,0.455
T1794,1,0.662,55.9,0.461
T1794,2,0.647,53.5,0.472
T1794,3,0.689,57.0,0.474
T1794,4,0.657,53.9,0.504
T1794,5,0.611,53.6,0.521
T1794,6,0.684,52.8,0.56
T1794,7,0.678,53.1,0.516
T1794,8,0.693,51.1,0.564
T1794,9,0.709,52.0,0.553
T1794,10,0.673,51.5,0.573
T1794,11,0.696,53.4,0.608
T1795,0,0.434,67.4,0.988
T1795,1,0.404,62.8,0.98
T1795,2,0.407,64.0,0.996
T1795,3,0.469,63.4,0.98
T1795,4,0.432,62.8,0.974
T1795,5,0.442,59.3,0.926
T1795,6,0.432,63.8,0.975
T1795,7,0.418,59.1,0.945
T1795,8,0.464,60.6,0.923
T1795,9,0.421,58.2,0.947
T1795,10,0.437,57.7,0.929
T1795,11,0.459,55.9,0.909
T1796,0,0.581,69.4,0.998
T1796,1,0.599,69.4,0.986
T1796,2,0.629,68.0,1.0
T1796,3,0.646,67.3,0.997
T1796,4,0.624,64.6,1.0
T1796,5,0.644,66.6,0.962
T1796,6,0.674,64.7,0.931
T1796,7,0.716,61.7,0.983
T1796,8,0.687,62.4,0.964
T1796,9,0.731,60.1,0.986
T1796,10,0.727,58.2,0.943
T1796,11,0.748,58.8,0.966
T1797,0,0.997,59.8,0.585
T1797,1,0.952,59.5,0.553
T1797,2,0.964,60.0,0.562
T1797,3,0.962,57.6,0.536
T1797,4,0.94,57.3,0.513
T1797,5,0.934,57.7,0.542
T1797,6,0.95,59.2,0.531
T1797,7,0.944,56.6,0.525
T1797,8,0.876,58.2,0.532
T1797,9,0.868,56.8,0.529
T1797,10,0.859,58.6,0.5
T1797,11,0.837,58.7,0.497
T1798,0,0.052,66.4,0.565
T1798,1,0.032,66.8,0.605
T1798,2,0.122,65.1,0.641
T1798,3,0.103,66.1,0.643
T1798,4,0.12,65.9,0.608
T1798,5,0.161,66.5,0.629
T1798,6,0.166,64.2,0.65
T1798,7,0.17,63.0,0.641
T1798,8,0.204,64.6,0.669
T1798,9,0.207,65.1,0.683
T1798,10,0.233,64.4,0.673
T1798,11,0.286,63.4,0.612
T1799,0,0.682,60.8,0.597
T1799,1,0.641,60.8,0.608
T1799,2,0.719,59.7,0.566
T1799,3,0.693,60.5,0.642
T1799,4,0.723,58.0,0.614
T1799,5,0.684,56.2,0.574
T1799,6,0.677,55.1,0.564
T1799,7,0.693,55.6,0.57
T1799,8,0.634,55.8,0.587
T1799,9,0.627,52.1,0.591
T1799,10,0.673,52.7,0.543
T1799,11,0.678,50.7,0.524
T1800,0,0.646,52.6,0.49
T1800,1,0.701,52.2,0.466
T1800,2,0.698,49.8,0.482
T1800,3,0.652,52.9,0.474
T1800,4,0.657,49.2,0.477
T1800,5,0.603,53.2,0.468
T1800,6,0.638,51.7,0.46
T1800,7,0.593,50.5,0.445
T1800,8,0.604,46.8,0.442
T1800,9,0.604,50.2,0.397
T1800,10,0.59,49.6,0.368
T1800,11,0.574,46.1,0.412
T1801,0,0.313,65.3,0.281
T1801,1,0.317,67.2,0.33
T1801,2,0.342,65.6,0.352
T1801,3,0.276,65.4,0.368
T1801,4,0.324,67.3,0.371
T1801,5,0.307,69.4,0.376
T1801,6,0.294,69.5,0.365
T1801,7,0.343,72.5,0.371
T1801,8,0.322,69.7,0.399
T1801,9,0.3,70.6,0.389
T1801,10,0.333,72.6,0.422
T1801,11,0.331,74.1,0.419
T1802,0,0.494,43.1,0.136
T1802,1,0.531,40.9,0.164
T1802,2,0.517,42.5,0.156
T1802,3,0.602,45.5,0.188
T1802,4,0.597,47.0,0.151
T1802,5,0.669,46.9,0.22
T1802,6,0.653,46.9,0.207
T1802,7,0.664,48.5,0.224
T1802,8,0.696,53.5,0.212
T1802,9,0.736,50.7,0.257
T1802,10,0.771,51.0,0.23
T1802,11,0.78,53.6,0.288
T1803,0,0.273,41.8,0.155
T1803,1,0.324,41.8,0.128
T1803,2,0.306,45.9,0.178
T1803,3,0.378,45.8,0.167
T1803,4,0.426,46.6,0.182
T1803,5,0.448,45.9,0.195
T1803,6,0.449,48.8,0.218
T1803,7,0.557,50.1,0.207
T1803,8,0.556,50.2,0.23
T1803,9,0.579,50.0,0.222
T1803,10,0.638,52.1,0.28
T1803,11,0.609,53.2,0.255
T1804,0,0.374,70.2,0.354
T1804,1,0.394,70.0,0.405
T1804,2,0.4,67.1,0.382
T1804,3,0.361,66.8,0.378
T1804,4,0.402,69.1,0.399
T1804,5,0.431,67.0,0.391
T1804,6,0.476,67.3,0.433
T1804,7,0.481,62.9,0.431
T1804,8,0.498,61.3,0.435
T1804,9,0.503,63.3,0.449
T1804,10,0.524,61.3,0.45
T1804,11,0.554,60.3,0.487
T1805,0,0.893,60.9,0.615
T1805,1,0.956,64.1,0.65
T1805,2,0.934,60.0,0.616
T1805,3,0.956,61.7,0.642
T1805,4,0.907,57.9,0.608
T1805,5,0.87,58.9,0.624
T1805,6,0.892,56.2,0.624
T1805,7,0.865,56.0,0.65
T1805,8,0.88,52.8,0.697
T1805,9,0.89,52.7,0.725
T1805,10,0.887,51.5,0.655
T1805,11,0.905,50.6,0.713
T1806,0,0.477,36.3,0.329
T1806,1,0.474,37.1,0.371
T1806,2,0.531,39.8,0.327
T1806,3,0.5,41.1,0.402
T1806,4,0.545,40.6,0.437
T1806,5,0.55,39.3,0.405
T1806,6,0.608,43.3,0.404
T1806,7,0.57,44.8,0.445
T1806,8,0.628,44.2,0.477
T1806,9,0.635,49.7,0.494
T1806,10,0.663,51.9,0.505
T1806,11,0.703,46.9,0.53
T1807,0,0.706,57.5,0.43
T1807,1,0.733,56.8,0.39
T1807,2,0.707,56.8,0.411
T1807,3,0.712,56.0,0.38
T1807,4,0.702,54.1,0.359
T1807,5,0.671,54.5,0.329
T1807,6,0.662,54.7,0.354
T1807,7,0.644,55.4,0.308
T1807,8,0.669,55.5,0.301
T1807,9,0.631,51.7,0.254
T1807,10,0.553,53.5,0.226
T1807,11,0.572,54.1,0.172
T1808,0,0.109,50.4,0.517
T1808,1,0.155,49.9,0.562
T1808,2,0.177,48.7,0.535
T1808,3,0.229,48.2,0.523
T1808,4,0.28,47.7,0.514
T1808,5,0.356,45.8,0.495
T1808,6,0.383,41.7,0.523
T1808,7,0.407,41.2,0.488
T1808,8,0.452,42.2,0.49
T1808,9,0.557,39.3,0.452
T1808,10,0.546,39.3,0.496
T1808,11,0.589,36.5,0.495
T1809,0,0.324,62.0,0.686
T1809,1,0.318,58.5,0.659
T1809,2,0.313,59.8,0.657
T1809,3,0.331,59.2,0.693
T1809,4,0.348,59.9,0.732
T1809,5,0.338,57.6,0.689
T1809,6,0.381,57.3,0.688
T1809,7,0.378,61.9,0.689
T1809,8,0.369,59.8,0.71
T1809,9,0.405,60.0,0.734
T1809,10,0.411,54.1,0.762
T1809,11,0.418,59.0,0.686
T1810,0,0.759,48.9,0.464
T1810,1,0.738,48.9,0.473
T1810,2,0.709,47.9,0.441
T1810,3,0.684,48.8,0.434
T1810,4,0.656,46.2,0.41
T1810,5,0.652,47.6,0.396
T1810,6,0.609,45.3,0.353
T1810,7,0.602,43.8,0.369
T1810,8,0.573,43.4,0.363
T1810,9,0.516,46.1,0.383
T1810,10,0.558,44.2,0.342
T1810,11,0.467,43.8,0.357
T1811,0,0.311,65.4,0.442
T1811,1,0.362,62.1,0.504
T1811,2,0.385,58.9,0.481
T1811,3,0.361,61.1,0.504
T1811,4,0.408,59.3,0.504
T1811,5,0.447,59.0,0.516
T1811,6,0.4,59.2,0.537
T1811,7,0.475,56.8,0.522
T1811,8,0.423,55.9,0.564
T1811,9,0.458,55.8,0.546
T1811,10,0.48,57.0,0.556
T1811,11,0.487,49.4,0.544
T1812,0,0.451,60.9,0.495
T1812,1,0.502,60.0,0.507
T1812,2,0.445,57.6,0.529
T1812,3,0.493,59.6,0.555
T1812,4,0.441,58.2,0.521
T1812,5,0.464,59.1,0.577
T1812,6,0.441,59.0,0.561
T1812,7,0.39,59.6,0.578
T1812,8,0.449,58.5,0.623
T1812,9,0.487,58.8,0.593
T1812,10,0.44,57.8,0.64
T1812,11,0.444,57.1,0.611
T1813,0,0.323,62.2,0.133
T1813,1,0.287,60.5,0.144
T1813,2,0.343,64.0,0.15
T1813,3,0.346,62.6,0.181
T1813,4,0.371,63.6,0.197
T1813,5,0.312,63.6,0.195
T1813,6,0.327,63.5,0.186
T1813,7,0.294,66.7,0.249
T1813,8,0.338,65.1,0.203
T1813,9,0.355,64.1,0.243
T1813,10,0.37,66.4,0.275
T1813,11,0.309,66.0,0.282
T1814,0,0.563,52.8,0.346
T1814,1,0.547,54.4,0.345
T1814,2,0.537,50.9,0.349
T1814,3,0.56,53.1,0.379
T1814,4,0.573,51.9,0.334
T1814,5,0.57,49.4,0.301
T1814,6,0.564,48.8,0.26
T1814,7,0.598,46.3,0.284
T1814,8,0.58,47.4,0.23
T1814,9,0.588,48.0,0.26
T1814,10,0.589,43.8,0.273
T1814,11,0.599,42.6,0.212
T1815,0,0.344,58.8,0.455
T1815,1,0.366,55.0,0.483
T1815,2,0.388,57.1,0.516
T1815,3,0.408,56.0,0.549
T1815,4,0.454,57.0,0.542
T1815,5,0.487,55.2,0.53
T1815,6,0.499,56.9,0.584
T1815,7,0.537,54.3,0.596
T1815,8,0.563,54.7,0.594
T1815,9,0.596,51.9,0.619
T1815,10,0.634,52.0,0.621
T1815,11,0.582,51.5,0.597
T1816,0,0.518,68.1,0.275
T1816,1,0.53,67.3,0.285
T1816,2,0.491,66.7,0.3
T1816,3,0.505,65.4,0.3
T1816,4,0.458,64.9,0.339
T1816,5,0.501,67.2,0.34
T1816,6,0.51,65.4,0.37
T1816,7,0.438,65.2,0.353
T1816,8,0.48,65.5,0.354
T1816,9,0.43,63.1,0.362
T1816,10,0.43,63.4,0.389
T1816,11,0.426,64.3,0.396
T1817,0,0.336,50.7,0.822
T1817,1,0.361,55.5,0.788
T1817,2,0.365,52.4,0.795
T1817,3,0.344,53.2,0.726
T1817,4,0.387,54.7,0.762
T1817,5,0.383,55.9,0.732
T1817,6,0.366,54.6,0.69
T1817,7,0.389,56.5,0.708
T1817,8,0.393,51.5,0.679
T1817,9,0.443,57.2,0.648
T1817,10,0.429,55.3,0.634
T1817,11,0.448,54.7,0.648
T1818,0,0.482,70.3,0.667
T1818,1,0.465,71.2,0.649
T1818,2,0.505,71.9,0.607
T1818,3,0.535,68.5,0.621
T1818,4,0.488,72.9,0.653
T1818,5,0.493,70.0,0.621
T1818,6,0.495,70.9,0.618
T1818,7,0.529,67.9,0.663
T1818,8,0.525,69.4,0.637
T1818,9,0.522,68.4,0.618
T1818,10,0.536,69.2,0.665
T1818,11,0.516,68.5,0.628
T1819,0,0.492,64.8,0.578
T1819,1,0.46,62.0,0.568
T1819,2,0.513,63.1,0.585
T1819,3,0.469,62.1,0.584
T1819,4,0.451,61.4,0.631
T1819,5,0.447,65.0,0.595
T1819,6,0.454,64.1,0.631
T1819,7,0.453,61.4,0.637
T1819,8,0.414,61.8,0.583
T1819,9,0.416,61.7,0.649
T1819,10,0.419,64.4,0.59
T1819,11,0.422,63.3,0.651
T1820,0,0.58,60.6,0.319
T1820,1,0.6,59.8,0.292
T1820,2,0.589,59.9,0.341
T1820,3,0.591,58.6,0.307
T1820,4,0.618,54.6,0.306
T1820,5,0.597,51.5,0.322
T1820,6,0.601,52.0,0.292
T1820,7,0.569,50.1,0.323
T1820,8,0.568,49.7,0.299
T1820,9,0.56,45.9,0.28
T1820,10,0.546,45.3,0.34
T1820,11,0.616,43.9,0.308
T1821,0,0.736,47.0,0.164
T1821,1,0.759,45.3,0.159
T1821,2,0.718,45.2,0.169
T1821,3,0.735,45.6,0.194
T1821,4,0.703,45.9,0.191
T1821,5,0.705,43.9,0.215
T1821,6,0.72,44.5,0.234
T1821,7,0.704,43.6,0.236
T1821,8,0.715,43.4,0.244
T1821,9,0.668,44.3,0.288
T1821,10,0.65,40.8,0.316
T1821,11,0.673,42.8,0.279
T1822,0,0.463,65.5,0.765
T1822,1,0.479,67.9,0.722
T1822,2,0.482,66.0,0.722
T1822,3,0.505,66.5,0.716
T1822,4,0.504,66.8,0.745
T1822,5,0.498,66.5,0.706
T1822,6,0.538,64.7,0.676
T1822,7,0.507,67.1,0.733
T1822,8,0.552,69.8,0.714
T1822,9,0.479,69.6,0.723
T1822,10,0.5,69.3,0.749
T1822,11,0.526,65.8,0.738
T1823,0,0.47,50.4,0.783
T1823,1,0.475,52.9,0.778
T1823,2,0.517,54.7,0.805
T1823,3,0.515,56.4,0.806
T1823,4,0.498,57.0,0.81
T1823,5,0.554,61.0,0.83
T1823,6,0.543,59.3,0.819
T1823,7,0.605,56.7,0.848
T1823,8,0.601,60.5,0.826
T1823,9,0.618,62.1,0.814
T1823,10,0.616,60.2,0.843
T1823,11,0.659,63.2,0.804
T1824,0,0.528,55.2,0.693
T1824,1,0.555,51.5,0.693
T1824,2,0.527,52.3,0.668
T1824,3,0.527,53.8,0.698
T1824,4,0.542,51.4,0.67
T1824,5,0.539,53.0,0.698
T1824,6,0.522,51.6,0.728
T1824,7,0.526,49.8,0.684
T1824,8,0.443,52.5,0.73
T1824,9,0.517,49.6,0.702
T1824,10,0.472,51.7,0.728
T1824,11,0.45,53.0,0.697
T1825,0,0.779,51.0,0.881
T1825,1,0.765,51.4,0.815
T1825,2,0.766,47.9,0.816
T1825,3,0.795,52.3,0.815
T1825,4,0.78,50.8,0.768
T1825,5,0.815,48.7,0.793
T1825,6,0.837,51.8,0.8
T1825,7,0.853,51.0,0.819
T1825,8,0.892,49.5,0.784
T1825,9,0.904,53.0,0.746
T1825,10,0.883,51.6,0.782
T1825,11,0.901,52.1,0.759
T1826,0,0.391,66.8,0.91
T1826,1,0.414,65.3,0.909
T1826,2,0.399,67.4,0.918
T1826,3,0.452,64.9,0.899
T1826,4,0.455,62.5,0.875
T1826,5,0.442,63.5,0.854
T1826,6,0.424,60.5,0.875
T1826,7,0.468,58.6,0.823
T1826,8,0.495,56.1,0.847
T1826,9,0.49,58.5,0.828
T1826,10,0.549,54.2,0.79
T1826,11,0.534,56.3,0.767
T1827,0,0.565,53.4,0.23
T1827,1,0.537,55.0,0.252
T1827,2,0.556,52.5,0.278
T1827,3,0.55,56.8,0.273
T1827,4,0.578,50.7,0.257
T1827,5,0.58,51.7,0.314
T1827,6,0.527,50.5,0.279
T1827,7,0.552,50.2,0.312
T1827,8,0.549,48.5,0.339
T1827,9,0.539,48.8,0.371
T1827,10,0.575,49.0,0.361
T1827,11,0.525,47.0,0.369
T1828,0,0.704,64.0,0.691
T1828,1,0.646,61.9,0.732
T1828,2,0.679,66.0,0.709
T1828,3,0.658,62.2,0.702
T1828,4,0.668,61.8,0.719
T1828,5,0.621,60.1,0.727
T1828,6,0.617,61.4,0.751
T1828,7,0.619,64.0,0.763
T1828,8,0.568,62.0,0.798
T1828,9,0.586,61.4,0.8
T1828,10,0.583,62.9,0.793
T1828,11,0.573,59.1,0.812
T1829,0,0.897,60.6,0.693
T1829,1,0.901,63.4,0.638
T1829,2,0.904,63.2,0.62
T1829,3,0.924,60.8,0.66
T1829,4,0.795,58.1,0.61
T1829,5,0.796,59.3,0.586
T1829,6,0.752,57.5,0.578
T1829,7,0.754,61.3,0.542
T1829,8,0.727,56.8,0.573
T1829,9,0.665,55.6,0.525
T1829,10,0.65,58.4,0.477
T1829,11,0.642,56.2,0.467
T1830,0,0.323,32.7,0.74
T1830,1,0.384,31.3,0.708
T1830,2,0.406,34.8,0.7
T1830,3,0.415,36.4,0.682
T1830,4,0.442,37.6,0.685
T1830,5,0.454,39.3,0.686
T1830,6,0.491,40.7,0.65
T1830,7,0.544,41.9,0.658
T1830,8,0.538,44.2,0.599
T1830,9,0.56,48.1,0.602
T1830,10,0.611,50.6,0.579
T1830,11,0.636,49.1,0.582
T1831,0,0.907,46.4,0.476
T1831,1,0.9,48.8,0.471
T1831,2,0.852,48.3,0.49
T1831,3,0.85,48.4,0.485
T1831,4,0.86,49.3,0.486
T1831,5,0.806,48.3,0.437
T1831,6,0.784,47.6,0.466
T1831,7,0.801,51.5,0.461
T1831,8,0.783,47.5,0.426
T1831,9,0.734,51.8,0.451
T1831,10,0.729,51.2,0.44
T1831,11,0.725,49.9,0.442
T1832,0,0.591,39.8,0.659
T1832,1,0.649,42.4,0.637
T1832,2,0.622,43.0,0.606
T1832,3,0.606,43.1,0.637
T1832,4,0.626,43.8,0.613
T1832,5,0.628,46.7,0.606
T1832,6,0.611,47.7,0.649
T1832,7,0.648,46.8,0.629
T1832,8,0.64,51.3,0.618
T1832,9,0.655,48.9,0.58
T1832,10,0.624,51.8,0.62
T1832,11,0.647,49.6,0.6
T1833,0,0.347,77.3,0.678
T1833,1,0.336,77.2,0.681
T1833,2,0.336,74.5,0.704
T1833,3,0.338,72.2,0.691
T1833,4,0.315,72.5,0.692
T1833,5,0.312,71.0,0.656
T1833,6,0.357,69.3,0.685
T1833,7,0.36,65.9,0.679
T1833,8,0.366,65.6,0.673
T1833,9,0.408,63.8,0.694
T1833,10,0.339,63.7,0.685
T1833,11,0.382,59.0,0.67
T1834,0,0.579,66.4,0.678
T1834,1,0.601,70.5,0.691
T1834,2,0.573,66.8,0.692
T1834,3,0.599,65.6,0.719
T1834,4,0.611,63.5,0.715
T1834,5,0.599,65.3,0.727
T1834,6,0.613,62.9,0.748
T1834,7,0.605,62.6,0.768
T1834,8,0.607,60.9,0.752
T1834,9,0.66,59.0,0.72
T1834,10,0.621,57.9,0.779
T1834,11,0.647,57.5,0.779
T1835,0,0.693,41.6,0.304
T1835,1,0.667,37.5,0.306
T1835,2,0.693,36.0,0.316
T1835,3,0.658,40.0,0.325
T1835,4,0.641,39.5,0.358
T1835,5,0.664,39.2,0.373
T1835,6,0.631,38.7,0.358
T1835,7,0.693,34.0,0.387
T1835,8,0.69,34.1,0.382
T1835,9,0.721,36.2,0.441
T1835,10,0.67,32.6,0.398
T1835,11,0.68,36.5,0.406
T1836,0,0.732,61.3,0.863
T1836,1,0.738,62.1,0.842
T1836,2,0.7,61.0,0.802
T1836,3,0.676,57.0,0.83
T1836,4,0.667,59.4,0.819
T1836,5,0.665,61.0,0.783
T1836,6,0.663,59.0,0.802
T1836,7,0.672,55.8,0.754
T1836,8,0.674,54.1,0.728
T1836,9,0.63,54.4,0.748
T1836,10,0.677,53.0,0.729
T1836,11,0.646,56.7,0.769
T1837,0,0.974,33.4,0.627
T1837,1,0.947,32.3,0.559
T1837,2,0.95,36.1,0.573
T1837,3,0.987,39.9,0.586
T1837,4,0.94,37.6,0.611
T1837,5,0.893,40.9,0.566
T1837,6,0.919,38.7,0.653
T1837,7,0.893,40.9,0.628
T1837,8,0.892,43.1,0.656
T1837,9,0.879,41.9,0.664
T1837,10,0.889,43.3,0.64
T1837,11,0.849,43.5,0.706
T1838,0,0.85,93.3,0.994
T1838,1,0.847,89.6,0.995
T1838,2,0.829,90.5,1.0
T1838,3,0.85,86.9,0.97
T1838,4,0.817,88.3,0.956
T1838,5,0.838,84.0,0.967
T1838,6,0.797,80.0,0.997
T1838,7,0.807,78.2,0.921
T1838,8,0.778,76.4,0.953
T1838,9,0.774,74.4,0.973
T1838,10,0.772,72.1,0.927
T1838,11,0.777,71.5,0.895
T1839,0,0.792,42.9,0.678
T1839,1,0.773,44.0,0.682
T1839,2,0.772,43.4,0.679
T1839,3,0.761,45.1,0.675
T1839,4,0.794,44.0,0.685
T1839,5,0.761,45.5,0.656
T1839,6,0.754,46.2,0.644
T1839,7,0.791,44.2,0.653
T1839,8,0.757,46.9,0.654
T1839,9,0.796,50.0,0.642
T1839,10,0.777,47.8,0.625
T1839,11,0.774,47.6,0.644
T1840,0,0.583,73.6,0.786
T1840,1,0.568,78.8,0.79
T1840,2,0.555,77.3,0.807
T1840,3,0.566,75.7,0.824
T1840,4,0.537,75.8,0.83
T1840,5,0.546,77.6,0.824
T1840,6,0.534,75.8,0.863
T1840,7,0.503,77.1,0.861
T1840,8,0.464,77.0,0.844
T1840,9,0.483,78.4,0.838
T1840,10,0.503,78.9,0.826
T1840,11,0.451,76.5,0.907
T1841,0,0.496,49.0,0.326
T1841,1,0.485,52.7,0.298
T1841,2,0.454,47.6,0.31
T1841,3,0.487,50.1,0.293
T1841,4,0.497,50.2,0.3
T1841,5,0.473,51.4,0.263
T1841,6,0.528,50.7,0.264
T1841,7,0.491,52.3,0.296
T1841,8,0.529,51.4,0.291
T1841,9,0.53,52.7,0.27
T1841,10,0.544,50.2,0.266
T1841,11,0.513,52.0,0.222
T1842,0,0.999,43.7,0.19
T1842,1,0.952,46.0,0.208
T1842,2,0.885,43.9,0.204
T1842,3,0.883,41.6,0.204
T1842,4,0.831,44.4,0.252
T1842,5,0.743,45.3,0.243
T1842,6,0.715,46.6,0.215
T1842,7,0.697,47.9,0.235
T1842,8,0.64,47.1,0.217
T1842,9,0.612,45.4,0.244
T1842,10,0.584,46.5,0.265
T1842,11,0.538,46.2,0.264
T1843,0,0.641,56.3,0.945
T1843,1,0.686,52.8,0.955
T1843,2,0.612,54.1,0.945
T1843,3,0.61,57.1,0.942
T1843,4,0.576,59.6,0.905
T1843,5,0.54,57.9,0.888
T1843,6,0.573,58.0,0.957
T1843,7,0.548,58.1,0.865
T1843,8,0.528,61.0,0.885
T1843,9,0.539,58.6,0.866
T1843,10,0.511,60.8,0.838
T1843,11,0.464,61.1,0.867
T1844,0,0.857,52.1,0.468
T1844,1,0.811,51.7,0.456
T1844,2,0.822,47.9,0.441
T1844,3,0.781,48.2,0.439
T1844,4,0.72,51.5,0.459
T1844,5,0.76,47.7,0.435
T1844,6,0.761,43.0,0.404
T1844,7,0.737,42.4,0.391
T1844,8,0.698,42.0,0.392
T1844,9,0.702,42.2,0.387
T1844,10,0.682,43.0,0.367
T1844,11,0.71,39.9,0.367
T1845,0,0.802,70.0,0.844
T1845,1,0.818,68.6,0.865
T1845,2,0.794,68.9,0.791
T1845,3,0.778,64.5,0.806
T1845,4,0.784,70.3,0.758
T1845,5,0.744,63.7,0.744
T1845,6,0.755,63.0,0.726
T1845,7,0.68,64.4,0.764
T1845,8,0.653,59.8,0.714
T1845,9,0.681,61.4,0.69
T1845,10,0.661,58.9,0.655
T1845,11,0.662,58.4,0.58
T1846,0,0.704,67.1,0.738
T1846,1,0.687,67.2,0.736
T1846,2,0.7,66.4,0.699
T1846,3,0.711,68.4,0.73
T1846,4,0.722,66.7,0.731
T1846,5,0.742,65.5,0.741
T1846,6,0.728,65.6,0.716
T1846,7,0.775,63.7,0.706
T1846,8,0.748,65.7,0.748
T1846,9,0.751,66.4,0.719
T1846,10,0.791,61.2,0.686
T1846,11,0.771,62.7,0.724
T1847,0,0.595,58.0,0.786
T1847,1,0.53,54.4,0.767
T1847,2,0.527,54.0,0.763
T1847,3,0.555,54.9,0.745
T1847,4,0.513,53.8,0.755
T1847,5,0.511,51.1,0.721
T1847,6,0.56,51.2,0.719
T1847,7,0.502,54.0,0.796
T1847,8,0.484,54.6,0.748
T1847,9,0.483,52.7,0.733
T1847,10,0.461,54.6,0.703
T1847,11,0.462,53.7,0.73
T1848,0,0.736,56.4,0.635
T1848,1,0.724,53.4,0.658
T1848,2,0.718,51.5,0.693
T1848,3,0.718,51.0,0.659
T1848,4,0.701,50.0,0.671
T1848,5,0.711,47.7,0.682
T1848,6,0.667,44.0,0.707
T1848,7,0.683,46.6,0.726
T1848,8,0.696,44.6,0.7
T1848,9,0.685,42.1,0.703
T1848,10,0.679,44.4,0.751
T1848,11,0.669,40.5,0.701
T1849,0,0.903,56.2,0.959
T1849,1,0.876,56.6,0.954
T1849,2,0.867,59.2,0.925
T1849,3,0.888,60.0,0.947
T1849,4,0.854,59.1,0.958
T1849,5,0.834,60.8,0.897
T1849,6,0.859,58.1,0.941
T1849,7,0.827,59.2,0.892
T1849,8,0.817,61.6,0.867
T1849,9,0.787,61.5,0.923
T1849,10,0.786,63.8,0.893
T1849,11,0.749,62.9,0.908
T1850,0,0.255,44.2,0.427
T1850,1,0.277,44.1,0.48
T1850,2,0.226,48.3,0.447
T1850,3,0.289,48.8,0.476
T1850,4,0.276,47.5,0.447
T1850,5,0.297,49.5,0.45
T1850,6,0.3,50.9,0.459
T1850,7,0.283,53.1,0.446
T1850,8,0.255,51.7,0.432
T1850,9,0.298,52.8,0.433
T1850,10,0.304,56.5,0.439
T1850,11,0.286,54.9,0.452
T1851,0,0.342,53.9,0.57
T1851,1,0.347,54.3,0.556
T1851,2,0.389,50.9,0.621
T1851,3,0.393,50.9,0.63
T1851,4,0.393,50.2,0.624
T1851,5,0.402,52.8,0.629
T1851,6,0.397,53.3,0.643
T1851,7,0.401,52.6,0.69
T1851,8,0.419,50.4,0.662
T1851,9,0.426,53.6,0.697
T1851,10,0.466,50.3,0.688
T1851,11,0.436,51.8,0.737
T1852,0,0.51,60.1,0.235
T1852,1,0.542,61.7,0.227
T1852,2,0.51,63.8,0.238
T1852,3,0.521,60.5,0.231
T1852,4,0.514,62.2,0.281
T1852,5,0.55,64.6,0.284
T1852,6,0.455,63.1,0.273
T1852,7,0.494,66.8,0.31
T1852,8,0.515,65.9,0.301
T1852,9,0.482,65.7,0.348
T1852,10,0.498,68.5,0.304
T1852,11,0.526,64.8,0.385
T1853,0,0.411,81.2,0.471
T1853,1,0.473,81.5,0.468
T1853,2,0.477,79.4,0.454
T1853,3,0.428,80.4,0.484
T1853,4,0.486,78.5,0.479
T1853,5,0.468,79.0,0.504
T1853,6,0.449,78.6,0.49
T1853,7,0.458,76.6,0.496
T1853,8,0.463,76.8,0.525
T1853,9,0.456,74.7,0.548
T1853,10,0.499,76.5,0.534
T1853,11,0.464,73.6,0.483
T1854,0,0.138,57.4,0.82
T1854,1,0.187,53.8,0.768
T1854,2,0.212,56.0,0.806
T1854,3,0.251,56.7,0.797
T1854,4,0.212,55.0,0.745
T1854,5,0.226,56.3,0.744
T1854,6,0.181,56.5,0.719
T1854,7,0.235,59.1,0.727
T1854,8,0.237,59.7,0.699
T1854,9,0.276,56.2,0.662
T1854,10,0.283,59.7,0.64
T1854,11,0.293,60.9,0.67
T1855,0,0.977,19.6,0.433
T1855,1,0.947,20.3,0.425
T1855,2,0.917,22.0,0.448
T1855,3,0.929,26.8,0.407
T1855,4,0.898,25.6,0.397
T1855,5,0.866,28.1,0.435
T1855,6,0.867,30.3,0.467
T1855,7,0.825,32.3,0.463
T1855,8,0.841,34.4,0.448
T1855,9,0.816,35.4,0.45
T1855,10,0.768,36.2,0.459
T1855,11,0.785,37.6,0.513
T1856,0,0.745,54.8,0.42
T1856,1,0.704,49.9,0.451
T1856,2,0.679,51.1,0.401
T1856,3,0.681,56.1,0.433
T1856,4,0.65,52.4,0.407
T1856,5,0.612,55.6,0.44
T1856,6,0.584,53.2,0.46
T1856,7,0.615,54.2,0.423
T1856,8,0.564,51.8,0.397
T1856,9,0.556,51.7,0.424
T1856,10,0.506,55.1,0.438
T1856,11,0.529,52.2,0.44
T1857,0,0.505,58.1,0.513
T1857,1,0.519,59.9,0.539
T1857,2,0.478,59.2,0.538
T1857,3,0.501,58.1,0.592
T1857,4,0.523,60.2,0.591
T1857,5,0.502,60.4,0.607
T1857,6,0.497,63.7,0.636
T1857,7,0.533,62.2,0.649
T1857,8,0.488,63.6,0.674
T1857,9,0.501,66.3,0.68
T1857,10,0.463,62.2,0.665
T1857,11,0.477,63.6,0.674
T1858,0,0.442,56.5,0.394
T1858,1,0.447,55.6,0.397
T1858,2,0.441,53.4,0.406
T1858,3,0.452,56.6,0.464
T1858,4,0.431,52.7,0.428
T1858,5,0.469,54.6,0.443
T1858,6,0.451,57.2,0.394
T1858,7,0.461,57.8,0.386
T1858,8,0.425,56.3,0.451
T1858,9,0.432,54.6,0.432
T1858,10,0.502,53.1,0.413
T1858,11,0.452,55.1,0.43
T1859,0,0.419,88.9,0.542
T1859,1,0.449,84.5,0.586
T1859,2,0.443,82.1,0.588
T1859,3,0.393,82.6,0.671
T1859,4,0.439,76.4,0.655
T1859,5,0.448,77.9,0.675
T1859,6,0.473,75.8,0.708
T1859,7,0.425,74.5,0.726
T1859,8,0.461,70.5,0.768
T1859,9,0.444,68.6,0.754
T1859,10,0.394,65.7,0.81
T1859,11,0.397,62.1,0.844
T1860,0,0.366,51.9,0.682
T1860,1,0.363,52.5,0.701
T1860,2,0.367,52.1,0.694
T1860,3,0.353,51.3,0.691
T1860,4,0.345,51.0,0.712
T1860,5,0.32,53.4,0.686
T1860,6,0.301,53.7,0.691
T1860,7,0.33,59.1,0.634
T1860,8,0.306,54.1,0.695
T1860,9,0.337,57.2,0.688
T1860,10,0.291,55.4,0.698
T1860,11,0.302,58.1,0.677
T1861,0,0.738,48.0,0.793
T1861,1,0.719,48.3,0.778
T1861,2,0.741,49.2,0.777
T1861,3,0.768,51.2,0.762
T1861,4,0.709,49.4,0.77
T1861,5,0.74,53.5,0.755
T1861,6,0.765,52.9,0.763
T1861,7,0.789,51.9,0.742
T1861,8,0.807,55.3,0.773
T1861,9,0.781,53.6,0.752
T1861,10,0.795,53.1,0.706
T1861,11,0.765,53.6,0.739
T1862,0,0.604,58.8,0.421
T1862,1,0.629,60.1,0.443
T1862,2,0.631,54.7,0.437
T1862,3,0.653,58.2,0.414
T1862,4,0.594,54.0,0.416
T1862,5,0.63,56.2,0.428
T1862,6,0.604,55.4,0.427
T1862,7,0.637,54.5,0.402
T1862,8,0.633,52.8,0.426
T1862,9,0.605,50.4,0.443
T1862,10,0.609,51.4,0.445
T1862,11,0.601,50.9,0.433
T1863,0,0.35,56.5,0.23
T1863,1,0.356,55.5,0.237
T1863,2,0.387,57.2,0.219
T1863,3,0.399,56.2,0.175
T1863,4,0.436,55.8,0.232
T1863,5,0.469,57.7,0.236
T1863,6,0.477,58.5,0.239
T1863,7,0.512,53.8,0.238
T1863,8,0.546,52.2,0.204
T1863,9,0.576,57.4,0.22
T1863,10,0.582,56.0,0.213
T1863,11,0.611,55.3,0.25
T1864,0,0.663,51.5,0.513
T1864,1,0.639,52.3,0.497
T1864,2,0.638,52.2,0.511
T1864,3,0.64,51.2,0.505
T1864,4,0.673,54.6,0.523
T1864,5,0.665,52.6,0.515
T1864,6,0.678,51.2,0.504
T1864,7,0.686,49.6,0.504
T1864,8,0.697,53.1,0.482
T1864,9,0.712,51.3,0.549
T1864,10,0.662,49.9,0.523
T1864,11,0.694,50.1,0.547
T1865,0,0.436,46.6,0.611
T1865,1,0.472,44.1,0.599
T1865,2,0.424,48.6,0.62
T1865,3,0.468,49.4,0.627
T1865,4,0.446,46.3,0.63
T1865,5,0.545,49.5,0.609
T1865,6,0.522,49.2,0.643
T1865,7,0.545,48.0,0.595
T1865,8,0.543,48.1,0.593
T1865,9,0.58,49.6,0.615
T1865,10,0.606,54.7,0.614
T1865,11,0.563,51.0,0.592
T1866,0,0.433,49.2,0.697
T1866,1,0.452,47.4,0.665
T1866,2,0.472,48.6,0.638
T1866,3,0.445,48.4,0.632
T1866,4,0.455,52.0,0.575
T1866,5,0.476,50.4,0.564
T1866,6,0.449,50.3,0.57
T1866,7,0.436,53.6,0.507
T1866,8,0.473,51.6,0.506
T1866,9,0.435,54.0,0.482
T1866,10,0.457,57.3,0.423
T1866,11,0.481,55.5,0.424
T1867,0,0.571,49.5,0.53
T1867,1,0.577,49.0,0.583
T1867,2,0.6,47.2,0.577
T1867,3,0.584,48.3,0.595
T1867,4,0.622,43.9,0.586
T1867,5,0.599,40.9,0.568
T1867,6,0.59,42.2,0.632
T1867,7,0.565,45.1,0.593
T1867,8,0.557,44.4,0.613
T1867,9,0.596,41.8,0.605
T1867,10,0.574,44.7,0.631
T1867,11,0.612,44.3,0.633
T1868,0,0.428,41.7,0.668
T1868,1,0.448,41.4,0.695
T1868,2,0.484,42.5,0.713
T1868,3,0.517,45.5,0.706
T1868,4,0.562,45.4,0.66
T1868,5,0.541,47.6,0.699
T1868,6,0.572,49.3,0.742
T1868,7,0.656,47.4,0.725
T1868,8,0.656,49.2,0.775
T1868,9,0.623,51.2,0.733
T1868,10,0.686,52.6,0.737
T1868,11,0.677,54.5,0.72
T1869,0,0.384,50.7,0.496
T1869,1,0.38,50.3,0.533
T1869,2,0.396,49.9,0.585
T1869,3,0.388,49.4,0.564
T1869,4,0.381,49.6,0.621
T1869,5,0.429,49.5,0.583
T1869,6,0.463,48.7,0.657
T1869,7,0.5,51.2,0.656
T1869,8,0.457,50.8,0.664
T1869,9,0.476,49.6,0.695
T1869,10,0.492,50.5,0.725
T1869,11,0.469,48.0,0.773
T1870,0,0.704,60.3,1.0
T1870,1,0.763,59.2,1.0
T1870,2,0.771,56.0,1.0
T1870,3,0.728,55.8,1.0
T1870,4,0.706,57.2,0.995
T1870,5,0.697,53.0,0.964
T1870,6,0.705,55.9,0.971
T1870,7,0.683,52.4,0.932
T1870,8,0.682,54.4,0.982
T1870,9,0.673,52.9,0.972
T1870,10,0.618,54.7,0.952
T1870,11,0.627,54.6,0.935
T1871,0,0.959,55.3,0.417
T1871,1,0.979,50.7,0.433
T1871,2,0.951,54.1,0.432
T1871,3,0.954,52.2,0.436
T1871,4,0.958,48.0,0.443
T1871,5,0.942,51.1,0.414
T1871,6,0.926,51.5,0.428
T1871,7,0.937,48.5,0.468
T1871,8,0.925,45.8,0.459
T1871,9,0.871,44.7,0.455
T1871,10,0.86,45.5,0.487
T1871,11,0.872,45.6,0.45
T1872,0,0.511,53.6,0.642
T1872,1,0.518,51.2,0.611
T1872,2,0.556,48.2,0.65
T1872,3,0.533,47.9,0.626
T1872,4,0.584,52.2,0.65
T1872,5,0.572,47.1,0.609
T1872,6,0.595,51.8,0.638
T1872,7,0.577,50.7,0.578
T1872,8,0.614,49.1,0.624
T1872,9,0.626,47.4,0.622
T1872,10,0.611,47.6,0.614
T1872,11,0.615,50.7,0.601
T1873,0,0.914,60.1,0.584
T1873,1,0.913,62.0,0.524
T1873,2,0.892,62.0,0.553
T1873,3,0.866,60.0,0.533
T1873,4,0.902,58.1,0.595
T1873,5,0.865,56.9,0.509
T1873,6,0.82,55.1,0.528
T1873,7,0.829,54.2,0.524
T1873,8,0.834,51.4,0.555
T1873,9,0.815,54.1,0.515
T1873,10,0.806,51.5,0.509
T1873,11,0.803,48.7,0.515
T1874,0,0.573,64.5,0.345
T1874,1,0.567,61.3,0.333
T1874,2,0.578,59.8,0.312
T1874,3,0.599,59.6,0.327
T1874,4,0.594,58.3,0.356
T1874,5,0.622,57.8,0.339
T1874,6,0.592,58.2,0.303
T1874,7,0.567,59.2,0.319
T1874,8,0.576,56.7,0.336
T1874,9,0.587,59.2,0.28
T1874,10,0.564,56.9,0.307
T1874,11,0.612,55.8,0.296
T1875,0,0.607,33.6,0.516
T1875,1,0.62,36.3,0.471
T1875,2,0.6,40.4,0.51
T1875,3,0.602,41.6,0.453
T1875,4,0.592,44.5,0.516
T1875,5,0.588,44.2,0.465
T1875,6,0.595,45.1,0.502
T1875,7,0.597,47.7,0.512
T1875,8,0.606,48.7,0.521
T1875,9,0.602,53.1,0.512
T1875,10,0.591,53.6,0.544
T1875,11,0.616,55.2,0.515
T1876,0,0.619,50.3,0.215
T1876,1,0.614,47.3,0.218
T1876,2,0.592,49.2,0.178
T1876,3,0.584,48.7,0.189
T1876,4,0.613,45.2,0.152
T1876,5,0.627,47.3,0.17
T1876,6,0.635,42.0,0.153
T1876,7,0.596,45.0,0.176
T1876,8,0.604,42.5,0.174
T1876,9,0.597,43.5,0.132
T1876,10,0.6,42.2,0.181
T1876,11,0.593,39.5,0.165
T1877,0,0.918,56.0,1.0
T1877,1,0.919,55.5,0.962
T1877,2,0.88,54.3,0.957
T1877,3,0.845,56.0,0.919
T1877,4,0.839,56.5,0.95
T1877,5,0.855,55.3,0.956
T1877,6,0.803,53.1,0.867
T1877,7,0.803,52.3,0.897
T1877,8,0.784,53.0,0.889
T1877,9,0.727,51.1,0.851
T1877,10,0.765,46.8,0.831
T1877,11,0.703,47.9,0.837
T1878,0,0.624,60.2,0.441
T1878,1,0.674,60.1,0.456
T1878,2,0.647,57.8,0.459
T1878,3,0.616,60.3,0.45
T1878,4,0.648,56.7,0.416
T1878,5,0.619,57.1,0.42
T1878,6,0.621,56.7,0.43
T1878,7,0.603,58.7,0.404
T1878,8,0.639,54.9,0.395
T1878,9,0.622,55.7,0.383
T1878,10,0.649,56.6,0.383
T1878,11,0.596,57.3,0.405
T1879,0,0.662,51.6,0.569
T1879,1,0.691,50.8,0.562
T1879,2,0.67,46.4,0.574
T1879,3,0.637,47.7,0.537
T1879,4,0.66,45.1,0.557
T1879,5,0.659,46.1,0.578
T1879,6,0.641,46.4,0.574
T1879,7,0.645,44.6,0.624
T1879,8,0.659,45.4,0.606
T1879,9,0.638,40.8,0.6
T1879,10,0.637,41.1,0.617
T1879,11,0.641,41.7,0.597
T1880,0,0.814,34.3,0.456
T1880,1,0.842,34.4,0.411
T1880,2,0.805,34.7,0.423
T1880,3,0.824,38.2,0.383
T1880,4,0.808,36.9,0.42
T1880,5,0.805,37.6,0.381
T1880,6,0.786,36.6,0.378
T1880,7,0.813,38.4,0.358
T1880,8,0.807,35.5,0.364
T1880,9,0.811,41.9,0.384
T1880,10,0.811,41.9,0.404
T1880,11,0.776,42.3,0.378
T1881,0,0.718,58.6,0.745
T1881,1,0.741,60.4,0.765
T1881,2,0.761,56.8,0.69
T1881,3,0.745,53.8,0.727
T1881,4,0.754,56.7,0.693
T1881,5,0.74,52.9,0.683
T1881,6,0.736,49.1,0.66
T1881,7,0.755,51.7,0.59
T1881,8,0.766,51.8,0.609
T1881,9,0.734,50.1,0.546
T1881,10,0.749,48.0,0.617
T1881,11,0.756,44.9,0.524
T1882,0,0.512,69.1,0.666
T1882,1,0.548,69.2,0.685
T1882,2,0.529,70.6,0.669
T1882,3,0.535,69.6,0.668
T1882,4,0.475,70.0,0.591
T1882,5,0.456,72.6,0.581
T1882,6,0.436,71.6,0.621
T1882,7,0.433,70.6,0.632
T1882,8,0.452,75.2,0.588
T1882,9,0.428,72.0,0.575
T1882,10,0.454,74.7,0.576
T1882,11,0.42,74.5,0.569
T1883,0,0.413,57.4,0.575
T1883,1,0.414,56.1,0.589
T1883,2,0.408,55.4,0.558
T1883,3,0.46,58.2,0.559
T1883,4,0.438,56.3,0.563
T1883,5,0.489,53.6,0.589
T1883,6,0.465,56.9,0.552
T1883,7,0.484,56.6,0.57
T1883,8,0.532,53.2,0.574
T1883,9,0.54,57.0,0.557
T1883,10,0.519,56.7,0.566
T1883,11,0.559,52.9,0.577
T1884,0,0.905,61.4,0.198
T1884,1,0.891,63.8,0.246
T1884,2,0.869,60.9,0.229
T1884,3,0.794,58.2,0.234
T1884,4,0.769,60.3,0.273
T1884,5,0.732,56.2,0.229
T1884,6,0.724,56.3,0.284
T1884,7,0.684,53.8,0.286
T1884,8,0.667,52.6,0.269
T1884,9,0.637,54.9,0.272
T1884,10,0.579,51.9,0.322
T1884,11,0.558,50.1,0.275
T1885,0,0.696,55.8,0.348
T1885,1,0.667,57.5,0.334
T1885,2,0.647,57.5,0.322
T1885,3,0.663,55.2,0.326
T1885,4,0.73,53.6,0.257
T1885,5,0.675,53.1,0.312
T1885,6,0.697,54.2,0.324
T1885,7,0.723,54.2,0.307
T1885,8,0.711,54.0,0.287
T1885,9,0.728,53.4,0.285
T1885,10,0.771,53.9,0.293
T1885,11,0.719,50.6,0.295
T1886,0,0.988,63.4,0.822
T1886,1,0.976,62.9,0.817
T1886,2,0.956,63.8,0.813
T1886,3,0.947,61.7,0.804
T1886,4,0.998,64.7,0.782
T1886,5,0.94,65.3,0.794
T1886,6,0.961,61.3,0.81
T1886,7,0.931,60.1,0.771
T1886,8,0.944,58.6,0.8
T1886,9,0.891,62.9,0.768
T1886,10,0.94,63.4,0.725
T1886,11,0.898,61.2,0.778
T1887,0,0.808,52.0,0.258
T1887,1,0.824,55.8,0.242
T1887,2,0.808,51.9,0.244
T1887,3,0.76,52.9,0.274
T1887,4,0.782,52.2,0.34
T1887,5,0.775,54.1,0.303
T1887,6,0.775,55.5,0.318
T1887,7,0.738,55.3,0.335
T1887,8,0.706,54.5,0.373
T1887,9,0.701,54.5,0.36
T1887,10,0.624,52.6,0.364
T1887,11,0.664,56.2,0.41
T1888,0,0.68,43.8,0.663
T1888,1,0.667,45.6,0.653
T1888,2,0.654,45.1,0.667
T1888,3,0.652,45.8,0.632
T1888,4,0.656,50.0,0.657
T1888,5,0.641,47.1,0.629
T1888,6,0.638,51.4,0.601
T1888,7,0.63,49.0,0.615
T1888,8,0.598,48.7,0.597
T1888,9,0.669,54.4,0.534
T1888,10,0.629,53.1,0.55
T1888,11,0.587,53.1,0.532
T1889,0,0.307,61.9,0.915
T1889,1,0.321,60.5,0.879
T1889,2,0.371,59.6,0.909
T1889,3,0.408,62.3,0.845
T1889,4,0.459,61.0,0.885
T1889,5,0.509,57.8,0.854
T1889,6,0.519,57.1,0.823
T1889,7,0.532,58.4,0.861
T1889,8,0.597,56.3,0.822
T1889,9,0.619,55.5,0.758
T1889,10,0.629,57.1,0.788
T1889,11,0.714,58.4,0.795
T1890,0,0.707,50.7,0.631
T1890,1,0.718,50.1,0.638
T1890,2,0.698,48.8,0.646
T1890,3,0.738,51.2,0.676
T1890,4,0.755,51.7,0.652
T1890,5,0.72,50.6,0.705
T1890,6,0.754,52.2,0.704
T1890,7,0.744,53.9,0.76
T1890,8,0.757,53.0,0.756
T1890,9,0.735,52.9,0.763
T1890,10,0.757,52.9,0.77
T1890,11,0.713,57.1,0.821
T1891,0,0.36,72.8,0.711
T1891,1,0.326,71.6,0.693
T1891,2,0.331,68.6,0.703
T1891,3,0.335,69.7,0.63
T1891,4,0.339,69.5,0.696
T1891,5,0.369,67.6,0.653
T1891,6,0.333,65.5,0.618
T1891,7,0.364,64.8,0.625
T1891,8,0.327,64.3,0.61
T1891,9,0.363,61.9,0.633
T1891,10,0.391,60.1,0.588
T1891,11,0.348,57.8,0.652
T1892,0,0.697,82.8,0.398
T1892,1,0.663,79.2,0.396
T1892,2,0.649,79.3,0.375
T1892,3,0.638,78.2,0.372
T1892,4,0.685,78.2,0.414
T1892,5,0.634,74.2,0.371
T1892,6,0.65,71.7,0.362
T1892,7,0.656,71.8,0.378
T1892,8,0.591,72.6,0.353
T1892,9,0.645,72.3,0.424
T1892,10,0.611,69.0,0.387
T1892,11,0.586,68.0,0.348
T1893,0,0.646,57.3,0.993
T1893,1,0.61,55.1,0.904
T1893,2,0.614,56.3,0.929
T1893,3,0.634,52.7,0.905
T1893,4,0.625,57.5,0.874
T1893,5,0.621,52.8,0.907
T1893,6,0.587,54.1,0.87
T1893,7,0.562,52.2,0.824
T1893,8,0.559,54.2,0.834
T1893,9,0.579,54.0,0.822
T1893,10,0.568,55.0,0.818
T1893,11,0.512,55.1,0.808
T1894,0,0.864,44.6,0.478
T1894,1,0.867,45.4,0.521
T1894,2,0.864,46.8,0.473
T1894,3,0.861,45.8,0.464
T1894,4,0.84,44.1,0.494
T1894,5,0.812,50.2,0.508
T1894,6,0.806,48.3,0.493
T1894,7,0.809,51.1,0.494
T1894,8,0.808,49.8,0.422
T1894,9,0.787,50.9,0.463
T1894,10,0.755,51.5,0.447
T1894,11,0.76,48.8,0.436
T1895,0,0.715,39.6,0.1
T1895,1,0.678,42.2,0.1
T1895,2,0.713,38.3,0.1
T1895,3,0.666,42.3,0.1
T1895,4,0.71,40.8,0.102
T1895,5,0.684,43.7,0.112
T1895,6,0.691,41.6,0.107
T1895,7,0.667,43.8,0.146
T1895,8,0.653,45.1,0.102
T1895,9,0.644,46.2,0.139
T1895,10,0.651,46.1,0.126
T1895,11,0.671,44.8,0.143
T1896,0,0.811,69.4,0.732
T1896,1,0.803,67.2,0.725
T1896,2,0.773,65.6,0.72
T1896,3,0.765,63.6,0.702
T1896,4,0.763,64.5,0.668
T1896,5,0.746,61.5,0.72
T1896,6,0.695,66.7,0.669
T1896,7,0.698,60.7,0.654
T1896,8,0.686,60.2,0.668
T1896,9,0.649,61.6,0.612
T1896,10,0.651,59.5,0.604
T1896,11,0.658,59.9,0.6
T1897,0,0.698,53.6,0.659
T1897,1,0.703,54.8,0.673
T1897,2,0.68,54.9,0.694
T1897,3,0.713,54.9,0.667
T1897,4,0.689,58.4,0.661
T1897,5,0.682,55.6,0.637
T1897,6,0.699,57.1,0.657
T1897,7,0.683,59.9,0.673
T1897,8,0.694,58.8,0.666
T1897,9,0.711,58.5,0.659
T1897,10,0.694,56.0,0.66
T1897,11,0.664,58.5,0.661
T1898,0,0.671,44.0,0.855
T1898,1,0.604,43.9,0.853
T1898,2,0.615,44.6,0.875
T1898,3,0.592,44.7,0.831
T1898,4,0.552,48.9,0.819
T1898,5,0.62,50.5,0.859
T1898,6,0.565,46.1,0.864
T1898,7,0.555,48.9,0.828
T1898,8,0.559,49.9,0.847
T1898,9,0.511,49.2,0.846
T1898,10,0.496,48.5,0.835
T1898,11,0.498,49.5,0.844
T1899,0,0.631,49.6,0.1
T1899,1,0.689,49.2,0.102
T1899,2,0.614,49.2,0.142
T1899,3,0.587,50.3,0.135
T1899,4,0.58,52.3,0.167
T1899,5,0.558,49.3,0.19
T1899,6,0.551,51.7,0.193
T1899,7,0.56,49.9,0.293
T1899,8,0.491,51.0,0.259
T1899,9,0.475,52.9,0.277
T1899,10,0.507,51.0,0.328
T1899,11,0.496,48.3,0.334
T1900,0,0.502,50.1,0.326
T1900,1,0.519,51.2,0.337
T1900,2,0.508,56.1,0.328
T1900,3,0.487,55.7,0.389
T1900,4,0.516,58.1,0.418
T1900,5,0.531,59.2,0.405
T1900,6,0.533,60.6,0.408
T1900,7,0.516,58.0,0.41
T1900,8,0.536,58.4,0.453
T1900,9,0.499,60.5,0.431
T1900,10,0.473,60.5,0.525
T1900,11,0.507,63.1,0.458
T1901,0,0.836,57.4,0.995
T1901,1,0.79,58.0,0.984
T1901,2,0.822,59.5,0.981
T1901,3,0.804,62.6,0.931
T1901,4,0.783,60.5,0.958
T1901,5,0.778,60.3,0.951
T1901,6,0.747,63.4,0.923
T1901,7,0.713,64.0,0.886
T1901,8,0.739,61.8,0.908
T1901,9,0.691,63.0,0.908
T1901,10,0.697,64.7,0.885
T1901,11,0.665,64.7,0.824
T1902,0,0.632,49.8,0.234
T1902,1,0.649,49.6,0.222
T1902,2,0.617,49.9,0.258
T1902,3,0.566,47.8,0.232
T1902,4,0.624,49.4,0.236
T1902,5,0.583,47.4,0.245
T1902,6,0.561,46.7,0.239
T1902,7,0.595,45.2,0.242
T1902,8,0.58,48.0,0.201
T1902,9,0.557,46.0,0.247
T1902,10,0.55,44.6,0.249
T1902,11,0.574,43.0,0.241
T1903,0,0.249,55.4,0.343
T1903,1,0.254,56.2,0.354
T1903,2,0.286,55.8,0.386
T1903,3,0.269,54.0,0.419
T1903,4,0.263,58.1,0.414
T1903,5,0.242,57.7,0.38
T1903,6,0.216,57.2,0.403
T1903,7,0.215,56.8,0.457
T1903,8,0.183,60.4,0.401
T1903,9,0.237,59.2,0.466
T1903,10,0.268,58.1,0.463
T1903,11,0.243,59.3,0.507
T1904,0,0.496,53.3,0.833
T1904,1,0.512,52.8,0.799
T1904,2,0.539,52.9,0.815
T1904,3,0.551,52.8,0.787
T1904,4,0.544,55.6,0.756
T1904,5,0.559,54.0,0.747
T1904,6,0.573,51.4,0.7
T1904,7,0.572,51.6,0.689
T1904,8,0.609,51.4,0.709
T1904,9,0.572,52.6,0.668
T1904,10,0.612,51.8,0.644
T1904,11,0.601,51.4,0.642
T1905,0,0.446,60.1,0.754
T1905,1,0.442,59.9,0.8
T1905,2,0.459,61.2,0.764
T1905,3,0.489,58.8,0.753
T1905,4,0.471,56.4,0.788
T1905,5,0.427,57.2,0.778
T1905,6,0.455,55.8,0.787
T1905,7,0.416,55.4,0.775
T1905,8,0.46,55.5,0.789
T1905,9,0.427,56.9,0.808
T1905,10,0.461,55.1,0.771
T1905,11,0.437,52.7,0.796
T1906,0,0.577,38.5,0.575
T1906,1,0.562,40.7,0.603
T1906,2,0.546,42.3,0.58
T1906,3,0.543,44.7,0.601
T1906,4,0.513,45.1,0.588
T1906,5,0.533,47.6,0.606
T1906,6,0.483,49.2,0.534
T1906,7,0.526,49.6,0.524
T1906,8,0.506,49.6,0.574
T1906,9,0.515,51.5,0.546
T1906,10,0.471,52.5,0.553
T1906,11,0.511,56.7,0.564
T1907,0,0.409,56.9,0.616
T1907,1,0.44,56.8,0.616
T1907,2,0.467,56.2,0.593
T1907,3,0.5,55.5,0.581
T1907,4,0.502,53.3,0.549
T1907,5,0.527,54.2,0.546
T1907,6,0.578,52.4,0.527
T1907,7,0.584,56.9,0.534
T1907,8,0.572,53.0,0.544
T1907,9,0.602,54.0,0.523
T1907,10,0.601,52.3,0.536
T1907,11,0.633,54.9,0.488
T1908,0,0.505,58.0,0.713
T1908,1,0.516,54.6,0.716
T1908,2,0.541,54.3,0.722
T1908,3,0.555,55.7,0.697
T1908,4,0.546,57.1,0.687
T1908,5,0.556,54.8,0.676
T1908,6,0.563,53.4,0.688
T1908,7,0.625,52.1,0.725
T1908,8,0.61,55.5,0.686
T1908,9,0.646,53.5,0.682
T1908,10,0.665,50.4,0.672
T1908,11,0.702,51.8,0.663
T1909,0,0.571,63.4,0.861
T1909,1,0.589,61.9,0.839
T1909,2,0.574,60.5,0.852
T1909,3,0.596,59.7,0.882
T1909,4,0.599,61.1,0.868
T1909,5,0.564,55.9,0.898
T1909,6,0.55,58.6,0.871
T1909,7,0.555,55.1,0.864
T1909,8,0.56,53.9,0.896
T1909,9,0.568,57.2,0.898
T1909,10,0.543,56.9,0.874
T1909,11,0.55,51.7,0.878
T1910,0,0.589,53.7,0.716
T1910,1,0.587,50.9,0.701
T1910,2,0.635,50.4,0.678
T1910,3,0.616,54.5,0.648
T1910,4,0.611,53.1,0.624
T1910,5,0.656,53.5,0.608
T1910,6,0.617,53.5,0.6
T1910,7,0.678,53.9,0.602
T1910,8,0.659,54.2,0.556
T1910,9,0.655,53.4,0.548
T1910,10,0.678,53.5,0.55
T1910,11,0.718,54.2,0.569
T1911,0,0.849,72.6,0.991
T1911,1,0.794,72.1,0.99
T1911,2,0.814,73.7,0.96
T1911,3,0.795,71.5,0.949
T1911,4,0.793,70.3,0.976
T1911,5,0.739,68.3,1.0
T1911,6,0.767,70.8,0.942
T1911,7,0.74,69.1,0.94
T1911,8,0.73,68.4,0.949
T1911,9,0.713,61.6,0.902
T1911,10,0.692,66.9,0.911
T1911,11,0.674,62.5,0.924
T1912,0,0.521,67.6,0.695
T1912,1,0.519,67.6,0.637
T1912,2,0.461,67.6,0.656
T1912,3,0.525,63.4,0.628
T1912,4,0.454,64.0,0.577
T1912,5,0.445,63.0,0.613
T1912,6,0.455,60.5,0.583
T1912,7,0.4,59.5,0.58
T1912,8,0.374,59.8,0.552
T1912,9,0.372,54.4,0.527
T1912,10,0.347,54.3,0.526
T1912,11,0.369,53.3,0.478
T1913,0,0.561,56.9,0.613
T1913,1,0.509,58.8,0.635
T1913,2,0.524,57.8,0.559
T1913,3,0.533,57.2,0.563
T1913,4,0.548,56.3,0.563
T1913,5,0.547,61.8,0.57
T1913,6,0.531,59.7,0.559
T1913,7,0.534,58.2,0.538
T1913,8,0.559,62.2,0.59
T1913,9,0.538,60.4,0.564
T1913,10,0.531,62.9,0.522
T1913,11,0.54,61.8,0.535
T1914,0,0.611,48.3,0.377
T1914,1,0.58,48.6,0.371
T1914,2,0.632,48.1,0.355
T1914,3,0.623,46.2,0.355
T1914,4,0.616,45.2,0.334
T1914,5,0.675,46.3,0.354
T1914,6,0.603,46.1,0.328
T1914,7,0.619,45.2,0.33
T1914,8,0.654,44.6,0.312
T1914,9,0.631,42.4,0.298
T1914,10,0.644,42.1,0.319
T1914,11,0.658,42.8,0.276
T1915,0,0.399,52.9,0.589
T1915,1,0.39,53.3,0.591
T1915,2,0.439,55.4,0.569
T1915,3,0.463,52.9,0.582
T1915,4,0.473,53.4,0.572
T1915,5,0.465,57.0,0.567
T1915,6,0.506,59.1,0.574
T1915,7,0.509,57.7,0.591
T1915,8,0.507,57.1,0.566
T1915,9,0.562,59.7,0.574
T1915,10,0.577,58.2,0.599
T1915,11,0.601,60.6,0.575
T1916,0,0.303,49.2,1.0
T1916,1,0.331,50.6,1.0
T1916,2,0.383,51.2,0.976
T1916,3,0.402,54.3,0.948
T1916,4,0.412,52.3,0.913
T1916,5,0.436,50.6,0.925
T1916,6,0.463,52.8,0.907
T1916,7,0.481,52.5,0.907
T1916,8,0.496,53.1,0.861
T1916,9,0.496,51.2,0.852
T1916,10,0.555,54.5,0.847
T1916,11,0.534,55.7,0.794
T1917,0,0.544,74.5,0.75
T1917,1,0.485,74.5,0.712
T1917,2,0.519,70.8,0.736
T1917,3,0.531,70.6,0.731
T1917,4,0.456,71.7,0.712
T1917,5,0.49,73.3,0.692
T1917,6,0.48,71.5,0.712
T1917,7,0.443,71.1,0.657
T1917,8,0.44,68.4,0.627
T1917,9,0.454,70.1,0.66
T1917,10,0.42,70.8,0.613
T1917,11,0.421,68.1,0.622
T1918,0,0.64,70.9,0.794
T1918,1,0.61,73.2,0.775
T1918,2,0.63,74.8,0.787
T1918,3,0.641,76.9,0.794
T1918,4,0.616,76.6,0.838
T1918,5,0.647,73.3,0.807
T1918,6,0.609,75.2,0.836
T1918,7,0.578,74.6,0.847
T1918,8,0.581,76.8,0.853
T1918,9,0.591,76.7,0.868
T1918,10,0.587,76.7,0.874
T1918,11,0.549,78.4,0.923
T1919,0,0.634,52.9,0.869
T1919,1,0.6,49.8,0.85
T1919,2,0.612,48.3,0.829
T1919,3,0.558,49.6,0.838
T1919,4,0.572,54.1,0.771
T1919,5,0.561,51.6,0.801
T1919,6,0.508,54.0,0.761
T1919,7,0.45,51.4,0.708
T1919,8,0.434,49.5,0.682
T1919,9,0.441,51.8,0.718
T1919,10,0.392,50.8,0.669
T1919,11,0.38,52.5,0.669
T1920,0,0.344,62.4,0.467
T1920,1,0.393,63.6,0.423
T1920,2,0.385,66.8,0.457
T1920,3,0.339,63.7,0.424
T1920,4,0.362,59.7,0.476
T1920,5,0.41,63.3,0.458
T1920,6,0.374,61.6,0.451
T1920,7,0.399,62.8,0.468
T1920,8,0.376,61.6,0.483
T1920,9,0.363,64.3,0.503
T1920,10,0.34,62.8,0.485
T1920,11,0.354,60.8,0.473
T1921,0,0.642,48.8,0.705
T1921,1,0.599,51.5,0.689
T1921,2,0.61,54.4,0.732
T1921,3,0.554,55.3,0.712
T1921,4,0.54,49.8,0.698
T1921,5,0.525,52.8,0.72
T1921,6,0.51,56.2,0.741
T1921,7,0.5,56.4,0.746
T1921,8,0.531,54.2,0.781
T1921,9,0.467,55.8,0.736
T1921,10,0.494,57.2,0.756
T1921,11,0.47,59.3,0.778
T1922,0,0.765,44.1,0.625
T1922,1,0.759,43.9,0.677
T1922,2,0.75,45.8,0.627
T1922,3,0.759,50.1,0.63
T1922,4,0.735,50.7,0.667
T1922,5,0.691,48.8,0.624
T1922,6,0.698,50.6,0.646
T1922,7,0.632,52.1,0.645
T1922,8,0.703,53.2,0.63
T1922,9,0.599,54.2,0.673
T1922,10,0.591,55.4,0.643
T1922,11,0.629,54.2,0.681
T1923,0,0.601,73.8,0.247
T1923,1,0.621,71.6,0.3
T1923,2,0.611,70.3,0.208
T1923,3,0.603,67.6,0.28
T1923,4,0.609,66.1,0.209
T1923,5,0.617,62.5,0.19
T1923,6,0.607,61.3,0.218
T1923,7,0.622,61.3,0.222
T1923,8,0.594,54.9,0.199
T1923,9,0.569,55.9,0.228
T1923,10,0.599,53.8,0.203
T1923,11,0.596,52.9,0.218
T1924,0,0.571,62.9,0.223
T1924,1,0.567,58.3,0.254
T1924,2,0.538,60.2,0.24
T1924,3,0.539,58.8,0.248
T1924,4,0.506,57.2,0.28
T1924,5,0.499,55.9,0.27
T1924,6,0.475,57.5,0.279
T1924,7,0.469,56.1,0.241
T1924,8,0.451,57.8,0.288
T1924,9,0.434,53.3,0.284
T1924,10,0.397,56.4,0.256
T1924,11,0.389,54.6,0.322
T1925,0,0.347,40.3,0.377
T1925,1,0.446,41.6,0.402
T1925,2,0.448,41.0,0.395
T1925,3,0.474,45.9,0.371
T1925,4,0.492,42.2,0.374
T1925,5,0.535,44.4,0.395
T1925,6,0.587,43.9,0.386
T1925,7,0.589,44.9,0.368
T1925,8,0.617,43.8,0.354
T1925,9,0.684,45.0,0.355
T1925,10,0.678,44.0,0.376
T1925,11,0.74,43.8,0.338
T1926,0,0.314,41.8,0.23
T1926,1,0.304,41.4,0.296
T1926,2,0.391,40.3,0.274
T1926,3,0.404,46.0,0.286
T1926,4,0.407,44.7,0.281
T1926,5,0.51,45.6,0.258
T1926,6,0.497,49.1,0.284
T1926,7,0.534,48.7,0.267
T1926,8,0.594,49.0,0.236
T1926,9,0.613,53.5,0.238
T1926,10,0.638,52.2,0.259
T1926,11,0.652,53.5,0.245
T1927,0,0.55,58.1,0.528
T1927,1,0.576,57.7,0.528
T1927,2,0.538,58.2,0.573
T1927,3,0.533,58.5,0.528
T1927,4,0.479,57.9,0.522
T1927,5,0.403,57.9,0.528
T1927,6,0.423,57.9,0.542
T1927,7,0.402,57.2,0.512
T1927,8,0.399,60.1,0.528
T1927,9,0.356,57.6,0.548
T1927,10,0.38,56.4,0.527
T1927,11,0.353,58.5,0.521
T1928,0,0.47,69.2,0.209
T1928,1,0.496,70.0,0.242
T1928,2,0.48,64.4,0.225
T1928,3,0.518,64.5,0.27
T1928,4,0.531,62.2,0.257
T1928,5,0.539,62.5,0.315
T1928,6,0.568,60.3,0.363
T1928,7,0.606,59.9,0.349
T1928,8,0.609,59.7,0.378
T1928,9,0.617,55.2,0.417
T1928,10,0.631,54.6,0.421
T1928,11,0.631,55.5,0.396
T1929,0,0.823,48.9,0.287
T1929,1,0.795,50.0,0.345
T1929,2,0.778,48.4,0.311
T1929,3,0.771,50.6,0.341
T1929,4,0.767,51.1,0.351
T1929,5,0.725,53.7,0.36
T1929,6,0.726,50.3,0.384
T1929,7,0.639,54.9,0.379
T1929,8,0.661,55.8,0.418
T1929,9,0.646,56.0,0.407
T1929,10,0.646,57.5,0.402
T1929,11,0.554,59.9,0.459
T1930,0,0.999,54.9,0.306
T1930,1,0.961,56.4,0.327
T1930,2,0.954,52.4,0.326
T1930,3,0.965,54.0,0.331
T1930,4,0.949,54.6,0.353
T1930,5,0.903,52.5,0.409
T1930,6,0.861,53.4,0.44
T1930,7,0.866,52.6,0.476
T1930,8,0.878,52.5,0.491
T1930,9,0.828,52.1,0.506
T1930,10,0.843,53.5,0.507
T1930,11,0.826,50.7,0.511
T1931,0,0.805,51.9,0.784
T1931,1,0.765,49.1,0.792
T1931,2,0.75,49.1,0.769
T1931,3,0.786,52.0,0.77
T1931,4,0.78,52.2,0.812
T1931,5,0.772,51.5,0.793
T1931,6,0.792,53.5,0.786
T1931,7,0.763,50.6,0.741
T1931,8,0.813,53.2,0.794
T1931,9,0.805,52.0,0.792
T1931,10,0.817,53.6,0.839
T1931,11,0.811,52.6,0.776
T1932,0,0.324,51.1,0.953
T1932,1,0.358,53.0,0.908
T1932,2,0.379,56.7,0.91
T1932,3,0.445,55.8,0.895
T1932,4,0.414,55.1,0.904
T1932,5,0.448,54.9,0.872
T1932,6,0.488,60.1,0.876
T1932,7,0.495,58.7,0.852
T1932,8,0.497,59.2,0.796
T1932,9,0.573,61.3,0.837
T1932,10,0.537,60.7,0.804
T1932,11,0.556,59.8,0.783
T1933,0,0.735,54.4,0.684
T1933,1,0.74,54.2,0.653
T1933,2,0.706,52.6,0.629
T1933,3,0.753,52.1,0.65
T1933,4,0.767,53.6,0.652
T1933,5,0.722,54.6,0.675
T1933,6,0.727,56.1,0.631
T1933,7,0.764,57.0,0.625
T1933,8,0.727,58.7,0.63
T1933,9,0.703,56.2,0.677
T1933,10,0.721,56.6,0.644
T1933,11,0.728,59.9,0.633
T1934,0,0.622,74.4,0.845
T1934,1,0.635,73.9,0.866
T1934,2,0.596,72.2,0.855
T1934,3,0.563,72.9,0.876
T1934,4,0.589,71.6,0.852
T1934,5,0.547,71.6,0.848
T1934,6,0.519,74.2,0.873
T1934,7,0.513,70.6,0.896
T1934,8,0.466,72.8,0.84
T1934,9,0.461,68.5,0.857
T1934,10,0.45,70.3,0.887
T1934,11,0.445,70.4,0.878
T1935,0,0.784,61.5,0.794
T1935,1,0.789,57.5,0.758
T1935,2,0.798,56.8,0.778
T1935,3,0.797,57.6,0.745
T1935,4,0.82,55.7,0.733
T1935,5,0.825,57.0,0.748
T1935,6,0.807,57.4,0.709
T1935,7,0.8,57.2,0.689
T1935,8,0.823,59.8,0.714
T1935,9,0.85,56.8,0.761
T1935,10,0.85,57.2,0.68
T1935,11,0.832,55.2,0.708
T1936,0,0.8,58.8,0.913
T1936,1,0.788,58.3,0.866
T1936,2,0.734,58.0,0.85
T1936,3,0.734,59.5,0.845
T1936,4,0.698,58.9,0.818
T1936,5,0.671,59.8,0.803
T1936,6,0.635,60.5,0.807
T1936,7,0.639,58.1,0.774
T1936,8,0.584,61.3,0.769
T1936,9,0.575,60.8,0.798
T1936,10,0.546,60.4,0.77
T1936,11,0.535,61.4,0.77
T1937,0,0.556,43.3,0.664
T1937,1,0.554,48.3,0.627
T1937,2,0.567,45.9,0.63
T1937,3,0.555,46.8,0.618
T1937,4,0.565,45.9,0.579
T1937,5,0.543,48.4,0.597
T1937,6,0.525,52.4,0.637
T1937,7,0.545,51.2,0.591
T1937,8,0.522,53.5,0.59
T1937,9,0.564,53.1,0.607
T1937,10,0.562,56.1,0.57
T1937,11,0.55,57.5,0.562
T1938,0,0.707,68.5,0.747
T1938,1,0.771,65.0,0.78
T1938,2,0.775,62.9,0.805
T1938,3,0.748,62.0,0.803
T1938,4,0.729,64.9,0.809
T1938,5,0.672,63.2,0.804
T1938,6,0.718,63.5,0.864
T1938,7,0.718,64.5,0.856
T1938,8,0.742,66.1,0.89
T1938,9,0.742,65.8,0.918
T1938,10,0.713,60.1,0.894
T1938,11,0.709,62.7,0.921
T1939,0,0.39,56.1,0.446
T1939,1,0.411,56.1,0.469
T1939,2,0.454,55.6,0.477
T1939,3,0.507,53.1,0.477
T1939,4,0.462,50.3,0.496
T1939,5,0.484,51.3,0.48
T1939,6,0.48,48.6,0.49
T1939,7,0.482,48.6,0.473
T1939,8,0.51,49.7,0.547
T1939,9,0.548,45.5,0.555
T1939,10,0.529,45.4,0.528
T1939,11,0.517,45.0,0.526
T1940,0,0.521,51.0,0.584
T1940,1,0.545,53.3,0.636
T1940,2,0.569,51.3,0.615
T1940,3,0.545,54.0,0.594
T1940,4,0.575,55.0,0.602
T1940,5,0.622,52.1,0.592
T1940,6,0.59,57.9,0.627
T1940,7,0.629,55.7,0.619
T1940,8,0.65,58.7,0.636
T1940,9,0.62,58.6,0.606
T1940,10,0.691,58.8,0.672
T1940,11,0.678,58.6,0.614
T1941,0,0.535,40.4,0.275
T1941,1,0.572,39.8,0.321
T1941,2,0.528,40.8,0.292
T1941,3,0.532,37.3,0.272
T1941,4,0.576,40.0,0.265
T1941,5,0.583,39.3,0.271
T1941,6,0.556,35.7,0.245
T1941,7,0.567,36.2,0.211
T1941,8,0.623,34.5,0.229
T1941,9,0.62,36.8,0.195
T1941,10,0.635,37.3,0.185
T1941,11,0.614,33.9,0.136
T1942,0,0.492,41.9,0.576
T1942,1,0.476,44.3,0.568
T1942,2,0.495,43.7,0.555
T1942,3,0.509,43.0,0.566
T1942,4,0.508,42.6,0.578
T1942,5,0.502,40.3,0.59
T1942,6,0.494,43.3,0.608
T1942,7,0.52,43.3,0.617
T1942,8,0.527,42.9,0.609
T1942,9,0.521,43.0,0.577
T1942,10,0.52,40.6,0.605
T1942,11,0.492,41.6,0.612
T1943,0,0.895,58.5,0.48
T1943,1,0.847,62.1,0.493
T1943,2,0.855,62.2,0.456
T1943,3,0.862,60.6,0.466
T1943,4,0.841,60.0,0.493
T1943,5,0.83,61.5,0.434
T1943,6,0.82,61.6,0.42
T1943,7,0.848,63.9,0.418
T1943,8,0.77,63.8,0.377
T1943,9,0.78,60.9,0.421
T1943,10,0.797,61.0,0.401
T1943,11,0.802,64.6,0.394
T1944,0,0.28,73.6,0.919
T1944,1,0.294,73.4,0.917
T1944,2,0.341,71.2,0.905
T1944,3,0.351,68.9,0.894
T1944,4,0.347,67.9,0.889
T1944,5,0.371,64.7,0.884
T1944,6,0.416,65.1,0.904
T1944,7,0.434,62.8,0.887
T1944,8,0.471,63.3,0.866
T1944,9,0.485,61.1,0.853
T1944,10,0.528,58.8,0.872
T1944,11,0.536,58.6,0.853
T1945,0,0.593,48.4,0.296
T1945,1,0.541,49.1,0.316
T1945,2,0.531,52.5,0.356
T1945,3,0.476,53.1,0.325
T1945,4,0.466,50.2,0.392
T1945,5,0.456,51.2,0.392
T1945,6,0.459,53.6,0.42
T1945,7,0.423,54.1,0.415
T1945,8,0.389,56.0,0.454
T1945,9,0.382,52.6,0.492
T1945,10,0.337,54.4,0.539
T1945,11,0.323,58.1,0.533
T1946,0,0.701,30.7,0.399
T1946,1,0.719,31.1,0.376
T1946,2,0.728,32.8,0.385
T1946,3,0.708,32.9,0.37
T1946,4,0.714,34.7,0.371
T1946,5,0.744,31.4,0.378
T1946,6,0.763,32.4,0.36
T1946,7,0.739,35.4,0.342
T1946,8,0.746,35.5,0.362
T1946,9,0.746,35.2,0.34
T1946,10,0.744,38.7,0.352
T1946,11,0.798,38.5,0.311
T1947,0,0.216,42.5,0.624
T1947,1,0.253,43.5,0.599
T1947,2,0.286,48.1,0.579
T1947,3,0.274,47.5,0.551
T1947,4,0.295,50.5,0.583
T1947,5,0.247,49.2,0.57
T1947,6,0.29,49.5,0.505
T1947,7,0.315,49.5,0.568
T1947,8,0.278,53.8,0.507
T1947,9,0.289,52.2,0.512
T1947,10,0.298,52.8,0.511
T1947,11,0.32,51.2,0.478
T1948,0,0.681,75.0,0.794
T1948,1,0.615,74.5,0.774
T1948,2,0.633,76.3,0.805
T1948,3,0.646,78.1,0.801
T1948,4,0.593,74.2,0.854
T1948,5,0.671,78.0,0.841
T1948,6,0.577,76.5,0.835
T1948,7,0.571,77.6,0.879
T1948,8,0.587,76.5,0.912
T1948,9,0.57,76.0,0.892
T1948,10,0.561,79.0,0.878
T1948,11,0.502,76.3,0.87
T1949,0,0.287,70.0,0.814
T1949,1,0.295,70.3,0.799
T1949,2,0.32,71.0,0.754
T1949,3,0.356,69.9,0.755
T1949,4,0.387,69.5,0.753
T1949,5,0.393,70.1,0.787
T1949,6,0.429,72.6,0.761
T1949,7,0.412,71.5,0.721
T1949,8,0.444,73.6,0.712
T1949,9,0.513,71.0,0.662
T1949,10,0.505,73.4,0.671
T1949,11,0.493,72.5,0.62
T1950,0,0.645,69.0,1.0
T1950,1,0.656,71.4,1.0
T1950,2,0.597,71.7,0.987
T1950,3,0.648,71.3,0.967
T1950,4,0.655,70.8,0.974
T1950,5,0.689,69.0,0.947
T1950,6,0.653,70.8,1.0
T1950,7,0.655,70.5,0.983
T1950,8,0.688,69.3,0.977
T1950,9,0.661,66.5,0.948
T1950,10,0.713,68.4,0.997
T1950,11,0.701,69.9,1.0
T1951,0,0.568,49.0,0.902
T1951,1,0.548,52.5,0.929
T1951,2,0.526,54.0,0.885
T1951,3,0.528,51.3,0.899
T1951,4,0.532,56.9,0.909
T1951,5,0.514,57.0,0.913
T1951,6,0.544,60.3,0.917
T1951,7,0.567,59.8,0.937
T1951,8,0.56,60.7,0.943
T1951,9,0.519,61.4,0.983
T1951,10,0.501,60.6,0.921
T1951,11,0.517,63.6,0.934
T1952,0,0.36,66.1,0.445
T1952,1,0.425,63.9,0.438
T1952,2,0.408,61.4,0.458
T1952,3,0.44,61.3,0.478
T1952,4,0.395,58.7,0.44
T1952,5,0.441,60.2,0.457
T1952,6,0.49,56.3,0.474
T1952,7,0.487,57.7,0.5
T1952,8,0.455,56.3,0.52
T1952,9,0.509,56.5,0.491
T1952,10,0.523,53.0,0.494
T1952,11,0.537,52.3,0.518
T1953,0,0.965,54.8,0.991
T1953,1,0.999,55.9,0.976
T1953,2,0.949,56.3,0.937
T1953,3,0.914,53.0,0.9
T1953,4,0.931,57.4,0.871
T1953,5,0.873,57.0,0.868
T1953,6,0.85,57.3,0.806
T1953,7,0.859,59.2,0.782
T1953,8,0.839,61.0,0.77
T1953,9,0.747,59.8,0.74
T1953,10,0.744,62.0,0.729
T1953,11,0.727,61.2,0.705
T1954,0,0.709,47.1,0.307
T1954,1,0.701,43.3,0.25
T1954,2,0.704,45.1,0.277
T1954,3,0.718,43.2,0.226
T1954,4,0.71,43.3,0.305
T1954,5,0.754,43.6,0.262
T1954,6,0.779,38.9,0.246
T1954,7,0.735,41.6,0.262
T1954,8,0.768,42.7,0.246
T1954,9,0.769,44.6,0.272
T1954,10,0.792,43.5,0.214
T1954,11,0.773,39.9,0.236
T1955,0,0.45,68.2,0.314
T1955,1,0.417,66.6,0.275
T1955,2,0.431,65.5,0.255
T1955,3,0.479,64.7,0.256
T1955,4,0.491,62.2,0.297
T1955,5,0.46,61.3,0.24
T1955,6,0.455,62.9,0.212
T1955,7,0.496,59.5,0.173
T1955,8,0.499,59.3,0.177
T1955,9,0.5,59.4,0.135
T1955,10,0.505,53.9,0.14
T1955,11,0.531,55.9,0.148
T1956,0,0.841,53.7,0.565
T1956,1,0.823,53.6,0.533
T1956,2,0.836,51.5,0.561
T1956,3,0.803,51.0,0.596
T1956,4,0.83,52.6,0.555
T1956,5,0.816,51.9,0.607
T1956,6,0.804,54.6,0.617
T1956,7,0.789,50.0,0.643
T1956,8,0.804,48.9,0.638
T1956,9,0.833,48.6,0.675
T1956,10,0.803,52.2,0.648
T1956,11,0.772,49.0,0.687
T1957,0,0.75,64.9,0.56
T1957,1,0.73,65.7,0.556
T1957,2,0.766,62.2,0.513
T1957,3,0.751,66.2,0.567
T1957,4,0.732,65.4,0.536
T1957,5,0.717,62.1,0.527
T1957,6,0.706,61.6,0.568
T1957,7,0.732,62.5,0.521
T1957,8,0.721,60.7,0.551
T1957,9,0.718,61.6,0.516
T1957,10,0.703,61.9,0.5
T1957,11,0.714,58.1,0.49
T1958,0,0.718,47.9,0.404
T1958,1,0.744,49.4,0.368
T1958,2,0.75,47.7,0.36
T1958,3,0.753,48.0,0.325
T1958,4,0.776,47.6,0.356
T1958,5,0.761,50.3,0.362
T1958,6,0.764,48.4,0.293
T1958,7,0.776,48.6,0.356
T1958,8,0.778,50.3,0.278
T1958,9,0.818,47.5,0.28
T1958,10,0.774,49.7,0.338
T1958,11,0.82,49.2,0.268
T1959,0,0.383,67.2,0.139
T1959,1,0.361,65.8,0.195
T1959,2,0.355,63.7,0.173
T1959,3,0.359,64.0,0.233
T1959,4,0.354,61.1,0.28
T1959,5,0.323,61.2,0.302
T1959,6,0.336,62.3,0.287
T1959,7,0.344,62.8,0.291
T1959,8,0.297,63.4,0.332
T1959,9,0.302,58.7,0.317
T1959,10,0.282,56.9,0.34
T1959,11,0.29,56.5,0.397
T1960,0,0.665,59.9,0.525
T1960,1,0.645,57.0,0.478
T1960,2,0.649,57.2,0.442
T1960,3,0.64,55.9,0.499
T1960,4,0.648,55.0,0.452
T1960,5,0.637,54.6,0.467
T1960,6,0.664,55.6,0.447
T1960,7,0.661,53.1,0.437
T1960,8,0.606,53.5,0.418
T1960,9,0.671,52.7,0.444
T1960,10,0.617,54.1,0.436
T1960,11,0.659,53.7,0.442
T1961,0,0.341,36.7,0.643
T1961,1,0.403,39.4,0.655
T1961,2,0.332,36.8,0.671
T1961,3,0.4,37.7,0.598
T1961,4,0.341,38.6,0.582
T1961,5,0.33,41.6,0.641
T1961,6,0.354,43.7,0.621
T1961,7,0.359,42.3,0.589
T1961,8,0.332,44.2,0.561
T1961,9,0.338,44.6,0.59
T1961,10,0.332,42.0,0.566
T1961,11,0.358,46.3,0.562
T1962,0,0.729,45.1,0.469
T1962,1,0.702,46.0,0.485
T1962,2,0.714,47.8,0.47
T1962,3,0.65,46.9,0.488
T1962,4,0.655,48.9,0.481
T1962,5,0.664,48.8,0.508
T1962,6,0.628,49.4,0.525
T1962,7,0.624,51.4,0.501
T1962,8,0.637,52.9,0.558
T1962,9,0.619,50.3,0.494
T1962,10,0.594,51.6,0.564
T1962,11,0.618,53.2,0.596
T1963,0,0.546,57.7,0.511
T1963,1,0.528,55.9,0.518
T1963,2,0.528,58.9,0.534
T1963,3,0.457,55.7,0.488
T1963,4,0.434,55.8,0.506
T1963,5,0.462,55.2,0.501
T1963,6,0.45,55.0,0.487
T1963,7,0.437,55.1,0.531
T1963,8,0.435,58.3,0.496
T1963,9,0.48,55.5,0.527
T1963,10,0.379,56.0,0.534
T1963,11,0.397,56.2,0.492
T1964,0,0.498,52.1,0.677
T1964,1,0.499,55.0,0.687
T1964,2,0.513,51.5,0.704
T1964,3,0.537,55.1,0.688
T1964,4,0.538,52.1,0.725
T1964,5,0.564,52.9,0.71
T1964,6,0.545,54.9,0.689
T1964,7,0.565,52.8,0.688
T1964,8,0.573,53.2,0.748
T1964,9,0.604,55.9,0.743
T1964,10,0.644,53.1,0.731
T1964,11,0.641,54.3,0.692
T1965,0,0.921,69.7,0.77
T1965,1,0.871,68.4,0.803
T1965,2,0.871,66.4,0.79
T1965,3,0.856,67.6,0.817
T1965,4,0.842,63.9,0.82
T1965,5,0.809,67.2,0.816
T1965,6,0.799,66.8,0.835
T1965,7,0.783,64.8,0.853
T1965,8,0.753,61.1,0.867
T1965,9,0.801,62.6,0.84
T1965,10,0.786,61.5,0.905
T1965,11,0.75,59.6,0.881
T1966,0,0.971,34.1,0.593
T1966,1,0.951,37.2,0.591
T1966,2,0.936,37.4,0.615
T1966,3,0.874,38.3,0.596
T1966,4,0.893,41.1,0.61
T1966,5,0.886,40.1,0.603
T1966,6,0.83,42.9,0.633
T1966,7,0.811,44.4,0.645
T1966,8,0.778,45.8,0.608
T1966,9,0.8,46.3,0.687
T1966,10,0.723,49.2,0.67
T1966,11,0.739,49.1,0.65
T1967,0,0.963,47.4,0.377
T1967,1,0.923,48.4,0.353
T1967,2,0.907,44.8,0.373
T1967,3,0.872,47.5,0.385
T1967,4,0.872,45.4,0.38
T1967,5,0.816,45.1,0.36
T1967,6,0.808,44.2,0.376
T1967,7,0.778,40.5,0.332
T1967,8,0.742,41.1,0.365
T1967,9,0.692,37.9,0.366
T1967,10,0.69,40.3,0.36
T1967,11,0.656,41.7,0.33
T1968,0,0.928,49.4,0.299
T1968,1,0.877,47.9,0.292
T1968,2,0.883,46.1,0.301
T1968,3,0.844,42.3,0.278
T1968,4,0.888,47.5,0.298
T1968,5,0.856,47.5,0.282
T1968,6,0.854,44.4,0.322
T1968,7,0.781,43.1,0.318
T1968,8,0.827,44.1,0.329
T1968,9,0.84,41.3,0.321
T1968,10,0.846,41.4,0.346
T1968,11,0.742,40.2,0.338
T1969,0,0.366,50.8,0.298
T1969,1,0.418,49.1,0.277
T1969,2,0.432,51.5,0.254
T1969,3,0.509,49.8,0.274
T1969,4,0.467,47.3,0.282
T1969,5,0.498,47.6,0.308
T1969,6,0.551,49.7,0.291
T1969,7,0.601,46.3,0.299
T1969,8,0.61,49.4,0.276
T1969,9,0.615,45.8,0.321
T1969,10,0.612,47.8,0.319
T1969,11,0.661,48.5,0.273
T1970,0,0.368,51.7,0.222
T1970,1,0.35,48.9,0.251
T1970,2,0.375,51.3,0.296
T1970,3,0.384,49.8,0.244
T1970,4,0.399,50.7,0.213
T1970,5,0.396,51.7,0.24
T1970,6,0.428,46.6,0.3
T1970,7,0.43,46.8,0.253
T1970,8,0.471,47.7,0.226
T1970,9,0.513,48.4,0.258
T1970,10,0.506,47.6,0.217
T1970,11,0.519,48.9,0.262
T1971,0,0.892,34.5,0.351
T1971,1,0.888,34.4,0.326
T1971,2,0.9,32.9,0.324
T1971,3,0.899,33.4,0.322
T1971,4,0.863,36.9,0.334
T1971,5,0.857,35.4,0.329
T1971,6,0.877,35.0,0.311
T1971,7,0.868,35.6,0.326
T1971,8,0.834,37.0,0.337
T1971,9,0.823,36.0,0.293
T1971,10,0.84,36.5,0.317
T1971,11,0.793,40.8,0.297
T1972,0,0.513,65.1,0.1
T1972,1,0.526,61.4,0.136
T1972,2,0.531,59.4,0.128
T1972,3,0.535,58.5,0.112
T1972,4,0.571,60.9,0.152
T1972,5,0.534,58.1,0.171
T1972,6,0.532,59.4,0.18
T1972,7,0.583,59.3,0.192
T1972,8,0.595,57.6,0.237
T1972,9,0.553,56.0,0.204
T1972,10,0.59,57.9,0.224
T1972,11,0.612,58.2,0.225
T1973,0,0.695,41.0,0.759
T1973,1,0.739,42.4,0.767
T1973,2,0.71,42.6,0.771
T1973,3,0.714,42.7,0.736
T1973,4,0.713,47.4,0.774
T1973,5,0.748,47.8,0.769
T1973,6,0.707,49.2,0.718
T1973,7,0.735,50.6,0.774
T1973,8,0.732,51.3,0.745
T1973,9,0.712,52.1,0.72
T1973,10,0.698,55.1,0.696
T1973,11,0.775,53.7,0.682
T1974,0,0.625,55.7,0.33
T1974,1,0.648,54.5,0.347
T1974,2,0.667,58.3,0.347
T1974,3,0.677,58.7,0.371
T1974,4,0.634,55.9,0.377
T1974,5,0.67,61.1,0.375
T1974,6,0.707,58.8,0.426
T1974,7,0.634,58.9,0.429
T1974,8,0.673,59.8,0.446
T1974,9,0.692,57.5,0.461
T1974,10,0.705,60.9,0.467
T1974,11,0.71,61.9,0.485
T1975,0,0.51,63.4,0.519
T1975,1,0.514,65.4,0.51
T1975,2,0.488,64.5,0.5
T1975,3,0.506,68.1,0.494
T1975,4,0.513,64.8,0.499
T1975,5,0.449,65.7,0.514
T1975,6,0.44,64.7,0.477
T1975,7,0.45,64.5,0.504
T1975,8,0.431,66.4,0.494
T1975,9,0.464,64.6,0.517
T1975,10,0.449,64.5,0.534
T1975,11,0.434,65.3,0.506
T1976,0,1.0,40.0,0.441
T1976,1,0.988,44.5,0.392
T1976,2,0.949,45.9,0.461
T1976,3,0.916,45.6,0.44
T1976,4,0.927,47.0,0.41
T1976,5,0.907,48.4,0.43
T1976,6,0.902,49.0,0.393
T1976,7,0.887,48.3,0.395
T1976,8,0.871,48.8,0.386
T1976,9,0.851,50.9,0.356
T1976,10,0.814,53.9,0.345
T1976,11,0.811,54.5,0.366
T1977,0,0.495,59.3,0.238
T1977,1,0.454,59.7,0.272
T1977,2,0.516,58.1,0.249
T1977,3,0.513,56.4,0.253
T1977,4,0.504,60.2,0.244
T1977,5,0.512,56.4,0.249
T1977,6,0.51,54.4,0.229
T1977,7,0.467,56.7,0.269
T1977,8,0.45,53.5,0.263
T1977,9,0.508,55.2,0.199
T1977,10,0.483,56.4,0.249
T1977,11,0.483,55.2,0.242
T1978,0,0.695,71.9,0.1
T1978,1,0.663,69.0,0.1
T1978,2,0.679,63.2,0.1
T1978,3,0.659,62.7,0.133
T1978,4,0.644,59.9,0.125
T1978,5,0.593,59.5,0.121
T1978,6,0.655,53.2,0.158
T1978,7,0.633,51.8,0.159
T1978,8,0.626,48.2,0.144
T1978,9,0.582,47.1,0.175
T1978,10,0.578,44.0,0.18
T1978,11,0.598,41.5,0.176
T1979,0,0.559,68.0,0.394
T1979,1,0.534,68.4,0.378
T1979,2,0.525,64.6,0.385
T1979,3,0.544,62.6,0.394
T1979,4,0.51,65.5,0.406
T1979,5,0.571,63.7,0.39
T1979,6,0.544,60.7,0.39
T1979,7,0.595,62.9,0.354
T1979,8,0.536,57.3,0.412
T1979,9,0.571,59.2,0.385
T1979,10,0.563,58.7,0.405
T1979,11,0.543,59.3,0.413
T1980,0,0.905,52.2,0.865
T1980,1,0.893,52.0,0.808
T1980,2,0.906,50.9,0.775
T1980,3,0.876,50.2,0.818
T1980,4,0.877,48.8,0.745
T1980,5,0.867,47.2,0.768
T1980,6,0.864,48.8,0.776
T1980,7,0.868,47.0,0.751
T1980,8,0.822,46.4,0.753
T1980,9,0.821,44.9,0.762
T1980,10,0.804,44.0,0.769
T1980,11,0.796,44.3,0.752
T1981,0,0.36,50.0,0.473
T1981,1,0.35,54.8,0.546
T1981,2,0.389,52.6,0.564
T1981,3,0.412,54.0,0.569
T1981,4,0.452,52.4,0.587
T1981,5,0.443,55.3,0.607
T1981,6,0.455,53.5,0.617
T1981,7,0.487,55.1,0.614
T1981,8,0.491,56.8,0.612
T1981,9,0.495,54.6,0.646
T1981,10,0.535,59.3,0.681
T1981,11,0.521,54.4,0.696
T1982,0,0.474,36.9,0.439
T1982,1,0.482,39.3,0.438
T1982,2,0.509,40.2,0.411
T1982,3,0.483,37.2,0.43
T1982,4,0.519,39.4,0.405
T1982,5,0.553,43.7,0.394
T1982,6,0.579,46.6,0.373
T1982,7,0.578,46.8,0.397
T1982,8,0.585,47.0,0.408
T1982,9,0.598,47.5,0.353
T1982,10,0.575,51.0,0.372
T1982,11,0.641,49.1,0.315
T1983,0,0.433,66.8,0.657
T1983,1,0.475,64.0,0.584
T1983,2,0.48,61.6,0.594
T1983,3,0.466,63.2,0.547
T1983,4,0.49,60.3,0.559
T1983,5,0.43,58.6,0.565
T1983,6,0.492,60.2,0.525
T1983,7,0.473,56.6,0.474
T1983,8,0.409,59.4,0.486
T1983,9,0.471,55.9,0.462
T1983,10,0.462,55.1,0.449
T1983,11,0.444,51.1,0.476
T1984,0,0.835,66.6,0.523
T1984,1,0.834,62.8,0.555
T1984,2,0.819,64.9,0.531
T1984,3,0.828,62.0,0.493
T1984,4,0.79,59.6,0.565
T1984,5,0.75,55.4,0.554
T1984,6,0.749,56.8,0.59
T1984,7,0.727,52.1,0.571
T1984,8,0.702,50.1,0.583
T1984,9,0.735,47.1,0.575
T1984,10,0.681,47.2,0.58
T1984,11,0.681,38.9,0.611
T1985,0,0.604,58.7,0.663
T1985,1,0.592,57.3,0.651
T1985,2,0.612,61.0,0.696
T1985,3,0.594,65.3,0.705
T1985,4,0.616,62.7,0.663
T1985,5,0.581,64.0,0.728
T1985,6,0.656,65.0,0.709
T1985,7,0.627,69.7,0.699
T1985,8,0.66,65.1,0.736
T1985,9,0.629,68.9,0.683
T1985,10,0.642,70.1,0.718
T1985,11,0.685,69.6,0.721
T1986,0,0.591,56.4,0.487
T1986,1,0.63,54.9,0.524
T1986,2,0.594,55.5,0.533
T1986,3,0.582,53.3,0.548
T1986,4,0.588,50.7,0.528
T1986,5,0.573,53.5,0.587
T1986,6,0.597,52.9,0.603
T1986,7,0.594,55.1,0.584
T1986,8,0.575,51.2,0.605
T1986,9,0.593,51.4,0.653
T1986,10,0.598,51.8,0.631
T1986,11,0.636,51.6,0.646
T1987,0,0.641,64.0,0.986
T1987,1,0.595,62.7,0.989
T1987,2,0.6,61.9,0.931
T1987,3,0.652,63.7,0.973
T1987,4,0.597,66.0,1.0
T1987,5,0.604,64.7,0.957
T1987,6,0.616,64.1,1.0
T1987,7,0.629,64.2,0.975
T1987,8,0.611,65.5,0.949
T1987,9,0.646,67.3,0.967
T1987,10,0.632,66.0,0.96
T1987,11,0.629,65.8,0.911
T1988,0,0.769,50.4,0.447
T1988,1,0.818,53.1,0.453
T1988,2,0.774,51.0,0.486
T1988,3,0.753,49.3,0.453
T1988,4,0.745,52.6,0.442
T1988,5,0.768,53.6,0.48
T1988,6,0.742,51.6,0.508
T1988,7,0.757,50.5,0.492
T1988,8,0.743,49.1,0.481
T1988,9,0.766,53.6,0.503
T1988,10,0.732,50.0,0.475
T1988,11,0.743,51.8,0.492
T1989,0,0.616,62.0,0.269
T1989,1,0.664,61.5,0.254
T1989,2,0.609,64.4,0.241
T1989,3,0.629,61.5,0.299
T1989,4,0.685,61.4,0.273
T1989,5,0.669,61.7,0.259
T1989,6,0.66,62.5,0.271
T1989,7,0.614,63.2,0.269
T1989,8,0.62,63.1,0.242
T1989,9,0.683,64.4,0.276
T1989,10,0.686,62.7,0.254
T1989,11,0.642,63.8,0.295
T1990,0,0.491,47.8,0.628
T1990,1,0.495,44.8,0.64
T1990,2,0.48,45.8,0.642
T1990,3,0.461,45.2,0.605
T1990,4,0.469,47.8,0.618
T1990,5,0.428,48.5,0.602
T1990,6,0.506,46.2,0.589
T1990,7,0.486,48.7,0.561
T1990,8,0.437,45.2,0.563
T1990,9,0.394,49.4,0.529
T1990,10,0.452,49.6,0.514
T1990,11,0.459,47.9,0.532
T1991,0,0.394,65.0,0.67
T1991,1,0.4,62.3,0.683
T1991,2,0.419,64.3,0.69
T1991,3,0.436,64.8,0.639
T1991,4,0.435,64.9,0.619
T1991,5,0.457,64.9,0.606
T1991,6,0.511,60.0,0.617
T1991,7,0.487,62.5,0.616
T1991,8,0.524,62.0,0.605
T1991,9,0.569,63.1,0.562
T1991,10,0.548,61.5,0.59
T1991,11,0.541,64.6,0.562
T1992,0,0.642,42.9,1.0
T1992,1,0.616,43.7,0.974
T1992,2,0.617,44.1,1.0
T1992,3,0.577,47.4,0.922
T1992,4,0.589,46.3,0.967
T1992,5,0.517,50.2,0.919
T1992,6,0.52,49.3,0.911
T1992,7,0.491,50.9,0.925
T1992,8,0.481,51.8,0.913
T1992,9,0.482,52.0,0.903
T1992,10,0.479,52.1,0.875
T1992,11,0.434,53.1,0.858
T1993,0,0.466,78.6,0.245
T1993,1,0.446,80.3,0.268
T1993,2,0.504,78.7,0.279
T1993,3,0.517,80.7,0.325
T1993,4,0.53,77.7,0.361
T1993,5,0.524,75.6,0.333
T1993,6,0.537,75.2,0.354
T1993,7,0.564,75.9,0.355
T1993,8,0.583,76.6,0.38
T1993,9,0.595,74.3,0.375
T1993,10,0.648,74.2,0.397
T1993,11,0.634,73.6,0.415
T1994,0,0.307,51.6,0.981
T1994,1,0.311,51.3,1.0
T1994,2,0.299,55.8,1.0
T1994,3,0.341,53.1,0.993
T1994,4,0.274,56.5,0.975
T1994,5,0.367,56.0,0.982
T1994,6,0.349,57.1,0.986
T1994,7,0.361,57.0,0.936
T1994,8,0.32,58.6,0.949
T1994,9,0.307,61.4,0.93
T1994,10,0.326,62.9,0.952
T1994,11,0.321,62.9,0.915
T1995,0,0.513,50.2,0.343
T1995,1,0.562,48.5,0.344
T1995,2,0.538,49.6,0.355
T1995,3,0.55,46.2,0.392
T1995,4,0.554,50.3,0.421
T1995,5,0.605,49.0,0.408
T1995,6,0.595,50.5,0.46
T1995,7,0.598,50.5,0.447
T1995,8,0.646,50.6,0.481
T1995,9,0.616,48.1,0.48
T1995,10,0.635,49.5,0.507
T1995,11,0.676,48.7,0.51
T1996,0,0.679,58.5,0.807
T1996,1,0.65,60.7,0.755
T1996,2,0.63,63.2,0.811
T1996,3,0.657,64.2,0.768
T1996,4,0.57,61.4,0.775
T1996,5,0.589,59.4,0.735
T1996,6,0.577,63.2,0.692
T1996,7,0.543,61.9,0.746
T1996,8,0.529,63.4,0.684
T1996,9,0.492,64.5,0.684
T1996,10,0.446,60.3,0.679
T1996,11,0.447,63.5,0.651
T1997,0,0.532,48.1,0.55
T1997,1,0.568,46.1,0.547
T1997,2,0.54,48.0,0.59
T1997,3,0.559,48.4,0.589
T1997,4,0.623,52.6,0.601
T1997,5,0.604,50.9,0.608
T1997,6,0.639,47.9,0.636
T1997,7,0.634,54.2,0.645
T1997,8,0.588,51.1,0.649
T1997,9,0.675,51.9,0.665
T1997,10,0.713,54.4,0.671
T1997,11,0.678,56.3,0.685
T1998,0,0.63,30.9,0.552
T1998,1,0.67,33.6,0.527
T1998,2,0.636,30.7,0.553
T1998,3,0.647,34.0,0.543
T1998,4,0.653,32.6,0.486
T1998,5,0.67,33.1,0.491
T1998,6,0.696,31.2,0.473
T1998,7,0.68,33.3,0.475
T1998,8,0.694,32.4,0.478
T1998,9,0.74,36.2,0.46
T1998,10,0.713,33.9,0.425
T1998,11,0.739,34.0,0.452
T1999,0,0.388,44.7,0.344
T1999,1,0.388,44.6,0.305
T1999,2,0.462,46.3,0.346
T1999,3,0.456,43.9,0.29
T1999,4,0.505,46.0,0.258
T1999,5,0.5,45.6,0.285
T1999,6,0.55,42.5,0.287
T1999,7,0.561,40.5,0.225
T1999,8,0.597,43.4,0.237
T1999,9,0.611,39.5,0.216
T1999,10,0.628,40.7,0.189
T1999,11,0.666,38.8,0.124
T2000,0,0.62,44.2,0.268
T2000,1,0.631,43.7,0.316
T2000,2,0.645,44.5,0.258
T2000,3,0.647,46.2,0.228
T2000,4,0.635,45.9,0.298
T2000,5,0.682,44.7,0.296
T2000,6,0.643,46.0,0.305
T2000,7,0.672,47.2,0.269
T2000,8,0.687,46.7,0.34
T2000,9,0.675,46.9,0.282
T2000,10,0.721,51.9,0.236
T2000,11,0.714,50.1,0.256
T2001,0,0.585,49.1,0.163
T2001,1,0.59,49.7,0.195
T2001,2,0.59,49.0,0.188
T2001,3,0.582,48.8,0.204
T2001,4,0.527,50.9,0.156
T2001,5,0.542,47.7,0.184
T2001,6,0.54,50.8,0.203
T2001,7,0.52,49.3,0.189
T2001,8,0.539,50.7,0.208
T2001,9,0.539,52.1,0.201
T2001,10,0.507,51.7,0.183
T2001,11,0.506,50.3,0.199
T2002,0,0.838,54.0,0.261
T2002,1,0.834,56.8,0.248
T2002,2,0.811,54.6,0.293
T2002,3,0.803,54.8,0.261
T2002,4,0.838,54.5,0.26
T2002,5,0.77,54.1,0.244
T2002,6,0.794,55.6,0.253
T2002,7,0.736,53.6,0.268
T2002,8,0.754,54.3,0.254
T2002,9,0.721,54.4,0.242
T2002,10,0.725,53.2,0.29
T2002,11,0.763,58.0,0.223
T2003,0,0.337,54.9,0.311
T2003,1,0.355,55.9,0.286
T2003,2,0.334,56.8,0.324
T2003,3,0.306,57.3,0.315
T2003,4,0.33,55.5,0.316
T2003,5,0.377,56.1,0.27
T2003,6,0.336,56.0,0.287
T2003,7,0.347,59.0,0.274
T2003,8,0.359,57.6,0.272
T2003,9,0.378,56.0,0.249
T2003,10,0.355,57.7,0.271
T2003,11,0.347,56.9,0.246
T2004,0,0.719,58.4,0.625
T2004,1,0.698,57.3,0.649
T2004,2,0.712,57.6,0.611
T2004,3,0.7,60.3,0.623
T2004,4,0.645,60.0,0.6
T2004,5,0.691,59.1,0.598
T2004,6,0.633,62.7,0.598
T2004,7,0.623,59.6,0.608
T2004,8,0.627,61.7,0.572
T2004,9,0.631,62.7,0.629
T2004,10,0.603,61.4,0.599
T2004,11,0.615,60.0,0.597
T2005,0,0.708,52.0,0.79
T2005,1,0.759,49.3,0.805
T2005,2,0.717,49.1,0.787
T2005,3,0.71,52.1,0.775
T2005,4,0.655,49.3,0.811
T2005,5,0.694,52.7,0.825
T2005,6,0.668,50.2,0.831
T2005,7,0.69,53.7,0.792
T2005,8,0.659,55.2,0.783
T2005,9,0.666,53.7,0.817
T2005,10,0.632,54.4,0.824
T2005,11,0.655,55.8,0.818
T2006,0,0.805,44.6,0.311
T2006,1,0.823,39.3,0.334
T2006,2,0.795,41.2,0.335
T2006,3,0.777,40.7,0.314
T2006,4,0.814,43.2,0.291
T2006,5,0.783,46.3,0.332
T2006,6,0.785,43.2,0.271
T2006,7,0.744,41.7,0.305
T2006,8,0.771,42.8,0.255
T2006,9,0.774,42.3,0.308
T2006,10,0.745,44.3,0.273
T2006,11,0.732,42.7,0.261
T2007,0,0.94,73.9,0.847
T2007,1,0.909,70.1,0.851
T2007,2,0.864,72.1,0.836
T2007,3,0.802,68.3,0.821
T2007,4,0.788,70.3,0.83
T2007,5,0.786,67.2,0.803
T2007,6,0.699,63.2,0.789
T2007,7,0.668,65.9,0.788
T2007,8,0.666,63.1,0.783
T2007,9,0.65,61.3,0.753
T2007,10,0.571,63.8,0.763
T2007,11,0.587,62.7,0.792
T2008,0,0.911,46.5,0.332
T2008,1,0.931,44.2,0.352
T2008,2,0.928,43.3,0.354
T2008,3,0.953,43.9,0.341
T2008,4,0.95,41.6,0.361
T2008,5,0.943,43.4,0.367
T2008,6,0.918,42.2,0.354
T2008,7,0.9,42.2,0.364
T2008,8,0.932,41.4,0.347
T2008,9,0.92,41.0,0.367
T2008,10,0.923,40.4,0.359
T2008,11,0.92,40.0,0.324
T2009,0,0.64,53.8,0.304
T2009,1,0.655,53.3,0.257
T2009,2,0.658,50.0,0.272
T2009,3,0.664,52.6,0.283
T2009,4,0.632,50.4,0.25
T2009,5,0.636,52.3,0.243
T2009,6,0.651,52.5,0.258
T2009,7,0.657,54.4,0.298
T2009,8,0.67,52.4,0.259
T2009,9,0.64,52.4,0.245
T2009,10,0.659,51.9,0.279
T2009,11,0.692,50.1,0.265
T2010,0,0.67,63.9,0.606
T2010,1,0.659,63.4,0.607
T2010,2,0.693,66.3,0.613
T2010,3,0.702,63.6,0.603
T2010,4,0.693,66.7,0.611
T2010,5,0.657,62.9,0.582
T2010,6,0.721,65.4,0.602
T2010,7,0.707,65.5,0.591
T2010,8,0.708,64.9,0.614
T2010,9,0.701,61.9,0.595
T2010,10,0.738,64.4,0.602
T2010,11,0.773,66.6,0.633
T2011,0,0.99,46.3,0.555
T2011,1,0.978,47.5,0.618
T2011,2,0.917,45.2,0.637
T2011,3,0.911,46.5,0.662
T2011,4,0.925,43.9,0.684
T2011,5,0.913,46.2,0.682
T2011,6,0.891,46.5,0.71
T2011,7,0.874,44.6,0.744
T2011,8,0.86,45.1,0.778
T2011,9,0.835,41.0,0.775
T2011,10,0.796,44.6,0.812
T2011,11,0.788,42.4,0.854
T2012,0,0.376,49.1,0.463
T2012,1,0.388,48.3,0.424
T2012,2,0.392,47.9,0.414
T2012,3,0.428,49.8,0.399
T2012,4,0.466,50.2,0.386
T2012,5,0.499,47.8,0.375
T2012,6,0.52,50.3,0.376
T2012,7,0.518,52.8,0.389
T2012,8,0.572,50.9,0.292
T2012,9,0.589,53.3,0.33
T2012,10,0.582,53.4,0.328
T2012,11,0.609,52.6,0.311
T2013,0,0.496,49.9,0.762
T2013,1,0.504,47.8,0.689
T2013,2,0.529,48.2,0.697
T2013,3,0.528,50.5,0.71
T2013,4,0.5,46.8,0.702
T2013,5,0.502,50.2,0.649
T2013,6,0.527,49.5,0.63
T2013,7,0.572,51.1,0.623
T2013,8,0.504,50.4,0.61
T2013,9,0.493,52.4,0.59
T2013,10,0.479,53.0,0.597
T2013,11,0.53,53.9,0.557
T2014,0,0.51,56.4,0.399
T2014,1,0.547,56.6,0.392
T2014,2,0.508,57.6,0.408
T2014,3,0.526,56.6,0.323
T2014,4,0.54,55.2,0.33
T2014,5,0.5,55.2,0.326
T2014,6,0.522,54.3,0.357
T2014,7,0.492,54.2,0.25
T2014,8,0.494,54.6,0.282
T2014,9,0.549,54.6,0.249
T2014,10,0.532,54.3,0.267
T2014,11,0.5,52.8,0.238
T2015,0,0.416,44.8,0.772
T2015,1,0.461,47.9,0.762
T2015,2,0.497,49.1,0.755
T2015,3,0.495,46.3,0.739
T2015,4,0.532,45.6,0.76
T2015,5,0.562,45.8,0.747
T2015,6,0.585,49.1,0.72
T2015,7,0.606,47.9,0.736
T2015,8,0.578,46.9,0.75
T2015,9,0.62,46.3,0.711
T2015,10,0.64,46.0,0.685
T2015,11,0.669,48.5,0.705
T2016,0,0.477,53.2,0.296
T2016,1,0.503,51.8,0.271
T2016,2,0.468,57.7,0.26
T2016,3,0.496,55.8,0.265
T2016,4,0.498,52.6,0.305
T2016,5,0.476,52.9,0.279
T2016,6,0.474,55.8,0.274
T2016,7,0.489,54.5,0.28
T2016,8,0.51,50.0,0.283
T2016,9,0.472,52.4,0.291
T2016,10,0.45,50.2,0.269
T2016,11,0.47,50.4,0.307
T2017,0,0.248,57.2,0.518
T2017,1,0.282,53.6,0.527
T2017,2,0.284,54.5,0.534
T2017,3,0.362,56.0,0.559
T2017,4,0.394,54.1,0.56
T2017,5,0.441,52.0,0.601
T2017,6,0.467,51.8,0.624
T2017,7,0.46,51.8,0.621
T2017,8,0.527,50.8,0.652
T2017,9,0.571,52.1,0.681
T2017,10,0.593,50.4,0.678
T2017,11,0.638,52.5,0.716
T2018,0,0.734,43.6,0.665
T2018,1,0.758,42.1,0.606
T2018,2,0.751,40.4,0.642
T2018,3,0.749,44.3,0.597
T2018,4,0.762,41.8,0.554
T2018,5,0.76,41.0,0.598
T2018,6,0.727,41.3,0.589
T2018,7,0.75,40.7,0.547
T2018,8,0.756,39.2,0.582
T2018,9,0.819,41.8,0.552
T2018,10,0.769,43.2,0.5
T2018,11,0.767,38.9,0.533
T2019,0,0.718,64.5,0.405
T2019,1,0.689,60.6,0.406
T2019,2,0.784,61.7,0.381
T2019,3,0.749,56.8,0.357
T2019,4,0.754,54.7,0.326
T2019,5,0.751,54.0,0.296
T2019,6,0.774,52.0,0.278
T2019,7,0.818,50.2,0.266
T2019,8,0.791,45.9,0.255
T2019,9,0.827,47.6,0.259
T2019,10,0.843,45.9,0.24
T2019,11,0.841,45.2,0.209
T2020,0,0.511,57.6,0.684
T2020,1,0.469,59.0,0.72
T2020,2,0.464,55.1,0.708
T2020,3,0.44,56.3,0.677
T2020,4,0.442,53.8,0.668
T2020,5,0.407,54.9,0.663
T2020,6,0.416,54.6,0.68
T2020,7,0.421,55.8,0.663
T2020,8,0.39,54.4,0.679
T2020,9,0.407,54.7,0.658
T2020,10,0.406,55.8,0.68
T2020,11,0.394,54.6,0.662
T2021,0,0.324,73.5,0.667
T2021,1,0.325,73.4,0.712
T2021,2,0.368,71.0,0.715
T2021,3,0.321,73.4,0.691
T2021,4,0.317,71.1,0.761
T2021,5,0.338,70.8,0.765
T2021,6,0.33,71.2,0.765
T2021,7,0.361,74.1,0.809
T2021,8,0.369,70.7,0.811
T2021,9,0.344,69.2,0.814
T2021,10,0.363,69.2,0.865
T2021,11,0.376,66.3,0.866
T2022,0,0.464,55.5,0.644
T2022,1,0.45,53.1,0.591
T2022,2,0.477,54.9,0.554
T2022,3,0.47,54.2,0.54
T2022,4,0.479,53.0,0.52
T2022,5,0.429,50.4,0.516
T2022,6,0.462,52.7,0.425
T2022,7,0.463,50.4,0.422
T2022,8,0.429,54.5,0.389
T2022,9,0.423,53.1,0.413
T2022,10,0.424,53.5,0.334
T2022,11,0.416,52.2,0.343
T2023,0,0.451,46.1,0.692
T2023,1,0.462,47.8,0.656
T2023,2,0.452,45.8,0.613
T2023,3,0.431,46.3,0.613
T2023,4,0.481,47.3,0.571
T2023,5,0.468,47.7,0.571
T2023,6,0.438,48.5,0.564
T2023,7,0.456,52.1,0.534
T2023,8,0.464,52.4,0.483
T2023,9,0.389,49.4,0.455
T2023,10,0.419,48.2,0.432
T2023,11,0.445,47.8,0.427
T2024,0,0.809,47.7,0.444
T2024,1,0.762,47.1,0.411
T2024,2,0.734,47.3,0.416
T2024,3,0.683,49.7,0.431
T2024,4,0.652,50.1,0.385
T2024,5,0.591,47.6,0.307
T2024,6,0.628,47.6,0.307
T2024,7,0.56,47.7,0.287
T2024,8,0.522,48.5,0.251
T2024,9,0.522,50.2,0.259
T2024,10,0.477,48.0,0.197
T2024,11,0.447,47.9,0.204
T2025,0,0.792,48.6,0.375
T2025,1,0.788,51.2,0.426
T2025,2,0.784,50.5,0.429
T2025,3,0.806,45.8,0.429
T2025,4,0.77,51.2,0.398
T2025,5,0.806,48.2,0.411
T2025,6,0.81,47.7,0.422
T2025,7,0.833,49.4,0.458
T2025,8,0.787,50.2,0.425
T2025,9,0.83,52.4,0.457
T2025,10,0.81,50.0,0.474
T2025,11,0.822,51.5,0.492
T2026,0,0.771,48.6,0.619
T2026,1,0.796,52.8,0.639
T2026,2,0.777,50.9,0.644
T2026,3,0.768,53.9,0.656
T2026,4,0.806,54.5,0.674
T2026,5,0.757,51.8,0.681
T2026,6,0.773,53.7,0.68
T2026,7,0.791,53.6,0.709
T2026,8,0.761,55.1,0.704
T2026,9,0.734,56.3,0.696
T2026,10,0.743,56.6,0.738
T2026,11,0.736,56.8,0.74
T2027,0,0.482,54.8,0.41
T2027,1,0.52,55.9,0.388
T2027,2,0.492,54.1,0.453
T2027,3,0.492,57.6,0.394
T2027,4,0.501,56.4,0.45
T2027,5,0.497,55.9,0.419
T2027,6,0.521,55.9,0.423
T2027,7,0.532,58.9,0.412
T2027,8,0.559,57.3,0.428
T2027,9,0.517,61.5,0.419
T2027,10,0.538,61.5,0.428
T2027,11,0.58,59.2,0.435
T2028,0,0.667,43.3,0.697
T2028,1,0.644,42.5,0.726
T2028,2,0.727,41.1,0.696
T2028,3,0.719,45.1,0.695
T2028,4,0.659,44.6,0.691
T2028,5,0.703,44.9,0.671
T2028,6,0.657,40.2,0.714
T2028,7,0.682,46.3,0.663
T2028,8,0.641,45.7,0.706
T2028,9,0.649,46.8,0.675
T2028,10,0.65,48.1,0.644
T2028,11,0.633,49.2,0.692
T2029,0,0.943,65.9,0.341
T2029,1,0.92,64.4,0.396
T2029,2,0.934,59.7,0.441
T2029,3,0.885,59.8,0.398
T2029,4,0.91,60.1,0.454
T2029,5,0.875,58.6,0.492
T2029,6,0.869,56.0,0.472
T2029,7,0.872,55.7,0.496
T2029,8,0.848,52.9,0.524
T2029,9,0.831,52.7,0.533
T2029,10,0.817,49.4,0.544
T2029,11,0.782,49.5,0.552
T2030,0,0.682,49.5,0.623
T2030,1,0.693,49.0,0.618
T2030,2,0.663,49.6,0.609
T2030,3,0.671,51.4,0.594
T2030,4,0.668,48.6,0.571
T2030,5,0.663,48.2,0.585
T2030,6,0.694,49.0,0.528
T2030,7,0.656,50.9,0.517
T2030,8,0.65,47.2,0.498
T2030,9,0.666,47.7,0.47
T2030,10,0.661,49.0,0.494
T2030,11,0.659,48.7,0.431
T2031,0,0.644,63.9,0.609
T2031,1,0.655,62.0,0.587
T2031,2,0.627,64.3,0.61
T2031,3,0.67,58.5,0.613
T2031,4,0.662,60.8,0.63
T2031,5,0.644,59.5,0.619
T2031,6,0.647,56.9,0.617
T2031,7,0.644,57.9,0.59
T2031,8,0.62,54.0,0.612
T2031,9,0.624,56.4,0.562
T2031,10,0.635,54.2,0.596
T2031,11,0.63,51.2,0.591
T2032,0,0.561,67.2,0.378
T2032,1,0.58,67.7,0.395
T2032,2,0.576,63.6,0.396
T2032,3,0.539,65.3,0.416
T2032,4,0.551,64.6,0.464
T2032,5,0.514,62.2,0.426
T2032,6,0.478,60.6,0.452
T2032,7,0.499,63.9,0.455
T2032,8,0.478,61.7,0.443
T2032,9,0.48,60.9,0.49
T2032,10,0.462,58.7,0.47
T2032,11,0.432,59.1,0.523
T2033,0,0.798,51.0,0.639
T2033,1,0.825,54.5,0.629
T2033,2,0.832,55.6,0.615
T2033,3,0.822,52.6,0.608
T2033,4,0.761,57.7,0.634
T2033,5,0.772,58.3,0.657
T2033,6,0.794,56.2,0.623
T2033,7,0.766,56.5,0.587
T2033,8,0.756,55.7,0.599
T2033,9,0.732,56.6,0.578
T2033,10,0.787,56.4,0.669
T2033,11,0.708,56.0,0.655
T2034,0,0.559,66.4,0.655
T2034,1,0.619,65.9,0.607
T2034,2,0.62,67.1,0.654
T2034,3,0.62,64.1,0.596
T2034,4,0.638,63.1,0.585
T2034,5,0.646,61.5,0.593
T2034,6,0.692,61.9,0.568
T2034,7,0.691,61.3,0.573
T2034,8,0.681,59.5,0.579
T2034,9,0.746,58.4,0.548
T2034,10,0.764,57.5,0.52
T2034,11,0.74,57.6,0.521
T2035,0,0.535,46.5,0.814
T2035,1,0.482,44.4,0.785
T2035,2,0.547,47.2,0.75
T2035,3,0.547,48.5,0.781
T2035,4,0.592,49.6,0.776
T2035,5,0.592,49.4,0.736
T2035,6,0.625,47.0,0.734
T2035,7,0.588,50.1,0.761
T2035,8,0.594,52.9,0.734
T2035,9,0.616,48.1,0.782
T2035,10,0.651,52.1,0.731
T2035,11,0.636,48.3,0.703
T2036,0,0.652,67.7,0.75
T2036,1,0.618,68.0,0.774
T2036,2,0.653,67.0,0.747
T2036,3,0.662,67.7,0.761
T2036,4,0.624,66.7,0.792
T2036,5,0.646,67.7,0.79
T2036,6,0.612,70.5,0.811
T2036,7,0.594,68.5,0.803
T2036,8,0.622,67.1,0.818
T2036,9,0.635,67.9,0.81
T2036,10,0.625,66.3,0.804
T2036,11,0.617,65.4,0.845
T2037,0,0.777,60.3,0.508
T2037,1,0.728,57.5,0.488
T2037,2,0.754,58.9,0.493
T2037,3,0.713,55.5,0.478
T2037,4,0.738,55.8,0.467
T2037,5,0.694,53.8,0.507
T2037,6,0.716,53.9,0.445
T2037,7,0.669,53.1,0.454
T2037,8,0.656,51.8,0.425
T2037,9,0.658,51.9,0.476
T2037,10,0.635,49.8,0.458
T2037,11,0.63,50.4,0.412
T2038,0,0.634,47.9,0.411
T2038,1,0.655,44.5,0.399
T2038,2,0.664,44.8,0.391
T2038,3,0.635,47.6,0.339
T2038,4,0.662,47.7,0.35
T2038,5,0.651,51.0,0.352
T2038,6,0.647,48.7,0.307
T2038,7,0.664,46.9,0.312
T2038,8,0.663,48.7,0.3
T2038,9,0.667,46.1,0.254
T2038,10,0.714,47.2,0.23
T2038,11,0.696,48.3,0.252
T2039,0,0.606,50.0,0.298
T2039,1,0.665,48.8,0.295
T2039,2,0.677,54.0,0.322
T2039,3,0.642,51.3,0.316
T2039,4,0.664,50.3,0.321
T2039,5,0.678,48.6,0.331
T2039,6,0.701,46.8,0.333
T2039,7,0.699,50.1,0.356
T2039,8,0.736,47.3,0.347
T2039,9,0.769,48.5,0.401
T2039,10,0.778,47.1,0.391
T2039,11,0.78,47.7,0.426
T2040,0,0.595,50.4,0.548
T2040,1,0.583,49.3,0.523
T2040,2,0.593,53.5,0.52
T2040,3,0.642,56.7,0.516
T2040,4,0.616,57.2,0.483
T2040,5,0.665,57.0,0.498
T2040,6,0.709,58.9,0.511
T2040,7,0.713,58.6,0.464
T2040,8,0.736,64.6,0.475
T2040,9,0.71,61.9,0.491
T2040,10,0.767,65.3,0.467
T2040,11,0.77,67.0,0.448
T2041,0,0.717,45.7,0.824
T2041,1,0.75,47.7,0.817
T2041,2,0.694,44.6,0.766
T2041,3,0.783,47.0,0.796
T2041,4,0.764,48.5,0.775
T2041,5,0.803,48.1,0.698
T2041,6,0.837,50.7,0.75
T2041,7,0.842,52.4,0.707
T2041,8,0.841,49.4,0.666
T2041,9,0.855,47.6,0.646
T2041,10,0.906,48.9,0.629
T2041,11,0.873,50.2,0.628
T2042,0,0.654,46.1,0.364
T2042,1,0.601,47.7,0.317
T2042,2,0.628,49.3,0.346
T2042,3,0.599,50.4,0.364
T2042,4,0.628,50.9,0.342
T2042,5,0.618,53.1,0.392
T2042,6,0.611,54.0,0.394
T2042,7,0.583,52.3,0.401
T2042,8,0.638,56.2,0.386
T2042,9,0.613,59.1,0.37
T2042,10,0.592,55.6,0.456
T2042,11,0.594,59.2,0.442
T2043,0,0.586,54.6,0.874
T2043,1,0.543,56.5,0.878
T2043,2,0.493,57.3,0.846
T2043,3,0.525,56.1,0.812
T2043,4,0.483,57.7,0.843
T2043,5,0.533,61.6,0.847
T2043,6,0.503,63.0,0.82
T2043,7,0.526,60.7,0.839
T2043,8,0.479,62.1,0.823
T2043,9,0.444,64.8,0.828
T2043,10,0.485,66.5,0.807
T2043,11,0.435,65.1,0.827
T2044,0,1.0,69.0,0.728
T2044,1,0.973,67.0,0.687
T2044,2,0.954,67.8,0.708
T2044,3,0.928,66.4,0.686
T2044,4,0.884,63.6,0.729
T2044,5,0.888,65.6,0.762
T2044,6,0.823,62.5,0.758
T2044,7,0.802,63.1,0.792
T2044,8,0.798,60.5,0.746
T2044,9,0.708,57.8,0.763
T2044,10,0.732,59.4,0.79
T2044,11,0.716,58.3,0.768
T2045,0,0.268,62.9,0.587
T2045,1,0.314,56.2,0.598
T2045,2,0.282,60.4,0.627
T2045,3,0.274,58.8,0.652
T2045,4,0.331,57.0,0.603
T2045,5,0.31,58.0,0.616
T2045,6,0.338,59.4,0.626
T2045,7,0.333,57.0,0.608
T2045,8,0.347,58.1,0.621
T2045,9,0.339,58.6,0.654
T2045,10,0.35,57.3,0.595
T2045,11,0.397,56.8,0.575
T2046,0,0.837,57.3,0.651
T2046,1,0.852,60.4,0.684
T2046,2,0.891,55.8,0.673
T2046,3,0.857,55.3,0.684
T2046,4,0.843,53.2,0.66
T2046,5,0.841,52.0,0.712
T2046,6,0.875,53.6,0.727
T2046,7,0.896,51.4,0.708
T2046,8,0.871,52.8,0.73
T2046,9,0.949,49.4,0.751
T2046,10,0.921,50.0,0.769
T2046,11,0.9,48.6,0.817
T2047,0,0.694,65.5,0.762
T2047,1,0.703,66.9,0.756
T2047,2,0.662,62.2,0.76
T2047,3,0.723,65.2,0.773
T2047,4,0.668,67.8,0.766
T2047,5,0.695,68.2,0.757
T2047,6,0.657,67.4,0.802
T2047,7,0.657,66.8,0.753
T2047,8,0.644,67.6,0.803
T2047,9,0.636,69.6,0.816
T2047,10,0.634,72.3,0.813
T2047,11,0.64,69.3,0.791
T2048,0,0.901,59.3,0.306
T2048,1,0.889,58.6,0.273
T2048,2,0.86,57.6,0.312
T2048,3,0.815,57.3,0.334
T2048,4,0.812,55.2,0.291
T2048,5,0.779,56.3,0.353
T2048,6,0.753,56.5,0.345
T2048,7,0.713,55.7,0.328
T2048,8,0.745,54.5,0.358
T2048,9,0.717,56.4,0.401
T2048,10,0.677,53.2,0.38
T2048,11,0.675,50.8,0.452
T2049,0,0.977,52.0,0.376
T2049,1,1.0,47.8,0.338
T2049,2,0.977,48.6,0.364
T2049,3,0.93,44.9,0.368
T2049,4,0.918,46.1,0.385
T2049,5,0.929,42.2,0.354
T2049,6,0.901,44.3,0.407
T2049,7,0.87,42.1,0.376
T2049,8,0.804,40.0,0.366
T2049,9,0.858,39.9,0.36
T2049,10,0.848,40.3,0.385
T2049,11,0.752,38.6,0.365
T2050,0,0.568,61.8,0.316
T2050,1,0.613,62.2,0.381
T2050,2,0.629,60.7,0.408
T2050,3,0.641,61.6,0.396
T2050,4,0.66,61.6,0.449
T2050,5,0.67,59.7,0.495
T2050,6,0.683,59.6,0.51
T2050,7,0.721,59.1,0.555
T2050,8,0.692,56.1,0.494
T2050,9,0.725,58.8,0.562
T2050,10,0.758,54.7,0.551
T2050,11,0.773,54.1,0.593
T2051,0,0.485,25.8,0.462
T2051,1,0.495,26.7,0.467
T2051,2,0.421,28.9,0.455
T2051,3,0.494,29.1,0.431
T2051,4,0.487,28.9,0.394
T2051,5,0.481,31.7,0.414
T2051,6,0.499,32.1,0.363
T2051,7,0.477,35.9,0.408
T2051,8,0.486,35.0,0.37
T2051,9,0.467,37.6,0.373
T2051,10,0.471,37.8,0.369
T2051,11,0.46,38.7,0.36
T2052,0,0.726,77.0,0.311
T2052,1,0.683,76.1,0.323
T2052,2,0.684,74.7,0.331
T2052,3,0.622,74.8,0.357
T2052,4,0.643,69.5,0.388
T2052,5,0.636,70.3,0.393
T2052,6,0.637,69.6,0.433
T2052,7,0.605,70.6,0.442
T2052,8,0.581,67.4,0.457
T2052,9,0.566,62.8,0.476
T2052,10,0.554,67.2,0.482
T2052,11,0.495,63.1,0.508
T2053,0,0.199,52.9,0.439
T2053,1,0.237,49.5,0.467
T2053,2,0.289,53.0,0.475
T2053,3,0.334,48.7,0.5
T2053,4,0.342,50.9,0.5
T2053,5,0.403,50.2,0.476
T2053,6,0.436,50.2,0.459
T2053,7,0.441,53.1,0.526
T2053,8,0.443,52.7,0.527
T2053,9,0.502,50.3,0.507
T2053,10,0.556,52.9,0.494
T2053,11,0.561,55.6,0.553
T2054,0,0.579,62.7,0.701
T2054,1,0.578,61.2,0.679
T2054,2,0.574,59.7,0.666
T2054,3,0.607,58.0,0.621
T2054,4,0.594,57.0,0.585
T2054,5,0.632,55.3,0.592
T2054,6,0.634,55.8,0.6
T2054,7,0.609,54.0,0.553
T2054,8,0.638,52.7,0.529
T2054,9,0.651,52.4,0.545
T2054,10,0.617,49.3,0.506
T2054,11,0.639,51.5,0.493
T2055,0,0.297,52.2,0.278
T2055,1,0.334,50.6,0.274
T2055,2,0.337,49.5,0.239
T2055,3,0.404,48.5,0.26
T2055,4,0.383,49.7,0.294
T2055,5,0.415,49.6,0.246
T2055,6,0.415,50.8,0.204
T2055,7,0.475,51.2,0.23
T2055,8,0.462,48.4,0.295
T2055,9,0.515,50.8,0.223
T2055,10,0.513,51.5,0.258
T2055,11,0.537,49.5,0.246
T2056,0,0.264,34.1,0.247
T2056,1,0.286,33.1,0.24
T2056,2,0.279,36.7,0.315
T2056,3,0.296,37.2,0.286
T2056,4,0.294,36.2,0.285
T2056,5,0.356,40.6,0.314
T2056,6,0.385,40.9,0.336
T2056,7,0.378,41.2,0.349
T2056,8,0.394,42.3,0.381
T2056,9,0.459,45.8,0.419
T2056,10,0.482,45.1,0.44
T2056,11,0.476,49.5,0.466
T2057,0,0.74,51.7,0.333
T2057,1,0.772,53.4,0.301
T2057,2,0.737,55.8,0.33
T2057,3,0.697,55.9,0.37
T2057,4,0.725,55.8,0.314
T2057,5,0.695,55.9,0.337
T2057,6,0.735,56.7,0.336
T2057,7,0.681,57.2,0.357
T2057,8,0.623,58.1,0.374
T2057,9,0.63,59.9,0.388
T2057,10,0.621,58.0,0.369
T2057,11,0.653,57.4,0.428
T2058,0,0.855,68.1,0.536
T2058,1,0.856,66.4,0.568
T2058,2,0.786,63.3,0.479
T2058,3,0.786,61.7,0.512
T2058,4,0.736,66.6,0.515
T2058,5,0.756,61.3,0.482
T2058,6,0.723,63.2,0.503
T2058,7,0.696,65.0,0.479
T2058,8,0.667,61.5,0.467
T2058,9,0.658,61.0,0.493
T2058,10,0.611,61.3,0.499
T2058,11,0.593,62.7,0.464
T2059,0,0.72,62.9,0.513
T2059,1,0.753,64.6,0.552
T2059,2,0.736,62.2,0.602
T2059,3,0.738,63.0,0.575
T2059,4,0.701,61.6,0.609
T2059,5,0.715,61.2,0.59
T2059,6,0.685,61.2,0.631
T2059,7,0.684,58.3,0.614
T2059,8,0.709,56.1,0.636
T2059,9,0.69,54.8,0.627
T2059,10,0.662,54.2,0.649
T2059,11,0.685,56.4,0.652
T2060,0,0.632,59.5,0.439
T2060,1,0.638,57.9,0.471
T2060,2,0.638,57.0,0.478
T2060,3,0.668,55.2,0.48
T2060,4,0.695,53.7,0.517
T2060,5,0.682,52.1,0.472
T2060,6,0.702,53.1,0.456
T2060,7,0.721,52.3,0.49
T2060,8,0.718,47.5,0.45
T2060,9,0.75,45.8,0.487
T2060,10,0.77,45.7,0.474
T2060,11,0.814,43.6,0.479
T2061,0,0.72,52.2,0.398
T2061,1,0.684,49.7,0.445
T2061,2,0.683,49.7,0.41
T2061,3,0.67,51.5,0.469
T2061,4,0.69,53.5,0.458
T2061,5,0.647,49.1,0.488
T2061,6,0.641,48.8,0.455
T2061,7,0.641,52.1,0.549
T2061,8,0.658,49.6,0.554
T2061,9,0.65,49.6,0.558
T2061,10,0.619,52.1,0.544
T2061,11,0.609,50.0,0.621
T2062,0,0.877,48.1,0.565
T2062,1,0.878,48.6,0.505
T2062,2,0.829,47.8,0.493
T2062,3,0.87,48.7,0.483
T2062,4,0.828,47.4,0.398
T2062,5,0.823,48.6,0.398
T2062,6,0.831,46.7,0.394
T2062,7,0.847,48.6,0.344
T2062,8,0.805,48.6,0.331
T2062,9,0.817,49.4,0.334
T2062,10,0.839,46.9,0.305
T2062,11,0.812,47.4,0.273
T2063,0,0.547,62.0,1.0
T2063,1,0.554,60.4,1.0
T2063,2,0.555,59.5,0.931
T2063,3,0.575,61.3,0.914
T2063,4,0.595,65.8,0.888
T2063,5,0.589,64.8,0.869
T2063,6,0.598,66.6,0.794
T2063,7,0.572,65.5,0.814
T2063,8,0.62,65.1,0.794
T2063,9,0.623,68.2,0.81
T2063,10,0.631,66.6,0.767
T2063,11,0.639,67.7,0.711
T2064,0,0.591,54.8,0.456
T2064,1,0.586,51.8,0.424
T2064,2,0.552,55.5,0.459
T2064,3,0.645,55.7,0.425
T2064,4,0.58,53.8,0.418
T2064,5,0.642,51.8,0.457
T2064,6,0.588,50.2,0.412
T2064,7,0.595,52.8,0.403
T2064,8,0.588,52.3,0.381
T2064,9,0.577,50.1,0.423
T2064,10,0.61,46.9,0.398
T2064,11,0.612,50.4,0.383
T2065,0,0.962,59.5,0.35
T2065,1,0.955,56.6,0.35
T2065,2,0.949,55.4,0.33
T2065,3,0.926,55.9,0.344
T2065,4,0.904,53.9,0.333
T2065,5,0.941,50.9,0.327
T2065,6,0.894,54.4,0.362
T2065,7,0.884,51.7,0.323
T2065,8,0.858,49.5,0.344
T2065,9,0.823,53.0,0.314
T2065,10,0.836,53.3,0.296
T2065,11,0.78,50.0,0.267
T2066,0,0.526,34.0,0.264
T2066,1,0.506,35.0,0.326
T2066,2,0.526,35.3,0.314
T2066,3,0.556,38.3,0.326
T2066,4,0.553,40.1,0.307
T2066,5,0.6,41.5,0.317
T2066,6,0.57,39.5,0.328
T2066,7,0.608,42.3,0.355
T2066,8,0.611,42.8,0.341
T2066,9,0.613,46.3,0.382
T2066,10,0.629,46.3,0.365
T2066,11,0.675,44.7,0.401
T2067,0,0.446,39.9,0.618
T2067,1,0.425,43.2,0.612
T2067,2,0.444,41.8,0.582
T2067,3,0.514,44.0,0.57
T2067,4,0.483,45.5,0.484
T2067,5,0.49,47.3,0.505
T2067,6,0.492,47.1,0.497
T2067,7,0.539,44.6,0.46
T2067,8,0.512,47.8,0.394
T2067,9,0.571,49.9,0.41
T2067,10,0.59,50.0,0.35
T2067,11,0.611,50.0,0.356
T2068,0,0.658,59.9,0.6
T2068,1,0.671,58.5,0.581
T2068,2,0.662,59.1,0.577
T2068,3,0.674,57.1,0.502
T2068,4,0.655,57.4,0.548
T2068,5,0.65,57.9,0.5
T2068,6,0.695,57.3,0.496
T2068,7,0.66,57.5,0.468
T2068,8,0.645,56.7,0.467
T2068,9,0.659,55.5,0.436
T2068,10,0.734,54.2,0.44
T2068,11,0.698,52.4,0.411
T2069,0,0.3,59.2,1.0
T2069,1,0.321,59.7,0.98
T2069,2,0.316,57.5,0.97
T2069,3,0.329,60.0,0.967
T2069,4,0.376,61.7,0.915
T2069,5,0.371,59.6,0.92
T2069,6,0.458,60.5,0.899
T2069,7,0.458,61.7,0.931
T2069,8,0.473,61.1,0.871
T2069,9,0.488,61.6,0.873
T2069,10,0.512,61.9,0.876
T2069,11,0.531,64.7,0.849
T2070,0,0.608,22.6,0.12
T2070,1,0.595,24.3,0.133
T2070,2,0.596,28.9,0.179
T2070,3,0.59,28.2,0.197
T2070,4,0.565,29.8,0.222
T2070,5,0.581,31.2,0.219
T2070,6,0.541,33.4,0.212
T2070,7,0.574,31.4,0.209
T2070,8,0.566,38.4,0.225
T2070,9,0.511,37.0,0.295
T2070,10,0.583,38.8,0.296
T2070,11,0.534,43.2,0.28
T2071,0,0.905,37.4,0.827
T2071,1,0.931,36.2,0.757
T2071,2,0.887,38.0,0.8
T2071,3,0.889,37.9,0.734
T2071,4,0.859,39.2,0.723
T2071,5,0.881,41.3,0.699
T2071,6,0.85,40.3,0.665
T2071,7,0.862,40.1,0.671
T2071,8,0.845,39.9,0.628
T2071,9,0.809,42.4,0.589
T2071,10,0.793,42.4,0.59
T2071,11,0.761,42.8,0.587
T2072,0,0.597,59.9,0.932
T2072,1,0.641,61.7,0.849
T2072,2,0.655,60.3,0.838
T2072,3,0.654,59.5,0.884
T2072,4,0.643,60.6,0.887
T2072,5,0.637,58.2,0.872
T2072,6,0.639,58.6,0.853
T2072,7,0.677,58.3,0.788
T2072,8,0.701,61.5,0.788
T2072,9,0.674,59.8,0.754
T2072,10,0.684,59.8,0.723
T2072,11,0.709,56.0,0.736
T2073,0,0.519,60.9,0.584
T2073,1,0.55,58.8,0.611
T2073,2,0.555,59.6,0.593
T2073,3,0.581,57.0,0.613
T2073,4,0.618,54.1,0.614
T2073,5,0.632,54.2,0.615
T2073,6,0.673,54.4,0.634
T2073,7,0.663,53.4,0.653
T2073,8,0.712,53.4,0.63
T2073,9,0.692,47.0,0.608
T2073,10,0.74,49.5,0.628
T2073,11,0.768,47.6,0.628
T2074,0,0.433,63.6,0.243
T2074,1,0.463,65.1,0.256
T2074,2,0.475,63.4,0.24
T2074,3,0.472,65.0,0.235
T2074,4,0.492,61.0,0.251
T2074,5,0.522,63.7,0.241
T2074,6,0.476,62.2,0.233
T2074,7,0.493,62.2,0.218
T2074,8,0.493,59.2,0.258
T2074,9,0.487,62.1,0.237
T2074,10,0.509,61.2,0.223
T2074,11,0.543,61.2,0.254
T2075,0,0.426,55.9,0.437
T2075,1,0.43,56.2,0.437
T2075,2,0.433,57.8,0.428
T2075,3,0.485,55.6,0.426
T2075,4,0.481,55.4,0.443
T2075,5,0.472,54.0,0.439
T2075,6,0.479,56.0,0.46
T2075,7,0.499,54.8,0.424
T2075,8,0.469,54.9,0.442
T2075,9,0.49,53.8,0.447
T2075,10,0.503,56.8,0.47
T2075,11,0.485,52.4,0.498
T2076,0,0.627,69.2,0.17
T2076,1,0.619,66.2,0.237
T2076,2,0.659,65.6,0.166
T2076,3,0.626,62.9,0.237
T2076,4,0.644,59.1,0.259
T2076,5,0.655,61.0,0.224
T2076,6,0.654,57.5,0.188
T2076,7,0.646,57.8,0.226
T2076,8,0.635,55.3,0.241
T2076,9,0.651,50.0,0.241
T2076,10,0.674,50.0,0.238
T2076,11,0.688,50.9,0.243
T2077,0,0.725,84.1,0.674
T2077,1,0.688,83.1,0.68
T2077,2,0.665,84.1,0.714
T2077,3,0.659,84.3,0.745
T2077,4,0.685,82.0,0.773
T2077,5,0.65,82.7,0.791
T2077,6,0.623,82.0,0.836
T2077,7,0.589,79.6,0.86
T2077,8,0.587,80.7,0.841
T2077,9,0.572,81.1,0.886
T2077,10,0.578,77.3,0.933
T2077,11,0.543,77.5,0.887
T2078,0,0.601,77.7,0.708
T2078,1,0.615,77.5,0.731
T2078,2,0.632,73.4,0.694
T2078,3,0.636,72.7,0.717
T2078,4,0.688,72.2,0.679
T2078,5,0.708,71.8,0.703
T2078,6,0.705,72.1,0.67
T2078,7,0.736,71.1,0.647
T2078,8,0.752,66.2,0.7
T2078,9,0.775,65.5,0.65
T2078,10,0.797,68.6,0.653
T2078,11,0.773,63.2,0.671
T2079,0,0.688,42.1,0.271
T2079,1,0.664,43.2,0.302
T2079,2,0.679,41.4,0.296
T2079,3,0.71,41.6,0.319
T2079,4,0.657,44.1,0.319
T2079,5,0.652,41.9,0.344
T2079,6,0.65,43.8,0.318
T2079,7,0.632,42.2,0.359
T2079,8,0.634,43.0,0.38
T2079,9,0.612,45.3,0.395
T2079,10,0.625,46.0,0.413
T2079,11,0.583,46.2,0.39
T2080,0,0.593,72.4,0.568
T2080,1,0.624,72.0,0.559
T2080,2,0.624,70.7,0.549
T2080,3,0.586,65.9,0.506
T2080,4,0.596,63.3,0.492
T2080,5,0.62,63.6,0.521
T2080,6,0.614,61.4,0.52
T2080,7,0.599,60.4,0.519
T2080,8,0.662,60.5,0.511
T2080,9,0.573,54.3,0.469
T2080,10,0.636,56.4,0.452
T2080,11,0.667,49.4,0.476
T2081,0,0.539,29.3,0.289
T2081,1,0.579,32.1,0.307
T2081,2,0.539,33.8,0.286
T2081,3,0.519,39.2,0.295
T2081,4,0.525,37.6,0.26
T2081,5,0.539,36.9,0.263
T2081,6,0.509,39.1,0.234
T2081,7,0.51,41.8,0.215
T2081,8,0.507,43.4,0.249
T2081,9,0.495,40.8,0.23
T2081,10,0.54,43.1,0.211
T2081,11,0.437,46.8,0.193
T2082,0,0.498,64.9,0.826
T2082,1,0.536,63.6,0.796
T2082,2,0.539,63.1,0.791
T2082,3,0.519,66.9,0.804
T2082,4,0.503,67.7,0.82
T2082,5,0.505,67.3,0.827
T2082,6,0.535,69.4,0.86
T2082,7,0.525,67.2,0.839
T2082,8,0.517,68.3,0.83
T2082,9,0.546,68.7,0.821
T2082,10,0.571,67.6,0.843
T2082,11,0.545,72.3,0.887
T2083,0,0.703,34.9,0.362
T2083,1,0.689,37.9,0.362
T2083,2,0.693,40.2,0.4
T2083,3,0.707,40.0,0.405
T2083,4,0.745,40.5,0.386
T2083,5,0.692,38.8,0.384
T2083,6,0.7,45.6,0.419
T2083,7,0.742,45.6,0.409
T2083,8,0.728,45.4,0.423
T2083,9,0.713,46.2,0.441
T2083,10,0.725,45.1,0.43
T2083,11,0.734,48.9,0.444
T2084,0,0.384,69.4,0.542
T2084,1,0.379,69.5,0.487
T2084,2,0.392,66.8,0.498
T2084,3,0.445,66.6,0.48
T2084,4,0.456,63.7,0.467
T2084,5,0.467,62.9,0.497
T2084,6,0.497,62.9,0.477
T2084,7,0.517,62.2,0.498
T2084,8,0.541,60.7,0.498
T2084,9,0.529,57.8,0.479
T2084,10,0.543,59.7,0.486
T2084,11,0.569,59.3,0.5
T2085,0,0.311,49.1,0.1
T2085,1,0.323,47.8,0.119
T2085,2,0.325,50.6,0.151
T2085,3,0.385,49.6,0.119
T2085,4,0.366,49.5,0.152
T2085,5,0.38,51.0,0.18
T2085,6,0.343,50.6,0.145
T2085,7,0.33,51.1,0.178
T2085,8,0.332,48.9,0.185
T2085,9,0.366,50.7,0.172
T2085,10,0.395,52.3,0.16
T2085,11,0.385,53.1,0.204
T2086,0,0.44,61.3,0.902
T2086,1,0.423,58.0,0.896
T2086,2,0.439,55.3,0.822
T2086,3,0.435,59.6,0.833
T2086,4,0.407,58.2,0.803
T2086,5,0.408,58.0,0.768
T2086,6,0.408,57.5,0.785
T2086,7,0.408,58.2,0.739
T2086,8,0.431,55.2,0.689
T2086,9,0.429,53.1,0.694
T2086,10,0.429,56.1,0.646
T2086,11,0.43,54.2,0.666
T2087,0,0.511,38.5,0.107
T2087,1,0.54,42.3,0.114
T2087,2,0.574,40.3,0.109
T2087,3,0.598,40.5,0.154
T2087,4,0.592,45.8,0.178
T2087,5,0.625,40.7,0.154
T2087,6,0.667,40.8,0.143
T2087,7,0.668,44.7,0.171
T2087,8,0.708,41.6,0.198
T2087,9,0.733,41.7,0.203
T2087,10,0.736,41.7,0.209
T2087,11,0.727,42.5,0.191
T2088,0,0.01,54.2,0.896
T2088,1,0.061,57.0,0.883
T2088,2,0.046,57.9,0.868
T2088,3,0.108,59.9,0.867
T2088,4,0.113,60.9,0.845
T2088,5,0.119,59.0,0.837
T2088,6,0.14,61.7,0.808
T2088,7,0.158,61.4,0.798
T2088,8,0.235,66.2,0.835
T2088,9,0.264,63.3,0.844
T2088,10,0.241,63.6,0.78
T2088,11,0.281,65.8,0.795
T2089,0,0.608,78.3,0.421
T2089,1,0.645,76.7,0.417
T2089,2,0.579,76.6,0.428
T2089,3,0.623,73.7,0.409
T2089,4,0.613,74.1,0.394
T2089,5,0.607,70.1,0.404
T2089,6,0.628,69.2,0.39
T2089,7,0.616,66.6,0.423
T2089,8,0.646,67.1,0.42
T2089,9,0.651,65.4,0.384
T2089,10,0.617,62.9,0.402
T2089,11,0.641,63.4,0.388
T2090,0,0.759,51.6,0.365
T2090,1,0.77,47.6,0.36
T2090,2,0.79,47.5,0.357
T2090,3,0.774,49.2,0.416
T2090,4,0.819,44.1,0.368
T2090,5,0.788,48.3,0.414
T2090,6,0.82,46.0,0.446
T2090,7,0.8,42.4,0.426
T2090,8,0.814,43.4,0.471
T2090,9,0.788,41.9,0.428
T2090,10,0.807,41.7,0.397
T2090,11,0.822,39.4,0.426
T2091,0,0.972,42.8,0.522
T2091,1,0.92,44.5,0.496
T2091,2,0.912,44.9,0.482
T2091,3,0.914,43.1,0.453
T2091,4,0.898,47.7,0.515
T2091,5,0.877,42.0,0.483
T2091,6,0.87,43.2,0.47
T2091,7,0.823,40.5,0.473
T2091,8,0.823,41.1,0.487
T2091,9,0.773,44.6,0.442
T2091,10,0.757,42.6,0.43
T2091,11,0.704,41.6,0.432
T2092,0,0.59,53.5,0.511
T2092,1,0.612,54.2,0.473
T2092,2,0.62,54.1,0.448
T2092,3,0.634,53.5,0.478
T2092,4,0.609,57.6,0.48
T2092,5,0.642,55.2,0.495
T2092,6,0.616,58.6,0.499
T2092,7,0.668,60.7,0.485
T2092,8,0.652,62.7,0.485
T2092,9,0.652,61.6,0.49
T2092,10,0.691,61.1,0.498
T2092,11,0.668,65.3,0.496
T2093,0,0.865,56.6,0.476
T2093,1,0.811,54.6,0.485
T2093,2,0.845,58.0,0.517
T2093,3,0.813,57.2,0.538
T2093,4,0.751,58.8,0.544
T2093,5,0.721,59.4,0.519
T2093,6,0.722,60.5,0.595
T2093,7,0.726,63.7,0.575
T2093,8,0.654,62.0,0.6
T2093,9,0.677,62.7,0.632
T2093,10,0.629,65.1,0.587
T2093,11,0.626,63.0,0.638
T2094,0,0.65,51.8,0.515
T2094,1,0.681,54.2,0.505
T2094,2,0.673,52.1,0.477
T2094,3,0.692,51.3,0.502
T2094,4,0.644,54.1,0.486
T2094,5,0.642,55.3,0.518
T2094,6,0.662,54.9,0.54
T2094,7,0.7,53.2,0.473
T2094,8,0.652,53.2,0.489
T2094,9,0.611,54.9,0.535
T2094,10,0.689,55.4,0.528
T2094,11,0.612,55.5,0.507
T2095,0,0.723,52.7,0.907
T2095,1,0.715,52.6,0.88
T2095,2,0.645,52.1,0.921
T2095,3,0.651,53.2,0.936
T2095,4,0.661,56.0,0.879
T2095,5,0.611,53.1,0.871
T2095,6,0.638,54.5,0.818
T2095,7,0.56,53.2,0.826
T2095,8,0.589,52.8,0.82
T2095,9,0.543,51.9,0.819
T2095,10,0.555,50.0,0.8
T2095,11,0.525,53.8,0.786
T2096,0,0.601,51.7,0.845
T2096,1,0.609,51.6,0.859
T2096,2,0.603,51.1,0.866
T2096,3,0.596,53.9,0.866
T2096,4,0.623,52.4,0.844
T2096,5,0.589,53.8,0.899
T2096,6,0.617,53.6,0.857
T2096,7,0.601,54.2,0.864
T2096,8,0.617,51.2,0.862
T2096,9,0.609,56.1,0.83
T2096,10,0.6,56.1,0.86
T2096,11,0.611,56.3,0.898
T2097,0,0.556,50.8,0.148
T2097,1,0.559,50.7,0.172
T2097,2,0.55,53.2,0.132
T2097,3,0.594,53.2,0.165
T2097,4,0.517,52.6,0.16
T2097,5,0.487,54.9,0.147
T2097,6,0.525,54.1,0.194
T2097,7,0.53,56.6,0.202
T2097,8,0.525,53.8,0.189
T2097,9,0.493,54.6,0.215
T2097,10,0.513,54.2,0.223
T2097,11,0.469,55.1,0.199
T2098,0,0.688,58.0,0.464
T2098,1,0.678,57.5,0.475
T2098,2,0.642,57.1,0.52
T2098,3,0.683,57.3,0.449
T2098,4,0.653,56.8,0.416
T2098,5,0.639,58.9,0.424
T2098,6,0.66,56.7,0.401
T2098,7,0.645,58.0,0.401
T2098,8,0.61,56.6,0.402
T2098,9,0.633,56.3,0.391
T2098,10,0.6,54.5,0.376
T2098,11,0.591,52.6,0.372
T2099,0,0.7,47.7,0.502
T2099,1,0.734,49.1,0.548
T2099,2,0.685,49.5,0.45
T2099,3,0.733,48.9,0.502
T2099,4,0.698,49.5,0.497
T2099,5,0.716,46.9,0.5
T2099,6,0.729,49.1,0.458
T2099,7,0.748,50.5,0.504
T2099,8,0.706,49.9,0.512
T2099,9,0.734,49.6,0.516
T2099,10,0.704,51.1,0.487
T2099,11,0.708,49.2,0.516
T2100,0,0.726,48.9,0.264
T2100,1,0.7,48.5,0.286
T2100,2,0.71,49.5,0.291
T2100,3,0.693,49.0,0.297
T2100,4,0.704,46.6,0.344
T2100,5,0.706,49.1,0.359
T2100,6,0.692,52.4,0.404
T2100,7,0.659,51.1,0.365
T2100,8,0.693,47.2,0.438
T2100,9,0.665,46.3,0.408
T2100,10,0.634,48.0,0.41
T2100,11,0.689,49.7,0.445
T2101,0,0.434,72.1,0.957
T2101,1,0.43,68.7,0.959
T2101,2,0.432,71.2,0.95
T2101,3,0.476,66.8,0.951
T2101,4,0.422,66.1,0.965
T2101,5,0.477,64.3,0.954
T2101,6,0.456,61.9,0.977
T2101,7,0.499,61.0,0.984
T2101,8,0.485,63.6,0.965
T2101,9,0.508,59.4,0.954
T2101,10,0.49,57.0,0.955
T2101,11,0.523,57.6,0.981
T2102,0,0.358,54.6,0.47
T2102,1,0.406,53.7,0.537
T2102,2,0.427,58.9,0.552
T2102,3,0.435,56.6,0.563
T2102,4,0.478,56.6,0.616
T2102,5,0.499,55.6,0.603
T2102,6,0.548,56.6,0.642
T2102,7,0.569,56.0,0.632
T2102,8,0.579,54.3,0.674
T2102,9,0.599,59.6,0.683
T2102,10,0.625,56.8,0.709
T2102,11,0.635,57.3,0.747
T2103,0,0.615,55.9,0.195
T2103,1,0.598,55.6,0.227
T2103,2,0.624,55.1,0.281
T2103,3,0.615,56.3,0.325
T2103,4,0.615,58.3,0.319
T2103,5,0.631,56.0,0.404
T2103,6,0.648,59.9,0.37
T2103,7,0.69,59.6,0.45
T2103,8,0.698,57.9,0.485
T2103,9,0.665,59.9,0.482
T2103,10,0.716,58.3,0.505
T2103,11,0.662,59.4,0.562
T2104,0,0.658,42.4,0.402
T2104,1,0.659,42.9,0.394
T2104,2,0.721,44.4,0.453
T2104,3,0.695,46.6,0.462
T2104,4,0.699,45.7,0.491
T2104,5,0.677,42.1,0.463
T2104,6,0.673,44.5,0.499
T2104,7,0.667,46.9,0.488
T2104,8,0.653,47.1,0.511
T2104,9,0.687,47.9,0.537
T2104,10,0.677,46.7,0.52
T2104,11,0.672,48.2,0.555
T2105,0,0.752,38.4,0.678
T2105,1,0.748,37.5,0.686
T2105,2,0.749,40.1,0.615
T2105,3,0.738,37.8,0.586
T2105,4,0.735,41.7,0.597
T2105,5,0.737,42.8,0.594
T2105,6,0.758,38.8,0.553
T2105,7,0.757,40.2,0.559
T2105,8,0.787,41.7,0.566
T2105,9,0.782,41.7,0.515
T2105,10,0.788,44.1,0.485
T2105,11,0.801,42.4,0.427
T2106,0,0.515,50.3,0.417
T2106,1,0.584,50.2,0.449
T2106,2,0.494,52.3,0.412
T2106,3,0.502,47.6,0.419
T2106,4,0.477,49.5,0.394
T2106,5,0.466,46.8,0.384
T2106,6,0.48,47.1,0.399
T2106,7,0.457,46.4,0.369
T2106,8,0.421,46.0,0.404
T2106,9,0.408,46.8,0.362
T2106,10,0.409,46.2,0.379
T2106,11,0.403,46.8,0.366
T2107,0,0.722,42.9,0.515
T2107,1,0.685,41.4,0.526
T2107,2,0.67,45.8,0.478
T2107,3,0.688,41.6,0.507
T2107,4,0.606,44.8,0.51
T2107,5,0.646,45.4,0.525
T2107,6,0.582,47.7,0.516
T2107,7,0.587,47.9,0.539
T2107,8,0.601,44.9,0.545
T2107,9,0.564,44.9,0.534
T2107,10,0.577,47.1,0.554
T2107,11,0.526,47.9,0.614
T2108,0,0.391,60.0,0.733
T2108,1,0.407,56.0,0.729
T2108,2,0.404,60.1,0.697
T2108,3,0.443,60.8,0.733
T2108,4,0.435,56.4,0.723
T2108,5,0.447,58.5,0.671
T2108,6,0.408,61.5,0.686
T2108,7,0.436,64.7,0.661
T2108,8,0.455,63.3,0.629
T2108,9,0.467,62.7,0.614
T2108,10,0.411,64.6,0.586
T2108,11,0.474,62.9,0.599
T2109,0,0.846,55.0,0.566
T2109,1,0.842,55.0,0.547
T2109,2,0.802,54.1,0.524
T2109,3,0.852,54.0,0.518
T2109,4,0.803,52.5,0.545
T2109,5,0.808,51.4,0.543
T2109,6,0.833,50.9,0.537
T2109,7,0.803,48.2,0.556
T2109,8,0.839,48.5,0.527
T2109,9,0.825,49.9,0.478
T2109,10,0.836,48.9,0.564
T2109,11,0.844,47.4,0.537
T2110,0,0.565,68.6,0.415
T2110,1,0.609,69.0,0.414
T2110,2,0.612,65.7,0.415
T2110,3,0.613,71.1,0.414
T2110,4,0.629,67.2,0.435
T2110,5,0.671,68.2,0.438
T2110,6,0.665,69.4,0.427
T2110,7,0.698,66.6,0.463
T2110,8,0.698,67.4,0.465
T2110,9,0.716,67.3,0.516
T2110,10,0.717,67.2,0.486
T2110,11,0.73,64.2,0.511
T2111,0,0.668,71.1,0.972
T2111,1,0.662,69.4,0.952
T2111,2,0.682,67.1,0.931
T2111,3,0.679,64.6,0.879
T2111,4,0.699,65.1,0.942
T2111,5,0.695,63.8,0.913
T2111,6,0.667,66.7,0.885
T2111,7,0.683,62.8,0.886
T2111,8,0.702,63.5,0.925
T2111,9,0.708,59.8,0.888
T2111,10,0.698,62.1,0.887
T2111,11,0.681,62.3,0.906
T2112,0,0.831,53.5,0.25
T2112,1,0.825,51.9,0.241
T2112,2,0.803,53.0,0.232
T2112,3,0.817,52.4,0.243
T2112,4,0.837,57.9,0.234
T2112,5,0.858,53.5,0.245
T2112,6,0.872,52.2,0.252
T2112,7,0.898,55.1,0.247
T2112,8,0.859,54.2,0.265
T2112,9,0.904,52.7,0.231
T2112,10,0.888,53.3,0.264
T2112,11,0.875,56.0,0.203
T2113,0,0.673,55.9,0.234
T2113,1,0.624,53.4,0.237
T2113,2,0.607,50.6,0.138
T2113,3,0.634,52.3,0.186
T2113,4,0.57,50.5,0.131
T2113,5,0.556,50.4,0.185
T2113,6,0.533,50.1,0.192
T2113,7,0.519,50.1,0.173
T2113,8,0.484,46.6,0.152
T2113,9,0.46,47.5,0.151
T2113,10,0.431,48.6,0.15
T2113,11,0.406,44.4,0.169
T2114,0,0.522,72.2,0.652
T2114,1,0.454,70.7,0.639
T2114,2,0.487,68.5,0.641
T2114,3,0.493,68.6,0.669
T2114,4,0.499,68.4,0.647
T2114,5,0.481,69.0,0.685
T2114,6,0.454,70.2,0.687
T2114,7,0.456,71.6,0.705
T2114,8,0.416,71.0,0.729
T2114,9,0.387,69.3,0.77
T2114,10,0.412,67.3,0.732
T2114,11,0.392,70.4,0.755
T2115,0,0.618,64.6,0.74
T2115,1,0.593,66.6,0.783
T2115,2,0.558,67.2,0.755
T2115,3,0.563,68.4,0.798
T2115,4,0.543,68.3,0.778
T2115,5,0.531,70.1,0.8
T2115,6,0.533,70.4,0.796
T2115,7,0.502,70.2,0.827
T2115,8,0.521,71.5,0.818
T2115,9,0.454,71.0,0.855
T2115,10,0.493,72.7,0.858
T2115,11,0.491,72.3,0.893
T2116,0,0.997,50.0,0.401
T2116,1,0.987,50.4,0.41
T2116,2,0.963,47.7,0.345
T2116,3,0.915,47.8,0.411
T2116,4,0.923,47.2,0.355
T2116,5,0.865,45.4,0.391
T2116,6,0.886,47.0,0.337
T2116,7,0.876,46.0,0.382
T2116,8,0.822,42.3,0.384
T2116,9,0.779,42.9,0.359
T2116,10,0.791,44.0,0.342
T2116,11,0.802,41.1,0.324
T2117,0,0.735,59.6,0.688
T2117,1,0.713,58.6,0.702
T2117,2,0.699,55.5,0.705
T2117,3,0.704,58.7,0.671
T2117,4,0.704,55.6,0.624
T2117,5,0.671,54.3,0.657
T2117,6,0.691,55.1,0.617
T2117,7,0.676,54.2,0.598
T2117,8,0.641,49.6,0.593
T2117,9,0.649,52.8,0.501
T2117,10,0.675,51.6,0.505
T2117,11,0.641,49.4,0.523
T2118,0,0.318,43.5,0.551
T2118,1,0.314,46.1,0.577
T2118,2,0.336,47.1,0.546
T2118,3,0.338,47.0,0.518
T2118,4,0.386,47.6,0.519
T2118,5,0.41,49.3,0.542
T2118,6,0.421,47.2,0.504
T2118,7,0.47,50.6,0.484
T2118,8,0.461,52.9,0.513
T2118,9,0.44,48.2,0.475
T2118,10,0.457,52.2,0.508
T2118,11,0.466,54.3,0.49
T2119,0,0.544,36.0,0.515
T2119,1,0.531,34.3,0.486
T2119,2,0.536,38.0,0.507
T2119,3,0.534,37.1,0.468
T2119,4,0.487,34.7,0.457
T2119,5,0.489,34.4,0.454
T2119,6,0.481,38.3,0.451
T2119,7,0.495,38.7,0.444
T2119,8,0.505,38.0,0.442
T2119,9,0.493,40.6,0.423
T2119,10,0.478,39.9,0.414
T2119,11,0.461,40.4,0.435
T2120,0,0.738,56.3,0.188
T2120,1,0.696,52.3,0.207
T2120,2,0.734,57.3,0.199
T2120,3,0.693,55.5,0.195
T2120,4,0.683,56.2,0.171
T2120,5,0.669,57.0,0.241
T2120,6,0.677,56.8,0.221
T2120,7,0.642,55.5,0.239
T2120,8,0.662,57.7,0.251
T2120,9,0.663,56.4,0.229
T2120,10,0.628,59.9,0.307
T2120,11,0.622,58.6,0.272
T2121,0,0.592,53.4,0.789
T2121,1,0.603,54.2,0.724
T2121,2,0.573,55.1,0.737
T2121,3,0.53,55.2,0.673
T2121,4,0.567,57.4,0.636
T2121,5,0.511,58.9,0.626
T2121,6,0.498,61.1,0.614
T2121,7,0.507,60.9,0.566
T2121,8,0.468,62.7,0.545
T2121,9,0.448,63.3,0.469
T2121,10,0.42,63.3,0.462
T2121,11,0.444,64.4,0.461
T2122,0,0.679,70.3,0.336
T2122,1,0.674,69.5,0.316
T2122,2,0.65,69.1,0.333
T2122,3,0.637,69.0,0.344
T2122,4,0.624,66.5,0.365
T2122,5,0.706,64.2,0.353
T2122,6,0.641,65.0,0.343
T2122,7,0.609,63.5,0.407
T2122,8,0.628,63.8,0.425
T2122,9,0.647,62.3,0.42
T2122,10,0.571,62.5,0.436
T2122,11,0.611,61.8,0.414
T2123,0,0.402,57.0,1.0
T2123,1,0.413,57.3,0.985
T2123,2,0.419,58.0,0.98
T2123,3,0.462,60.1,0.943
T2123,4,0.484,57.8,0.949
T2123,5,0.497,59.3,0.889
T2123,6,0.496,60.8,0.898
T2123,7,0.466,61.1,0.891
T2123,8,0.546,60.6,0.873
T2123,9,0.541,61.1,0.853
T2123,10,0.548,61.1,0.823
T2123,11,0.565,65.8,0.752
T2124,0,0.703,58.5,0.667
T2124,1,0.706,55.2,0.682
T2124,2,0.655,54.9,0.635
T2124,3,0.66,58.1,0.622
T2124,4,0.62,59.4,0.626
T2124,5,0.656,58.8,0.602
T2124,6,0.643,59.7,0.624
T2124,7,0.557,61.3,0.577
T2124,8,0.619,57.7,0.583
T2124,9,0.581,57.8,0.556
T2124,10,0.574,60.3,0.545
T2124,11,0.514,61.3,0.5
T2125,0,0.701,49.4,0.689
T2125,1,0.732,52.2,0.659
T2125,2,0.736,51.6,0.624
T2125,3,0.72,53.0,0.663
T2125,4,0.709,49.8,0.638
T2125,5,0.684,50.9,0.636
T2125,6,0.665,50.7,0.623
T2125,7,0.675,52.1,0.574
T2125,8,0.676,55.6,0.53
T2125,9,0.659,56.3,0.553
T2125,10,0.684,50.7,0.555
T2125,11,0.676,54.5,0.512
T2126,0,0.439,73.5,0.583
T2126,1,0.433,75.6,0.602
T2126,2,0.416,75.3,0.611
T2126,3,0.406,74.2,0.603
T2126,4,0.452,72.7,0.615
T2126,5,0.37,71.1,0.599
T2126,6,0.411,72.0,0.625
T2126,7,0.359,70.6,0.594
T2126,8,0.353,71.4,0.573
T2126,9,0.346,70.4,0.628
T2126,10,0.366,70.4,0.628
T2126,11,0.363,67.9,0.622
T2127,0,0.425,66.7,0.42
T2127,1,0.424,66.3,0.409
T2127,2,0.439,64.9,0.386
T2127,3,0.385,63.6,0.394
T2127,4,0.38,58.8,0.389
T2127,5,0.394,61.2,0.379
T2127,6,0.396,58.5,0.366
T2127,7,0.386,57.7,0.362
T2127,8,0.37,57.8,0.344
T2127,9,0.374,58.9,0.353
T2127,10,0.369,58.0,0.346
T2127,11,0.353,53.8,0.272
T2128,0,0.72,33.3,0.735
T2128,1,0.719,34.5,0.763
T2128,2,0.69,36.7,0.702
T2128,3,0.712,35.7,0.708
T2128,4,0.73,39.7,0.665
T2128,5,0.739,40.6,0.634
T2128,6,0.746,42.7,0.625
T2128,7,0.762,43.3,0.611
T2128,8,0.767,46.0,0.546
T2128,9,0.78,49.8,0.595
T2128,10,0.755,46.4,0.522
T2128,11,0.763,51.7,0.508
T2129,0,0.419,38.0,0.481
T2129,1,0.475,38.3,0.52
T2129,2,0.487,40.8,0.478
T2129,3,0.491,40.2,0.478
T2129,4,0.53,43.9,0.475
T2129,5,0.554,45.1,0.494
T2129,6,0.594,49.0,0.484
T2129,7,0.571,47.2,0.462
T2129,8,0.562,46.2,0.475
T2129,9,0.588,50.3,0.458
T2129,10,0.613,51.6,0.456
T2129,11,0.63,50.7,0.411
T2130,0,0.715,51.1,0.923
T2130,1,0.77,51.4,0.862
T2130,2,0.779,51.4,0.87
T2130,3,0.801,49.1,0.822
T2130,4,0.795,51.4,0.845
T2130,5,0.736,51.0,0.777
T2130,6,0.794,52.1,0.781
T2130,7,0.805,47.9,0.709
T2130,8,0.82,51.2,0.715
T2130,9,0.826,50.7,0.687
T2130,10,0.861,53.6,0.695
T2130,11,0.834,52.3,0.673
T2131,0,0.581,57.4,0.592
T2131,1,0.535,55.7,0.615
T2131,2,0.573,58.3,0.632
T2131,3,0.57,60.5,0.648
T2131,4,0.6,58.9,0.61
T2131,5,0.597,56.7,0.634
T2131,6,0.599,55.7,0.634
T2131,7,0.609,56.9,0.587
T2131,8,0.646,55.8,0.611
T2131,9,0.641,55.1,0.597
T2131,10,0.694,55.1,0.628
T2131,11,0.684,57.6,0.606
T2132,0,0.611,39.6,0.211
T2132,1,0.695,35.4,0.215
T2132,2,0.632,37.3,0.183
T2132,3,0.679,37.4,0.198
T2132,4,0.716,38.9,0.228
T2132,5,0.709,38.4,0.208
T2132,6,0.694,37.2,0.258
T2132,7,0.712,36.9,0.248
T2132,8,0.753,37.9,0.262
T2132,9,0.698,42.1,0.233
T2132,10,0.701,40.2,0.262
T2132,11,0.746,40.6,0.3
T2133,0,0.561,61.5,0.914
T2133,1,0.537,61.2,0.922
T2133,2,0.495,61.6,0.872
T2133,3,0.536,63.9,0.89
T2133,4,0.533,62.2,0.863
T2133,5,0.524,62.4,0.816
T2133,6,0.546,63.4,0.814
T2133,7,0.53,64.2,0.778
T2133,8,0.544,63.1,0.804
T2133,9,0.538,65.2,0.762
T2133,10,0.53,64.7,0.705
T2133,11,0.559,62.2,0.796
T2134,0,0.437,61.9,0.125
T2134,1,0.393,55.8,0.106
T2134,2,0.415,56.8,0.169
T2134,3,0.385,58.8,0.156
T2134,4,0.398,59.1,0.161
T2134,5,0.374,57.0,0.187
T2134,6,0.371,55.3,0.209
T2134,7,0.357,55.9,0.231
T2134,8,0.392,57.7,0.274
T2134,9,0.326,58.8,0.275
T2134,10,0.345,55.9,0.284
T2134,11,0.348,54.2,0.325
T2135,0,0.837,54.5,0.461
T2135,1,0.821,57.6,0.445
T2135,2,0.845,56.4,0.454
T2135,3,0.822,61.1,0.42
T2135,4,0.793,61.3,0.462
T2135,5,0.806,57.6,0.47
T2135,6,0.82,57.2,0.493
T2135,7,0.797,59.7,0.46
T2135,8,0.835,62.2,0.531
T2135,9,0.784,63.6,0.495
T2135,10,0.8,64.6,0.504
T2135,11,0.739,63.6,0.51
T2136,0,0.622,53.3,0.759
T2136,1,0.572,54.2,0.735
T2136,2,0.6,54.5,0.717
T2136,3,0.635,55.3,0.718
T2136,4,0.623,55.2,0.745
T2136,5,0.611,54.9,0.743
T2136,6,0.58,55.0,0.747
T2136,7,0.612,54.3,0.747
T2136,8,0.612,56.2,0.712
T2136,9,0.592,57.0,0.779
T2136,10,0.639,58.2,0.798
T2136,11,0.621,55.6,0.745
T2137,0,0.32,81.5,0.714
T2137,1,0.351,85.9,0.736
T2137,2,0.369,81.8,0.746
T2137,3,0.343,81.8,0.723
T2137,4,0.38,81.1,0.767
T2137,5,0.359,81.2,0.801
T2137,6,0.369,81.0,0.821
T2137,7,0.404,77.1,0.821
T2137,8,0.396,76.3,0.863
T2137,9,0.403,78.4,0.89
T2137,10,0.412,76.2,0.912
T2137,11,0.435,77.3,0.885
T2138,0,0.424,71.9,0.495
T2138,1,0.397,72.7,0.542
T2138,2,0.381,76.5,0.557
T2138,3,0.398,73.8,0.542
T2138,4,0.377,74.3,0.562
T2138,5,0.39,72.8,0.59
T2138,6,0.394,72.3,0.572
T2138,7,0.372,69.2,0.591
T2138,8,0.352,68.1,0.566
T2138,9,0.369,68.0,0.631
T2138,10,0.401,70.3,0.615
T2138,11,0.36,68.7,0.651
T2139,0,0.547,60.4,0.419
T2139,1,0.574,60.3,0.466
T2139,2,0.573,61.0,0.486
T2139,3,0.588,59.4,0.555
T2139,4,0.569,58.0,0.588
T2139,5,0.584,57.1,0.626
T2139,6,0.598,55.1,0.632
T2139,7,0.615,52.5,0.678
T2139,8,0.594,53.5,0.712
T2139,9,0.644,52.6,0.775
T2139,10,0.648,51.5,0.861
T2139,11,0.615,51.0,0.865
T2140,0,0.689,55.2,0.615
T2140,1,0.675,53.2,0.621
T2140,2,0.63,53.3,0.645
T2140,3,0.632,53.0,0.653
T2140,4,0.608,52.0,0.654
T2140,5,0.596,52.4,0.649
T2140,6,0.591,56.6,0.676
T2140,7,0.578,50.4,0.732
T2140,8,0.554,53.2,0.734
T2140,9,0.549,54.6,0.791
T2140,10,0.518,52.0,0.744
T2140,11,0.522,52.7,0.826
T2141,0,0.786,52.3,0.464
T2141,1,0.813,49.5,0.509
T2141,2,0.796,49.9,0.485
T2141,3,0.829,50.1,0.526
T2141,4,0.846,50.9,0.545
T2141,5,0.814,53.5,0.573
T2141,6,0.804,52.0,0.596
T2141,7,0.8,51.5,0.596
T2141,8,0.801,51.5,0.598
T2141,9,0.844,52.8,0.648
T2141,10,0.843,52.6,0.642
T2141,11,0.831,51.1,0.685
T2142,0,0.857,41.0,0.593
T2142,1,0.801,41.0,0.647
T2142,2,0.828,41.9,0.566
T2142,3,0.794,43.1,0.605
T2142,4,0.774,42.5,0.596
T2142,5,0.763,46.1,0.619
T2142,6,0.716,44.0,0.607
T2142,7,0.702,43.7,0.608
T2142,8,0.663,46.9,0.626
T2142,9,0.692,44.2,0.618
T2142,10,0.642,46.3,0.651
T2142,11,0.636,45.0,0.647
T2143,0,0.636,77.1,0.765
T2143,1,0.584,75.2,0.758
T2143,2,0.602,74.7,0.807
T2143,3,0.59,73.6,0.753
T2143,4,0.556,74.0,0.746
T2143,5,0.555,72.4,0.802
T2143,6,0.544,72.5,0.767
T2143,7,0.493,69.9,0.809
T2143,8,0.467,71.3,0.743
T2143,9,0.482,70.4,0.776
T2143,10,0.472,71.4,0.757
T2143,11,0.431,65.8,0.758
T2144,0,0.704,52.8,0.63
T2144,1,0.692,53.7,0.704
T2144,2,0.722,53.6,0.698
T2144,3,0.663,54.9,0.707
T2144,4,0.706,53.3,0.775
T2144,5,0.73,56.5,0.806
T2144,6,0.721,57.0,0.816
T2144,7,0.732,56.3,0.86
T2144,8,0.75,56.4,0.851
T2144,9,0.773,57.1,0.94
T2144,10,0.783,56.6,0.953
T2144,11,0.727,58.0,0.997
T2145,0,0.755,39.6,0.552
T2145,1,0.731,39.1,0.553
T2145,2,0.745,40.3,0.574
T2145,3,0.753,42.2,0.55
T2145,4,0.769,38.3,0.568
T2145,5,0.791,38.7,0.529
T2145,6,0.817,39.5,0.567
T2145,7,0.836,37.2,0.498
T2145,8,0.817,40.6,0.546
T2145,9,0.812,38.1,0.525
T2145,10,0.824,41.2,0.484
T2145,11,0.861,38.2,0.525
T2146,0,0.449,48.0,0.277
T2146,1,0.446,47.6,0.289
T2146,2,0.446,49.3,0.314
T2146,3,0.477,49.9,0.311
T2146,4,0.489,48.7,0.335
T2146,5,0.508,49.0,0.335
T2146,6,0.496,45.0,0.318
T2146,7,0.549,48.4,0.31
T2146,8,0.567,45.0,0.328
T2146,9,0.587,49.1,0.347
T2146,10,0.589,48.1,0.358
T2146,11,0.616,45.7,0.342
T2147,0,0.504,66.0,0.337
T2147,1,0.557,66.5,0.392
T2147,2,0.568,68.3,0.396
T2147,3,0.591,66.0,0.371
T2147,4,0.595,68.1,0.375
T2147,5,0.581,67.1,0.389
T2147,6,0.616,71.3,0.349
T2147,7,0.64,65.6,0.358
T2147,8,0.664,64.7,0.395
T2147,9,0.656,67.2,0.364
T2147,10,0.664,67.6,0.352
T2147,11,0.679,67.8,0.368
T2148,0,0.576,27.5,0.587
T2148,1,0.623,25.9,0.573
T2148,2,0.583,28.8,0.593
T2148,3,0.559,29.9,0.596
T2148,4,0.591,29.8,0.567
T2148,5,0.563,34.0,0.62
T2148,6,0.54,33.6,0.6
T2148,7,0.503,33.2,0.598
T2148,8,0.492,33.0,0.609
T2148,9,0.501,33.5,0.584
T2148,10,0.531,37.3,0.58
T2148,11,0.5,36.8,0.581
T2149,0,0.666,61.7,0.723
T2149,1,0.689,62.6,0.725
T2149,2,0.684,61.4,0.714
T2149,3,0.718,60.0,0.727
T2149,4,0.72,57.5,0.719
T2149,5,0.669,60.4,0.727
T2149,6,0.701,56.8,0.735
T2149,7,0.671,57.6,0.745
T2149,8,0.636,57.2,0.741
T2149,9,0.721,56.5,0.688
T2149,10,0.673,56.8,0.693
T2149,11,0.709,57.9,0.715
T2150,0,0.914,49.3,0.179
T2150,1,0.849,47.7,0.217
T2150,2,0.84,45.6,0.232
T2150,3,0.855,50.1,0.224
T2150,4,0.813,47.2,0.238
T2150,5,0.78,48.3,0.249
T2150,6,0.777,50.2,0.204
T2150,7,0.763,52.9,0.239
T2150,8,0.755,46.6,0.233
T2150,9,0.726,51.4,0.247
T2150,10,0.695,48.0,0.239
T2150,11,0.678,51.4,0.262
T2151,0,0.566,45.3,0.727
T2151,1,0.564,48.5,0.721
T2151,2,0.559,47.6,0.745
T2151,3,0.565,51.1,0.705
T2151,4,0.566,51.5,0.717
T2151,5,0.559,50.8,0.708
T2151,6,0.598,51.8,0.697
T2151,7,0.579,53.6,0.732
T2151,8,0.593,52.6,0.686
T2151,9,0.603,53.4,0.671
T2151,10,0.594,55.4,0.72
T2151,11,0.575,54.9,0.699
T2152,0,0.717,54.3,0.366
T2152,1,0.697,54.8,0.373
T2152,2,0.681,55.3,0.33
T2152,3,0.712,57.2,0.363
T2152,4,0.719,58.1,0.391
T2152,5,0.761,58.5,0.415
T2152,6,0.721,61.1,0.436
T2152,7,0.724,60.6,0.448
T2152,8,0.777,62.7,0.465
T2152,9,0.769,60.6,0.435
T2152,10,0.798,65.4,0.403
T2152,11,0.788,63.5,0.436
T2153,0,0.264,66.7,0.666
T2153,1,0.293,67.3,0.692
T2153,2,0.338,66.4,0.707
T2153,3,0.376,66.1,0.693
T2153,4,0.383,62.7,0.725
T2153,5,0.431,64.1,0.746
T2153,6,0.44,60.9,0.75
T2153,7,0.466,64.2,0.769
T2153,8,0.491,61.5,0.786
T2153,9,0.512,60.7,0.833
T2153,10,0.556,58.2,0.822
T2153,11,0.598,58.6,0.869
T2154,0,0.861,68.8,0.642
T2154,1,0.842,69.5,0.654
T2154,2,0.863,67.0,0.642
T2154,3,0.844,67.6,0.628
T2154,4,0.84,67.0,0.654
T2154,5,0.81,65.4,0.647
T2154,6,0.824,65.7,0.69
T2154,7,0.865,66.2,0.713
T2154,8,0.826,64.9,0.696
T2154,9,0.815,64.8,0.703
T2154,10,0.865,65.9,0.734
T2154,11,0.831,61.8,0.745
T2155,0,0.47,44.0,0.527
T2155,1,0.517,47.0,0.498
T2155,2,0.468,47.7,0.456
T2155,3,0.472,48.2,0.468
T2155,4,0.487,51.0,0.495
T2155,5,0.499,49.7,0.468
T2155,6,0.509,49.9,0.469
T2155,7,0.563,48.1,0.457
T2155,8,0.504,49.1,0.505
T2155,9,0.56,49.0,0.458
T2155,10,0.523,53.8,0.435
T2155,11,0.59,55.9,0.46
T2156,0,0.639,46.8,0.309
T2156,1,0.649,48.3,0.327
T2156,2,0.648,49.0,0.326
T2156,3,0.675,49.6,0.331
T2156,4,0.698,53.3,0.351
T2156,5,0.664,48.9,0.321
T2156,6,0.659,53.8,0.356
T2156,7,0.695,54.0,0.373
T2156,8,0.692,52.9,0.356
T2156,9,0.679,52.8,0.379
T2156,10,0.71,54.5,0.386
T2156,11,0.722,56.0,0.387
T2157,0,0.502,49.2,0.322
T2157,1,0.494,47.8,0.3
T2157,2,0.504,47.0,0.357
T2157,3,0.464,49.1,0.354
T2157,4,0.462,47.4,0.379
T2157,5,0.544,48.3,0.408
T2157,6,0.529,48.5,0.441
T2157,7,0.53,48.8,0.449
T2157,8,0.497,49.8,0.481
T2157,9,0.547,47.8,0.47
T2157,10,0.564,50.5,0.487
T2157,11,0.542,51.1,0.539
T2158,0,0.646,51.1,0.483
T2158,1,0.658,51.0,0.461
T2158,2,0.609,49.6,0.471
T2158,3,0.626,50.3,0.478
T2158,4,0.631,48.6,0.473
T2158,5,0.585,47.8,0.492
T2158,6,0.601,52.2,0.491
T2158,7,0.608,48.0,0.49
T2158,8,0.622,43.9,0.542
T2158,9,0.591,48.6,0.51
T2158,10,0.61,48.7,0.523
T2158,11,0.594,47.4,0.515
T2159,0,0.422,54.7,0.846
T2159,1,0.401,56.1,0.816
T2159,2,0.428,55.4,0.846
T2159,3,0.435,56.1,0.823
T2159,4,0.43,54.6,0.796
T2159,5,0.445,58.4,0.838
T2159,6,0.433,60.0,0.799
T2159,7,0.436,57.1,0.841
T2159,8,0.445,59.5,0.785
T2159,9,0.475,57.4,0.822
T2159,10,0.449,56.3,0.838
T2159,11,0.425,55.5,0.832
T2160,0,0.485,69.3,0.37
T2160,1,0.466,65.1,0.378
T2160,2,0.46,64.2,0.384
T2160,3,0.489,62.6,0.435
T2160,4,0.466,61.0,0.418
T2160,5,0.438,62.2,0.459
T2160,6,0.425,63.3,0.46
T2160,7,0.381,59.6,0.456
T2160,8,0.43,59.9,0.456
T2160,9,0.36,61.5,0.503
T2160,10,0.364,56.3,0.468
T2160,11,0.385,54.9,0.52
T2161,0,0.256,39.0,0.224
T2161,1,0.241,41.7,0.229
T2161,2,0.224,41.9,0.239
T2161,3,0.278,40.3,0.243
T2161,4,0.248,44.1,0.279
T2161,5,0.305,42.9,0.268
T2161,6,0.305,41.2,0.274
T2161,7,0.29,42.8,0.254
T2161,8,0.314,43.1,0.293
T2161,9,0.313,43.5,0.262
T2161,10,0.321,43.9,0.301
T2161,11,0.308,43.8,0.314
T2162,0,0.831,68.7,0.605
T2162,1,0.791,64.8,0.617
T2162,2,0.808,64.3,0.606
T2162,3,0.783,68.6,0.635
T2162,4,0.736,67.7,0.652
T2162,5,0.687,65.2,0.651
T2162,6,0.674,65.0,0.682
T2162,7,0.688,66.9,0.635
T2162,8,0.652,68.5,0.684
T2162,9,0.63,68.2,0.636
T2162,10,0.583,67.4,0.687
T2162,11,0.589,64.0,0.681
T2163,0,0.61,46.4,0.8
T2163,1,0.603,44.4,0.8
T2163,2,0.62,46.8,0.777
T2163,3,0.615,46.1,0.733
T2163,4,0.609,45.6,0.745
T2163,5,0.639,46.4,0.754
T2163,6,0.665,47.0,0.714
T2163,7,0.665,47.4,0.708
T2163,8,0.656,47.6,0.683
T2163,9,0.666,47.0,0.674
T2163,10,0.664,47.6,0.643
T2163,11,0.659,46.4,0.661
T2164,0,0.924,49.8,0.806
T2164,1,0.876,47.6,0.8
T2164,2,0.858,45.8,0.856
T2164,3,0.823,46.7,0.796
T2164,4,0.8,48.5,0.845
T2164,5,0.757,48.7,0.891
T2164,6,0.753,47.8,0.805
T2164,7,0.742,49.8,0.792
T2164,8,0.727,51.6,0.812
T2164,9,0.709,50.4,0.828
T2164,10,0.672,48.0,0.792
T2164,11,0.646,49.4,0.805
T2165,0,0.893,51.8,0.311
T2165,1,0.884,51.6,0.37
T2165,2,0.86,52.8,0.419
T2165,3,0.835,52.3,0.402
T2165,4,0.837,53.6,0.441
T2165,5,0.808,57.0,0.445
T2165,6,0.784,56.1,0.413
T2165,7,0.806,55.4,0.475
T2165,8,0.771,57.9,0.519
T2165,9,0.772,59.9,0.516
T2165,10,0.782,58.9,0.501
T2165,11,0.783,59.4,0.528
T2166,0,0.732,49.9,0.767
T2166,1,0.758,51.9,0.73
T2166,2,0.761,51.9,0.732
T2166,3,0.752,50.1,0.767
T2166,4,0.761,52.7,0.77
T2166,5,0.776,50.4,0.716
T2166,6,0.749,51.7,0.704
T2166,7,0.764,53.0,0.764
T2166,8,0.776,54.3,0.747
T2166,9,0.737,54.5,0.756
T2166,10,0.761,54.4,0.714
T2166,11,0.761,55.0,0.757
T2167,0,0.617,64.9,0.782
T2167,1,0.618,64.3,0.741
T2167,2,0.641,62.2,0.745
T2167,3,0.606,61.6,0.714
T2167,4,0.599,56.5,0.719
T2167,5,0.603,61.8,0.686
T2167,6,0.577,60.4,0.683
T2167,7,0.591,56.4,0.67
T2167,8,0.592,60.1,0.63
T2167,9,0.559,57.3,0.571
T2167,10,0.586,57.0,0.572
T2167,11,0.544,58.1,0.526
T2168,0,0.531,56.1,0.331
T2168,1,0.514,56.5,0.327
T2168,2,0.544,53.0,0.37
T2168,3,0.555,59.5,0.327
T2168,4,0.513,55.7,0.334
T2168,5,0.49,55.5,0.331
T2168,6,0.507,57.9,0.387
T2168,7,0.519,58.4,0.346
T2168,8,0.487,60.0,0.41
T2168,9,0.486,55.3,0.418
T2168,10,0.519,60.5,0.351
T2168,11,0.444,62.1,0.396
T2169,0,0.53,45.0,0.124
T2169,1,0.523,45.1,0.143
T2169,2,0.557,43.2,0.208
T2169,3,0.572,45.2,0.202
T2169,4,0.589,46.8,0.183
T2169,5,0.568,42.6,0.21
T2169,6,0.525,45.1,0.234
T2169,7,0.564,47.2,0.193
T2169,8,0.635,47.3,0.218
T2169,9,0.598,48.3,0.24
T2169,10,0.596,47.7,0.231
T2169,11,0.632,46.9,0.264
T2170,0,0.996,40.7,0.453
T2170,1,0.99,38.3,0.479
T2170,2,1.0,40.0,0.454
T2170,3,0.954,40.8,0.478
T2170,4,0.932,39.5,0.494
T2170,5,0.965,43.4,0.43
T2170,6,0.96,40.4,0.388
T2170,7,0.962,41.4,0.414
T2170,8,0.944,41.0,0.443
T2170,9,0.973,41.5,0.427
T2170,10,0.914,43.4,0.455
T2170,11,0.877,46.2,0.447
T2171,0,0.655,51.4,0.271
T2171,1,0.691,47.7,0.256
T2171,2,0.619,48.9,0.299
T2171,3,0.598,49.9,0.26
T2171,4,0.608,48.3,0.236
T2171,5,0.568,48.7,0.25
T2171,6,0.555,46.1,0.264
T2171,7,0.556,48.5,0.223
T2171,8,0.52,49.3,0.192
T2171,9,0.496,43.3,0.192
T2171,10,0.471,51.7,0.237
T2171,11,0.48,44.6,0.242
T2172,0,0.67,60.7,0.624
T2172,1,0.671,62.3,0.583
T2172,2,0.734,61.5,0.58
T2172,3,0.729,58.5,0.561
T2172,4,0.708,65.9,0.609
T2172,5,0.728,63.5,0.574
T2172,6,0.718,63.6,0.606
T2172,7,0.729,64.8,0.573
T2172,8,0.744,66.3,0.57
T2172,9,0.748,67.6,0.554
T2172,10,0.722,67.5,0.585
T2172,11,0.784,65.4,0.575
T2173,0,0.817,51.1,0.612
T2173,1,0.837,53.3,0.604
T2173,2,0.84,50.7,0.598
T2173,3,0.818,54.2,0.577
T2173,4,0.809,54.9,0.559
T2173,5,0.811,53.9,0.558
T2173,6,0.826,53.9,0.569
T2173,7,0.812,54.6,0.567
T2173,8,0.754,54.1,0.515
T2173,9,0.792,56.6,0.5
T2173,10,0.817,55.9,0.538
T2173,11,0.838,57.3,0.528
T2174,0,0.716,64.2,0.326
T2174,1,0.71,59.7,0.376
T2174,2,0.72,61.2,0.389
T2174,3,0.713,59.2,0.357
T2174,4,0.71,59.2,0.38
T2174,5,0.688,56.6,0.386
T2174,6,0.699,55.4,0.37
T2174,7,0.717,54.2,0.395
T2174,8,0.718,56.0,0.449
T2174,9,0.713,52.4,0.422
T2174,10,0.691,50.8,0.44
T2174,11,0.655,50.5,0.421
T2175,0,1.0,54.2,0.781
T2175,1,0.984,51.7,0.799
T2175,2,1.0,53.3,0.77
T2175,3,0.985,54.6,0.765
T2175,4,0.939,53.0,0.797
T2175,5,0.888,50.6,0.802
T2175,6,0.913,53.8,0.848
T2175,7,0.926,52.6,0.834
T2175,8,0.883,51.2,0.818
T2175,9,0.934,52.9,0.882
T2175,10,0.874,53.0,0.863
T2175,11,0.838,52.2,0.853
T2176,0,0.711,64.0,0.586
T2176,1,0.66,63.7,0.537
T2176,2,0.633,59.7,0.556
T2176,3,0.694,61.3,0.481
T2176,4,0.68,60.4,0.441
T2176,5,0.684,59.1,0.432
T2176,6,0.638,61.6,0.383
T2176,7,0.645,58.2,0.349
T2176,8,0.656,58.5,0.319
T2176,9,0.631,58.2,0.315
T2176,10,0.629,58.6,0.306
T2176,11,0.594,58.4,0.329
T2177,0,0.51,54.6,0.481
T2177,1,0.515,53.8,0.467
T2177,2,0.533,55.0,0.459
T2177,3,0.5,55.3,0.464
T2177,4,0.487,53.1,0.495
T2177,5,0.506,53.4,0.459
T2177,6,0.486,53.5,0.514
T2177,7,0.495,55.4,0.486
T2177,8,0.493,55.1,0.458
T2177,9,0.494,54.4,0.521
T2177,10,0.473,53.1,0.453
T2177,11,0.488,54.7,0.488
T2178,0,0.985,59.1,0.535
T2178,1,0.998,60.8,0.546
T2178,2,0.986,60.9,0.564
T2178,3,0.968,60.1,0.567
T2178,4,0.96,55.1,0.573
T2178,5,0.903,60.3,0.569
T2178,6,0.955,58.9,0.578
T2178,7,0.913,58.4,0.591
T2178,8,0.911,58.5,0.63
T2178,9,0.922,58.4,0.636
T2178,10,0.886,57.2,0.636
T2178,11,0.871,56.3,0.623
T2179,0,0.991,30.8,0.165
T2179,1,1.0,33.2,0.231
T2179,2,1.0,30.9,0.179
T2179,3,0.966,28.5,0.219
T2179,4,0.948,30.5,0.179
T2179,5,0.956,32.8,0.239
T2179,6,0.886,28.8,0.191
T2179,7,0.902,31.0,0.207
T2179,8,0.885,30.8,0.248
T2179,9,0.886,33.0,0.268
T2179,10,0.855,34.3,0.242
T2179,11,0.829,32.7,0.244
T2180,0,0.593,67.7,0.903
T2180,1,0.605,66.9,0.9
T2180,2,0.551,69.7,0.884
T2180,3,0.512,67.5,0.881
T2180,4,0.489,68.3,0.92
T2180,5,0.409,70.1,0.918
T2180,6,0.431,72.2,0.892
T2180,7,0.445,68.7,0.92
T2180,8,0.413,70.2,0.895
T2180,9,0.368,70.5,0.898
T2180,10,0.36,68.2,0.873
T2180,11,0.301,70.4,0.903
T2181,0,0.395,56.0,1.0
T2181,1,0.414,54.7,0.988
T2181,2,0.362,56.4,1.0
T2181,3,0.425,56.3,0.947
T2181,4,0.421,59.3,0.966
T2181,5,0.437,56.2,0.949
T2181,6,0.448,55.3,0.925
T2181,7,0.469,58.0,0.984
T2181,8,0.466,50.3,0.935
T2181,9,0.47,54.8,0.915
T2181,10,0.444,56.4,0.93
T2181,11,0.484,54.9,0.904
T2182,0,0.588,49.6,0.461
T2182,1,0.666,48.6,0.427
T2182,2,0.631,53.9,0.474
T2182,3,0.638,51.4,0.485
T2182,4,0.677,48.8,0.538
T2182,5,0.658,51.5,0.553
T2182,6,0.689,50.0,0.589
T2182,7,0.697,52.2,0.572
T2182,8,0.725,49.3,0.632
T2182,9,0.723,54.7,0.621
T2182,10,0.722,53.0,0.631
T2182,11,0.761,53.9,0.678
T2183,0,0.833,36.0,0.213
T2183,1,0.827,35.3,0.243
T2183,2,0.806,36.7,0.257
T2183,3,0.821,37.9,0.271
T2183,4,0.823,40.2,0.275
T2183,5,0.812,36.6,0.216
T2183,6,0.764,36.6,0.236
T2183,7,0.807,41.9,0.274
T2183,8,0.773,43.0,0.253
T2183,9,0.752,40.7,0.288
T2183,10,0.776,43.6,0.269
T2183,11,0.764,41.5,0.227
T2184,0,0.77,40.1,0.546
T2184,1,0.798,41.2,0.598
T2184,2,0.809,40.0,0.6
T2184,3,0.812,38.8,0.634
T2184,4,0.861,43.6,0.664
T2184,5,0.792,44.8,0.651
T2184,6,0.857,45.2,0.694
T2184,7,0.853,48.5,0.674
T2184,8,0.898,46.5,0.747
T2184,9,0.877,47.2,0.723
T2184,10,0.901,48.3,0.803
T2184,11,0.911,50.5,0.756
T2185,0,0.691,56.8,0.403
T2185,1,0.673,55.2,0.381
T2185,2,0.654,58.6,0.392
T2185,3,0.675,59.4,0.411
T2185,4,0.668,59.9,0.422
T2185,5,0.721,60.4,0.411
T2185,6,0.719,62.1,0.424
T2185,7,0.698,62.8,0.404
T2185,8,0.68,62.0,0.464
T2185,9,0.727,63.6,0.461
T2185,10,0.721,66.8,0.482
T2185,11,0.74,65.4,0.523
T2186,0,0.73,49.9,0.606
T2186,1,0.757,50.5,0.614
T2186,2,0.701,51.0,0.571
T2186,3,0.71,53.0,0.583
T2186,4,0.735,53.6,0.599
T2186,5,0.718,55.0,0.584
T2186,6,0.723,54.1,0.589
T2186,7,0.686,53.7,0.603
T2186,8,0.68,51.4,0.594
T2186,9,0.68,54.8,0.622
T2186,10,0.678,57.6,0.58
T2186,11,0.67,56.6,0.577
T2187,0,0.768,58.7,0.983
T2187,1,0.792,59.2,1.0
T2187,2,0.816,59.1,0.953
T2187,3,0.754,59.0,1.0
T2187,4,0.8,59.9,1.0
T2187,5,0.789,60.6,0.975
T2187,6,0.797,61.1,1.0
T2187,7,0.799,59.7,0.946
T2187,8,0.794,60.2,0.97
T2187,9,0.797,58.5,0.968
T2187,10,0.806,60.8,1.0
T2187,11,0.807,59.6,0.988
T2188,0,0.766,46.1,0.517
T2188,1,0.75,45.4,0.54
T2188,2,0.729,45.9,0.541
T2188,3,0.737,45.9,0.573
T2188,4,0.703,44.7,0.544
T2188,5,0.666,46.2,0.545
T2188,6,0.653,48.2,0.567
T2188,7,0.693,44.7,0.548
T2188,8,0.642,46.8,0.539
T2188,9,0.656,47.4,0.538
T2188,10,0.642,46.3,0.512
T2188,11,0.605,45.8,0.533
T2189,0,0.743,48.4,0.9
T2189,1,0.705,46.3,0.843
T2189,2,0.722,51.7,0.886
T2189,3,0.768,51.1,0.878
T2189,4,0.735,51.5,0.879
T2189,5,0.746,53.8,0.84
T2189,6,0.735,53.9,0.815
T2189,7,0.749,53.4,0.861
T2189,8,0.716,54.7,0.849
T2189,9,0.737,55.8,0.844
T2189,10,0.748,57.6,0.823
T2189,11,0.743,56.2,0.813
T2190,0,0.523,72.0,0.275
T2190,1,0.551,69.5,0.259
T2190,2,0.536,69.3,0.266
T2190,3,0.56,67.0,0.295
T2190,4,0.524,67.4,0.287
T2190,5,0.528,65.6,0.317
T2190,6,0.542,65.8,0.3
T2190,7,0.548,66.0,0.265
T2190,8,0.524,63.2,0.268
T2190,9,0.543,63.3,0.301
T2190,10,0.529,62.7,0.299
T2190,11,0.492,61.1,0.3
T2191,0,0.1,46.7,0.558
T2191,1,0.08,49.2,0.596
T2191,2,0.1,50.7,0.576
T2191,3,0.125,49.0,0.593
T2191,4,0.176,50.7,0.629
T2191,5,0.227,49.1,0.646
T2191,6,0.17,51.4,0.607
T2191,7,0.272,50.4,0.632
T2191,8,0.271,52.0,0.648
T2191,9,0.294,52.2,0.684
T2191,10,0.325,50.7,0.637
T2191,11,0.364,53.0,0.67
T2192,0,0.579,46.5,0.281
T2192,1,0.58,46.8,0.287
T2192,2,0.543,46.4,0.289
T2192,3,0.591,49.3,0.263
T2192,4,0.625,48.8,0.255
T2192,5,0.596,49.7,0.228
T2192,6,0.612,48.4,0.232
T2192,7,0.539,48.9,0.24
T2192,8,0.553,49.7,0.188
T2192,9,0.55,48.5,0.21
T2192,10,0.579,48.2,0.236
T2192,11,0.548,50.0,0.192
T2193,0,0.878,46.1,0.538
T2193,1,0.864,46.6,0.558
T2193,2,0.85,48.6,0.555
T2193,3,0.849,46.6,0.526
T2193,4,0.852,46.9,0.523
T2193,5,0.839,48.5,0.504
T2193,6,0.812,48.6,0.551
T2193,7,0.831,44.9,0.54
T2193,8,0.796,46.8,0.532
T2193,9,0.835,47.0,0.495
T2193,10,0.81,48.9,0.49
T2193,11,0.814,47.7,0.518
T2194,0,0.656,52.6,0.914
T2194,1,0.67,54.0,0.927
T2194,2,0.678,52.0,0.895
T2194,3,0.635,56.8,0.91
T2194,4,0.672,52.4,0.791
T2194,5,0.665,53.5,0.843
T2194,6,0.639,51.1,0.805
T2194,7,0.631,50.4,0.791
T2194,8,0.652,50.3,0.759
T2194,9,0.613,52.2,0.774
T2194,10,0.616,48.5,0.744
T2194,11,0.61,52.2,0.727
T2195,0,0.308,71.7,0.923
T2195,1,0.295,69.3,0.863
T2195,2,0.347,70.4,0.879
T2195,3,0.346,70.1,0.841
T2195,4,0.402,69.2,0.837
T2195,5,0.353,66.8,0.849
T2195,6,0.365,67.1,0.8
T2195,7,0.422,66.4,0.859
T2195,8,0.405,65.7,0.797
T2195,9,0.414,64.5,0.809
T2195,10,0.449,63.7,0.785
T2195,11,0.505,62.2,0.784
T2196,0,0.942,55.1,0.374
T2196,1,0.954,56.3,0.361
T2196,2,0.932,52.8,0.387
T2196,3,0.913,53.5,0.382
T2196,4,0.905,53.1,0.325
T2196,5,0.913,52.4,0.311
T2196,6,0.865,51.3,0.355
T2196,7,0.91,49.7,0.392
T2196,8,0.847,47.9,0.331
T2196,9,0.812,51.1,0.34
T2196,10,0.841,48.0,0.353
T2196,11,0.784,47.1,0.335
T2197,0,0.919,52.9,0.51
T2197,1,0.904,52.7,0.552
T2197,2,0.906,52.5,0.526
T2197,3,0.914,50.6,0.531
T2197,4,0.905,54.3,0.575
T2197,5,0.899,51.1,0.555
T2197,6,0.858,55.0,0.593
T2197,7,0.865,52.3,0.511
T2197,8,0.866,52.3,0.599
T2197,9,0.868,54.0,0.528
T2197,10,0.872,52.2,0.589
T2197,11,0.876,50.2,0.608
T2198,0,0.401,64.1,0.83
T2198,1,0.447,61.7,0.82
T2198,2,0.467,63.4,0.808
T2198,3,0.411,61.0,0.785
T2198,4,0.391,62.8,0.789
T2198,5,0.409,62.4,0.829
T2198,6,0.385,60.4,0.812
T2198,7,0.393,61.0,0.801
T2198,8,0.369,60.7,0.773
T2198,9,0.374,60.1,0.757
T2198,10,0.419,62.0,0.781
T2198,11,0.335,60.9,0.761
T2199,0,0.396,70.2,0.806
T2199,1,0.385,70.5,0.835
T2199,2,0.428,70.3,0.81
T2199,3,0.4,67.6,0.749
T2199,4,0.422,67.5,0.761
T2199,5,0.436,65.6,0.795
T2199,6,0.477,69.2,0.739
T2199,7,0.444,66.7,0.737
T2199,8,0.466,61.6,0.759
T2199,9,0.46,64.6,0.767
T2199,10,0.449,64.3,0.739
T2199,11,0.516,63.2,0.745
T2200,0,0.621,33.3,0.639
T2200,1,0.595,36.2,0.666
T2200,2,0.652,33.0,0.674
T2200,3,0.682,38.2,0.658
T2200,4,0.66,37.7,0.699
T2200,5,0.687,40.8,0.701
T2200,6,0.709,41.5,0.699
T2200,7,0.664,42.0,0.67
T2200,8,0.68,38.1,0.682
T2200,9,0.682,43.9,0.718
T2200,10,0.705,41.5,0.693
T2200,11,0.716,46.7,0.75
T2201,0,0.538,61.4,0.531
T2201,1,0.551,64.6,0.59
T2201,2,0.579,61.3,0.626
T2201,3,0.546,61.9,0.637
T2201,4,0.532,61.6,0.644
T2201,5,0.546,62.3,0.643
T2201,6,0.516,62.2,0.669
T2201,7,0.508,65.5,0.686
T2201,8,0.479,58.3,0.771
T2201,9,0.496,61.4,0.767
T2201,10,0.485,63.3,0.775
T2201,11,0.465,62.0,0.835
T2202,0,0.755,69.1,0.788
T2202,1,0.747,70.4,0.789
T2202,2,0.732,68.5,0.814
T2202,3,0.731,68.0,0.813
T2202,4,0.703,68.8,0.793
T2202,5,0.701,64.7,0.814
T2202,6,0.704,68.6,0.78
T2202,7,0.681,68.1,0.83
T2202,8,0.66,66.6,0.797
T2202,9,0.65,63.5,0.801
T2202,10,0.649,65.2,0.791
T2202,11,0.608,65.2,0.81
T2203,0,0.708,62.5,0.4
T2203,1,0.736,61.3,0.412
T2203,2,0.763,58.7,0.419
T2203,3,0.744,57.2,0.391
T2203,4,0.741,57.9,0.389
T2203,5,0.753,58.4,0.462
T2203,6,0.755,55.3,0.441
T2203,7,0.797,56.3,0.42
T2203,8,0.793,52.9,0.462
T2203,9,0.819,54.7,0.498
T2203,10,0.808,52.6,0.472
T2203,11,0.826,52.3,0.502
T2204,0,0.606,45.9,0.572
T2204,1,0.594,47.4,0.574
T2204,2,0.577,48.7,0.563
T2204,3,0.598,48.3,0.534
T2204,4,0.57,51.5,0.529
T2204,5,0.617,49.5,0.479
T2204,6,0.615,52.4,0.492
T2204,7,0.605,54.4,0.486
T2204,8,0.552,50.6,0.481
T2204,9,0.55,54.5,0.458
T2204,10,0.576,53.0,0.465
T2204,11,0.581,50.0,0.46
T2205,0,0.432,46.9,0.541
T2205,1,0.421,47.8,0.57
T2205,2,0.435,48.7,0.544
T2205,3,0.422,47.5,0.558
T2205,4,0.45,45.0,0.499
T2205,5,0.476,47.0,0.532
T2205,6,0.449,47.1,0.485
T2205,7,0.458,47.3,0.502
T2205,8,0.517,46.8,0.453
T2205,9,0.504,43.1,0.473
T2205,10,0.536,43.9,0.478
T2205,11,0.535,46.1,0.458
T2206,0,0.663,57.8,0.417
T2206,1,0.671,58.4,0.39
T2206,2,0.654,55.8,0.418
T2206,3,0.677,55.0,0.437
T2206,4,0.621,55.0,0.436
T2206,5,0.641,52.8,0.412
T2206,6,0.599,54.4,0.406
T2206,7,0.628,57.3,0.431
T2206,8,0.587,53.3,0.426
T2206,9,0.589,53.3,0.413
T2206,10,0.612,52.3,0.39
T2206,11,0.634,54.0,0.418
T2207,0,0.72,71.7,0.539
T2207,1,0.693,70.1,0.561
T2207,2,0.667,70.7,0.535
T2207,3,0.709,71.4,0.518
T2207,4,0.667,68.4,0.505
T2207,5,0.68,67.3,0.57
T2207,6,0.679,67.4,0.521
T2207,7,0.643,68.4,0.526
T2207,8,0.686,64.3,0.508
T2207,9,0.677,65.8,0.504
T2207,10,0.657,64.6,0.519
T2207,11,0.641,62.9,0.566
T2208,0,0.152,56.9,0.461
T2208,1,0.156,55.4,0.465
T2208,2,0.19,58.6,0.461
T2208,3,0.205,56.1,0.418
T2208,4,0.223,54.3,0.472
T2208,5,0.255,54.8,0.451
T2208,6,0.282,54.1,0.447
T2208,7,0.328,52.8,0.439
T2208,8,0.298,54.4,0.447
T2208,9,0.368,56.9,0.417
T2208,10,0.362,53.7,0.429
T2208,11,0.386,52.1,0.424
T2209,0,0.34,57.3,0.739
T2209,1,0.359,60.2,0.739
T2209,2,0.379,57.7,0.728
T2209,3,0.356,56.5,0.743
T2209,4,0.367,59.6,0.733
T2209,5,0.454,61.0,0.7
T2209,6,0.438,57.6,0.707
T2209,7,0.449,58.9,0.71
T2209,8,0.516,59.8,0.742
T2209,9,0.449,57.8,0.738
T2209,10,0.519,55.9,0.764
T2209,11,0.545,60.2,0.74
T2210,0,0.252,76.1,0.805
T2210,1,0.314,71.9,0.847
T2210,2,0.279,70.5,0.844
T2210,3,0.344,71.6,0.833
T2210,4,0.4,74.8,0.853
T2210,5,0.403,72.0,0.863
T2210,6,0.424,70.2,0.891
T2210,7,0.443,70.0,0.86
T2210,8,0.454,70.9,0.859
T2210,9,0.475,67.1,0.867
T2210,10,0.519,66.4,0.87
T2210,11,0.549,66.7,0.851
T2211,0,0.656,52.4,0.919
T2211,1,0.588,54.4,0.931
T2211,2,0.561,53.8,0.898
T2211,3,0.548,55.2,0.85
T2211,4,0.52,53.8,0.835
T2211,5,0.465,53.6,0.813
T2211,6,0.455,55.3,0.801
T2211,7,0.442,54.8,0.76
T2211,8,0.437,55.1,0.719
T2211,9,0.389,54.7,0.664
T2211,10,0.396,51.9,0.668
T2211,11,0.354,55.8,0.629
T2212,0,0.832,57.8,0.386
T2212,1,0.808,57.9,0.423
T2212,2,0.827,57.7,0.519
T2212,3,0.81,57.9,0.519
T2212,4,0.823,57.4,0.514
T2212,5,0.786,58.4,0.535
T2212,6,0.806,58.1,0.562
T2212,7,0.792,58.3,0.603
T2212,8,0.779,57.5,0.616
T2212,9,0.787,58.0,0.682
T2212,10,0.822,59.7,0.678
T2212,11,0.76,58.7,0.678
T2213,0,0.911,71.6,0.1
T2213,1,0.874,68.8,0.1
T2213,2,0.86,67.5,0.137
T2213,3,0.815,63.8,0.114
T2213,4,0.811,62.1,0.114
T2213,5,0.777,62.2,0.1
T2213,6,0.76,59.9,0.126
T2213,7,0.743,56.1,0.143
T2213,8,0.771,58.7,0.167
T2213,9,0.739,54.3,0.149
T2213,10,0.711,54.5,0.136
T2213,11,0.687,50.0,0.165
T2214,0,0.847,45.3,0.661
T2214,1,0.869,45.8,0.664
T2214,2,0.875,45.8,0.634
T2214,3,0.828,48.3,0.712
T2214,4,0.822,48.7,0.646
T2214,5,0.766,47.5,0.628
T2214,6,0.765,48.3,0.656
T2214,7,0.77,49.9,0.672
T2214,8,0.771,49.3,0.719
T2214,9,0.74,51.3,0.748
T2214,10,0.745,53.4,0.742
T2214,11,0.696,52.0,0.699
T2215,0,0.808,38.4,0.388
T2215,1,0.794,34.8,0.345
T2215,2,0.806,36.1,0.361
T2215,3,0.819,39.1,0.353
T2215,4,0.794,40.2,0.362
T2215,5,0.8,41.2,0.362
T2215,6,0.835,43.4,0.326
T2215,7,0.818,46.1,0.328
T2215,8,0.842,43.0,0.388
T2215,9,0.815,48.0,0.32
T2215,10,0.86,46.8,0.367
T2215,11,0.833,49.5,0.331
T2216,0,0.727,37.2,0.527
T2216,1,0.704,38.5,0.51
T2216,2,0.739,41.3,0.54
T2216,3,0.746,39.4,0.532
T2216,4,0.783,41.3,0.559
T2216,5,0.78,39.7,0.501
T2216,6,0.811,42.5,0.522
T2216,7,0.776,45.8,0.534
T2216,8,0.832,44.9,0.512
T2216,9,0.839,45.3,0.527
T2216,10,0.828,47.1,0.558
T2216,11,0.813,49.6,0.467
T2217,0,0.873,38.6,0.864
T2217,1,0.891,39.1,0.801
T2217,2,0.872,38.2,0.799
T2217,3,0.845,40.9,0.789
T2217,4,0.867,40.7,0.794
T2217,5,0.866,42.9,0.787
T2217,6,0.839,40.7,0.775
T2217,7,0.886,43.0,0.747
T2217,8,0.869,43.7,0.749
T2217,9,0.868,43.5,0.749
T2217,10,0.9,43.4,0.709
T2217,11,0.874,47.2,0.733
T2218,0,0.086,72.5,0.695
T2218,1,0.114,72.4,0.678
T2218,2,0.174,69.5,0.643
T2218,3,0.13,70.5,0.692
T2218,4,0.204,70.3,0.681
T2218,5,0.262,68.1,0.664
T2218,6,0.278,69.7,0.692
T2218,7,0.303,67.1,0.7
T2218,8,0.309,67.5,0.723
T2218,9,0.36,65.5,0.741
T2218,10,0.395,64.6,0.691
T2218,11,0.417,64.2,0.753
T2219,0,0.652,82.2,0.717
T2219,1,0.637,79.6,0.653
T2219,2,0.667,80.3,0.674
T2219,3,0.606,79.2,0.655
T2219,4,0.64,78.3,0.663
T2219,5,0.606,79.7,0.717
T2219,6,0.619,78.0,0.69
T2219,7,0.599,77.1,0.661
T2219,8,0.64,76.4,0.643
T2219,9,0.618,72.1,0.647
T2219,10,0.587,74.3,0.619
T2219,11,0.591,73.3,0.616
T2220,0,0.704,59.8,0.846
T2220,1,0.718,59.5,0.833
T2220,2,0.71,56.6,0.811
T2220,3,0.677,60.0,0.841
T2220,4,0.681,58.4,0.771
T2220,5,0.665,56.7,0.772
T2220,6,0.62,54.9,0.789
T2220,7,0.664,57.0,0.829
T2220,8,0.627,53.1,0.804
T2220,9,0.618,52.6,0.81
T2220,10,0.623,53.2,0.724
T2220,11,0.618,52.8,0.728
T2221,0,0.457,71.5,0.473
T2221,1,0.486,73.6,0.476
T2221,2,0.443,69.0,0.471
T2221,3,0.441,69.7,0.442
T2221,4,0.414,70.2,0.415
T2221,5,0.447,66.3,0.424
T2221,6,0.4,66.8,0.437
T2221,7,0.411,62.8,0.367
T2221,8,0.446,62.6,0.349
T2221,9,0.401,64.0,0.34
T2221,10,0.443,61.7,0.337
T2221,11,0.432,60.6,0.301
T2222,0,0.474,69.9,0.834
T2222,1,0.473,66.6,0.797
T2222,2,0.5,68.5,0.825
T2222,3,0.537,71.8,0.844
T2222,4,0.526,67.8,0.784
T2222,5,0.528,70.1,0.8
T2222,6,0.541,69.6,0.811
T2222,7,0.538,69.1,0.797
T2222,8,0.481,70.4,0.81
T2222,9,0.529,72.3,0.803
T2222,10,0.56,68.1,0.765
T2222,11,0.567,72.9,0.773
T2223,0,0.587,55.5,0.82
T2223,1,0.556,53.3,0.801
T2223,2,0.524,55.8,0.822
T2223,3,0.553,55.4,0.816
T2223,4,0.6,55.7,0.832
T2223,5,0.6,54.8,0.781
T2223,6,0.623,48.7,0.776
T2223,7,0.662,49.7,0.738
T2223,8,0.628,52.2,0.785
T2223,9,0.648,49.7,0.772
T2223,10,0.705,49.2,0.83
T2223,11,0.683,48.9,0.779
T2224,0,0.367,54.2,0.485
T2224,1,0.345,52.1,0.551
T2224,2,0.326,51.8,0.518
T2224,3,0.355,52.2,0.529
T2224,4,0.356,55.9,0.539
T2224,5,0.346,51.0,0.498
T2224,6,0.371,51.7,0.498
T2224,7,0.346,50.5,0.5
T2224,8,0.36,48.9,0.509
T2224,9,0.399,53.3,0.475
T2224,10,0.375,51.8,0.441
T2224,11,0.364,50.9,0.5
T2225,0,0.585,54.8,0.356
T2225,1,0.559,56.8,0.363
T2225,2,0.505,54.1,0.343
T2225,3,0.55,54.9,0.378
T2225,4,0.566,57.6,0.382
T2225,5,0.546,57.0,0.406
T2225,6,0.53,58.6,0.448
T2225,7,0.501,60.9,0.422
T2225,8,0.481,60.5,0.484
T2225,9,0.5,58.8,0.465
T2225,10,0.473,59.2,0.495
T2225,11,0.505,58.0,0.488
T2226,0,0.975,28.1,0.463
T2226,1,0.896,32.4,0.49
T2226,2,0.928,31.7,0.523
T2226,3,0.874,34.3,0.572
T2226,4,0.865,37.3,0.605
T2226,5,0.873,37.8,0.541
T2226,6,0.847,40.9,0.584
T2226,7,0.811,41.2,0.598
T2226,8,0.832,42.6,0.618
T2226,9,0.775,44.2,0.645
T2226,10,0.783,42.4,0.616
T2226,11,0.727,47.8,0.613
T2227,0,0.406,56.0,0.537
T2227,1,0.397,55.3,0.527
T2227,2,0.392,55.5,0.529
T2227,3,0.414,57.8,0.515
T2227,4,0.421,56.6,0.571
T2227,5,0.417,54.9,0.544
T2227,6,0.43,54.4,0.561
T2227,7,0.415,53.4,0.521
T2227,8,0.426,56.8,0.518
T2227,9,0.467,53.8,0.528
T2227,10,0.465,55.2,0.564
T2227,11,0.487,50.5,0.556
T2228,0,0.881,60.1,0.471
T2228,1,0.853,65.0,0.493
T2228,2,0.876,64.8,0.448
T2228,3,0.788,63.5,0.442
T2228,4,0.79,62.0,0.458
T2228,5,0.756,65.4,0.451
T2228,6,0.753,61.1,0.379
T2228,7,0.723,62.3,0.374
T2228,8,0.736,63.4,0.396
T2228,9,0.678,62.2,0.372
T2228,10,0.708,63.0,0.349
T2228,11,0.653,61.7,0.324
T2229,0,0.439,69.4,0.829
T2229,1,0.477,69.6,0.875
T2229,2,0.454,64.6,0.85
T2229,3,0.496,67.5,0.822
T2229,4,0.438,66.2,0.849
T2229,5,0.462,64.5,0.789
T2229,6,0.456,61.9,0.854
T2229,7,0.509,65.1,0.797
T2229,8,0.527,60.5,0.798
T2229,9,0.543,60.7,0.796
T2229,10,0.53,56.9,0.753
T2229,11,0.558,57.8,0.769
T2230,0,0.452,40.2,0.1
T2230,1,0.461,40.9,0.14
T2230,2,0.424,42.7,0.162
T2230,3,0.435,42.3,0.185
T2230,4,0.469,43.5,0.163
T2230,5,0.466,42.7,0.203
T2230,6,0.441,46.4,0.256
T2230,7,0.488,49.9,0.267
T2230,8,0.505,50.6,0.276
T2230,9,0.519,49.4,0.337
T2230,10,0.479,51.2,0.345
T2230,11,0.515,50.6,0.335
T2231,0,0.64,73.5,0.546
T2231,1,0.617,76.3,0.533
T2231,2,0.58,74.8,0.517
T2231,3,0.526,69.8,0.527
T2231,4,0.566,72.9,0.511
T2231,5,0.515,72.5,0.507
T2231,6,0.515,70.9,0.547
T2231,7,0.437,69.4,0.507
T2231,8,0.394,69.7,0.497
T2231,9,0.424,70.3,0.498
T2231,10,0.389,69.2,0.538
T2231,11,0.317,68.5,0.512
T2232,0,0.744,42.6,0.304
T2232,1,0.749,41.9,0.302
T2232,2,0.72,39.5,0.308
T2232,3,0.721,44.7,0.299
T2232,4,0.691,43.3,0.278
T2232,5,0.7,46.2,0.27
T2232,6,0.659,43.1,0.292
T2232,7,0.679,44.5,0.26
T2232,8,0.643,43.4,0.256
T2232,9,0.578,47.8,0.251
T2232,10,0.6,47.5,0.25
T2232,11,0.587,45.4,0.212
T2233,0,0.743,53.1,0.642
T2233,1,0.732,53.9,0.64
T2233,2,0.704,54.2,0.637
T2233,3,0.703,55.6,0.658
T2233,4,0.703,53.7,0.637
T2233,5,0.662,54.4,0.629
T2233,6,0.602,56.2,0.619
T2233,7,0.616,54.3,0.654
T2233,8,0.629,55.9,0.674
T2233,9,0.578,57.0,0.681
T2233,10,0.589,56.2,0.635
T2233,11,0.577,54.1,0.668
T2234,0,0.337,43.2,0.762
T2234,1,0.382,43.5,0.72
T2234,2,0.423,46.2,0.672
T2234,3,0.439,46.1,0.656
T2234,4,0.456,44.7,0.659
T2234,5,0.444,47.4,0.678
T2234,6,0.503,49.6,0.647
T2234,7,0.504,49.5,0.624
T2234,8,0.542,50.5,0.591
T2234,9,0.563,49.0,0.574
T2234,10,0.602,49.6,0.566
T2234,11,0.625,48.1,0.529
T2235,0,0.836,63.7,0.758
T2235,1,0.802,63.8,0.734
T2235,2,0.807,64.6,0.737
T2235,3,0.777,60.4,0.724
T2235,4,0.729,63.4,0.727
T2235,5,0.775,62.2,0.713
T2235,6,0.711,62.0,0.696
T2235,7,0.664,55.7,0.681
T2235,8,0.656,59.4,0.689
T2235,9,0.667,59.7,0.688
T2235,10,0.617,57.3,0.677
T2235,11,0.618,55.0,0.679
T2236,0,0.311,76.9,1.0
T2236,1,0.345,77.9,0.959
T2236,2,0.357,75.9,0.963
T2236,3,0.402,74.4,0.99
T2236,4,0.432,73.8,0.929
T2236,5,0.46,72.2,0.935
T2236,6,0.459,72.0,0.927
T2236,7,0.48,70.4,0.868
T2236,8,0.488,70.8,0.905
T2236,9,0.56,70.0,0.846
T2236,10,0.535,68.5,0.811
T2236,11,0.555,66.7,0.821
T2237,0,0.808,52.3,0.977
T2237,1,0.857,54.1,0.957
T2237,2,0.792,55.9,0.966
T2237,3,0.775,53.3,0.987
T2237,4,0.756,57.2,0.951
T2237,5,0.689,53.5,0.913
T2237,6,0.674,54.9,0.911
T2237,7,0.673,55.6,0.935
T2237,8,0.632,54.5,0.885
T2237,9,0.599,51.7,0.895
T2237,10,0.589,51.6,0.885
T2237,11,0.553,55.0,0.846
T2238,0,0.808,52.9,0.68
T2238,1,0.79,55.6,0.695
T2238,2,0.779,56.5,0.669
T2238,3,0.784,57.8,0.689
T2238,4,0.808,57.5,0.63
T2238,5,0.735,56.9,0.698
T2238,6,0.731,58.8,0.708
T2238,7,0.701,60.2,0.711
T2238,8,0.726,57.9,0.672
T2238,9,0.677,59.5,0.685
T2238,10,0.682,60.3,0.697
T2238,11,0.691,64.9,0.671
T2239,0,0.412,53.2,0.386
T2239,1,0.434,52.0,0.351
T2239,2,0.492,53.2,0.365
T2239,3,0.459,51.8,0.318
T2239,4,0.508,48.1,0.299
T2239,5,0.569,51.9,0.274
T2239,6,0.561,49.0,0.306
T2239,7,0.547,46.5,0.273
T2239,8,0.612,51.5,0.237
T2239,9,0.597,50.7,0.244
T2239,10,0.634,49.5,0.217
T2239,11,0.57,47.8,0.155
T2240,0,0.563,66.3,0.779
T2240,1,0.59,65.7,0.784
T2240,2,0.592,66.0,0.75
T2240,3,0.555,67.1,0.776
T2240,4,0.566,67.1,0.785
T2240,5,0.543,64.9,0.755
T2240,6,0.547,64.9,0.781
T2240,7,0.539,62.9,0.803
T2240,8,0.49,66.1,0.72
T2240,9,0.502,66.3,0.815
T2240,10,0.504,68.6,0.766
T2240,11,0.482,65.0,0.761
T2241,0,1.0,71.7,0.846
T2241,1,0.955,71.9,0.86
T2241,2,0.967,71.0,0.885
T2241,3,0.975,70.9,0.858
T2241,4,0.919,69.5,0.868
T2241,5,0.859,67.5,0.83
T2241,6,0.854,68.6,0.876
T2241,7,0.87,69.0,0.816
T2241,8,0.804,67.8,0.838
T2241,9,0.803,64.1,0.826
T2241,10,0.773,68.3,0.801
T2241,11,0.725,67.0,0.815
T2242,0,0.502,48.5,0.391
T2242,1,0.503,46.9,0.383
T2242,2,0.461,50.3,0.386
T2242,3,0.478,51.4,0.37
T2242,4,0.425,47.7,0.363
T2242,5,0.416,49.9,0.346
T2242,6,0.419,50.0,0.382
T2242,7,0.417,51.7,0.365
T2242,8,0.389,49.4,0.388
T2242,9,0.384,53.1,0.373
T2242,10,0.437,53.3,0.413
T2242,11,0.4,51.3,0.364
T2243,0,0.825,62.3,0.373
T2243,1,0.817,59.8,0.343
T2243,2,0.782,61.9,0.329
T2243,3,0.819,62.6,0.387
T2243,4,0.78,57.7,0.348
T2243,5,0.776,54.1,0.362
T2243,6,0.817,56.1,0.342
T2243,7,0.705,58.3,0.389
T2243,8,0.737,54.5,0.408
T2243,9,0.751,53.0,0.386
T2243,10,0.721,52.5,0.41
T2243,11,0.701,51.6,0.396
T2244,0,0.631,62.8,0.769
T2244,1,0.632,61.8,0.788
T2244,2,0.59,57.0,0.761
T2244,3,0.67,62.0,0.765
T2244,4,0.647,58.7,0.728
T2244,5,0.653,58.5,0.802
T2244,6,0.67,57.2,0.768
T2244,7,0.66,56.9,0.782
T2244,8,0.672,56.8,0.762
T2244,9,0.703,55.1,0.762
T2244,10,0.675,53.4,0.818
T2244,11,0.68,55.0,0.812
T2245,0,0.453,36.5,0.433
T2245,1,0.418,36.8,0.444
T2245,2,0.445,39.3,0.484
T2245,3,0.462,39.7,0.436
T2245,4,0.399,41.9,0.462
T2245,5,0.442,42.9,0.417
T2245,6,0.403,45.5,0.444
T2245,7,0.4,45.0,0.429
T2245,8,0.426,45.4,0.448
T2245,9,0.423,47.2,0.422
T2245,10,0.42,47.9,0.441
T2245,11,0.384,48.5,0.472
T2246,0,0.638,42.9,0.722
T2246,1,0.657,45.7,0.678
T2246,2,0.653,45.2,0.727
T2246,3,0.689,43.7,0.722
T2246,4,0.717,46.7,0.689
T2246,5,0.78,48.5,0.72
T2246,6,0.774,48.9,0.681
T2246,7,0.811,48.4,0.657
T2246,8,0.79,52.7,0.711
T2246,9,0.819,52.0,0.669
T2246,10,0.877,52.6,0.665
T2246,11,0.882,52.3,0.692
T2247,0,0.804,92.3,0.989
T2247,1,0.797,89.4,0.978
T2247,2,0.759,91.0,0.929
T2247,3,0.804,88.2,0.979
T2247,4,0.813,88.2,0.958
T2247,5,0.776,89.1,0.911
T2247,6,0.761,87.9,0.916
T2247,7,0.708,84.0,0.891
T2247,8,0.754,82.2,0.901
T2247,9,0.762,82.8,0.834
T2247,10,0.736,83.9,0.856
T2247,11,0.742,82.4,0.835
T2248,0,0.674,66.7,0.702
T2248,1,0.72,69.5,0.738
T2248,2,0.708,69.4,0.712
T2248,3,0.717,66.5,0.699
T2248,4,0.715,68.2,0.729
T2248,5,0.669,71.9,0.73
T2248,6,0.744,69.6,0.7
T2248,7,0.731,71.3,0.677
T2248,8,0.771,68.7,0.695
T2248,9,0.762,69.2,0.699
T2248,10,0.798,70.6,0.711
T2248,11,0.812,72.2,0.673
T2249,0,0.555,53.2,0.982
T2249,1,0.577,54.9,0.963
T2249,2,0.574,52.5,0.937
T2249,3,0.631,54.3,0.915
T2249,4,0.601,52.3,0.923
T2249,5,0.667,52.8,0.909
T2249,6,0.69,55.3,0.837
T2249,7,0.664,57.0,0.804
T2249,8,0.654,55.0,0.8
T2249,9,0.704,54.9,0.782
T2249,10,0.68,50.2,0.773
T2249,11,0.748,54.7,0.695
T2250,0,0.707,62.4,0.751
T2250,1,0.68,64.1,0.74
T2250,2,0.737,63.6,0.774
T2250,3,0.69,61.2,0.762
T2250,4,0.692,58.7,0.753
T2250,5,0.653,60.4,0.745
T2250,6,0.678,59.1,0.739
T2250,7,0.676,57.4,0.786
T2250,8,0.658,56.6,0.802
T2250,9,0.624,52.5,0.773
T2250,10,0.623,54.3,0.783
T2250,11,0.651,53.6,0.801
T2251,0,0.561,50.2,0.6
T2251,1,0.568,50.8,0.59
T2251,2,0.572,51.3,0.575
T2251,3,0.581,51.6,0.56
T2251,4,0.577,52.7,0.54
T2251,5,0.593,51.4,0.59
T2251,6,0.661,49.3,0.564
T2251,7,0.631,49.8,0.549
T2251,8,0.646,48.0,0.566
T2251,9,0.659,49.8,0.555
T2251,10,0.666,52.6,0.539
T2251,11,0.697,48.3,0.571
T2252,0,0.748,59.4,0.9
T2252,1,0.72,60.7,0.886
T2252,2,0.71,59.6,0.866
T2252,3,0.702,60.4,0.811
T2252,4,0.683,59.5,0.788
T2252,5,0.664,58.7,0.812
T2252,6,0.68,57.6,0.792
T2252,7,0.654,59.4,0.793
T2252,8,0.637,56.7,0.751
T2252,9,0.607,57.1,0.768
T2252,10,0.595,55.7,0.729
T2252,11,0.603,57.7,0.708
T2253,0,0.796,73.2,0.531
T2253,1,0.828,67.9,0.539
T2253,2,0.86,66.6,0.549
T2253,3,0.816,70.9,0.583
T2253,4,0.795,69.8,0.592
T2253,5,0.804,68.7,0.6
T2253,6,0.835,68.0,0.602
T2253,7,0.818,64.8,0.624
T2253,8,0.829,66.9,0.634
T2253,9,0.836,64.7,0.69
T2253,10,0.806,65.8,0.652
T2253,11,0.808,65.9,0.654
T2254,0,0.69,33.8,0.145
T2254,1,0.647,35.0,0.159
T2254,2,0.651,34.7,0.171
T2254,3,0.622,36.5,0.225
T2254,4,0.615,34.7,0.153
T2254,5,0.6,35.5,0.183
T2254,6,0.597,35.0,0.19
T2254,7,0.603,37.7,0.158
T2254,8,0.576,38.1,0.144
T2254,9,0.532,38.2,0.12
T2254,10,0.53,41.0,0.147
T2254,11,0.513,41.2,0.113
T2255,0,0.717,47.9,0.509
T2255,1,0.71,48.4,0.541
T2255,2,0.664,49.3,0.481
T2255,3,0.677,49.8,0.527
T2255,4,0.664,48.9,0.517
T2255,5,0.687,49.1,0.534
T2255,6,0.645,50.9,0.553
T2255,7,0.659,53.7,0.511
T2255,8,0.647,53.8,0.534
T2255,9,0.621,53.7,0.54
T2255,10,0.575,53.1,0.539
T2255,11,0.598,55.1,0.546
T2256,0,0.391,48.2,0.483
T2256,1,0.423,45.6,0.482
T2256,2,0.452,45.0,0.529
T2256,3,0.465,43.7,0.51
T2256,4,0.498,45.2,0.491
T2256,5,0.523,48.4,0.48
T2256,6,0.579,45.9,0.503
T2256,7,0.586,48.5,0.504
T2256,8,0.632,47.4,0.497
T2256,9,0.594,47.9,0.496
T2256,10,0.666,48.2,0.526
T2256,11,0.673,48.6,0.518
T2257,0,0.465,58.9,0.269
T2257,1,0.463,56.6,0.309
T2257,2,0.492,56.1,0.302
T2257,3,0.559,56.0,0.308
T2257,4,0.547,52.5,0.297
T2257,5,0.591,54.9,0.303
T2257,6,0.571,51.9,0.319
T2257,7,0.649,52.6,0.323
T2257,8,0.6,52.4,0.317
T2257,9,0.579,52.9,0.31
T2257,10,0.671,49.8,0.337
T2257,11,0.671,46.0,0.304
T2258,0,0.486,36.7,0.116
T2258,1,0.472,36.8,0.126
T2258,2,0.467,38.3,0.13
T2258,3,0.483,38.2,0.1
T2258,4,0.538,40.3,0.109
T2258,5,0.496,37.7,0.181
T2258,6,0.499,39.2,0.157
T2258,7,0.447,38.2,0.172
T2258,8,0.46,39.4,0.206
T2258,9,0.47,41.2,0.18
T2258,10,0.515,39.0,0.217
T2258,11,0.489,41.5,0.184
T2259,0,0.437,51.1,0.603
T2259,1,0.467,51.2,0.579
T2259,2,0.456,47.3,0.592
T2259,3,0.462,50.8,0.608
T2259,4,0.416,51.8,0.559
T2259,5,0.405,52.0,0.559
T2259,6,0.436,52.5,0.502
T2259,7,0.425,54.1,0.545
T2259,8,0.431,52.9,0.507
T2259,9,0.411,54.1,0.499
T2259,10,0.382,53.2,0.545
T2259,11,0.408,51.4,0.507
T2260,0,0.925,48.6,0.6
T2260,1,0.893,51.8,0.586
T2260,2,0.886,49.2,0.559
T2260,3,0.862,49.0,0.559
T2260,4,0.821,47.6,0.527
T2260,5,0.825,50.7,0.559
T2260,6,0.808,50.5,0.482
T2260,7,0.757,46.8,0.484
T2260,8,0.758,46.6,0.495
T2260,9,0.727,46.7,0.459
T2260,10,0.674,48.5,0.476
T2260,11,0.673,48.3,0.448
T2261,0,0.407,51.7,0.48
T2261,1,0.423,51.3,0.501
T2261,2,0.439,54.6,0.492
T2261,3,0.413,52.7,0.507
T2261,4,0.449,56.9,0.489
T2261,5,0.413,56.5,0.516
T2261,6,0.419,58.2,0.539
T2261,7,0.423,58.5,0.548
T2261,8,0.379,60.1,0.539
T2261,9,0.46,61.6,0.538
T2261,10,0.395,65.8,0.549
T2261,11,0.424,62.2,0.567
T2262,0,0.576,56.6,0.559
T2262,1,0.542,54.5,0.543
T2262,2,0.559,55.6,0.56
T2262,3,0.537,54.4,0.585
T2262,4,0.534,53.4,0.537
T2262,5,0.527,57.4,0.611
T2262,6,0.574,53.5,0.605
T2262,7,0.512,52.4,0.629
T2262,8,0.523,50.3,0.625
T2262,9,0.522,51.4,0.628
T2262,10,0.523,54.6,0.647
T2262,11,0.531,53.7,0.674
T2263,0,0.65,51.9,0.961
T2263,1,0.631,52.1,0.978
T2263,2,0.592,54.0,0.978
T2263,3,0.603,54.4,0.977
T2263,4,0.617,52.1,0.982
T2263,5,0.595,56.9,0.905
T2263,6,0.602,54.9,0.937
T2263,7,0.61,54.3,0.942
T2263,8,0.579,54.3,0.916
T2263,9,0.563,58.1,0.896
T2263,10,0.562,58.0,0.902
T2263,11,0.588,57.8,0.888
T2264,0,0.436,55.3,0.365
T2264,1,0.461,53.5,0.341
T2264,2,0.463,54.4,0.399
T2264,3,0.49,55.3,0.383
T2264,4,0.495,53.7,0.394
T2264,5,0.498,54.3,0.359
T2264,6,0.516,52.7,0.398
T2264,7,0.497,55.9,0.406
T2264,8,0.476,56.7,0.421
T2264,9,0.499,55.2,0.418
T2264,10,0.504,52.8,0.403
T2264,11,0.526,52.1,0.418
T2265,0,0.527,62.0,0.627
T2265,1,0.564,60.6,0.604
T2265,2,0.59,62.8,0.571
T2265,3,0.606,63.5,0.57
T2265,4,0.552,64.0,0.526
T2265,5,0.651,64.1,0.487
T2265,6,0.653,65.3,0.452
T2265,7,0.677,66.8,0.437
T2265,8,0.664,64.9,0.414
T2265,9,0.657,62.9,0.393
T2265,10,0.689,63.6,0.378
T2265,11,0.692,66.7,0.374
T2266,0,0.631,84.9,0.809
T2266,1,0.634,88.4,0.845
T2266,2,0.614,83.9,0.811
T2266,3,0.587,83.2,0.836
T2266,4,0.579,79.4,0.881
T2266,5,0.555,78.8,0.886
T2266,6,0.606,77.4,0.88
T2266,7,0.54,75.3,0.887
T2266,8,0.524,73.0,0.923
T2266,9,0.538,71.1,0.908
T2266,10,0.512,71.9,0.932
T2266,11,0.5,66.6,0.962
T2267,0,0.629,40.1,0.314
T2267,1,0.591,41.2,0.3
T2267,2,0.614,42.5,0.299
T2267,3,0.592,41.9,0.292
T2267,4,0.587,43.5,0.31
T2267,5,0.623,47.8,0.255
T2267,6,0.593,45.6,0.246
T2267,7,0.561,50.1,0.214
T2267,8,0.549,49.7,0.27
T2267,9,0.503,49.8,0.181
T2267,10,0.515,50.8,0.202
T2267,11,0.535,51.2,0.163
T2268,0,0.183,29.2,0.456
T2268,1,0.191,30.4,0.46
T2268,2,0.256,30.4,0.462
T2268,3,0.247,34.9,0.442
T2268,4,0.23,36.9,0.463
T2268,5,0.213,36.4,0.462
T2268,6,0.244,40.0,0.508
T2268,7,0.271,37.6,0.477
T2268,8,0.263,42.6,0.48
T2268,9,0.235,44.7,0.47
T2268,10,0.269,43.1,0.47
T2268,11,0.258,44.3,0.531
T2269,0,0.612,31.1,0.165
T2269,1,0.583,29.8,0.163
T2269,2,0.564,32.3,0.175
T2269,3,0.544,34.3,0.221
T2269,4,0.568,35.0,0.229
T2269,5,0.559,35.6,0.24
T2269,6,0.543,39.6,0.269
T2269,7,0.568,40.2,0.248
T2269,8,0.536,42.9,0.285
T2269,9,0.504,38.0,0.275
T2269,10,0.51,39.4,0.321
T2269,11,0.501,43.7,0.311
T2270,0,0.255,63.6,0.741
T2270,1,0.262,64.6,0.721
T2270,2,0.273,65.0,0.743
T2270,3,0.309,68.4,0.704
T2270,4,0.329,65.9,0.758
T2270,5,0.313,67.9,0.765
T2270,6,0.341,67.0,0.775
T2270,7,0.349,66.3,0.762
T2270,8,0.406,70.3,0.777
T2270,9,0.407,71.4,0.791
T2270,10,0.407,73.1,0.799
T2270,11,0.447,70.2,0.77
T2271,0,0.823,64.3,0.617
T2271,1,0.838,65.5,0.679
T2271,2,0.808,63.0,0.653
T2271,3,0.835,61.3,0.611
T2271,4,0.712,59.5,0.613
T2271,5,0.685,58.9,0.635
T2271,6,0.702,57.2,0.558
T2271,7,0.67,56.7,0.656
T2271,8,0.671,54.9,0.589
T2271,9,0.656,52.0,0.587
T2271,10,0.632,50.4,0.628
T2271,11,0.566,52.2,0.615
T2272,0,0.564,63.2,0.124
T2272,1,0.551,58.3,0.1
T2272,2,0.56,60.3,0.138
T2272,3,0.522,57.8,0.138
T2272,4,0.523,60.8,0.149
T2272,5,0.541,58.5,0.166
T2272,6,0.552,57.1,0.191
T2272,7,0.582,56.0,0.207
T2272,8,0.528,56.4,0.181
T2272,9,0.507,50.6,0.201
T2272,10,0.558,51.7,0.244
T2272,11,0.511,52.3,0.214
T2273,0,0.969,69.4,0.633
T2273,1,0.945,66.4,0.621
T2273,2,0.901,66.3,0.67
T2273,3,0.875,68.7,0.669
T2273,4,0.85,67.8,0.644
T2273,5,0.83,64.0,0.631
T2273,6,0.783,63.8,0.629
T2273,7,0.778,65.3,0.631
T2273,8,0.729,63.1,0.606
T2273,9,0.716,64.2,0.605
T2273,10,0.704,62.9,0.609
T2273,11,0.602,59.8,0.613
T2274,0,0.433,60.0,0.415
T2274,1,0.436,61.5,0.452
T2274,2,0.494,64.0,0.468
T2274,3,0.497,59.1,0.504
T2274,4,0.476,58.3,0.492
T2274,5,0.519,57.7,0.462
T2274,6,0.598,59.5,0.484
T2274,7,0.56,55.0,0.483
T2274,8,0.613,60.1,0.438
T2274,9,0.59,56.0,0.474
T2274,10,0.619,57.9,0.521
T2274,11,0.634,55.8,0.49
T2275,0,0.811,68.8,0.655
T2275,1,0.84,69.0,0.633
T2275,2,0.831,67.8,0.674
T2275,3,0.803,69.4,0.663
T2275,4,0.842,66.3,0.679
T2275,5,0.81,66.4,0.666
T2275,6,0.776,68.2,0.695
T2275,7,0.825,68.7,0.705
T2275,8,0.786,65.7,0.703
T2275,9,0.767,64.8,0.721
T2275,10,0.78,62.8,0.703
T2275,11,0.751,68.7,0.729
T2276,0,0.772,66.4,0.671
T2276,1,0.763,63.3,0.691
T2276,2,0.789,63.0,0.731
T2276,3,0.762,63.6,0.748
T2276,4,0.772,64.6,0.745
T2276,5,0.723,60.8,0.778
T2276,6,0.723,63.4,0.763
T2276,7,0.77,60.9,0.803
T2276,8,0.728,59.7,0.824
T2276,9,0.746,58.2,0.845
T2276,10,0.693,60.1,0.83
T2276,11,0.742,60.8,0.903
T2277,0,0.6,54.9,0.672
T2277,1,0.632,55.5,0.658
T2277,2,0.6,53.8,0.702
T2277,3,0.618,54.4,0.706
T2277,4,0.572,54.6,0.687
T2277,5,0.616,53.0,0.683
T2277,6,0.596,55.3,0.735
T2277,7,0.626,54.6,0.653
T2277,8,0.638,54.5,0.669
T2277,9,0.586,57.1,0.678
T2277,10,0.593,52.2,0.681
T2277,11,0.614,53.5,0.681
T2278,0,0.647,59.5,0.37
T2278,1,0.663,60.4,0.407
T2278,2,0.593,58.6,0.347
T2278,3,0.59,58.0,0.35
T2278,4,0.563,59.9,0.383
T2278,5,0.539,58.6,0.375
T2278,6,0.536,58.6,0.357
T2278,7,0.485,58.5,0.36
T2278,8,0.485,59.9,0.386
T2278,9,0.447,57.3,0.376
T2278,10,0.423,55.9,0.368
T2278,11,0.411,56.8,0.358
T2279,0,0.825,59.6,0.894
T2279,1,0.838,62.4,0.887
T2279,2,0.803,60.4,0.853
T2279,3,0.819,61.5,0.891
T2279,4,0.766,63.3,0.881
T2279,5,0.767,59.6,0.895
T2279,6,0.747,60.4,0.864
T2279,7,0.762,61.0,0.892
T2279,8,0.77,56.8,0.92
T2279,9,0.718,61.1,0.866
T2279,10,0.708,61.4,0.928
T2279,11,0.682,61.4,0.944
T2280,0,0.523,73.1,0.658
T2280,1,0.484,71.5,0.695
T2280,2,0.481,72.6,0.648
T2280,3,0.499,71.9,0.626
T2280,4,0.505,71.9,0.644
T2280,5,0.522,69.0,0.674
T2280,6,0.529,69.5,0.689
T2280,7,0.539,67.8,0.704
T2280,8,0.517,65.3,0.719
T2280,9,0.517,66.1,0.745
T2280,10,0.51,65.0,0.696
T2280,11,0.544,65.0,0.725
T2281,0,0.704,47.1,0.592
T2281,1,0.705,45.7,0.59
T2281,2,0.701,47.9,0.576
T2281,3,0.718,48.1,0.567
T2281,4,0.734,47.1,0.566
T2281,5,0.792,46.3,0.558
T2281,6,0.814,44.1,0.604
T2281,7,0.747,47.7,0.582
T2281,8,0.784,47.0,0.571
T2281,9,0.799,47.7,0.518
T2281,10,0.791,48.5,0.518
T2281,11,0.831,44.8,0.539
T2282,0,0.894,46.0,0.654
T2282,1,0.887,45.3,0.712
T2282,2,0.84,43.6,0.634
T2282,3,0.845,43.9,0.666
T2282,4,0.841,46.0,0.689
T2282,5,0.81,42.6,0.678
T2282,6,0.848,47.5,0.666
T2282,7,0.794,49.7,0.662
T2282,8,0.781,50.7,0.661
T2282,9,0.791,49.9,0.642
T2282,10,0.746,47.7,0.637
T2282,11,0.748,51.9,0.673
T2283,0,1.0,46.2,0.595
T2283,1,0.977,48.5,0.51
T2283,2,0.956,48.0,0.543
T2283,3,0.902,44.9,0.551
T2283,4,0.91,46.0,0.529
T2283,5,0.852,45.2,0.5
T2283,6,0.848,43.6,0.532
T2283,7,0.79,42.7,0.54
T2283,8,0.795,42.9,0.524
T2283,9,0.714,45.1,0.532
T2283,10,0.693,44.3,0.512
T2283,11,0.711,41.5,0.507
T2284,0,0.713,69.0,0.709
T2284,1,0.787,71.3,0.716
T2284,2,0.742,70.8,0.695
T2284,3,0.746,71.0,0.654
T2284,4,0.71,70.3,0.652
T2284,5,0.716,69.9,0.659
T2284,6,0.709,71.0,0.6
T2284,7,0.73,73.3,0.599
T2284,8,0.671,72.0,0.613
T2284,9,0.674,71.6,0.592
T2284,10,0.677,70.4,0.54
T2284,11,0.647,71.1,0.551
T2285,0,0.704,46.2,0.309
T2285,1,0.725,44.7,0.408
T2285,2,0.715,45.2,0.355
T2285,3,0.732,45.7,0.381
T2285,4,0.756,43.7,0.385
T2285,5,0.74,45.8,0.401
T2285,6,0.739,46.2,0.389
T2285,7,0.752,43.3,0.368
T2285,8,0.76,46.4,0.379
T2285,9,0.782,44.1,0.402
T2285,10,0.788,44.0,0.385
T2285,11,0.803,43.8,0.386
T2286,0,0.801,41.1,0.483
T2286,1,0.787,40.0,0.425
T2286,2,0.784,44.8,0.438
T2286,3,0.775,44.4,0.404
T2286,4,0.763,45.6,0.441
T2286,5,0.734,47.1,0.404
T2286,6,0.733,45.8,0.429
T2286,7,0.731,46.5,0.382
T2286,8,0.685,48.7,0.424
T2286,9,0.678,52.3,0.443
T2286,10,0.702,49.3,0.437
T2286,11,0.66,50.1,0.415
T2287,0,0.183,69.9,0.509
T2287,1,0.194,65.9,0.448
T2287,2,0.159,69.1,0.486
T2287,3,0.237,63.4,0.465
T2287,4,0.206,65.0,0.393
T2287,5,0.233,64.5,0.418
T2287,6,0.292,66.9,0.399
T2287,7,0.256,62.5,0.388
T2287,8,0.286,60.9,0.397
T2287,9,0.288,62.3,0.372
T2287,10,0.323,62.0,0.355
T2287,11,0.323,62.4,0.331
T2288,0,0.971,39.5,0.819
T2288,1,0.991,42.2,0.806
T2288,2,0.925,45.5,0.778
T2288,3,0.906,44.6,0.722
T2288,4,0.864,45.4,0.72
T2288,5,0.869,46.0,0.692
T2288,6,0.766,46.5,0.683
T2288,7,0.762,51.3,0.655
T2288,8,0.772,50.0,0.63
T2288,9,0.714,51.5,0.637
T2288,10,0.654,51.8,0.578
T2288,11,0.651,54.6,0.571
T2289,0,0.686,34.4,0.583
T2289,1,0.681,34.7,0.552
T2289,2,0.722,34.6,0.583
T2289,3,0.681,39.0,0.578
T2289,4,0.718,37.0,0.531
T2289,5,0.707,40.0,0.579
T2289,6,0.751,38.1,0.519
T2289,7,0.722,41.8,0.581
T2289,8,0.721,45.4,0.56
T2289,9,0.73,42.7,0.582
T2289,10,0.715,45.8,0.54
T2289,11,0.721,46.4,0.564
T2290,0,0.442,59.6,0.321
T2290,1,0.439,57.9,0.278
T2290,2,0.43,57.4,0.311
T2290,3,0.468,56.2,0.321
T2290,4,0.439,56.4,0.375
T2290,5,0.461,55.8,0.361
T2290,6,0.489,59.9,0.334
T2290,7,0.488,57.9,0.392
T2290,8,0.556,54.6,0.352
T2290,9,0.497,57.0,0.384
T2290,10,0.544,60.0,0.418
T2290,11,0.512,55.5,0.441
T2291,0,0.345,72.0,0.451
T2291,1,0.292,75.1,0.479
T2291,2,0.283,72.6,0.498
T2291,3,0.293,72.1,0.487
T2291,4,0.306,70.3,0.503
T2291,5,0.321,69.6,0.486
T2291,6,0.273,70.4,0.528
T2291,7,0.309,67.5,0.533
T2291,8,0.278,69.0,0.55
T2291,9,0.303,68.6,0.534
T2291,10,0.227,66.2,0.507
T2291,11,0.262,67.6,0.568
T2292,0,0.291,61.9,0.757
T2292,1,0.377,59.5,0.767
T2292,2,0.356,60.8,0.777
T2292,3,0.376,58.4,0.747
T2292,4,0.419,53.0,0.796
T2292,5,0.445,60.1,0.829
T2292,6,0.425,57.4,0.833
T2292,7,0.507,56.4,0.845
T2292,8,0.522,56.1,0.818
T2292,9,0.525,57.6,0.85
T2292,10,0.549,57.2,0.907
T2292,11,0.589,60.5,0.887
T2293,0,0.821,57.3,0.416
T2293,1,0.831,54.9,0.447
T2293,2,0.771,55.0,0.469
T2293,3,0.777,55.2,0.488
T2293,4,0.765,55.6,0.473
T2293,5,0.761,55.1,0.463
T2293,6,0.728,57.5,0.476
T2293,7,0.716,54.0,0.522
T2293,8,0.741,53.3,0.506
T2293,9,0.708,53.6,0.525
T2293,10,0.686,54.4,0.519
T2293,11,0.647,54.0,0.533
T2294,0,0.874,48.5,0.776
T2294,1,0.845,46.1,0.751
T2294,2,0.834,51.4,0.758
T2294,3,0.833,48.3,0.755
T2294,4,0.79,50.2,0.77
T2294,5,0.783,51.1,0.726
T2294,6,0.776,50.0,0.708
T2294,7,0.737,48.9,0.675
T2294,8,0.717,50.2,0.677
T2294,9,0.673,51.7,0.69
T2294,10,0.654,49.2,0.718
T2294,11,0.659,53.6,0.689
T2295,0,0.479,58.5,0.84
T2295,1,0.458,60.8,0.878
T2295,2,0.494,61.0,0.825
T2295,3,0.5,59.2,0.807
T2295,4,0.491,58.5,0.842
T2295,5,0.517,58.7,0.833
T2295,6,0.515,55.5,0.848
T2295,7,0.593,58.6,0.862
T2295,8,0.564,56.7,0.861
T2295,9,0.578,56.7,0.881
T2295,10,0.608,58.5,0.881
T2295,11,0.631,58.2,0.893
T2296,0,0.587,52.7,0.821
T2296,1,0.563,55.4,0.834
T2296,2,0.488,55.8,0.835
T2296,3,0.518,60.2,0.845
T2296,4,0.535,59.0,0.82
T2296,5,0.541,59.0,0.853
T2296,6,0.488,58.3,0.822
T2296,7,0.47,56.2,0.819
T2296,8,0.443,61.1,0.807
T2296,9,0.451,63.7,0.85
T2296,10,0.452,60.9,0.871
T2296,11,0.424,59.9,0.797
T2297,0,0.885,63.5,0.821
T2297,1,0.886,64.3,0.824
T2297,2,0.841,65.0,0.833
T2297,3,0.874,65.8,0.802
T2297,4,0.875,67.7,0.889
T2297,5,0.929,65.8,0.869
T2297,6,0.879,64.9,0.827
T2297,7,0.911,66.4,0.823
T2297,8,0.921,64.5,0.814
T2297,9,0.925,64.5,0.819
T2297,10,0.904,68.6,0.83
T2297,11,0.93,71.4,0.798
T2298,0,0.28,60.4,0.313
T2298,1,0.269,63.4,0.291
T2298,2,0.27,63.2,0.305
T2298,3,0.254,60.5,0.33
T2298,4,0.296,62.4,0.342
T2298,5,0.341,60.1,0.369
T2298,6,0.306,60.1,0.322
T2298,7,0.305,60.2,0.378
T2298,8,0.375,62.5,0.403
T2298,9,0.34,61.0,0.434
T2298,10,0.343,59.7,0.453
T2298,11,0.365,61.7,0.465
T2299,0,0.631,24.7,0.62
T2299,1,0.66,29.5,0.578
T2299,2,0.675,31.7,0.592
T2299,3,0.657,30.5,0.617
T2299,4,0.613,31.5,0.558
T2299,5,0.626,34.2,0.567
T2299,6,0.641,34.7,0.582
T2299,7,0.644,35.1,0.579
T2299,8,0.62,38.5,0.578
T2299,9,0.642,35.9,0.604
T2299,10,0.618,42.2,0.58
T2299,11,0.601,40.7,0.598
T2300,0,0.292,60.2,0.497
T2300,1,0.339,59.9,0.507
T2300,2,0.353,62.7,0.559
T2300,3,0.349,62.0,0.54
T2300,4,0.367,60.2,0.565
T2300,5,0.345,57.5,0.572
T2300,6,0.367,59.5,0.557
T2300,7,0.404,58.3,0.604
T2300,8,0.428,57.2,0.627
T2300,9,0.447,56.0,0.641
T2300,10,0.459,54.4,0.641
T2300,11,0.508,55.4,0.667
T2301,0,0.456,60.1,0.326
T2301,1,0.49,59.8,0.366
T2301,2,0.447,60.6,0.339
T2301,3,0.474,61.0,0.373
T2301,4,0.481,57.6,0.314
T2301,5,0.534,56.4,0.328
T2301,6,0.476,59.5,0.37
T2301,7,0.564,57.4,0.366
T2301,8,0.529,55.5,0.398
T2301,9,0.591,54.5,0.352
T2301,10,0.616,56.1,0.37
T2301,11,0.587,55.0,0.366
T2302,0,1.0,39.4,0.411
T2302,1,0.967,37.8,0.369
T2302,2,0.954,39.4,0.414
T2302,3,0.93,38.7,0.411
T2302,4,0.884,38.4,0.398
T2302,5,0.867,39.0,0.382
T2302,6,0.832,38.0,0.379
T2302,7,0.858,37.7,0.383
T2302,8,0.832,38.3,0.383
T2302,9,0.804,38.8,0.373
T2302,10,0.75,38.1,0.343
T2302,11,0.779,39.0,0.4
T2303,0,0.452,74.1,0.287
T2303,1,0.475,75.7,0.311
T2303,2,0.495,70.1,0.286
T2303,3,0.481,67.9,0.281
T2303,4,0.532,69.2,0.252
T2303,5,0.544,67.4,0.291
T2303,6,0.581,65.1,0.303
T2303,7,0.552,61.6,0.224
T2303,8,0.55,62.3,0.305
T2303,9,0.611,61.5,0.285
T2303,10,0.628,57.4,0.28
T2303,11,0.623,57.3,0.258
T2304,0,0.825,63.2,0.488
T2304,1,0.762,62.1,0.497
T2304,2,0.748,63.6,0.53
T2304,3,0.726,67.6,0.552
T2304,4,0.726,65.7,0.568
T2304,5,0.73,68.9,0.632
T2304,6,0.693,68.0,0.612
T2304,7,0.704,69.6,0.634
T2304,8,0.665,73.0,0.648
T2304,9,0.656,71.8,0.677
T2304,10,0.707,72.3,0.682
T2304,11,0.646,73.0,0.739
T2305,0,0.887,73.8,0.521
T2305,1,0.887,73.0,0.488
T2305,2,0.856,71.7,0.507
T2305,3,0.845,68.0,0.488
T2305,4,0.834,66.8,0.492
T2305,5,0.778,65.3,0.509
T2305,6,0.775,64.2,0.46
T2305,7,0.799,60.3,0.52
T2305,8,0.761,59.2,0.516
T2305,9,0.74,60.1,0.509
T2305,10,0.693,58.6,0.529
T2305,11,0.714,53.4,0.49
T2306,0,0.62,49.0,0.653
T2306,1,0.653,48.6,0.641
T2306,2,0.613,49.8,0.67
T2306,3,0.607,51.3,0.651
T2306,4,0.622,47.5,0.697
T2306,5,0.634,51.5,0.7
T2306,6,0.607,51.3,0.709
T2306,7,0.665,50.6,0.742
T2306,8,0.619,52.5,0.809
T2306,9,0.627,54.9,0.812
T2306,10,0.639,54.2,0.786
T2306,11,0.626,53.0,0.812
T2307,0,0.555,54.5,0.576
T2307,1,0.541,53.7,0.583
T2307,2,0.551,54.4,0.574
T2307,3,0.562,54.5,0.573
T2307,4,0.618,53.8,0.567
T2307,5,0.638,56.1,0.59
T2307,6,0.595,57.1,0.564
T2307,7,0.605,53.9,0.56
T2307,8,0.611,56.5,0.57
T2307,9,0.647,54.3,0.596
T2307,10,0.634,54.2,0.595
T2307,11,0.659,51.5,0.588
T2308,0,0.365,35.9,0.267
T2308,1,0.372,39.5,0.22
T2308,2,0.392,38.7,0.245
T2308,3,0.371,41.2,0.237
T2308,4,0.419,39.3,0.264
T2308,5,0.429,41.9,0.263
T2308,6,0.408,43.3,0.25
T2308,7,0.485,41.0,0.292
T2308,8,0.484,44.9,0.329
T2308,9,0.497,43.1,0.284
T2308,10,0.489,41.5,0.292
T2308,11,0.488,45.0,0.306
T2309,0,0.671,77.6,0.915
T2309,1,0.648,78.5,0.935
T2309,2,0.624,79.0,0.924
T2309,3,0.644,80.7,0.938
T2309,4,0.612,78.8,0.917
T2309,5,0.634,81.1,0.943
T2309,6,0.656,80.0,0.93
T2309,7,0.62,81.4,0.942
T2309,8,0.597,81.5,0.934
T2309,9,0.614,80.9,0.955
T2309,10,0.605,82.7,0.943
T2309,11,0.634,84.4,0.99
T2310,0,0.653,54.4,1.0
T2310,1,0.636,55.9,0.979
T2310,2,0.63,56.6,0.967
T2310,3,0.629,54.5,0.985
T2310,4,0.611,56.7,0.949
T2310,5,0.597,58.1,0.923
T2310,6,0.586,59.4,0.902
T2310,7,0.544,58.6,0.914
T2310,8,0.571,60.3,0.912
T2310,9,0.53,59.2,0.909
T2310,10,0.547,61.2,0.901
T2310,11,0.561,63.0,0.873
T2311,0,0.41,66.1,0.712
T2311,1,0.393,67.1,0.755
T2311,2,0.375,67.1,0.755
T2311,3,0.354,65.7,0.76
T2311,4,0.356,64.6,0.746
T2311,5,0.282,66.5,0.768
T2311,6,0.333,64.9,0.76
T2311,7,0.274,62.5,0.773
T2311,8,0.296,62.1,0.802
T2311,9,0.219,62.8,0.821
T2311,10,0.245,64.1,0.816
T2311,11,0.226,62.9,0.838
T2312,0,0.297,53.0,0.694
T2312,1,0.299,51.3,0.72
T2312,2,0.326,55.1,0.698
T2312,3,0.363,59.4,0.756
T2312,4,0.396,60.2,0.758
T2312,5,0.424,59.7,0.809
T2312,6,0.469,62.1,0.809
T2312,7,0.459,60.7,0.815
T2312,8,0.51,64.3,0.872
T2312,9,0.539,62.7,0.88
T2312,10,0.556,66.2,0.871
T2312,11,0.566,64.8,0.9
T2313,0,1.0,51.4,0.18
T2313,1,1.0,50.7,0.203
T2313,2,0.976,50.9,0.256
T2313,3,0.967,49.0,0.216
T2313,4,0.939,49.8,0.218
T2313,5,0.95,48.6,0.251
T2313,6,0.898,48.6,0.251
T2313,7,0.884,47.3,0.253
T2313,8,0.894,47.5,0.259
T2313,9,0.881,46.2,0.239
T2313,10,0.859,46.4,0.233
T2313,11,0.804,43.6,0.286
T2314,0,0.783,61.5,0.926
T2314,1,0.753,62.8,0.859
T2314,2,0.705,63.7,0.88
T2314,3,0.72,60.2,0.878
T2314,4,0.764,65.6,0.871
T2314,5,0.749,64.4,0.842
T2314,6,0.743,65.2,0.833
T2314,7,0.697,62.9,0.822
T2314,8,0.733,65.8,0.827
T2314,9,0.707,68.6,0.816
T2314,10,0.732,66.8,0.808
T2314,11,0.719,70.0,0.774
T2315,0,0.643,60.8,0.849
T2315,1,0.644,61.1,0.851
T2315,2,0.675,59.5,0.855
T2315,3,0.658,60.5,0.82
T2315,4,0.697,58.0,0.819
T2315,5,0.755,57.6,0.815
T2315,6,0.726,55.1,0.795
T2315,7,0.775,58.0,0.835
T2315,8,0.785,57.8,0.83
T2315,9,0.764,56.2,0.817
T2315,10,0.794,56.2,0.821
T2315,11,0.781,54.9,0.788
T2316,0,0.648,34.9,0.514
T2316,1,0.596,35.1,0.502
T2316,2,0.586,33.0,0.521
T2316,3,0.612,35.9,0.494
T2316,4,0.634,33.7,0.521
T2316,5,0.562,35.0,0.532
T2316,6,0.563,34.7,0.512
T2316,7,0.556,33.0,0.492
T2316,8,0.556,31.0,0.525
T2316,9,0.492,34.3,0.542
T2316,10,0.484,31.4,0.482
T2316,11,0.511,32.9,0.524
T2317,0,0.65,62.3,0.77
T2317,1,0.649,59.3,0.738
T2317,2,0.646,57.3,0.723
T2317,3,0.672,59.0,0.709
T2317,4,0.663,57.8,0.73
T2317,5,0.642,56.5,0.737
T2317,6,0.684,57.5,0.725
T2317,7,0.636,56.5,0.751
T2317,8,0.668,55.1,0.721
T2317,9,0.671,52.2,0.705
T2317,10,0.731,52.8,0.679
T2317,11,0.639,51.9,0.726
T2318,0,0.691,46.3,0.159
T2318,1,0.664,48.8,0.14
T2318,2,0.618,48.8,0.191
T2318,3,0.628,50.7,0.231
T2318,4,0.611,49.1,0.256
T2318,5,0.551,50.9,0.256
T2318,6,0.591,49.7,0.277
T2318,7,0.553,52.3,0.303
T2318,8,0.545,50.4,0.317
T2318,9,0.545,52.1,0.355
T2318,10,0.512,50.3,0.318
T2318,11,0.514,50.6,0.358
T2319,0,0.27,54.5,0.752
T2319,1,0.266,56.2,0.736
T2319,2,0.293,56.8,0.733
T2319,3,0.345,58.9,0.76
T2319,4,0.329,60.9,0.739
T2319,5,0.378,63.3,0.69
T2319,6,0.409,65.2,0.74
T2319,7,0.426,65.2,0.736
T2319,8,0.475,70.1,0.725
T2319,9,0.464,69.2,0.735
T2319,10,0.506,71.1,0.701
T2319,11,0.47,72.8,0.711
T2320,0,0.837,63.4,0.714
T2320,1,0.855,63.5,0.729
T2320,2,0.777,62.7,0.756
T2320,3,0.791,63.0,0.764
T2320,4,0.816,65.4,0.778
T2320,5,0.757,62.1,0.847
T2320,6,0.794,63.7,0.834
T2320,7,0.74,62.6,0.859
T2320,8,0.745,62.4,0.908
T2320,9,0.705,59.5,0.871
T2320,10,0.692,61.0,0.908
T2320,11,0.696,60.1,0.955
T2321,0,0.546,59.0,0.431
T2321,1,0.57,61.6,0.44
T2321,2,0.54,61.1,0.459
T2321,3,0.583,59.8,0.394
T2321,4,0.499,61.3,0.433
T2321,5,0.531,58.0,0.457
T2321,6,0.545,59.4,0.457
T2321,7,0.515,59.0,0.446
T2321,8,0.516,59.3,0.469
T2321,9,0.476,58.9,0.445
T2321,10,0.496,59.3,0.465
T2321,11,0.485,59.9,0.456
T2322,0,0.644,49.8,0.464
T2322,1,0.632,51.9,0.442
T2322,2,0.615,48.2,0.399
T2322,3,0.661,47.7,0.442
T2322,4,0.653,47.8,0.423
T2322,5,0.645,45.8,0.387
T2322,6,0.705,47.6,0.35
T2322,7,0.667,44.0,0.335
T2322,8,0.649,45.8,0.368
T2322,9,0.692,46.1,0.317
T2322,10,0.688,46.2,0.345
T2322,11,0.684,44.3,0.287
T2323,0,0.439,34.8,0.134
T2323,1,0.447,35.8,0.177
T2323,2,0.48,36.8,0.184
T2323,3,0.464,37.7,0.211
T2323,4,0.524,43.1,0.187
T2323,5,0.509,40.2,0.237
T2323,6,0.567,40.7,0.255
T2323,7,0.573,41.5,0.293
T2323,8,0.593,45.2,0.289
T2323,9,0.587,50.0,0.328
T2323,10,0.601,44.9,0.351
T2323,11,0.606,49.3,0.359
T2324,0,0.976,45.3,0.702
T2324,1,0.992,45.4,0.709
T2324,2,0.982,46.6,0.695
T2324,3,0.943,47.8,0.687
T2324,4,0.948,48.4,0.663
T2324,5,0.929,48.3,0.673
T2324,6,0.872,49.1,0.646
T2324,7,0.848,49.6,0.626
T2324,8,0.833,50.6,0.665
T2324,9,0.85,51.2,0.647
T2324,10,0.803,52.7,0.621
T2324,11,0.763,54.6,0.609
T2325,0,0.499,63.2,0.588
T2325,1,0.483,63.9,0.618
T2325,2,0.507,63.8,0.624
T2325,3,0.554,61.9,0.586
T2325,4,0.551,59.9,0.592
T2325,5,0.582,60.1,0.585
T2325,6,0.6,61.5,0.592
T2325,7,0.607,59.3,0.53
T2325,8,0.572,59.0,0.55
T2325,9,0.594,60.1,0.513
T2325,10,0.646,59.3,0.516
T2325,11,0.664,56.9,0.526
T2326,0,0.769,47.9,0.678
T2326,1,0.742,48.8,0.684
T2326,2,0.749,50.3,0.645
T2326,3,0.759,48.0,0.66
T2326,4,0.753,51.9,0.639
T2326,5,0.753,54.6,0.644
T2326,6,0.794,57.1,0.607
T2326,7,0.8,58.9,0.634
T2326,8,0.805,59.5,0.598
T2326,9,0.808,60.9,0.617
T2326,10,0.813,58.9,0.598
T2326,11,0.819,62.1,0.574
T2327,0,0.725,64.7,0.552
T2327,1,0.695,63.7,0.505
T2327,2,0.643,63.5,0.535
T2327,3,0.633,58.3,0.467
T2327,4,0.638,57.7,0.49
T2327,5,0.619,58.1,0.467
T2327,6,0.613,55.4,0.402
T2327,7,0.555,55.4,0.395
T2327,8,0.513,55.9,0.398
T2327,9,0.515,53.4,0.364
T2327,10,0.509,53.8,0.378
T2327,11,0.424,51.2,0.325
T2328,0,0.651,61.0,0.848
T2328,1,0.657,63.1,0.871
T2328,2,0.676,62.7,0.845
T2328,3,0.651,64.6,0.873
T2328,4,0.646,61.0,0.83
T2328,5,0.65,64.3,0.844
T2328,6,0.641,65.4,0.847
T2328,7,0.63,63.6,0.862
T2328,8,0.599,62.4,0.86
T2328,9,0.612,62.9,0.866
T2328,10,0.636,60.3,0.845
T2328,11,0.594,61.9,0.854
T2329,0,0.609,53.7,0.438
T2329,1,0.633,52.7,0.45
T2329,2,0.669,53.8,0.497
T2329,3,0.612,54.3,0.495
T2329,4,0.636,55.8,0.481
T2329,5,0.668,54.9,0.548
T2329,6,0.644,57.2,0.514
T2329,7,0.625,55.6,0.488
T2329,8,0.676,57.7,0.499
T2329,9,0.619,57.3,0.53
T2329,10,0.615,58.6,0.484
T2329,11,0.636,58.3,0.542
T2330,0,0.951,49.2,0.645
T2330,1,0.957,50.1,0.631
T2330,2,0.937,50.8,0.621
T2330,3,0.939,48.3,0.641
T2330,4,0.902,52.5,0.639
T2330,5,0.849,50.0,0.588
T2330,6,0.813,50.6,0.663
T2330,7,0.811,48.2,0.646
T2330,8,0.792,46.7,0.62
T2330,9,0.818,49.4,0.661
T2330,10,0.745,47.1,0.631
T2330,11,0.749,49.0,0.692
T2331,0,0.51,61.8,0.142
T2331,1,0.503,61.8,0.132
T2331,2,0.447,60.7,0.135
T2331,3,0.524,61.6,0.117
T2331,4,0.503,60.4,0.169
T2331,5,0.512,57.2,0.179
T2331,6,0.547,58.9,0.154
T2331,7,0.549,57.3,0.154
T2331,8,0.534,54.3,0.18
T2331,9,0.479,54.5,0.197
T2331,10,0.537,57.2,0.186
T2331,11,0.549,56.9,0.156
T2332,0,0.364,65.9,0.525
T2332,1,0.401,63.9,0.507
T2332,2,0.451,65.4,0.54
T2332,3,0.423,63.3,0.498
T2332,4,0.438,65.0,0.476
T2332,5,0.426,65.1,0.481
T2332,6,0.425,63.6,0.489
T2332,7,0.426,64.5,0.484
T2332,8,0.49,61.8,0.46
T2332,9,0.453,60.7,0.425
T2332,10,0.456,61.9,0.426
T2332,11,0.445,60.7,0.476
T2333,0,0.746,59.8,0.5
T2333,1,0.736,55.3,0.538
T2333,2,0.714,59.0,0.503
T2333,3,0.617,59.2,0.553
T2333,4,0.68,59.8,0.573
T2333,5,0.641,56.0,0.594
T2333,6,0.661,56.1,0.649
T2333,7,0.651,55.6,0.65
T2333,8,0.598,56.9,0.655
T2333,9,0.607,56.8,0.644
T2333,10,0.571,56.8,0.679
T2333,11,0.561,58.0,0.729
T2334,0,0.703,38.0,0.43
T2334,1,0.71,39.7,0.455
T2334,2,0.662,40.5,0.454
T2334,3,0.671,38.5,0.443
T2334,4,0.662,41.1,0.466
T2334,5,0.664,43.8,0.459
T2334,6,0.678,42.3,0.441
T2334,7,0.687,45.1,0.426
T2334,8,0.715,47.6,0.444
T2334,9,0.698,48.2,0.424
T2334,10,0.694,48.9,0.427
T2334,11,0.646,52.1,0.448
T2335,0,0.617,63.9,0.449
T2335,1,0.643,61.7,0.397
T2335,2,0.633,62.0,0.446
T2335,3,0.681,63.0,0.457
T2335,4,0.657,62.8,0.439
T2335,5,0.698,62.0,0.467
T2335,6,0.704,59.5,0.46
T2335,7,0.733,61.5,0.469
T2335,8,0.738,63.0,0.454
T2335,9,0.69,63.7,0.429
T2335,10,0.753,61.2,0.448
T2335,11,0.74,63.2,0.459
T2336,0,0.688,54.2,0.473
T2336,1,0.728,53.6,0.412
T2336,2,0.75,55.8,0.423
T2336,3,0.796,54.7,0.404
T2336,4,0.752,58.1,0.4
T2336,5,0.757,53.8,0.345
T2336,6,0.795,55.0,0.337
T2336,7,0.798,55.9,0.374
T2336,8,0.866,56.1,0.33
T2336,9,0.826,55.6,0.277
T2336,10,0.795,56.4,0.259
T2336,11,0.849,55.8,0.281
T2337,0,0.532,73.1,0.826
T2337,1,0.503,70.9,0.814
T2337,2,0.538,70.5,0.808
T2337,3,0.591,72.2,0.808
T2337,4,0.592,66.9,0.82
T2337,5,0.606,67.1,0.77
T2337,6,0.659,65.6,0.74
T2337,7,0.634,64.6,0.722
T2337,8,0.677,65.3,0.744
T2337,9,0.702,66.0,0.679
T2337,10,0.712,65.8,0.672
T2337,11,0.764,65.7,0.647
T2338,0,0.977,43.9,0.449
T2338,1,0.962,43.4,0.458
T2338,2,0.952,44.7,0.456
T2338,3,0.919,48.2,0.462
T2338,4,0.854,46.2,0.436
T2338,5,0.886,48.3,0.446
T2338,6,0.839,46.1,0.463
T2338,7,0.819,45.6,0.441
T2338,8,0.828,47.2,0.456
T2338,9,0.766,48.9,0.408
T2338,10,0.779,49.2,0.421
T2338,11,0.703,52.5,0.399
T2339,0,0.205,47.7,0.111
T2339,1,0.293,51.3,0.146
T2339,2,0.293,47.7,0.143
T2339,3,0.298,47.2,0.139
T2339,4,0.335,46.2,0.168
T2339,5,0.369,46.4,0.171
T2339,6,0.358,49.0,0.18
T2339,7,0.404,48.7,0.255
T2339,8,0.401,48.2,0.236
T2339,9,0.428,45.6,0.231
T2339,10,0.458,43.5,0.23
T2339,11,0.497,43.9,0.231
T2340,0,0.8,37.9,0.593
T2340,1,0.796,41.0,0.643
T2340,2,0.813,42.5,0.602
T2340,3,0.737,41.7,0.642
T2340,4,0.722,43.1,0.58
T2340,5,0.741,43.7,0.565
T2340,6,0.697,45.1,0.557
T2340,7,0.672,46.2,0.553
T2340,8,0.676,47.8,0.568
T2340,9,0.642,47.4,0.566
T2340,10,0.621,46.0,0.522
T2340,11,0.634,49.5,0.522
T2341,0,0.459,35.7,0.766
T2341,1,0.458,38.1,0.733
T2341,2,0.485,39.9,0.749
T2341,3,0.493,41.1,0.723
T2341,4,0.469,41.4,0.789
T2341,5,0.485,40.6,0.758
T2341,6,0.484,44.9,0.736
T2341,7,0.425,44.0,0.771
T2341,8,0.442,44.4,0.748
T2341,9,0.466,48.2,0.777
T2341,10,0.472,45.5,0.762
T2341,11,0.457,47.7,0.763
T2342,0,0.988,67.9,0.463
T2342,1,0.97,64.4,0.482
T2342,2,0.965,66.6,0.454
T2342,3,0.923,63.9,0.449
T2342,4,0.888,62.7,0.47
T2342,5,0.883,59.8,0.468
T2342,6,0.874,63.2,0.515
T2342,7,0.864,57.6,0.524
T2342,8,0.828,58.7,0.479
T2342,9,0.777,55.6,0.522
T2342,10,0.748,57.8,0.543
T2342,11,0.744,52.2,0.558
T2343,0,0.365,46.0,0.668
T2343,1,0.359,47.3,0.66
T2343,2,0.392,48.9,0.647
T2343,3,0.36,49.1,0.615
T2343,4,0.396,51.3,0.603
T2343,5,0.396,49.1,0.593
T2343,6,0.356,49.0,0.579
T2343,7,0.382,49.4,0.524
T2343,8,0.364,50.0,0.555
T2343,9,0.39,48.3,0.555
T2343,10,0.368,52.9,0.557
T2343,11,0.38,51.7,0.524
T2344,0,0.451,66.7,0.709
T2344,1,0.471,61.5,0.741
T2344,2,0.449,62.9,0.695
T2344,3,0.444,63.1,0.7
T2344,4,0.381,64.4,0.663
T2344,5,0.401,65.3,0.645
T2344,6,0.403,64.7,0.644
T2344,7,0.41,60.8,0.635
T2344,8,0.393,62.5,0.631
T2344,9,0.377,64.2,0.606
T2344,10,0.367,65.4,0.622
T2344,11,0.354,61.8,0.634
T2345,0,0.553,55.7,0.445
T2345,1,0.525,57.8,0.455
T2345,2,0.525,57.2,0.501
T2345,3,0.493,54.2,0.475
T2345,4,0.484,55.6,0.471
T2345,5,0.426,56.6,0.48
T2345,6,0.4,56.9,0.49
T2345,7,0.422,52.9,0.481
T2345,8,0.383,52.3,0.429
T2345,9,0.356,54.6,0.455
T2345,10,0.35,53.2,0.441
T2345,11,0.304,55.1,0.429
T2346,0,0.855,53.0,0.752
T2346,1,0.846,50.4,0.729
T2346,2,0.89,47.8,0.711
T2346,3,0.831,52.2,0.712
T2346,4,0.818,51.5,0.731
T2346,5,0.836,51.4,0.678
T2346,6,0.798,53.6,0.655
T2346,7,0.751,50.9,0.663
T2346,8,0.841,48.1,0.637
T2346,9,0.734,50.4,0.677
T2346,10,0.748,48.2,0.623
T2346,11,0.762,49.7,0.593
T2347,0,0.606,47.3,0.948
T2347,1,0.582,49.5,0.954
T2347,2,0.598,51.5,0.899
T2347,3,0.619,52.9,0.901
T2347,4,0.654,55.2,0.868
T2347,5,0.682,58.6,0.865
T2347,6,0.648,56.5,0.865
T2347,7,0.707,58.0,0.828
T2347,8,0.744,57.5,0.826
T2347,9,0.739,62.9,0.81
T2347,10,0.713,59.7,0.783
T2347,11,0.731,62.4,0.774
T2348,0,0.473,45.3,0.897
T2348,1,0.487,44.1,0.88
T2348,2,0.556,46.1,0.864
T2348,3,0.527,47.8,0.854
T2348,4,0.557,44.6,0.8
T2348,5,0.578,47.6,0.796
T2348,6,0.574,46.7,0.739
T2348,7,0.567,51.4,0.771
T2348,8,0.596,49.0,0.77
T2348,9,0.582,52.2,0.7
T2348,10,0.596,52.0,0.729
T2348,11,0.676,53.8,0.711
T2349,0,0.446,52.0,0.555
T2349,1,0.495,51.7,0.51
T2349,2,0.429,49.8,0.527
T2349,3,0.451,50.6,0.49
T2349,4,0.47,49.1,0.464
T2349,5,0.495,49.9,0.538
T2349,6,0.475,51.7,0.516
T2349,7,0.498,51.8,0.478
T2349,8,0.491,50.8,0.465
T2349,9,0.507,48.3,0.462
T2349,10,0.51,50.3,0.484
T2349,11,0.499,49.4,0.458
T2350,0,0.696,65.8,0.415
T2350,1,0.712,65.3,0.45
T2350,2,0.711,63.3,0.45
T2350,3,0.732,63.0,0.458
T2350,4,0.749,62.4,0.448
T2350,5,0.739,63.6,0.474
T2350,6,0.723,61.8,0.488
T2350,7,0.725,63.4,0.529
T2350,8,0.738,64.5,0.492
T2350,9,0.76,63.7,0.546
T2350,10,0.739,60.7,0.558
T2350,11,0.7,62.4,0.562
T2351,0,0.594,47.3,0.278
T2351,1,0.618,48.0,0.281
T2351,2,0.577,47.1,0.335
T2351,3,0.614,46.1,0.324
T2351,4,0.571,45.3,0.324
T2351,5,0.579,47.2,0.39
T2351,6,0.553,47.3,0.382
T2351,7,0.534,50.9,0.419
T2351,8,0.53,50.7,0.406
T2351,9,0.483,51.6,0.447
T2351,10,0.467,48.1,0.448
T2351,11,0.437,50.0,0.446
T2352,0,0.401,70.6,0.538
T2352,1,0.379,68.8,0.532
T2352,2,0.41,69.4,0.53
T2352,3,0.403,69.1,0.522
T2352,4,0.403,67.8,0.586
T2352,5,0.418,70.0,0.569
T2352,6,0.412,70.7,0.564
T2352,7,0.41,67.1,0.576
T2352,8,0.405,68.4,0.577
T2352,9,0.449,68.4,0.541
T2352,10,0.421,68.5,0.586
T2352,11,0.434,67.8,0.521
T2353,0,0.875,50.1,0.395
T2353,1,0.834,47.9,0.367
T2353,2,0.843,48.8,0.367
T2353,3,0.841,48.8,0.354
T2353,4,0.778,47.4,0.369
T2353,5,0.772,44.9,0.36
T2353,6,0.744,47.4,0.301
T2353,7,0.768,44.0,0.339
T2353,8,0.678,41.9,0.29
T2353,9,0.7,41.5,0.296
T2353,10,0.671,43.3,0.264
T2353,11,0.675,42.5,0.251
T2354,0,0.652,45.2,0.373
T2354,1,0.643,42.9,0.356
T2354,2,0.667,44.9,0.37
T2354,3,0.677,46.7,0.296
T2354,4,0.656,45.0,0.357
T2354,5,0.671,44.4,0.389
T2354,6,0.662,48.6,0.374
T2354,7,0.658,46.2,0.374
T2354,8,0.679,48.5,0.387
T2354,9,0.668,49.5,0.372
T2354,10,0.661,49.3,0.364
T2354,11,0.717,49.5,0.328
T2355,0,0.794,50.8,0.478
T2355,1,0.794,51.1,0.464
T2355,2,0.749,50.4,0.502
T2355,3,0.735,48.6,0.497
T2355,4,0.77,47.6,0.446
T2355,5,0.721,51.0,0.49
T2355,6,0.745,50.1,0.429
T2355,7,0.693,47.8,0.452
T2355,8,0.684,47.2,0.475
T2355,9,0.694,47.1,0.467
T2355,10,0.666,48.0,0.438
T2355,11,0.669,48.9,0.442
T2356,0,0.377,66.1,0.721
T2356,1,0.401,67.4,0.727
T2356,2,0.394,65.1,0.739
T2356,3,0.346,64.5,0.755
T2356,4,0.391,64.6,0.767
T2356,5,0.373,63.0,0.743
T2356,6,0.393,61.5,0.797
T2356,7,0.382,65.9,0.776
T2356,8,0.402,61.5,0.802
T2356,9,0.445,61.7,0.836
T2356,10,0.415,60.4,0.836
T2356,11,0.41,59.7,0.804
T2357,0,0.941,30.1,0.442
T2357,1,0.928,32.8,0.484
T2357,2,0.937,34.5,0.467
T2357,3,0.917,35.3,0.48
T2357,4,0.944,38.0,0.422
T2357,5,0.898,37.4,0.438
T2357,6,0.897,36.4,0.415
T2357,7,0.918,38.7,0.442
T2357,8,0.876,40.8,0.432
T2357,9,0.859,44.0,0.393
T2357,10,0.873,41.5,0.411
T2357,11,0.852,44.3,0.393
T2358,0,0.438,79.3,0.804
T2358,1,0.411,74.8,0.835
T2358,2,0.448,79.4,0.846
T2358,3,0.441,81.1,0.819
T2358,4,0.438,77.0,0.853
T2358,5,0.417,79.2,0.782
T2358,6,0.452,76.2,0.805
T2358,7,0.484,75.8,0.811
T2358,8,0.518,75.2,0.836
T2358,9,0.52,76.0,0.835
T2358,10,0.488,75.1,0.818
T2358,11,0.536,74.4,0.829
T2359,0,0.583,62.4,0.531
T2359,1,0.58,63.4,0.511
T2359,2,0.619,60.9,0.541
T2359,3,0.579,62.3,0.528
T2359,4,0.581,61.3,0.583
T2359,5,0.583,60.0,0.562
T2359,6,0.531,58.8,0.584
T2359,7,0.593,59.4,0.569
T2359,8,0.551,61.9,0.606
T2359,9,0.608,59.8,0.615
T2359,10,0.552,61.9,0.638
T2359,11,0.546,59.1,0.695
T2360,0,0.8,34.0,0.462
T2360,1,0.824,33.9,0.399
T2360,2,0.812,35.4,0.421
T2360,3,0.844,34.3,0.419
T2360,4,0.772,40.5,0.41
T2360,5,0.801,38.2,0.373
T2360,6,0.761,38.7,0.402
T2360,7,0.746,42.0,0.348
T2360,8,0.707,41.5,0.359
T2360,9,0.704,41.5,0.37
T2360,10,0.694,41.9,0.362
T2360,11,0.689,43.4,0.338
T2361,0,0.644,58.0,0.401
T2361,1,0.645,56.6,0.402
T2361,2,0.672,55.9,0.442
T2361,3,0.66,57.2,0.452
T2361,4,0.682,57.7,0.447
T2361,5,0.656,58.5,0.493
T2361,6,0.641,56.4,0.496
T2361,7,0.646,59.1,0.472
T2361,8,0.638,59.4,0.509
T2361,9,0.663,59.5,0.53
T2361,10,0.647,59.5,0.536
T2361,11,0.653,61.0,0.52
T2362,0,0.692,43.9,0.64
T2362,1,0.679,36.0,0.642
T2362,2,0.678,39.7,0.649
T2362,3,0.734,40.1,0.607
T2362,4,0.733,39.7,0.619
T2362,5,0.733,43.0,0.607
T2362,6,0.787,40.1,0.65
T2362,7,0.771,39.9,0.641
T2362,8,0.767,42.4,0.604
T2362,9,0.825,42.5,0.688
T2362,10,0.814,42.0,0.658
T2362,11,0.831,43.2,0.664
T2363,0,0.882,56.8,0.556
T2363,1,0.908,54.2,0.561
T2363,2,0.864,55.8,0.585
T2363,3,0.804,56.5,0.637
T2363,4,0.819,58.6,0.566
T2363,5,0.768,57.4,0.574
T2363,6,0.756,59.7,0.551
T2363,7,0.683,61.0,0.59
T2363,8,0.678,59.7,0.603
T2363,9,0.642,60.5,0.601
T2363,10,0.567,62.8,0.6
T2363,11,0.596,64.9,0.626
T2364,0,0.568,52.2,0.523
T2364,1,0.622,51.1,0.516
T2364,2,0.604,52.5,0.546
T2364,3,0.625,54.6,0.511
T2364,4,0.62,51.1,0.497
T2364,5,0.635,54.7,0.478
T2364,6,0.644,53.4,0.529
T2364,7,0.625,56.8,0.502
T2364,8,0.61,57.1,0.494
T2364,9,0.648,55.9,0.456
T2364,10,0.617,57.8,0.453
T2364,11,0.663,59.7,0.466
T2365,0,0.462,51.4,0.444
T2365,1,0.495,56.2,0.434
T2365,2,0.516,56.0,0.441
T2365,3,0.541,55.0,0.432
T2365,4,0.579,55.6,0.412
T2365,5,0.6,58.9,0.433
T2365,6,0.606,57.1,0.439
T2365,7,0.643,57.0,0.428
T2365,8,0.647,56.8,0.464
T2365,9,0.657,57.2,0.457
T2365,10,0.689,60.1,0.42
T2365,11,0.732,58.7,0.437
T2366,0,0.532,46.5,0.702
T2366,1,0.527,48.4,0.658
T2366,2,0.508,50.4,0.614
T2366,3,0.48,51.2,0.667
T2366,4,0.464,51.5,0.612
T2366,5,0.453,52.0,0.588
T2366,6,0.446,52.6,0.596
T2366,7,0.414,53.3,0.566
T2366,8,0.406,56.7,0.563
T2366,9,0.378,57.6,0.513
T2366,10,0.352,58.6,0.503
T2366,11,0.32,59.2,0.511
T2367,0,0.6,65.8,0.357
T2367,1,0.614,63.3,0.316
T2367,2,0.617,59.0,0.325
T2367,3,0.589,59.3,0.292
T2367,4,0.549,56.4,0.287
T2367,5,0.532,59.0,0.271
T2367,6,0.52,57.4,0.262
T2367,7,0.533,54.8,0.208
T2367,8,0.467,53.4,0.242
T2367,9,0.422,53.9,0.241
T2367,10,0.423,52.3,0.177
T2367,11,0.432,50.6,0.179
T2368,0,0.756,67.5,0.352
T2368,1,0.754,70.6,0.377
T2368,2,0.784,68.3,0.355
T2368,3,0.766,63.1,0.321
T2368,4,0.774,62.7,0.339
T2368,5,0.756,63.0,0.344
T2368,6,0.751,60.6,0.325
T2368,7,0.729,60.0,0.343
T2368,8,0.778,56.8,0.337
T2368,9,0.77,56.6,0.322
T2368,10,0.789,53.5,0.308
T2368,11,0.774,52.8,0.317
T2369,0,0.312,59.9,0.891
T2369,1,0.294,58.9,0.893
T2369,2,0.34,61.7,0.905
T2369,3,0.348,59.2,0.856
T2369,4,0.345,62.8,0.85
T2369,5,0.381,60.8,0.847
T2369,6,0.438,58.8,0.846
T2369,7,0.407,64.0,0.845
T2369,8,0.453,61.8,0.791
T2369,9,0.453,60.9,0.794
T2369,10,0.504,62.8,0.818
T2369,11,0.517,64.0,0.8
T2370,0,0.299,43.9,0.609
T2370,1,0.294,45.2,0.598
T2370,2,0.313,46.9,0.551
T2370,3,0.314,48.3,0.564
T2370,4,0.347,46.5,0.53
T2370,5,0.346,47.9,0.548
T2370,6,0.344,49.0,0.513
T2370,7,0.306,50.4,0.503
T2370,8,0.361,50.9,0.504
T2370,9,0.336,51.4,0.487
T2370,10,0.352,51.9,0.509
T2370,11,0.357,54.5,0.44
T2371,0,0.716,44.5,0.721
T2371,1,0.708,43.2,0.762
T2371,2,0.684,42.7,0.703
T2371,3,0.711,47.0,0.699
T2371,4,0.707,48.2,0.725
T2371,5,0.709,44.8,0.705
T2371,6,0.727,47.1,0.713
T2371,7,0.727,49.0,0.687
T2371,8,0.708,50.4,0.722
T2371,9,0.697,51.3,0.709
T2371,10,0.685,53.4,0.658
T2371,11,0.706,52.4,0.671
T2372,0,0.722,75.9,0.438
T2372,1,0.718,76.8,0.438
T2372,2,0.721,74.3,0.448
T2372,3,0.713,75.8,0.476
T2372,4,0.683,73.0,0.485
T2372,5,0.736,71.0,0.519
T2372,6,0.691,67.4,0.521
T2372,7,0.685,66.7,0.553
T2372,8,0.681,66.7,0.555
T2372,9,0.694,66.1,0.579
T2372,10,0.68,60.9,0.606
T2372,11,0.691,60.5,0.6
T2373,0,0.441,47.9,0.242
T2373,1,0.478,48.5,0.224
T2373,2,0.488,47.9,0.232
T2373,3,0.518,48.6,0.226
T2373,4,0.53,47.7,0.219
T2373,5,0.541,48.3,0.195
T2373,6,0.568,45.0,0.219
T2373,7,0.582,48.7,0.206
T2373,8,0.584,49.1,0.185
T2373,9,0.63,48.9,0.203
T2373,10,0.594,50.5,0.193
T2373,11,0.613,48.7,0.191
T2374,0,0.847,57.9,0.426
T2374,1,0.864,59.6,0.428
T2374,2,0.856,54.9,0.447
T2374,3,0.893,55.0,0.437
T2374,4,0.862,51.4,0.436
T2374,5,0.879,53.0,0.457
T2374,6,0.868,53.4,0.415
T2374,7,0.859,48.0,0.462
T2374,8,0.877,49.6,0.483
T2374,9,0.845,49.9,0.432
T2374,10,0.829,47.5,0.479
T2374,11,0.849,45.0,0.46
T2375,0,0.406,82.7,0.692
T2375,1,0.4,80.8,0.725
T2375,2,0.345,76.9,0.72
T2375,3,0.397,79.3,0.697
T2375,4,0.42,79.7,0.727
T2375,5,0.403,77.7,0.674
T2375,6,0.382,77.6,0.725
T2375,7,0.347,76.3,0.696
T2375,8,0.398,75.1,0.754
T2375,9,0.363,73.2,0.718
T2375,10,0.391,76.3,0.721
T2375,11,0.364,71.2,0.709
T2376,0,0.618,51.2,0.125
T2376,1,0.582,52.2,0.138
T2376,2,0.566,54.8,0.151
T2376,3,0.605,50.2,0.195
T2376,4,0.588,51.1,0.145
T2376,5,0.569,49.0,0.197
T2376,6,0.575,47.9,0.173
T2376,7,0.566,46.5,0.157
T2376,8,0.551,51.1,0.186
T2376,9,0.595,45.3,0.15
T2376,10,0.588,48.3,0.197
T2376,11,0.566,47.9,0.18
T2377,0,0.572,53.9,0.408
T2377,1,0.632,53.5,0.418
T2377,2,0.647,54.4,0.384
T2377,3,0.722,54.6,0.389
T2377,4,0.726,53.8,0.358
T2377,5,0.687,53.0,0.389
T2377,6,0.751,52.9,0.37
T2377,7,0.771,52.4,0.359
T2377,8,0.762,49.1,0.338
T2377,9,0.824,51.6,0.347
T2377,10,0.815,53.7,0.303
T2377,11,0.796,51.1,0.301
T2378,0,0.734,64.0,0.698
T2378,1,0.734,64.2,0.735
T2378,2,0.665,63.4,0.709
T2378,3,0.682,61.8,0.754
T2378,4,0.718,62.5,0.707
T2378,5,0.703,62.9,0.722
T2378,6,0.689,65.4,0.727
T2378,7,0.696,61.4,0.709
T2378,8,0.713,64.5,0.725
T2378,9,0.677,61.6,0.722
T2378,10,0.667,59.5,0.721
T2378,11,0.656,65.0,0.749
T2379,0,0.796,44.2,0.513
T2379,1,0.823,44.1,0.516
T2379,2,0.782,44.9,0.523
T2379,3,0.775,42.8,0.493
T2379,4,0.829,44.9,0.48
T2379,5,0.807,48.8,0.464
T2379,6,0.76,49.0,0.461
T2379,7,0.782,50.7,0.45
T2379,8,0.788,48.2,0.425
T2379,9,0.775,47.4,0.434
T2379,10,0.826,47.6,0.434
T2379,11,0.769,47.6,0.404
T2380,0,0.21,63.5,0.636
T2380,1,0.261,64.3,0.658
T2380,2,0.286,65.7,0.652
T2380,3,0.304,67.3,0.641
T2380,4,0.36,64.8,0.633
T2380,5,0.39,67.1,0.632
T2380,6,0.403,66.8,0.656
T2380,7,0.424,64.4,0.63
T2380,8,0.464,64.0,0.68
T2380,9,0.507,62.2,0.651
T2380,10,0.525,61.0,0.712
T2380,11,0.546,66.5,0.677
T2381,0,0.518,40.9,0.144
T2381,1,0.546,41.6,0.168
T2381,2,0.538,38.9,0.162
T2381,3,0.503,36.0,0.192
T2381,4,0.524,44.2,0.203
T2381,5,0.52,40.3,0.213
T2381,6,0.587,43.7,0.234
T2381,7,0.56,43.4,0.266
T2381,8,0.573,46.7,0.251
T2381,9,0.617,44.1,0.296
T2381,10,0.625,44.1,0.307
T2381,11,0.599,46.1,0.345
T2382,0,0.768,37.8,0.276
T2382,1,0.796,41.4,0.237
T2382,2,0.762,39.2,0.248
T2382,3,0.759,43.6,0.263
T2382,4,0.772,42.0,0.247
T2382,5,0.758,43.1,0.262
T2382,6,0.731,44.7,0.25
T2382,7,0.743,41.0,0.245
T2382,8,0.757,44.9,0.248
T2382,9,0.712,41.4,0.281
T2382,10,0.717,46.3,0.255
T2382,11,0.691,47.0,0.261
T2383,0,0.249,61.0,0.933
T2383,1,0.245,61.3,0.947
T2383,2,0.304,61.5,0.91
T2383,3,0.326,64.9,0.931
T2383,4,0.325,61.5,0.88
T2383,5,0.376,62.9,0.896
T2383,6,0.382,62.2,0.869
T2383,7,0.417,61.3,0.868
T2383,8,0.432,62.1,0.867
T2383,9,0.48,62.7,0.854
T2383,10,0.489,61.3,0.832
T2383,11,0.512,59.6,0.809
T2384,0,0.569,54.0,0.902
T2384,1,0.583,56.6,0.902
T2384,2,0.604,54.9,0.873
T2384,3,0.568,53.4,0.839
T2384,4,0.577,54.1,0.854
T2384,5,0.545,53.7,0.866
T2384,6,0.572,54.7,0.866
T2384,7,0.574,55.7,0.831
T2384,8,0.56,54.6,0.847
T2384,9,0.558,54.4,0.851
T2384,10,0.532,53.1,0.843
T2384,11,0.559,51.5,0.836
T2385,0,0.76,50.9,0.356
T2385,1,0.738,50.5,0.339
T2385,2,0.741,51.4,0.339
T2385,3,0.704,52.4,0.405
T2385,4,0.709,51.2,0.415
T2385,5,0.708,51.1,0.4
T2385,6,0.659,52.7,0.416
T2385,7,0.686,54.8,0.384
T2385,8,0.708,56.3,0.419
T2385,9,0.703,56.7,0.425
T2385,10,0.689,56.2,0.429
T2385,11,0.65,58.4,0.452
T2386,0,0.847,46.7,0.672
T2386,1,0.884,46.8,0.67
T2386,2,0.839,46.4,0.613
T2386,3,0.859,44.7,0.604
T2386,4,0.815,45.7,0.627
T2386,5,0.8,46.0,0.592
T2386,6,0.795,47.9,0.586
T2386,7,0.793,47.9,0.559
T2386,8,0.788,45.0,0.563
T2386,9,0.793,46.2,0.475
T2386,10,0.8,45.2,0.503
T2386,11,0.757,44.9,0.46
T2387,0,0.592,72.4,0.56
T2387,1,0.582,69.6,0.558
T2387,2,0.607,70.1,0.566
T2387,3,0.55,70.5,0.563
T2387,4,0.599,71.7,0.552
T2387,5,0.59,67.0,0.551
T2387,6,0.581,67.1,0.563
T2387,7,0.601,66.4,0.533
T2387,8,0.574,66.0,0.552
T2387,9,0.568,64.3,0.601
T2387,10,0.559,65.1,0.533
T2387,11,0.59,67.2,0.516
T2388,0,0.525,62.1,0.526
T2388,1,0.479,61.9,0.528
T2388,2,0.494,61.4,0.519
T2388,3,0.482,57.5,0.532
T2388,4,0.525,56.1,0.544
T2388,5,0.527,56.9,0.499
T2388,6,0.553,59.5,0.553
T2388,7,0.548,54.6,0.545
T2388,8,0.589,55.1,0.548
T2388,9,0.587,54.3,0.518
T2388,10,0.592,49.9,0.565
T2388,11,0.587,50.6,0.554
T2389,0,0.76,80.1,0.779
T2389,1,0.766,77.6,0.782
T2389,2,0.765,79.6,0.775
T2389,3,0.75,78.7,0.792
T2389,4,0.736,80.4,0.783
T2389,5,0.699,76.4,0.802
T2389,6,0.691,78.2,0.826
T2389,7,0.661,77.4,0.822
T2389,8,0.627,78.1,0.826
T2389,9,0.613,74.2,0.812
T2389,10,0.611,76.1,0.847
T2389,11,0.611,73.1,0.854
T2390,0,0.151,46.2,0.39
T2390,1,0.185,47.9,0.44
T2390,2,0.183,49.4,0.419
T2390,3,0.225,53.6,0.425
T2390,4,0.211,52.6,0.372
T2390,5,0.226,52.2,0.365
T2390,6,0.278,54.4,0.388
T2390,7,0.282,54.3,0.405
T2390,8,0.294,56.3,0.352
T2390,9,0.277,54.8,0.395
T2390,10,0.344,59.2,0.32
T2390,11,0.313,57.4,0.38
T2391,0,0.818,64.8,0.869
T2391,1,0.783,63.1,0.847
T2391,2,0.822,61.1,0.854
T2391,3,0.792,58.6,0.864
T2391,4,0.758,62.6,0.847
T2391,5,0.767,62.6,0.779
T2391,6,0.755,63.1,0.79
T2391,7,0.736,63.9,0.794
T2391,8,0.729,61.9,0.81
T2391,9,0.663,59.6,0.79
T2391,10,0.701,61.2,0.755
T2391,11,0.677,59.7,0.731
T2392,0,0.841,31.4,0.614
T2392,1,0.842,31.1,0.606
T2392,2,0.803,29.7,0.584
T2392,3,0.84,36.1,0.56
T2392,4,0.819,35.9,0.592
T2392,5,0.818,38.5,0.593
T2392,6,0.791,40.3,0.558
T2392,7,0.788,39.0,0.539
T2392,8,0.785,41.8,0.549
T2392,9,0.787,45.5,0.552
T2392,10,0.755,43.6,0.568
T2392,11,0.731,44.8,0.541
T2393,0,1.0,49.2,0.461
T2393,1,0.988,46.0,0.479
T2393,2,0.993,51.4,0.462
T2393,3,0.943,49.0,0.48
T2393,4,0.915,49.5,0.444
T2393,5,0.959,46.5,0.44
T2393,6,0.922,46.6,0.444
T2393,7,0.886,49.3,0.423
T2393,8,0.871,48.0,0.441
T2393,9,0.867,47.4,0.44
T2393,10,0.842,46.3,0.412
T2393,11,0.832,44.6,0.417
T2394,0,0.599,57.6,0.684
T2394,1,0.643,55.4,0.685
T2394,2,0.701,54.8,0.721
T2394,3,0.657,58.3,0.664
T2394,4,0.648,58.3,0.692
T2394,5,0.688,57.2,0.753
T2394,6,0.678,52.5,0.724
T2394,7,0.731,56.0,0.744
T2394,8,0.739,57.9,0.787
T2394,9,0.741,55.9,0.764
T2394,10,0.739,52.7,0.751
T2394,11,0.79,53.9,0.778
T2395,0,0.467,48.9,0.656
T2395,1,0.515,50.9,0.629
T2395,2,0.519,52.5,0.599
T2395,3,0.517,50.0,0.683
T2395,4,0.551,52.5,0.646
T2395,5,0.558,51.3,0.642
T2395,6,0.538,49.4,0.603
T2395,7,0.537,53.5,0.573
T2395,8,0.593,51.7,0.576
T2395,9,0.62,55.2,0.567
T2395,10,0.59,51.3,0.537
T2395,11,0.624,51.4,0.512
T2396,0,0.417,49.6,0.518
T2396,1,0.466,50.2,0.529
T2396,2,0.438,50.3,0.539
T2396,3,0.366,48.1,0.513
T2396,4,0.415,50.1,0.496
T2396,5,0.362,52.9,0.481
T2396,6,0.346,50.8,0.516
T2396,7,0.399,50.3,0.472
T2396,8,0.343,47.1,0.454
T2396,9,0.33,50.8,0.443
T2396,10,0.3,48.0,0.437
T2396,11,0.316,51.7,0.427
T2397,0,0.566,49.8,0.967
T2397,1,0.533,54.2,0.989
T2397,2,0.539,50.9,0.926
T2397,3,0.56,56.3,0.919
T2397,4,0.571,53.5,0.879
T2397,5,0.577,55.3,0.878
T2397,6,0.582,56.8,0.864
T2397,7,0.594,54.7,0.848
T2397,8,0.549,56.1,0.8
T2397,9,0.546,56.7,0.767
T2397,10,0.58,59.7,0.757
T2397,11,0.562,58.6,0.72
T2398,0,0.636,58.5,0.553
T2398,1,0.579,59.2,0.556
T2398,2,0.63,58.9,0.55
T2398,3,0.654,59.1,0.573
T2398,4,0.635,58.8,0.542
T2398,5,0.661,55.4,0.568
T2398,6,0.652,59.3,0.554
T2398,7,0.675,60.1,0.566
T2398,8,0.675,58.4,0.581
T2398,9,0.674,56.1,0.577
T2398,10,0.685,53.2,0.569
T2398,11,0.707,60.1,0.568
T2399,0,0.621,53.7,0.789
T2399,1,0.634,53.5,0.802
T2399,2,0.652,52.1,0.811
T2399,3,0.656,52.8,0.793
T2399,4,0.618,53.6,0.79
T2399,5,0.653,54.5,0.769
T2399,6,0.654,52.7,0.789
T2399,7,0.631,51.8,0.752
T2399,8,0.663,52.8,0.734
T2399,9,0.622,50.2,0.728
T2399,10,0.669,49.4,0.725
T2399,11,0.712,49.8,0.723
T2400,0,0.566,48.5,0.501
T2400,1,0.522,44.9,0.536
T2400,2,0.54,49.2,0.57
T2400,3,0.579,52.3,0.528
T2400,4,0.53,50.8,0.564
T2400,5,0.534,49.5,0.607
T2400,6,0.505,50.5,0.606
T2400,7,0.519,53.0,0.585
T2400,8,0.507,51.9,0.592
T2400,9,0.551,55.4,0.655
T2400,10,0.55,54.2,0.654
T2400,11,0.546,56.0,0.702
T2401,0,0.779,57.3,0.563
T2401,1,0.814,60.5,0.608
T2401,2,0.802,57.0,0.607
T2401,3,0.803,58.7,0.637
T2401,4,0.832,58.2,0.662
T2401,5,0.839,56.7,0.651
T2401,6,0.816,55.5,0.657
T2401,7,0.851,56.4,0.705
T2401,8,0.86,55.4,0.689
T2401,9,0.903,54.3,0.71
T2401,10,0.903,52.2,0.689
T2401,11,0.886,54.9,0.73
T2402,0,0.46,56.4,0.544
T2402,1,0.427,60.6,0.522
T2402,2,0.455,58.9,0.535
T2402,3,0.421,60.9,0.553
T2402,4,0.432,59.1,0.524
T2402,5,0.406,61.1,0.542
T2402,6,0.414,60.1,0.527
T2402,7,0.442,62.2,0.534
T2402,8,0.437,62.4,0.552
T2402,9,0.397,61.7,0.528
T2402,10,0.435,61.3,0.486
T2402,11,0.438,61.7,0.528
T2403,0,0.499,77.4,1.0
T2403,1,0.545,77.1,0.956
T2403,2,0.558,76.7,1.0
T2403,3,0.554,75.3,1.0
T2403,4,0.593,74.7,0.994
T2403,5,0.625,73.1,1.0
T2403,6,0.652,69.3,0.972
T2403,7,0.657,71.2,1.0
T2403,8,0.658,70.8,0.981
T2403,9,0.66,67.1,0.973
T2403,10,0.691,66.6,0.99
T2403,11,0.691,69.1,1.0
T2404,0,0.595,53.0,0.36
T2404,1,0.647,50.3,0.34
T2404,2,0.667,49.4,0.352
T2404,3,0.618,53.9,0.382
T2404,4,0.641,51.1,0.361
T2404,5,0.664,51.5,0.388
T2404,6,0.662,47.4,0.384
T2404,7,0.669,53.5,0.387
T2404,8,0.665,52.3,0.345
T2404,9,0.684,53.9,0.394
T2404,10,0.697,52.9,0.373
T2404,11,0.707,50.2,0.428
T2405,0,0.45,59.4,0.931
T2405,1,0.458,57.3,0.867
T2405,2,0.482,57.8,0.816
T2405,3,0.483,56.5,0.823
T2405,4,0.534,58.8,0.773
T2405,5,0.5,57.3,0.762
T2405,6,0.51,58.4,0.685
T2405,7,0.487,56.8,0.717
T2405,8,0.487,57.9,0.671
T2405,9,0.546,60.3,0.616
T2405,10,0.515,58.8,0.624
T2405,11,0.525,57.2,0.591
T2406,0,0.063,56.9,0.561
T2406,1,0.069,56.8,0.577
T2406,2,0.089,57.9,0.572
T2406,3,0.11,57.4,0.621
T2406,4,0.11,60.9,0.636
T2406,5,0.13,58.7,0.65
T2406,6,0.195,58.4,0.668
T2406,7,0.204,61.8,0.673
T2406,8,0.207,63.8,0.662
T2406,9,0.246,64.8,0.739
T2406,10,0.298,61.9,0.732
T2406,11,0.296,62.0,0.735
T2407,0,0.258,59.8,0.809
T2407,1,0.276,60.7,0.801
T2407,2,0.314,63.9,0.816
T2407,3,0.295,61.0,0.801
T2407,4,0.33,63.0,0.765
T2407,5,0.312,57.9,0.806
T2407,6,0.334,61.5,0.759
T2407,7,0.368,62.3,0.732
T2407,8,0.335,59.2,0.766
T2407,9,0.355,65.9,0.747
T2407,10,0.387,61.6,0.729
T2407,11,0.385,62.6,0.716
T2408,0,0.813,55.7,0.248
T2408,1,0.815,52.1,0.311
T2408,2,0.76,57.4,0.342
T2408,3,0.711,56.9,0.34
T2408,4,0.727,59.5,0.326
T2408,5,0.705,60.1,0.389
T2408,6,0.677,59.4,0.382
T2408,7,0.673,62.1,0.445
T2408,8,0.662,62.5,0.437
T2408,9,0.639,61.1,0.473
T2408,10,0.586,62.4,0.489
T2408,11,0.639,65.1,0.484
T2409,0,0.43,36.6,0.585
T2409,1,0.424,37.3,0.545
T2409,2,0.441,38.7,0.578
T2409,3,0.447,40.7,0.573
T2409,4,0.424,44.1,0.57
T2409,5,0.417,42.8,0.546
T2409,6,0.425,44.7,0.541
T2409,7,0.409,42.2,0.632
T2409,8,0.396,48.7,0.565
T2409,9,0.432,49.8,0.637
T2409,10,0.396,50.5,0.635
T2409,11,0.395,50.0,0.607
T2410,0,0.539,51.8,0.789
T2410,1,0.528,56.4,0.776
T2410,2,0.569,57.9,0.834
T2410,3,0.547,57.6,0.869
T2410,4,0.573,58.3,0.878
T2410,5,0.612,60.0,0.832
T2410,6,0.604,59.8,0.887
T2410,7,0.572,60.6,0.877
T2410,8,0.588,62.2,0.868
T2410,9,0.606,61.8,0.896
T2410,10,0.628,65.1,0.947
T2410,11,0.59,63.8,0.914
T2411,0,0.748,61.7,0.639
T2411,1,0.738,62.9,0.591
T2411,2,0.748,62.5,0.602
T2411,3,0.785,61.1,0.555
T2411,4,0.74,63.1,0.625
T2411,5,0.756,60.5,0.573
T2411,6,0.787,60.7,0.55
T2411,7,0.727,63.3,0.545
T2411,8,0.783,61.5,0.512
T2411,9,0.778,59.4,0.494
T2411,10,0.754,61.2,0.48
T2411,11,0.742,64.0,0.489
T2412,0,0.539,57.2,0.59
T2412,1,0.55,59.0,0.618
T2412,2,0.523,55.9,0.637
T2412,3,0.527,55.2,0.662
T2412,4,0.544,61.6,0.68
T2412,5,0.536,59.2,0.675
T2412,6,0.541,59.4,0.683
T2412,7,0.515,57.1,0.741
T2412,8,0.57,59.3,0.734
T2412,9,0.536,55.7,0.745
T2412,10,0.55,56.9,0.758
T2412,11,0.518,54.0,0.783
T2413,0,0.228,67.9,0.565
T2413,1,0.227,67.3,0.579
T2413,2,0.195,67.7,0.608
T2413,3,0.213,64.7,0.591
T2413,4,0.215,62.6,0.603
T2413,5,0.225,61.0,0.618
T2413,6,0.188,63.3,0.629
T2413,7,0.193,58.4,0.647
T2413,8,0.237,60.1,0.656
T2413,9,0.252,56.7,0.675
T2413,10,0.204,53.4,0.701
T2413,11,0.252,54.0,0.671
T2414,0,0.699,69.8,0.859
T2414,1,0.676,71.8,0.848
T2414,2,0.725,72.2,0.851
T2414,3,0.72,70.2,0.848
T2414,4,0.662,71.2,0.868
T2414,5,0.694,69.4,0.851
T2414,6,0.753,70.0,0.884
T2414,7,0.735,69.2,0.837
T2414,8,0.726,71.1,0.835
T2414,9,0.749,69.0,0.848
T2414,10,0.683,71.5,0.895
T2414,11,0.711,71.4,0.866
T2415,0,0.526,74.1,0.789
T2415,1,0.517,73.8,0.759
T2415,2,0.494,76.1,0.769
T2415,3,0.447,73.6,0.735
T2415,4,0.477,73.8,0.696
T2415,5,0.486,72.2,0.72
T2415,6,0.459,72.3,0.7
T2415,7,0.481,71.6,0.67
T2415,8,0.463,73.2,0.657
T2415,9,0.475,72.2,0.631
T2415,10,0.422,72.4,0.637
T2415,11,0.459,68.9,0.651
T2416,0,0.561,57.3,0.789
T2416,1,0.523,58.2,0.76
T2416,2,0.497,57.9,0.758
T2416,3,0.527,56.0,0.796
T2416,4,0.514,55.5,0.744
T2416,5,0.488,58.0,0.752
T2416,6,0.495,57.4,0.74
T2416,7,0.475,55.9,0.79
T2416,8,0.495,57.1,0.779
T2416,9,0.441,59.3,0.784
T2416,10,0.468,58.1,0.764
T2416,11,0.455,57.9,0.783
T2417,0,0.688,64.2,0.722
T2417,1,0.662,60.7,0.714
T2417,2,0.616,58.6,0.731
T2417,3,0.612,61.4,0.697
T2417,4,0.639,63.3,0.696
T2417,5,0.614,62.0,0.707
T2417,6,0.577,59.5,0.701
T2417,7,0.553,59.8,0.67
T2417,8,0.532,59.3,0.676
T2417,9,0.542,61.4,0.65
T2417,10,0.505,60.4,0.695
T2417,11,0.494,59.9,0.676
T2418,0,0.555,73.7,0.966
T2418,1,0.554,69.7,1.0
T2418,2,0.56,66.8,0.968
T2418,3,0.559,67.7,0.971
T2418,4,0.539,67.6,1.0
T2418,5,0.561,67.4,0.979
T2418,6,0.596,64.4,0.985
T2418,7,0.583,60.3,0.981
T2418,8,0.576,60.0,0.956
T2418,9,0.589,57.2,0.99
T2418,10,0.607,54.3,0.955
T2418,11,0.563,57.2,0.979
T2419,0,0.656,51.8,0.306
T2419,1,0.71,51.7,0.341
T2419,2,0.687,50.9,0.324
T2419,3,0.679,51.3,0.324
T2419,4,0.687,53.9,0.355
T2419,5,0.726,53.3,0.332
T2419,6,0.713,54.7,0.289
T2419,7,0.71,48.4,0.304
T2419,8,0.703,50.9,0.357
T2419,9,0.736,51.6,0.311
T2419,10,0.737,50.4,0.35
T2419,11,0.73,50.2,0.323
T2420,0,0.584,61.7,0.997
T2420,1,0.518,62.6,1.0
T2420,2,0.528,64.0,0.999
T2420,3,0.531,65.5,0.972
T2420,4,0.54,66.3,0.969
T2420,5,0.528,63.5,0.942
T2420,6,0.488,65.5,0.964
T2420,7,0.47,66.7,0.955
T2420,8,0.493,68.1,0.915
T2420,9,0.504,67.5,0.885
T2420,10,0.479,67.1,0.927
T2420,11,0.439,69.8,0.906
T2421,0,0.17,75.5,0.778
T2421,1,0.187,77.9,0.768
T2421,2,0.231,77.3,0.782
T2421,3,0.275,73.6,0.77
T2421,4,0.253,76.7,0.791
T2421,5,0.315,78.1,0.794
T2421,6,0.323,76.9,0.77
T2421,7,0.361,75.9,0.809
T2421,8,0.318,76.6,0.778
T2421,9,0.378,76.5,0.791
T2421,10,0.392,78.4,0.796
T2421,11,0.417,76.4,0.817
T2422,0,0.792,48.6,0.204
T2422,1,0.79,47.5,0.231
T2422,2,0.793,49.4,0.227
T2422,3,0.766,45.9,0.242
T2422,4,0.722,48.7,0.227
T2422,5,0.748,49.5,0.251
T2422,6,0.76,51.1,0.255
T2422,7,0.698,47.9,0.267
T2422,8,0.707,51.3,0.287
T2422,9,0.677,48.3,0.316
T2422,10,0.68,48.1,0.307
T2422,11,0.652,47.2,0.309
T2423,0,0.561,62.1,0.804
T2423,1,0.562,63.5,0.799
T2423,2,0.519,61.6,0.814
T2423,3,0.554,61.1,0.804
T2423,4,0.5,59.9,0.778
T2423,5,0.56,58.2,0.82
T2423,6,0.545,60.0,0.79
T2423,7,0.515,57.3,0.803
T2423,8,0.524,57.9,0.785
T2423,9,0.519,57.7,0.79
T2423,10,0.486,56.9,0.785
T2423,11,0.463,54.9,0.781
T2424,0,0.813,48.5,0.418
T2424,1,0.766,47.2,0.407
T2424,2,0.744,45.6,0.4
T2424,3,0.77,49.4,0.369
T2424,4,0.733,45.9,0.377
T2424,5,0.75,47.4,0.395
T2424,6,0.707,48.8,0.343
T2424,7,0.706,45.1,0.346
T2424,8,0.676,46.3,0.36
T2424,9,0.69,46.1,0.37
T2424,10,0.628,46.7,0.338
T2424,11,0.663,47.4,0.329
T2425,0,0.143,67.3,0.575
T2425,1,0.161,67.3,0.592
T2425,2,0.175,63.6,0.57
T2425,3,0.201,65.4,0.594
T2425,4,0.184,65.3,0.594
T2425,5,0.264,63.3,0.583
T2425,6,0.265,61.6,0.544
T2425,7,0.256,60.8,0.576
T2425,8,0.29,60.8,0.576
T2425,9,0.287,59.8,0.563
T2425,10,0.323,56.9,0.561
T2425,11,0.343,55.2,0.527
T2426,0,0.349,67.3,0.391
T2426,1,0.36,68.6,0.371
T2426,2,0.396,65.6,0.375
T2426,3,0.441,66.8,0.421
T2426,4,0.42,68.0,0.419
T2426,5,0.447,65.5,0.455
T2426,6,0.519,68.0,0.485
T2426,7,0.515,63.9,0.459
T2426,8,0.553,65.0,0.519
T2426,9,0.553,65.6,0.522
T2426,10,0.577,65.4,0.58
T2426,11,0.632,64.3,0.556
T2427,0,0.701,51.0,0.342
T2427,1,0.703,51.1,0.332
T2427,2,0.724,47.8,0.294
T2427,3,0.71,48.8,0.342
T2427,4,0.703,50.7,0.347
T2427,5,0.715,46.3,0.404
T2427,6,0.705,48.1,0.361
T2427,7,0.736,42.9,0.333
T2427,8,0.712,45.2,0.339
T2427,9,0.76,45.4,0.384
T2427,10,0.756,43.5,0.335
T2427,11,0.728,42.8,0.37
T2428,0,0.764,65.7,0.836
T2428,1,0.8,66.4,0.784
T2428,2,0.783,67.2,0.766
T2428,3,0.79,65.1,0.744
T2428,4,0.752,63.3,0.715
T2428,5,0.807,62.1,0.678
T2428,6,0.809,64.2,0.717
T2428,7,0.79,60.6,0.671
T2428,8,0.79,61.4,0.662
T2428,9,0.748,58.6,0.605
T2428,10,0.758,63.1,0.593
T2428,11,0.739,61.2,0.622
T2429,0,0.476,73.6,0.467
T2429,1,0.532,75.5,0.445
T2429,2,0.495,73.1,0.439
T2429,3,0.526,74.1,0.407
T2429,4,0.514,73.1,0.433
T2429,5,0.555,73.0,0.379
T2429,6,0.556,71.9,0.349
T2429,7,0.561,70.9,0.37
T2429,8,0.566,70.1,0.322
T2429,9,0.573,71.0,0.375
T2429,10,0.584,69.8,0.33
T2429,11,0.561,69.9,0.324
T2430,0,0.373,49.3,0.41
T2430,1,0.385,53.1,0.438
T2430,2,0.404,51.8,0.43
T2430,3,0.385,53.2,0.456
T2430,4,0.405,54.7,0.481
T2430,5,0.392,55.0,0.458
T2430,6,0.371,56.4,0.477
T2430,7,0.386,57.9,0.514
T2430,8,0.423,58.4,0.494
T2430,9,0.405,58.3,0.48
T2430,10,0.368,60.7,0.544
T2430,11,0.417,60.0,0.526
T2431,0,0.976,40.4,0.559
T2431,1,0.969,43.0,0.581
T2431,2,0.914,43.1,0.631
T2431,3,0.908,42.0,0.647
T2431,4,0.89,44.7,0.649
T2431,5,0.874,46.3,0.689
T2431,6,0.822,51.4,0.716
T2431,7,0.779,49.9,0.753
T2431,8,0.753,52.5,0.781
T2431,9,0.718,54.9,0.818
T2431,10,0.75,60.0,0.813
T2431,11,0.65,57.0,0.855
T2432,0,0.321,57.7,0.621
T2432,1,0.316,58.7,0.619
T2432,2,0.34,56.8,0.551
T2432,3,0.353,57.4,0.591
T2432,4,0.334,56.6,0.546
T2432,5,0.362,55.1,0.565
T2432,6,0.331,56.2,0.536
T2432,7,0.359,56.2,0.476
T2432,8,0.358,58.5,0.504
T2432,9,0.366,60.6,0.491
T2432,10,0.355,59.4,0.416
T2432,11,0.379,60.1,0.436
T2433,0,0.561,63.8,0.687
T2433,1,0.555,60.8,0.694
T2433,2,0.59,63.2,0.68
T2433,3,0.604,63.9,0.66
T2433,4,0.567,61.7,0.646
T2433,5,0.595,63.1,0.63
T2433,6,0.639,63.1,0.585
T2433,7,0.625,64.8,0.599
T2433,8,0.603,62.3,0.572
T2433,9,0.612,59.3,0.597
T2433,10,0.638,61.1,0.571
T2433,11,0.627,63.0,0.542
T2434,0,0.173,66.1,0.563
T2434,1,0.188,66.3,0.632
T2434,2,0.165,67.4,0.643
T2434,3,0.185,67.6,0.648
T2434,4,0.213,65.7,0.68
T2434,5,0.215,67.2,0.704
T2434,6,0.23,65.5,0.737
T2434,7,0.222,66.3,0.717
T2434,8,0.288,63.8,0.755
T2434,9,0.306,61.6,0.707
T2434,10,0.328,65.6,0.766
T2434,11,0.345,62.5,0.781
T2435,0,0.396,58.7,0.989
T2435,1,0.364,58.3,0.982
T2435,2,0.4,58.7,0.974
T2435,3,0.386,58.7,0.948
T2435,4,0.333,59.9,0.974
T2435,5,0.394,62.3,0.919
T2435,6,0.347,61.3,0.912
T2435,7,0.345,64.4,0.914
T2435,8,0.379,61.6,0.899
T2435,9,0.343,63.1,0.876
T2435,10,0.341,62.9,0.836
T2435,11,0.331,66.6,0.832
T2436,0,0.025,26.2,0.21
T2436,1,0.019,28.3,0.207
T2436,2,0.061,27.3,0.22
T2436,3,0.05,31.7,0.216
T2436,4,0.082,33.3,0.207
T2436,5,0.028,32.7,0.204
T2436,6,0.061,38.8,0.239
T2436,7,0.103,40.5,0.228
T2436,8,0.106,36.5,0.222
T2436,9,0.081,43.2,0.212
T2436,10,0.153,42.3,0.199
T2436,11,0.122,41.4,0.218
T2437,0,0.616,50.8,0.226
T2437,1,0.612,47.5,0.24
T2437,2,0.606,50.9,0.226
T2437,3,0.606,50.3,0.246
T2437,4,0.569,53.6,0.275
T2437,5,0.576,50.4,0.244
T2437,6,0.618,52.6,0.277
T2437,7,0.559,53.5,0.318
T2437,8,0.572,55.3,0.316
T2437,9,0.583,53.0,0.293
T2437,10,0.546,55.6,0.297
T2437,11,0.507,59.4,0.34
T2438,0,0.031,32.8,0.132
T2438,1,0.019,38.0,0.154
T2438,2,0.073,36.0,0.119
T2438,3,0.052,37.6,0.108
T2438,4,0.122,40.2,0.148
T2438,5,0.149,42.3,0.148
T2438,6,0.155,43.4,0.184
T2438,7,0.172,41.1,0.165
T2438,8,0.214,45.4,0.171
T2438,9,0.283,44.5,0.212
T2438,10,0.341,46.1,0.207
T2438,11,0.355,48.5,0.23
T2439,0,0.899,48.7,0.297
T2439,1,0.865,44.9,0.309
T2439,2,0.894,46.0,0.299
T2439,3,0.865,47.3,0.302
T2439,4,0.875,49.0,0.299
T2439,5,0.888,48.7,0.355
T2439,6,0.859,50.3,0.379
T2439,7,0.888,48.6,0.319
T2439,8,0.905,48.3,0.34
T2439,9,0.895,52.4,0.35
T2439,10,0.852,51.2,0.391
T2439,11,0.876,48.0,0.369
T2440,0,0.401,60.6,0.709
T2440,1,0.458,58.0,0.741
T2440,2,0.464,57.4,0.698
T2440,3,0.476,58.6,0.694
T2440,4,0.493,62.5,0.666
T2440,5,0.536,61.7,0.679
T2440,6,0.555,61.5,0.678
T2440,7,0.615,67.0,0.643
T2440,8,0.619,65.6,0.609
T2440,9,0.638,63.2,0.591
T2440,10,0.657,63.3,0.567
T2440,11,0.701,67.7,0.571
T2441,0,0.858,62.5,0.631
T2441,1,0.807,60.0,0.614
T2441,2,0.839,60.1,0.628
T2441,3,0.774,59.5,0.63
T2441,4,0.774,62.3,0.632
T2441,5,0.778,58.9,0.602
T2441,6,0.745,59.9,0.649
T2441,7,0.738,62.1,0.605
T2441,8,0.747,59.2,0.624
T2441,9,0.722,61.5,0.653
T2441,10,0.684,60.2,0.589
T2441,11,0.664,58.5,0.616
T2442,0,0.74,57.2,0.345
T2442,1,0.686,56.0,0.335
T2442,2,0.653,54.8,0.351
T2442,3,0.666,56.8,0.349
T2442,4,0.657,58.0,0.312
T2442,5,0.673,55.9,0.31
T2442,6,0.655,57.4,0.294
T2442,7,0.579,57.9,0.314
T2442,8,0.621,58.1,0.285
T2442,9,0.591,61.7,0.263
T2442,10,0.6,59.7,0.257
T2442,11,0.588,59.7,0.238
T2443,0,0.823,57.8,0.343
T2443,1,0.831,59.0,0.391
T2443,2,0.823,56.7,0.38
T2443,3,0.775,56.5,0.407
T2443,4,0.797,55.9,0.368
T2443,5,0.768,55.3,0.41
T2443,6,0.75,53.5,0.419
T2443,7,0.726,55.5,0.458
T2443,8,0.764,52.7,0.479
T2443,9,0.722,52.1,0.476
T2443,10,0.697,56.3,0.495
T2443,11,0.66,51.8,0.526
T2444,0,0.434,58.6,0.511
T2444,1,0.433,59.5,0.482
T2444,2,0.452,55.9,0.429
T2444,3,0.458,56.5,0.448
T2444,4,0.436,57.8,0.458
T2444,5,0.441,53.7,0.459
T2444,6,0.403,59.5,0.422
T2444,7,0.43,55.5,0.456
T2444,8,0.418,54.3,0.464
T2444,9,0.401,54.0,0.467
T2444,10,0.432,53.5,0.451
T2444,11,0.433,52.3,0.481
T2445,0,0.711,52.2,1.0
T2445,1,0.704,51.9,0.999
T2445,2,0.744,51.3,0.907
T2445,3,0.78,55.6,0.956
T2445,4,0.765,52.1,0.924
T2445,5,0.786,54.4,0.908
T2445,6,0.785,50.4,0.929
T2445,7,0.808,51.0,0.893
T2445,8,0.79,51.6,0.856
T2445,9,0.831,51.0,0.863
T2445,10,0.849,54.9,0.872
T2445,11,0.877,50.9,0.835
T2446,0,0.847,32.1,0.233
T2446,1,0.817,31.5,0.246
T2446,2,0.811,32.2,0.236
T2446,3,0.779,36.1,0.222
T2446,4,0.797,36.7,0.246
T2446,5,0.804,37.3,0.26
T2446,6,0.726,39.5,0.296
T2446,7,0.73,40.4,0.297
T2446,8,0.725,42.3,0.329
T2446,9,0.72,42.0,0.329
T2446,10,0.699,47.1,0.333
T2446,11,0.703,47.2,0.331
T2447,0,0.517,44.8,0.628
T2447,1,0.559,42.7,0.642
T2447,2,0.565,42.9,0.642
T2447,3,0.572,41.5,0.598
T2447,4,0.55,42.9,0.629
T2447,5,0.558,44.3,0.561
T2447,6,0.592,45.5,0.517
T2447,7,0.596,47.0,0.547
T2447,8,0.579,44.5,0.486
T2447,9,0.606,46.6,0.511
T2447,10,0.636,45.8,0.47
T2447,11,0.577,44.4,0.44
T2448,0,0.663,69.7,0.861
T2448,1,0.653,71.3,0.843
T2448,2,0.613,72.5,0.833
T2448,3,0.605,74.7,0.821
T2448,4,0.61,72.0,0.824
T2448,5,0.57,74.2,0.764
T2448,6,0.553,75.1,0.774
T2448,7,0.525,77.0,0.743
T2448,8,0.503,77.9,0.721
T2448,9,0.517,76.5,0.736
T2448,10,0.471,77.9,0.737
T2448,11,0.456,77.7,0.708
T2449,0,0.79,53.7,0.528
T2449,1,0.79,53.5,0.516
T2449,2,0.809,54.7,0.47
T2449,3,0.793,55.7,0.508
T2449,4,0.762,56.6,0.481
T2449,5,0.779,54.1,0.5
T2449,6,0.723,55.1,0.464
T2449,7,0.783,54.6,0.47
T2449,8,0.806,55.6,0.45
T2449,9,0.764,54.7,0.476
T2449,10,0.738,54.9,0.457
T2449,11,0.768,55.4,0.39
T2450,0,0.548,72.5,0.259
T2450,1,0.599,74.9,0.246
T2450,2,0.56,71.5,0.268
T2450,3,0.594,70.0,0.255
T2450,4,0.569,72.7,0.292
T2450,5,0.521,68.9,0.233
T2450,6,0.551,70.8,0.24
T2450,7,0.535,71.0,0.225
T2450,8,0.548,71.3,0.236
T2450,9,0.549,72.3,0.249
T2450,10,0.502,71.9,0.241
T2450,11,0.525,71.4,0.209
T2451,0,0.538,61.4,0.352
T2451,1,0.531,55.9,0.32
T2451,2,0.528,55.9,0.341
T2451,3,0.551,53.3,0.386
T2451,4,0.566,51.7,0.362
T2451,5,0.545,51.4,0.373
T2451,6,0.538,51.2,0.31
T2451,7,0.556,49.3,0.345
T2451,8,0.481,49.1,0.293
T2451,9,0.579,47.3,0.312
T2451,10,0.558,46.0,0.311
T2451,11,0.538,48.7,0.342
T2452,0,0.903,77.0,0.522
T2452,1,0.903,81.3,0.559
T2452,2,0.908,75.7,0.487
T2452,3,0.919,76.2,0.488
T2452,4,0.853,75.4,0.494
T2452,5,0.815,73.5,0.428
T2452,6,0.829,72.2,0.438
T2452,7,0.772,70.6,0.448
T2452,8,0.813,69.9,0.377
T2452,9,0.751,69.5,0.422
T2452,10,0.718,66.1,0.375
T2452,11,0.698,70.1,0.378
T2453,0,0.848,54.1,0.731
T2453,1,0.88,54.2,0.708
T2453,2,0.845,55.4,0.704
T2453,3,0.844,53.9,0.704
T2453,4,0.785,55.9,0.733
T2453,5,0.834,59.2,0.706
T2453,6,0.779,57.3,0.733
T2453,7,0.783,57.6,0.732
T2453,8,0.763,58.1,0.72
T2453,9,0.754,58.2,0.762
T2453,10,0.781,63.7,0.764
T2453,11,0.757,60.3,0.775
T2454,0,0.997,46.7,0.651
T2454,1,0.962,45.5,0.607
T2454,2,0.896,42.4,0.619
T2454,3,0.909,47.3,0.608
T2454,4,0.804,46.1,0.554
T2454,5,0.789,44.5,0.545
T2454,6,0.701,48.3,0.534
T2454,7,0.662,48.2,0.506
T2454,8,0.67,47.6,0.524
T2454,9,0.616,47.3,0.484
T2454,10,0.593,48.0,0.486
T2454,11,0.526,49.7,0.499
T2455,0,0.677,37.0,0.306
T2455,1,0.708,38.8,0.297
T2455,2,0.671,37.1,0.29
T2455,3,0.68,39.1,0.255
T2455,4,0.657,41.2,0.219
T2455,5,0.638,42.5,0.221
T2455,6,0.641,40.3,0.237
T2455,7,0.606,40.3,0.23
T2455,8,0.628,41.3,0.232
T2455,9,0.565,41.2,0.157
T2455,10,0.555,42.6,0.188
T2455,11,0.638,41.2,0.18
T2456,0,0.671,73.6,0.57
T2456,1,0.687,73.2,0.631
T2456,2,0.674,72.8,0.616
T2456,3,0.676,71.2,0.61
T2456,4,0.646,72.3,0.56
T2456,5,0.623,70.5,0.603
T2456,6,0.628,74.5,0.575
T2456,7,0.634,68.0,0.61
T2456,8,0.6,70.0,0.634
T2456,9,0.552,67.7,0.601
T2456,10,0.564,67.7,0.597
T2456,11,0.564,66.3,0.62
T2457,0,0.66,46.9,0.675
T2457,1,0.665,49.3,0.649
T2457,2,0.675,47.7,0.642
T2457,3,0.636,47.4,0.612
T2457,4,0.686,45.6,0.627
T2457,5,0.666,49.7,0.575
T2457,6,0.699,48.0,0.596
T2457,7,0.711,48.7,0.562
T2457,8,0.7,47.2,0.569
T2457,9,0.727,49.3,0.556
T2457,10,0.76,48.7,0.576
T2457,11,0.72,45.8,0.537
T2458,0,0.563,73.0,0.917
T2458,1,0.582,70.5,0.907
T2458,2,0.58,74.7,0.898
T2458,3,0.554,72.7,0.928
T2458,4,0.534,73.2,0.911
T2458,5,0.573,71.3,0.977
T2458,6,0.551,66.6,0.924
T2458,7,0.583,67.8,0.94
T2458,8,0.58,69.7,0.954
T2458,9,0.548,62.3,0.909
T2458,10,0.563,61.6,0.973
T2458,11,0.574,60.2,0.932
T2459,0,0.631,60.1,0.559
T2459,1,0.686,60.4,0.576
T2459,2,0.653,60.4,0.621
T2459,3,0.636,58.0,0.587
T2459,4,0.658,57.1,0.588
T2459,5,0.634,59.1,0.579
T2459,6,0.625,55.0,0.606
T2459,7,0.638,56.8,0.655
T2459,8,0.64,55.2,0.625
T2459,9,0.627,55.5,0.589
T2459,10,0.636,52.5,0.66
T2459,11,0.692,53.3,0.599
T2460,0,0.295,49.5,0.927
T2460,1,0.371,50.4,0.909
T2460,2,0.356,50.1,0.919
T2460,3,0.378,51.3,0.927
T2460,4,0.388,52.3,0.908
T2460,5,0.426,55.6,0.834
T2460,6,0.44,55.2,0.861
T2460,7,0.466,57.1,0.83
T2460,8,0.502,54.9,0.856
T2460,9,0.523,58.4,0.801
T2460,10,0.535,61.0,0.822
T2460,11,0.566,56.9,0.798
T2461,0,0.541,50.4,0.53
T2461,1,0.601,50.1,0.543
T2461,2,0.58,48.0,0.538
T2461,3,0.577,50.3,0.569
T2461,4,0.657,51.9,0.563
T2461,5,0.629,52.0,0.528
T2461,6,0.621,50.2,0.592
T2461,7,0.628,50.2,0.574
T2461,8,0.621,48.1,0.553
T2461,9,0.618,46.6,0.578
T2461,10,0.612,51.4,0.572
T2461,11,0.667,48.8,0.609
T2462,0,0.403,52.2,0.503
T2462,1,0.398,53.2,0.496
T2462,2,0.358,54.0,0.472
T2462,3,0.39,53.4,0.48
T2462,4,0.408,54.0,0.459
T2462,5,0.377,52.2,0.463
T2462,6,0.389,54.2,0.472
T2462,7,0.395,52.8,0.46
T2462,8,0.386,54.8,0.436
T2462,9,0.382,51.0,0.448
T2462,10,0.393,54.2,0.451
T2462,11,0.378,51.5,0.427
T2463,0,0.745,41.5,0.326
T2463,1,0.72,43.9,0.344
T2463,2,0.749,45.5,0.357
T2463,3,0.755,49.8,0.393
T2463,4,0.735,47.3,0.385
T2463,5,0.758,48.5,0.387
T2463,6,0.73,51.1,0.414
T2463,7,0.764,50.6,0.427
T2463,8,0.771,52.0,0.452
T2463,9,0.721,51.7,0.469
T2463,10,0.724,55.5,0.493
T2463,11,0.727,57.1,0.507
T2464,0,0.775,34.6,0.416
T2464,1,0.738,33.7,0.42
T2464,2,0.792,34.8,0.429
T2464,3,0.752,33.1,0.393
T2464,4,0.748,35.9,0.429
T2464,5,0.744,38.7,0.398
T2464,6,0.746,35.7,0.41
T2464,7,0.74,38.8,0.453
T2464,8,0.782,41.0,0.476
T2464,9,0.751,41.8,0.429
T2464,10,0.771,39.7,0.419
T2464,11,0.773,40.2,0.456
T2465,0,0.403,48.0,0.201
T2465,1,0.424,46.4,0.221
T2465,2,0.42,47.7,0.252
T2465,3,0.443,44.8,0.236
T2465,4,0.43,44.7,0.242
T2465,5,0.399,46.6,0.252
T2465,6,0.414,43.2,0.253
T2465,7,0.413,47.5,0.268
T2465,8,0.379,46.2,0.253
T2465,9,0.412,42.8,0.252
T2465,10,0.411,45.7,0.277
T2465,11,0.433,46.9,0.26
T2466,0,0.595,75.7,0.521
T2466,1,0.598,76.4,0.546
T2466,2,0.605,74.3,0.534
T2466,3,0.584,73.4,0.542
T2466,4,0.582,71.7,0.563
T2466,5,0.579,72.5,0.622
T2466,6,0.522,68.9,0.581
T2466,7,0.523,70.9,0.564
T2466,8,0.585,68.0,0.619
T2466,9,0.545,68.3,0.632
T2466,10,0.542,64.9,0.626
T2466,11,0.531,63.9,0.652
T2467,0,0.52,61.3,0.118
T2467,1,0.507,58.1,0.1
T2467,2,0.542,58.5,0.152
T2467,3,0.526,58.5,0.153
T2467,4,0.485,58.2,0.146
T2467,5,0.531,52.9,0.201
T2467,6,0.51,56.8,0.181
T2467,7,0.512,54.4,0.181
T2467,8,0.503,54.9,0.214
T2467,9,0.528,53.3,0.198
T2467,10,0.511,54.3,0.258
T2467,11,0.51,52.8,0.238
T2468,0,0.503,62.2,0.879
T2468,1,0.479,60.8,0.932
T2468,2,0.488,62.3,0.928
T2468,3,0.493,62.9,0.912
T2468,4,0.462,60.0,0.95
T2468,5,0.454,63.2,0.915
T2468,6,0.448,61.0,0.906
T2468,7,0.455,61.1,0.929
T2468,8,0.426,60.9,0.906
T2468,9,0.445,60.0,0.923
T2468,10,0.407,64.6,0.898
T2468,11,0.393,61.8,0.918
T2469,0,0.694,71.9,0.303
T2469,1,0.723,72.0,0.341
T2469,2,0.748,69.6,0.303
T2469,3,0.751,66.0,0.338
T2469,4,0.752,67.2,0.366
T2469,5,0.794,62.2,0.28
T2469,6,0.8,65.0,0.323
T2469,7,0.824,59.1,0.29
T2469,8,0.842,58.7,0.337
T2469,9,0.82,56.5,0.281
T2469,10,0.836,54.9,0.321
T2469,11,0.862,54.3,0.313
T2470,0,0.896,58.2,0.637
T2470,1,0.852,55.5,0.65
T2470,2,0.871,57.8,0.611
T2470,3,0.811,58.3,0.663
T2470,4,0.809,56.9,0.626
T2470,5,0.785,56.5,0.674
T2470,6,0.786,56.0,0.622
T2470,7,0.761,55.2,0.623
T2470,8,0.762,54.1,0.642
T2470,9,0.732,54.1,0.648
T2470,10,0.73,58.0,0.603
T2470,11,0.715,56.5,0.629
T2471,0,0.533,44.1,0.593
T2471,1,0.538,45.0,0.637
T2471,2,0.546,45.1,0.617
T2471,3,0.561,46.1,0.587
T2471,4,0.587,49.0,0.611
T2471,5,0.572,47.9,0.606
T2471,6,0.579,47.4,0.618
T2471,7,0.604,47.8,0.592
T2471,8,0.639,52.4,0.588
T2471,9,0.603,54.6,0.551
T2471,10,0.595,53.1,0.587
T2471,11,0.667,55.3,0.564
T2472,0,0.164,75.7,0.257
T2472,1,0.156,75.3,0.339
T2472,2,0.22,73.8,0.307
T2472,3,0.239,72.5,0.339
T2472,4,0.239,74.5,0.399
T2472,5,0.207,72.1,0.451
T2472,6,0.278,71.4,0.462
T2472,7,0.272,72.2,0.503
T2472,8,0.322,69.5,0.488
T2472,9,0.326,70.5,0.504
T2472,10,0.318,71.5,0.542
T2472,11,0.384,67.4,0.547
T2473,0,0.64,45.5,0.267
T2473,1,0.645,46.8,0.239
T2473,2,0.668,48.6,0.26
T2473,3,0.671,49.0,0.252
T2473,4,0.663,47.8,0.285
T2473,5,0.714,47.9,0.274
T2473,6,0.661,49.1,0.274
T2473,7,0.757,50.0,0.252
T2473,8,0.74,53.3,0.234
T2473,9,0.733,55.8,0.282
T2473,10,0.795,52.1,0.245
T2473,11,0.769,52.0,0.264
T2474,0,0.448,57.1,0.576
T2474,1,0.455,56.5,0.587
T2474,2,0.466,55.4,0.563
T2474,3,0.484,58.0,0.523
T2474,4,0.502,58.7,0.579
T2474,5,0.535,57.2,0.558
T2474,6,0.49,57.9,0.543
T2474,7,0.508,53.5,0.491
T2474,8,0.535,56.9,0.541
T2474,9,0.535,59.2,0.504
T2474,10,0.548,55.4,0.482
T2474,11,0.536,57.0,0.52
T2475,0,0.43,40.3,0.427
T2475,1,0.493,38.2,0.414
T2475,2,0.469,37.4,0.39
T2475,3,0.481,39.8,0.374
T2475,4,0.494,39.1,0.363
T2475,5,0.525,40.1,0.346
T2475,6,0.498,41.8,0.345
T2475,7,0.557,40.2,0.318
T2475,8,0.576,38.0,0.31
T2475,9,0.608,37.6,0.272
T2475,10,0.586,39.0,0.305
T2475,11,0.598,39.6,0.244
T2476,0,0.419,54.0,0.598
T2476,1,0.448,54.8,0.565
T2476,2,0.444,52.8,0.562
T2476,3,0.471,56.1,0.564
T2476,4,0.51,54.7,0.564
T2476,5,0.485,57.1,0.625
T2476,6,0.511,55.8,0.611
T2476,7,0.516,58.6,0.605
T2476,8,0.594,55.6,0.615
T2476,9,0.582,57.5,0.59
T2476,10,0.585,58.7,0.629
T2476,11,0.628,56.3,0.628
T2477,0,0.71,61.1,0.365
T2477,1,0.738,63.7,0.403
T2477,2,0.727,60.5,0.436
T2477,3,0.763,58.8,0.431
T2477,4,0.718,57.9,0.415
T2477,5,0.764,57.9,0.419
T2477,6,0.781,60.7,0.427
T2477,7,0.785,56.2,0.476
T2477,8,0.714,55.5,0.506
T2477,9,0.754,53.7,0.502
T2477,10,0.783,51.2,0.513
T2477,11,0.772,47.6,0.492
T2478,0,0.623,61.0,0.678
T2478,1,0.631,58.2,0.647
T2478,2,0.615,58.4,0.641
T2478,3,0.682,58.7,0.65
T2478,4,0.63,58.5,0.634
T2478,5,0.656,57.4,0.613
T2478,6,0.655,58.6,0.607
T2478,7,0.692,55.8,0.599
T2478,8,0.674,55.3,0.558
T2478,9,0.722,56.9,0.572
T2478,10,0.702,56.5,0.559
T2478,11,0.7,57.7,0.541
T2479,0,0.497,42.7,0.326
T2479,1,0.495,41.4,0.346
T2479,2,0.454,45.2,0.313
T2479,3,0.473,44.4,0.342
T2479,4,0.485,40.4,0.357
T2479,5,0.467,44.5,0.331
T2479,6,0.453,46.4,0.31
T2479,7,0.468,46.5,0.37
T2479,8,0.508,44.3,0.358
T2479,9,0.489,42.6,0.338
T2479,10,0.462,45.7,0.353
T2479,11,0.492,47.4,0.385
T2480,0,0.903,53.7,0.65
T2480,1,0.875,53.2,0.656
T2480,2,0.852,52.8,0.593
T2480,3,0.838,52.1,0.609
T2480,4,0.849,50.6,0.594
T2480,5,0.822,49.1,0.573
T2480,6,0.797,46.4,0.566
T2480,7,0.765,43.9,0.544
T2480,8,0.749,41.7,0.514
T2480,9,0.761,43.9,0.499
T2480,10,0.74,47.0,0.518
T2480,11,0.73,43.0,0.434
T2481,0,0.633,65.4,0.906
T2481,1,0.626,66.2,0.979
T2481,2,0.607,66.7,0.974
T2481,3,0.595,65.6,0.898
T2481,4,0.578,66.2,0.94
T2481,5,0.538,66.3,0.937
T2481,6,0.487,65.1,0.946
T2481,7,0.49,66.8,0.945
T2481,8,0.479,64.3,0.922
T2481,9,0.452,64.9,0.931
T2481,10,0.437,66.6,0.949
T2481,11,0.367,65.5,0.925
T2482,0,0.287,60.5,0.62
T2482,1,0.315,57.0,0.648
T2482,2,0.272,60.6,0.645
T2482,3,0.321,57.6,0.584
T2482,4,0.313,58.2,0.645
T2482,5,0.306,61.1,0.643
T2482,6,0.355,60.5,0.635
T2482,7,0.337,61.2,0.666
T2482,8,0.376,57.6,0.647
T2482,9,0.378,61.5,0.663
T2482,10,0.366,58.5,0.677
T2482,11,0.404,62.6,0.644
T2483,0,0.446,71.5,0.248
T2483,1,0.45,71.7,0.24
T2483,2,0.393,67.1,0.27
T2483,3,0.416,66.2,0.241
T2483,4,0.432,69.3,0.261
T2483,5,0.399,65.1,0.27
T2483,6,0.42,66.5,0.223
T2483,7,0.39,63.2,0.264
T2483,8,0.415,60.9,0.252
T2483,9,0.359,61.6,0.243
T2483,10,0.346,59.4,0.255
T2483,11,0.38,62.2,0.246
T2484,0,0.45,48.1,0.791
T2484,1,0.44,47.7,0.818
T2484,2,0.468,51.9,0.791
T2484,3,0.442,49.3,0.728
T2484,4,0.51,49.4,0.69
T2484,5,0.476,50.9,0.708
T2484,6,0.48,48.6,0.675
T2484,7,0.492,49.6,0.656
T2484,8,0.451,53.2,0.615
T2484,9,0.453,53.9,0.615
T2484,10,0.449,52.9,0.61
T2484,11,0.477,57.6,0.587
T2485,0,0.627,57.9,0.733
T2485,1,0.652,57.4,0.715
T2485,2,0.647,61.1,0.703
T2485,3,0.633,61.2,0.708
T2485,4,0.647,60.5,0.698
T2485,5,0.61,63.1,0.701
T2485,6,0.624,62.0,0.687
T2485,7,0.61,63.1,0.649
T2485,8,0.625,61.8,0.737
T2485,9,0.603,62.9,0.679
T2485,10,0.622,61.4,0.72
T2485,11,0.631,59.9,0.713
T2486,0,0.647,72.6,0.787
T2486,1,0.656,70.1,0.787
T2486,2,0.619,69.9,0.765
T2486,3,0.624,70.0,0.766
T2486,4,0.577,67.5,0.772
T2486,5,0.627,67.4,0.781
T2486,6,0.586,66.5,0.835
T2486,7,0.601,65.7,0.796
T2486,8,0.598,62.2,0.814
T2486,9,0.548,62.3,0.876
T2486,10,0.62,59.6,0.879
T2486,11,0.589,59.6,0.888
T2487,0,0.699,64.1,0.664
T2487,1,0.695,65.1,0.622
T2487,2,0.697,65.3,0.604
T2487,3,0.669,68.6,0.624
T2487,4,0.641,64.1,0.589
T2487,5,0.676,66.0,0.584
T2487,6,0.684,67.9,0.585
T2487,7,0.653,66.3,0.545
T2487,8,0.646,71.6,0.54
T2487,9,0.631,72.5,0.577
T2487,10,0.65,71.8,0.553
T2487,11,0.66,75.1,0.497
T2488,0,0.954,38.6,0.446
T2488,1,0.925,41.4,0.391
T2488,2,0.947,36.3,0.424
T2488,3,0.905,36.7,0.401
T2488,4,0.91,39.7,0.363
T2488,5,0.896,40.7,0.371
T2488,6,0.899,38.7,0.369
T2488,7,0.881,36.9,0.35
T2488,8,0.85,38.9,0.357
T2488,9,0.856,37.8,0.323
T2488,10,0.84,40.4,0.275
T2488,11,0.811,38.9,0.27
T2489,0,0.634,54.2,0.742
T2489,1,0.628,56.1,0.745
T2489,2,0.662,55.1,0.752
T2489,3,0.649,54.2,0.742
T2489,4,0.649,54.4,0.75
T2489,5,0.636,51.6,0.752
T2489,6,0.662,54.9,0.705
T2489,7,0.652,55.5,0.701
T2489,8,0.662,52.9,0.683
T2489,9,0.64,55.7,0.722
T2489,10,0.645,56.2,0.685
T2489,11,0.682,50.1,0.73
T2490,0,0.618,38.1,0.541
T2490,1,0.658,38.3,0.498
T2490,2,0.643,40.6,0.533
T2490,3,0.625,39.6,0.499
T2490,4,0.675,41.2,0.516
T2490,5,0.635,42.8,0.548
T2490,6,0.59,42.5,0.549
T2490,7,0.63,43.8,0.504
T2490,8,0.651,46.2,0.546
T2490,9,0.635,47.9,0.514
T2490,10,0.623,44.5,0.581
T2490,11,0.646,46.3,0.563
T2491,0,0.7,48.2,0.617
T2491,1,0.698,47.1,0.648
T2491,2,0.707,48.2,0.601
T2491,3,0.661,47.1,0.575
T2491,4,0.618,47.2,0.6
T2491,5,0.665,46.6,0.565
T2491,6,0.617,49.1,0.545
T2491,7,0.628,48.9,0.537
T2491,8,0.61,48.9,0.532
T2491,9,0.585,49.6,0.499
T2491,10,0.552,50.8,0.532
T2491,11,0.631,48.6,0.505
T2492,0,0.297,48.8,0.171
T2492,1,0.308,47.8,0.137
T2492,2,0.325,47.0,0.146
T2492,3,0.323,49.8,0.143
T2492,4,0.337,47.7,0.15
T2492,5,0.373,48.1,0.177
T2492,6,0.335,49.3,0.169
T2492,7,0.363,48.6,0.19
T2492,8,0.398,49.3,0.208
T2492,9,0.373,46.3,0.214
T2492,10,0.375,49.2,0.221
T2492,11,0.431,48.3,0.205
T2493,0,0.556,68.8,0.673
T2493,1,0.555,68.2,0.669
T2493,2,0.587,72.1,0.708
T2493,3,0.507,67.3,0.665
T2493,4,0.564,70.4,0.692
T2493,5,0.542,67.8,0.7
T2493,6,0.586,69.6,0.679
T2493,7,0.548,69.1,0.687
T2493,8,0.597,69.8,0.721
T2493,9,0.587,69.3,0.712
T2493,10,0.577,68.4,0.743
T2493,11,0.526,68.1,0.738
T2494,0,0.251,60.6,0.548
T2494,1,0.257,59.4,0.488
T2494,2,0.252,61.9,0.493
T2494,3,0.285,63.2,0.505
T2494,4,0.315,63.4,0.482
T2494,5,0.296,63.3,0.464
T2494,6,0.289,64.1,0.501
T2494,7,0.293,68.1,0.455
T2494,8,0.339,67.4,0.465
T2494,9,0.308,68.0,0.446
T2494,10,0.329,69.3,0.483
T2494,11,0.342,69.4,0.443
T2495,0,0.262,70.5,0.883
T2495,1,0.283,70.1,0.854
T2495,2,0.288,67.9,0.87
T2495,3,0.273,71.9,0.832
T2495,4,0.297,68.3,0.857
T2495,5,0.244,67.7,0.828
T2495,6,0.3,67.3,0.821
T2495,7,0.272,63.6,0.847
T2495,8,0.28,65.4,0.815
T2495,9,0.235,65.3,0.809
T2495,10,0.267,66.1,0.817
T2495,11,0.23,63.6,0.776
T2496,0,0.525,67.7,0.265
T2496,1,0.551,65.3,0.277
T2496,2,0.577,61.9,0.313
T2496,3,0.604,62.6,0.316
T2496,4,0.604,63.7,0.375
T2496,5,0.639,61.8,0.358
T2496,6,0.623,60.2,0.384
T2496,7,0.665,64.8,0.44
T2496,8,0.68,62.9,0.453
T2496,9,0.706,60.5,0.482
T2496,10,0.713,58.7,0.476
T2496,11,0.725,60.4,0.483
T2497,0,0.702,45.4,0.299
T2497,1,0.668,45.2,0.298
T2497,2,0.656,49.9,0.34
T2497,3,0.654,47.1,0.335
T2497,4,0.656,50.5,0.412
T2497,5,0.632,52.2,0.403
T2497,6,0.648,49.1,0.4
T2497,7,0.662,52.6,0.474
T2497,8,0.596,53.3,0.47
T2497,9,0.614,53.2,0.485
T2497,10,0.613,51.2,0.489
T2497,11,0.576,56.5,0.55
T2498,0,0.351,65.5,0.216
T2498,1,0.39,65.0,0.238
T2498,2,0.369,66.6,0.254
T2498,3,0.4,64.3,0.252
T2498,4,0.39,64.3,0.262
T2498,5,0.373,66.8,0.323
T2498,6,0.388,65.9,0.277
T2498,7,0.375,65.4,0.292
T2498,8,0.41,68.1,0.32
T2498,9,0.435,64.6,0.278
T2498,10,0.383,64.3,0.314
T2498,11,0.41,66.3,0.331
T2499,0,0.584,54.7,0.307
T2499,1,0.574,53.6,0.301
T2499,2,0.595,51.1,0.314
T2499,3,0.546,51.0,0.286
T2499,4,0.526,49.8,0.314
T2499,5,0.55,51.9,0.313
T2499,6,0.552,53.4,0.327
T2499,7,0.521,54.5,0.355
T2499,8,0.516,53.3,0.314
T2499,9,0.491,52.2,0.361
T2499,10,0.511,56.7,0.358
T2499,11,0.515,53.2,0.376
T2500,0,0.465,75.6,0.753
T2500,1,0.441,76.1,0.758
T2500,2,0.489,72.5,0.718
T2500,3,0.504,69.1,0.731
T2500,4,0.497,69.9,0.724
T2500,5,0.465,70.2,0.761
T2500,6,0.475,66.4,0.725
T2500,7,0.498,67.2,0.704
T2500,8,0.517,65.4,0.724
T2500,9,0.491,65.7,0.732
T2500,10,0.517,67.0,0.703
T2500,11,0.513,63.4,0.641
T2501,0,0.894,36.2,0.587
T2501,1,0.854,33.6,0.619
T2501,2,0.883,38.1,0.554
T2501,3,0.856,35.7,0.597
T2501,4,0.853,40.8,0.569
T2501,5,0.798,39.2,0.55
T2501,6,0.832,40.3,0.544
T2501,7,0.82,42.2,0.57
T2501,8,0.818,42.9,0.552
T2501,9,0.766,41.5,0.521
T2501,10,0.773,44.6,0.484
T2501,11,0.75,44.4,0.518
T2502,0,0.827,49.3,0.797
T2502,1,0.859,56.7,0.766
T2502,2,0.878,52.3,0.73
T2502,3,0.891,52.3,0.746
T2502,4,0.877,52.4,0.757
T2502,5,0.864,54.9,0.717
T2502,6,0.899,54.8,0.721
T2502,7,0.856,54.8,0.67
T2502,8,0.86,56.9,0.679
T2502,9,0.903,58.3,0.656
T2502,10,0.866,55.7,0.629
T2502,11,0.911,56.8,0.672
T2503,0,0.657,45.0,0.293
T2503,1,0.699,45.0,0.317
T2503,2,0.65,46.5,0.332
T2503,3,0.668,44.4,0.288
T2503,4,0.711,43.9,0.275
T2503,5,0.702,42.3,0.266
T2503,6,0.704,44.8,0.267
T2503,7,0.711,43.8,0.252
T2503,8,0.715,45.0,0.216
T2503,9,0.745,41.5,0.249
T2503,10,0.744,43.2,0.243
T2503,11,0.773,39.7,0.207
T2504,0,0.446,53.4,0.475
T2504,1,0.426,48.1,0.464
T2504,2,0.438,50.4,0.507
T2504,3,0.464,51.4,0.47
T2504,4,0.478,48.2,0.459
T2504,5,0.501,52.1,0.517
T2504,6,0.483,55.1,0.482
T2504,7,0.523,53.2,0.518
T2504,8,0.542,53.4,0.445
T2504,9,0.531,55.0,0.486
T2504,10,0.575,56.8,0.513
T2504,11,0.617,57.5,0.509
T2505,0,0.741,26.4,0.238
T2505,1,0.745,30.7,0.278
T2505,2,0.779,31.6,0.293
T2505,3,0.77,32.2,0.316
T2505,4,0.746,29.9,0.345
T2505,5,0.758,30.9,0.336
T2505,6,0.732,34.3,0.353
T2505,7,0.783,36.0,0.379
T2505,8,0.782,35.9,0.381
T2505,9,0.761,33.4,0.408
T2505,10,0.803,37.4,0.433
T2505,11,0.791,36.1,0.45
T2506,0,0.633,41.8,0.423
T2506,1,0.62,40.6,0.413
T2506,2,0.607,38.4,0.427
T2506,3,0.573,41.9,0.385
T2506,4,0.564,42.2,0.37
T2506,5,0.517,44.8,0.372
T2506,6,0.542,45.4,0.363
T2506,7,0.512,43.4,0.378
T2506,8,0.465,47.5,0.327
T2506,9,0.462,44.5,0.345
T2506,10,0.44,49.6,0.326
T2506,11,0.416,50.2,0.325
T2507,0,0.54,52.8,0.423
T2507,1,0.581,51.2,0.415
T2507,2,0.608,54.4,0.421
T2507,3,0.54,50.9,0.414
T2507,4,0.603,51.6,0.4
T2507,5,0.585,46.8,0.441
T2507,6,0.597,47.4,0.387
T2507,7,0.611,48.0,0.399
T2507,8,0.591,44.7,0.428
T2507,9,0.633,45.8,0.39
T2507,10,0.619,42.1,0.413
T2507,11,0.649,42.1,0.404
T2508,0,0.337,48.7,0.317
T2508,1,0.332,48.9,0.275
T2508,2,0.358,46.4,0.288
T2508,3,0.376,50.3,0.26
T2508,4,0.435,49.1,0.339
T2508,5,0.41,47.3,0.29
T2508,6,0.465,49.3,0.288
T2508,7,0.409,48.0,0.319
T2508,8,0.446,47.2,0.342
T2508,9,0.473,45.8,0.371
T2508,10,0.495,46.1,0.347
T2508,11,0.488,47.6,0.367
T2509,0,0.779,48.3,0.712
T2509,1,0.758,46.1,0.691
T2509,2,0.764,48.1,0.702
T2509,3,0.746,47.2,0.688
T2509,4,0.776,47.5,0.659
T2509,5,0.786,45.8,0.633
T2509,6,0.757,49.6,0.625
T2509,7,0.728,47.1,0.588
T2509,8,0.715,47.5,0.53
T2509,9,0.739,50.0,0.54
T2509,10,0.713,51.1,0.57
T2509,11,0.727,48.2,0.502
T2510,0,0.614,32.4,0.355
T2510,1,0.583,33.9,0.355
T2510,2,0.629,38.3,0.426
T2510,3,0.656,38.6,0.398
T2510,4,0.636,39.2,0.409
T2510,5,0.67,42.5,0.41
T2510,6,0.649,42.7,0.423
T2510,7,0.621,44.5,0.441
T2510,8,0.693,45.5,0.458
T2510,9,0.669,47.6,0.462
T2510,10,0.699,49.8,0.484
T2510,11,0.691,53.4,0.491
T2511,0,0.596,56.1,0.508
T2511,1,0.609,55.9,0.498
T2511,2,0.593,54.7,0.475
T2511,3,0.618,53.3,0.473
T2511,4,0.638,53.8,0.486
T2511,5,0.638,53.9,0.512
T2511,6,0.671,50.9,0.489
T2511,7,0.626,46.9,0.468
T2511,8,0.653,52.6,0.442
T2511,9,0.657,50.3,0.488
T2511,10,0.674,52.9,0.504
T2511,11,0.704,49.5,0.515
T2512,0,0.595,65.6,0.527
T2512,1,0.586,64.0,0.531
T2512,2,0.605,61.6,0.55
T2512,3,0.606,63.4,0.517
T2512,4,0.66,62.5,0.545
T2512,5,0.652,59.4,0.565
T2512,6,0.64,59.3,0.561
T2512,7,0.632,56.3,0.593
T2512,8,0.656,58.3,0.576
T2512,9,0.698,57.7,0.54
T2512,10,0.676,55.2,0.589
T2512,11,0.679,56.4,0.608
T2513,0,0.639,33.4,0.172
T2513,1,0.657,33.7,0.176
T2513,2,0.641,36.6,0.23
T2513,3,0.674,39.1,0.244
T2513,4,0.676,38.4,0.263
T2513,5,0.667,41.7,0.276
T2513,6,0.716,41.6,0.269
T2513,7,0.719,41.0,0.279
T2513,8,0.746,43.2,0.302
T2513,9,0.733,45.3,0.353
T2513,10,0.756,44.3,0.357
T2513,11,0.739,47.4,0.411
T2514,0,0.406,78.1,0.465
T2514,1,0.404,74.3,0.495
T2514,2,0.459,74.5,0.496
T2514,3,0.419,75.4,0.462
T2514,4,0.398,71.8,0.517
T2514,5,0.428,73.7,0.537
T2514,6,0.414,73.6,0.57
T2514,7,0.405,72.2,0.538
T2514,8,0.424,72.7,0.578
T2514,9,0.42,70.6,0.594
T2514,10,0.452,70.1,0.593
T2514,11,0.41,70.0,0.656
T2515,0,0.829,38.2,0.539
T2515,1,0.785,35.8,0.523
T2515,2,0.814,38.4,0.489
T2515,3,0.767,42.6,0.504
T2515,4,0.772,43.2,0.515
T2515,5,0.759,43.5,0.534
T2515,6,0.74,47.3,0.523
T2515,7,0.738,49.3,0.48
T2515,8,0.663,50.3,0.492
T2515,9,0.661,53.4,0.47
T2515,10,0.671,53.7,0.46
T2515,11,0.65,56.3,0.456
T2516,0,0.547,53.6,0.122
T2516,1,0.551,55.2,0.141
T2516,2,0.525,56.1,0.154
T2516,3,0.459,56.7,0.217
T2516,4,0.495,53.8,0.221
T2516,5,0.54,55.6,0.254
T2516,6,0.525,53.2,0.241
T2516,7,0.529,52.5,0.3
T2516,8,0.483,54.7,0.309
T2516,9,0.519,53.9,0.339
T2516,10,0.498,52.7,0.339
T2516,11,0.555,52.5,0.384
T2517,0,0.617,41.4,0.389
T2517,1,0.65,39.5,0.392
T2517,2,0.701,42.0,0.453
T2517,3,0.701,40.3,0.432
T2517,4,0.709,42.7,0.427
T2517,5,0.774,45.0,0.448
T2517,6,0.761,44.4,0.491
T2517,7,0.76,44.0,0.491
T2517,8,0.756,48.2,0.504
T2517,9,0.774,47.6,0.555
T2517,10,0.817,47.4,0.489
T2517,11,0.853,50.3,0.554
T2518,0,0.651,65.5,0.808
T2518,1,0.63,65.5,0.753
T2518,2,0.581,65.0,0.768
T2518,3,0.566,63.1,0.725
T2518,4,0.537,64.0,0.715
T2518,5,0.562,61.3,0.737
T2518,6,0.51,65.4,0.655
T2518,7,0.515,60.5,0.627
T2518,8,0.472,60.4,0.598
T2518,9,0.454,63.4,0.605
T2518,10,0.413,58.0,0.59
T2518,11,0.414,59.1,0.584
T2519,0,0.243,71.0,0.764
T2519,1,0.259,68.6,0.725
T2519,2,0.262,65.9,0.741
T2519,3,0.263,66.8,0.733
T2519,4,0.243,65.3,0.768
T2519,5,0.264,62.6,0.751
T2519,6,0.276,66.3,0.735
T2519,7,0.267,63.9,0.723
T2519,8,0.277,61.1,0.772
T2519,9,0.306,59.8,0.772
T2519,10,0.334,60.7,0.765
T2519,11,0.299,58.1,0.728
T2520,0,0.12,41.4,0.556
T2520,1,0.144,39.9,0.524
T2520,2,0.173,39.6,0.55
T2520,3,0.207,43.5,0.506
T2520,4,0.223,41.4,0.536
T2520,5,0.249,43.0,0.513
T2520,6,0.3,44.3,0.536
T2520,7,0.297,46.3,0.514
T2520,8,0.36,46.4,0.518
T2520,9,0.405,48.7,0.509
T2520,10,0.406,49.5,0.552
T2520,11,0.454,47.9,0.507
T2521,0,0.262,60.2,0.444
T2521,1,0.281,58.9,0.45
T2521,2,0.255,59.0,0.43
T2521,3,0.249,58.0,0.461
T2521,4,0.261,57.4,0.456
T2521,5,0.271,56.5,0.449
T2521,6,0.269,59.0,0.426
T2521,7,0.303,58.0,0.451
T2521,8,0.314,58.1,0.461
T2521,9,0.31,58.4,0.413
T2521,10,0.312,54.2,0.426
T2521,11,0.315,55.8,0.422
T2522,0,1.0,45.6,0.364
T2522,1,0.993,46.1,0.33
T2522,2,0.921,46.8,0.307
T2522,3,0.928,41.7,0.307
T2522,4,0.853,42.2,0.276
T2522,5,0.851,43.3,0.276
T2522,6,0.841,40.5,0.277
T2522,7,0.792,42.4,0.279
T2522,8,0.788,40.3,0.258
T2522,9,0.735,39.7,0.277
T2522,10,0.74,37.9,0.235
T2522,11,0.729,37.9,0.234
T2523,0,0.725,45.2,0.253
T2523,1,0.719,48.5,0.299
T2523,2,0.716,46.5,0.321
T2523,3,0.694,49.8,0.296
T2523,4,0.698,48.7,0.342
T2523,5,0.754,47.2,0.365
T2523,6,0.763,50.2,0.408
T2523,7,0.729,50.1,0.371
T2523,8,0.755,50.1,0.439
T2523,9,0.729,49.2,0.434
T2523,10,0.71,52.4,0.422
T2523,11,0.715,51.5,0.469
T2524,0,0.533,81.1,0.779
T2524,1,0.521,79.1,0.777
T2524,2,0.518,77.3,0.786
T2524,3,0.523,78.8,0.804
T2524,4,0.506,79.2,0.791
T2524,5,0.537,78.2,0.789
T2524,6,0.489,79.6,0.806
T2524,7,0.476,79.1,0.831
T2524,8,0.466,81.6,0.852
T2524,9,0.483,80.1,0.822
T2524,10,0.489,79.6,0.874
T2524,11,0.44,80.2,0.833
T2525,0,0.789,45.5,0.77
T2525,1,0.751,47.2,0.745
T2525,2,0.797,45.9,0.744
T2525,3,0.74,49.3,0.733
T2525,4,0.747,51.3,0.73
T2525,5,0.749,53.2,0.705
T2525,6,0.741,52.8,0.652
T2525,7,0.75,53.6,0.628
T2525,8,0.772,57.2,0.618
T2525,9,0.788,57.4,0.587
T2525,10,0.771,55.2,0.629
T2525,11,0.766,61.1,0.583
T2526,0,0.2,50.2,0.372
T2526,1,0.184,49.6,0.413
T2526,2,0.219,55.0,0.412
T2526,3,0.244,51.5,0.458
T2526,4,0.259,53.0,0.468
T2526,5,0.271,53.8,0.482
T2526,6,0.299,54.8,0.451
T2526,7,0.321,55.5,0.525
T2526,8,0.312,55.8,0.515
T2526,9,0.353,55.6,0.603
T2526,10,0.364,59.1,0.566
T2526,11,0.381,57.1,0.597
T2527,0,0.979,41.2,0.656
T2527,1,0.967,41.9,0.699
T2527,2,0.955,42.6,0.653
T2527,3,0.958,44.4,0.689
T2527,4,0.923,46.0,0.678
T2527,5,0.941,47.4,0.635
T2527,6,0.908,46.2,0.698
T2527,7,0.909,49.9,0.698
T2527,8,0.911,52.5,0.694
T2527,9,0.869,50.0,0.678
T2527,10,0.878,52.9,0.653
T2527,11,0.837,54.7,0.674
T2528,0,1.0,74.6,0.42
T2528,1,0.972,73.8,0.435
T2528,2,0.933,70.7,0.415
T2528,3,0.975,70.5,0.455
T2528,4,0.922,70.6,0.46
T2528,5,0.891,68.0,0.471
T2528,6,0.871,67.0,0.466
T2528,7,0.817,67.9,0.479
T2528,8,0.828,64.0,0.482
T2528,9,0.777,62.8,0.477
T2528,10,0.773,61.5,0.497
T2528,11,0.754,63.7,0.541
T2529,0,0.92,39.2,0.416
T2529,1,0.875,41.8,0.418
T2529,2,0.841,46.0,0.459
T2529,3,0.827,43.5,0.446
T2529,4,0.781,43.3,0.456
T2529,5,0.794,43.9,0.492
T2529,6,0.742,44.6,0.483
T2529,7,0.76,44.6,0.462
T2529,8,0.754,44.8,0.508
T2529,9,0.701,47.5,0.509
T2529,10,0.682,46.4,0.509
T2529,11,0.694,46.4,0.507
T2530,0,0.54,69.4,0.362
T2530,1,0.584,67.8,0.343
T2530,2,0.583,64.9,0.349
T2530,3,0.621,65.9,0.329
T2530,4,0.633,63.6,0.324
T2530,5,0.621,61.6,0.323
T2530,6,0.623,60.1,0.276
T2530,7,0.653,58.0,0.275
T2530,8,0.614,61.4,0.289
T2530,9,0.664,54.7,0.238
T2530,10,0.71,56.7,0.206
T2530,11,0.705,55.0,0.219
T2531,0,0.416,74.7,0.661
T2531,1,0.404,71.1,0.611
T2531,2,0.416,67.2,0.593
T2531,3,0.452,71.3,0.558
T2531,4,0.386,66.9,0.568
T2531,5,0.404,68.1,0.54
T2531,6,0.369,64.4,0.511
T2531,7,0.356,59.6,0.439
T2531,8,0.383,59.4,0.481
T2531,9,0.374,59.0,0.448
T2531,10,0.396,57.4,0.413
T2531,11,0.313,53.7,0.384
T2532,0,0.874,60.1,0.52
T2532,1,0.837,58.6,0.511
T2532,2,0.842,58.7,0.567
T2532,3,0.763,59.2,0.567
T2532,4,0.785,57.5,0.585
T2532,5,0.773,54.7,0.609
T2532,6,0.705,56.2,0.657
T2532,7,0.684,55.9,0.588
T2532,8,0.697,53.8,0.62
T2532,9,0.646,51.5,0.618
T2532,10,0.638,52.2,0.666
T2532,11,0.628,52.8,0.66
T2533,0,0.527,71.1,0.899
T2533,1,0.565,70.6,0.871
T2533,2,0.541,71.3,0.876
T2533,3,0.615,71.4,0.852
T2533,4,0.537,67.1,0.902
T2533,5,0.572,65.6,0.821
T2533,6,0.601,65.3,0.81
T2533,7,0.545,67.6,0.86
T2533,8,0.602,67.1,0.803
T2533,9,0.607,64.2,0.828
T2533,10,0.603,66.2,0.812
T2533,11,0.594,65.3,0.808
T2534,0,0.493,51.2,0.526
T2534,1,0.486,49.2,0.515
T2534,2,0.469,50.9,0.514
T2534,3,0.527,47.6,0.525
T2534,4,0.496,46.6,0.516
T2534,5,0.522,49.0,0.469
T2534,6,0.519,47.2,0.487
T2534,7,0.516,44.5,0.486
T2534,8,0.537,50.0,0.504
T2534,9,0.541,49.5,0.496
T2534,10,0.565,44.1,0.465
T2534,11,0.56,46.7,0.511
T2535,0,0.638,50.6,0.396
T2535,1,0.684,49.7,0.369
T2535,2,0.666,48.0,0.396
T2535,3,0.663,49.0,0.396
T2535,4,0.688,51.4,0.377
T2535,5,0.691,48.0,0.366
T2535,6,0.704,49.9,0.385
T2535,7,0.665,48.7,0.388
T2535,8,0.71,48.6,0.426
T2535,9,0.699,48.8,0.403
T2535,10,0.713,52.2,0.376
T2535,11,0.736,47.1,0.408
T2536,0,0.425,32.5,0.517
T2536,1,0.457,30.9,0.512
T2536,2,0.438,31.0,0.496
T2536,3,0.447,31.9,0.496
T2536,4,0.483,33.4,0.497
T2536,5,0.5,34.4,0.526
T2536,6,0.531,36.3,0.48
T2536,7,0.547,38.4,0.5
T2536,8,0.53,40.0,0.529
T2536,9,0.544,41.2,0.497
T2536,10,0.609,40.9,0.49
T2536,11,0.587,41.1,0.485
T2537,0,0.381,57.1,0.748
T2537,1,0.37,57.5,0.728
T2537,2,0.389,56.7,0.727
T2537,3,0.395,60.6,0.702
T2537,4,0.374,61.4,0.692
T2537,5,0.391,57.2,0.722
T2537,6,0.407,55.7,0.707
T2537,7,0.382,59.5,0.717
T2537,8,0.439,59.2,0.727
T2537,9,0.417,58.8,0.736
T2537,10,0.421,61.3,0.657
T2537,11,0.424,63.5,0.683
T2538,0,0.779,62.6,0.606
T2538,1,0.743,63.4,0.612
T2538,2,0.742,60.2,0.645
T2538,3,0.791,63.1,0.618
T2538,4,0.759,58.2,0.633
T2538,5,0.8,58.2,0.618
T2538,6,0.796,57.7,0.663
T2538,7,0.803,58.6,0.635
T2538,8,0.796,56.7,0.625
T2538,9,0.824,56.2,0.644
T2538,10,0.879,54.4,0.632
T2538,11,0.83,50.7,0.628
T2539,0,0.628,50.7,0.585
T2539,1,0.59,53.7,0.513
T2539,2,0.592,53.2,0.54
T2539,3,0.568,52.2,0.524
T2539,4,0.551,54.3,0.498
T2539,5,0.576,55.0,0.516
T2539,6,0.563,56.4,0.554
T2539,7,0.609,56.0,0.541
T2539,8,0.545,55.3,0.518
T2539,9,0.546,56.5,0.544
T2539,10,0.572,55.3,0.558
T2539,11,0.571,56.6,0.519
T2540,0,0.631,58.5,0.402
T2540,1,0.62,60.5,0.428
T2540,2,0.65,56.9,0.42
T2540,3,0.634,58.8,0.394
T2540,4,0.699,55.8,0.407
T2540,5,0.679,55.6,0.443
T2540,6,0.722,55.7,0.419
T2540,7,0.706,56.6,0.475
T2540,8,0.709,51.7,0.429
T2540,9,0.718,53.5,0.457
T2540,10,0.715,52.5,0.459
T2540,11,0.768,51.5,0.465
T2541,0,0.501,74.3,0.509
T2541,1,0.542,73.9,0.53
T2541,2,0.54,71.3,0.492
T2541,3,0.55,68.1,0.504
T2541,4,0.556,68.6,0.403
T2541,5,0.544,68.3,0.412
T2541,6,0.605,67.6,0.355
T2541,7,0.559,66.6,0.37
T2541,8,0.581,65.4,0.334
T2541,9,0.594,63.0,0.285
T2541,10,0.592,62.2,0.243
T2541,11,0.597,62.1,0.223
T2542,0,0.291,53.4,0.532
T2542,1,0.305,54.1,0.521
T2542,2,0.235,54.7,0.471
T2542,3,0.257,53.4,0.544
T2542,4,0.259,54.1,0.533
T2542,5,0.278,56.6,0.544
T2542,6,0.289,56.3,0.48
T2542,7,0.242,55.5,0.455
T2542,8,0.253,55.2,0.488
T2542,9,0.246,59.7,0.489
T2542,10,0.214,52.7,0.492
T2542,11,0.259,54.9,0.488
T2543,0,0.888,51.1,0.391
T2543,1,0.922,46.6,0.443
T2543,2,0.877,45.5,0.469
T2543,3,0.863,48.5,0.453
T2543,4,0.857,50.6,0.521
T2543,5,0.87,50.5,0.477
T2543,6,0.856,49.7,0.49
T2543,7,0.838,53.8,0.506
T2543,8,0.846,49.6,0.52
T2543,9,0.811,52.3,0.555
T2543,10,0.807,50.8,0.575
T2543,11,0.789,51.4,0.563
T2544,0,0.97,34.4,0.523
T2544,1,0.938,33.8,0.506
T2544,2,0.922,33.6,0.511
T2544,3,0.922,34.9,0.506
T2544,4,0.853,37.3,0.516
T2544,5,0.868,40.6,0.479
T2544,6,0.871,42.4,0.434
T2544,7,0.847,44.4,0.455
T2544,8,0.814,45.1,0.451
T2544,9,0.762,46.1,0.424
T2544,10,0.755,44.3,0.409
T2544,11,0.734,46.4,0.474
T2545,0,0.562,76.3,0.527
T2545,1,0.581,74.7,0.5
T2545,2,0.576,74.2,0.508
T2545,3,0.602,74.2,0.495
T2545,4,0.554,72.5,0.507
T2545,5,0.584,68.5,0.513
T2545,6,0.592,68.8,0.478
T2545,7,0.635,67.9,0.465
T2545,8,0.608,69.4,0.466
T2545,9,0.598,68.0,0.477
T2545,10,0.603,65.9,0.473
T2545,11,0.587,64.6,0.485
T2546,0,0.668,75.2,1.0
T2546,1,0.678,74.4,1.0
T2546,2,0.649,74.5,0.976
T2546,3,0.612,72.7,0.972
T2546,4,0.633,69.2,0.97
T2546,5,0.648,68.6,0.956
T2546,6,0.599,69.2,0.909
T2546,7,0.662,66.6,0.887
T2546,8,0.575,68.8,0.952
T2546,9,0.591,66.0,0.914
T2546,10,0.611,66.9,0.915
T2546,11,0.577,65.6,0.865
T2547,0,0.85,36.9,0.632
T2547,1,0.858,40.1,0.589
T2547,2,0.828,41.2,0.606
T2547,3,0.843,42.0,0.57
T2547,4,0.787,42.0,0.53
T2547,5,0.815,40.6,0.458
T2547,6,0.816,43.8,0.47
T2547,7,0.797,46.2,0.478
T2547,8,0.78,46.6,0.422
T2547,9,0.77,49.8,0.383
T2547,10,0.793,49.1,0.393
T2547,11,0.737,48.1,0.354
T2548,0,0.471,67.3,0.695
T2548,1,0.501,65.2,0.707
T2548,2,0.515,61.7,0.711
T2548,3,0.488,61.7,0.723
T2548,4,0.525,61.2,0.686
T2548,5,0.503,59.1,0.669
T2548,6,0.52,55.7,0.697
T2548,7,0.507,57.6,0.665
T2548,8,0.525,55.0,0.678
T2548,9,0.532,55.2,0.662
T2548,10,0.513,52.5,0.673
T2548,11,0.516,52.8,0.67
T2549,0,0.521,66.7,0.357
T2549,1,0.561,63.5,0.358
T2549,2,0.507,63.9,0.385
T2549,3,0.519,65.9,0.374
T2549,4,0.518,68.4,0.379
T2549,5,0.485,64.1,0.413
T2549,6,0.46,68.8,0.465
T2549,7,0.513,68.2,0.474
T2549,8,0.419,70.1,0.5
T2549,9,0.441,69.1,0.523
T2549,10,0.443,70.3,0.534
T2549,11,0.42,71.1,0.539
T2550,0,0.6,62.6,0.78
T2550,1,0.628,61.4,0.76
T2550,2,0.6,61.1,0.786
T2550,3,0.63,60.1,0.739
T2550,4,0.642,58.3,0.729
T2550,5,0.643,61.1,0.77
T2550,6,0.681,62.6,0.809
T2550,7,0.688,63.4,0.774
T2550,8,0.693,62.7,0.804
T2550,9,0.672,58.8,0.79
T2550,10,0.772,61.8,0.767
T2550,11,0.717,62.0,0.797
T2551,0,0.572,64.3,0.346
T2551,1,0.608,63.7,0.398
T2551,2,0.639,62.4,0.419
T2551,3,0.625,61.7,0.403
T2551,4,0.609,56.4,0.488
T2551,5,0.639,61.0,0.487
T2551,6,0.577,56.7,0.517
T2551,7,0.635,57.9,0.56
T2551,8,0.644,56.6,0.517
T2551,9,0.618,51.9,0.626
T2551,10,0.632,50.5,0.598
T2551,11,0.673,52.4,0.66
T2552,0,0.739,48.9,0.171
T2552,1,0.701,45.9,0.162
T2552,2,0.732,44.1,0.167
T2552,3,0.736,45.2,0.168
T2552,4,0.676,42.6,0.198
T2552,5,0.691,41.2,0.239
T2552,6,0.715,40.4,0.196
T2552,7,0.668,41.3,0.23
T2552,8,0.694,39.2,0.239
T2552,9,0.676,41.0,0.21
T2552,10,0.631,36.9,0.228
T2552,11,0.64,34.7,0.245
T2553,0,0.712,53.9,0.916
T2553,1,0.666,55.4,0.909
T2553,2,0.696,56.3,0.933
T2553,3,0.657,55.7,0.909
T2553,4,0.648,56.7,0.905
T2553,5,0.626,58.2,0.87
T2553,6,0.611,57.6,0.814
T2553,7,0.598,54.5,0.863
T2553,8,0.58,57.7,0.859
T2553,9,0.59,54.2,0.859
T2553,10,0.557,55.3,0.813
T2553,11,0.534,59.2,0.857
T2554,0,0.827,49.6,0.728
T2554,1,0.807,49.4,0.709
T2554,2,0.804,50.0,0.685
T2554,3,0.794,50.5,0.699
T2554,4,0.789,52.1,0.685
T2554,5,0.806,49.6,0.693
T2554,6,0.734,54.0,0.652
T2554,7,0.777,54.6,0.64
T2554,8,0.768,55.8,0.672
T2554,9,0.754,53.5,0.638
T2554,10,0.767,55.5,0.618
T2554,11,0.76,56.3,0.602
T2555,0,0.689,78.4,0.704
T2555,1,0.632,76.6,0.722
T2555,2,0.65,71.2,0.748
T2555,3,0.64,71.0,0.74
T2555,4,0.662,72.1,0.734
T2555,5,0.622,69.9,0.782
T2555,6,0.632,68.2,0.778
T2555,7,0.616,64.1,0.794
T2555,8,0.594,64.2,0.832
T2555,9,0.631,62.2,0.814
T2555,10,0.586,59.7,0.833
T2555,11,0.567,57.1,0.862
T2556,0,0.648,67.7,0.499
T2556,1,0.642,61.1,0.471
T2556,2,0.587,66.4,0.477
T2556,3,0.681,61.9,0.437
T2556,4,0.638,61.9,0.449
T2556,5,0.604,61.5,0.444
T2556,6,0.623,59.4,0.467
T2556,7,0.605,56.7,0.457
T2556,8,0.596,56.5,0.447
T2556,9,0.595,59.4,0.43
T2556,10,0.601,56.4,0.416
T2556,11,0.568,51.9,0.384
T2557,0,1.0,40.5,0.454
T2557,1,0.979,40.2,0.446
T2557,2,0.988,35.7,0.431
T2557,3,0.956,40.2,0.458
T2557,4,0.919,42.4,0.417
T2557,5,0.943,39.4,0.352
T2557,6,0.912,41.2,0.41
T2557,7,0.969,39.4,0.428
T2557,8,0.95,39.5,0.412
T2557,9,0.913,38.1,0.411
T2557,10,0.914,36.9,0.382
T2557,11,0.906,36.3,0.369
T2558,0,0.826,63.1,0.941
T2558,1,0.813,63.8,0.961
T2558,2,0.817,64.1,0.976
T2558,3,0.778,61.6,0.948
T2558,4,0.795,63.6,0.962
T2558,5,0.772,66.5,0.951
T2558,6,0.725,63.3,0.967
T2558,7,0.689,66.8,0.96
T2558,8,0.717,65.5,0.906
T2558,9,0.694,65.8,0.921
T2558,10,0.709,66.5,0.947
T2558,11,0.674,67.1,0.954
T2559,0,0.619,69.8,0.522
T2559,1,0.582,70.5,0.543
T2559,2,0.59,67.4,0.537
T2559,3,0.623,66.9,0.546
T2559,4,0.589,64.3,0.589
T2559,5,0.603,64.6,0.591
T2559,6,0.617,61.1,0.608
T2559,7,0.636,60.7,0.591
T2559,8,0.623,58.1,0.626
T2559,9,0.624,56.0,0.648
T2559,10,0.635,56.2,0.67
T2559,11,0.649,55.6,0.679
T2560,0,0.679,63.2,1.0
T2560,1,0.679,64.3,1.0
T2560,2,0.66,61.7,1.0
T2560,3,0.667,61.9,0.962
T2560,4,0.664,64.0,0.988
T2560,5,0.673,61.1,0.98
T2560,6,0.641,64.5,0.974
T2560,7,0.657,62.2,0.983
T2560,8,0.628,60.9,0.97
T2560,9,0.606,61.8,0.965
T2560,10,0.613,61.0,0.998
T2560,11,0.589,62.8,0.966
T2561,0,0.799,34.3,0.418
T2561,1,0.736,36.1,0.414
T2561,2,0.761,35.0,0.43
T2561,3,0.749,36.2,0.459
T2561,4,0.784,37.1,0.445
T2561,5,0.777,39.2,0.411
T2561,6,0.725,41.7,0.452
T2561,7,0.711,43.2,0.463
T2561,8,0.731,42.8,0.451
T2561,9,0.711,41.5,0.441
T2561,10,0.712,45.1,0.448
T2561,11,0.694,48.4,0.488
T2562,0,0.653,52.9,0.991
T2562,1,0.636,53.4,1.0
T2562,2,0.665,49.7,0.979
T2562,3,0.66,51.2,0.941
T2562,4,0.663,48.7,0.966
T2562,5,0.683,51.7,0.881
T2562,6,0.66,52.8,0.932
T2562,7,0.649,53.7,0.933
T2562,8,0.65,51.6,0.894
T2562,9,0.665,54.8,0.872
T2562,10,0.678,51.7,0.899
T2562,11,0.648,54.5,0.846
T2563,0,0.8,67.8,0.57
T2563,1,0.799,67.8,0.584
T2563,2,0.787,66.3,0.613
T2563,3,0.827,67.0,0.621
T2563,4,0.833,64.1,0.618
T2563,5,0.853,65.1,0.598
T2563,6,0.856,63.7,0.582
T2563,7,0.861,63.4,0.62
T2563,8,0.837,65.7,0.618
T2563,9,0.872,62.7,0.612
T2563,10,0.903,63.2,0.634
T2563,11,0.877,62.5,0.664
T2564,0,0.391,77.5,0.374
T2564,1,0.358,77.4,0.38
T2564,2,0.375,75.9,0.411
T2564,3,0.393,74.3,0.402
T2564,4,0.403,71.7,0.453
T2564,5,0.374,73.9,0.396
T2564,6,0.417,70.0,0.437
T2564,7,0.394,67.6,0.455
T2564,8,0.428,66.9,0.44
T2564,9,0.419,67.8,0.457
T2564,10,0.413,65.0,0.511
T2564,11,0.414,63.3,0.497
T2565,0,0.341,55.0,0.563
T2565,1,0.315,53.9,0.611
T2565,2,0.387,54.6,0.571
T2565,3,0.363,51.2,0.555
T2565,4,0.398,54.0,0.564
T2565,5,0.392,55.9,0.539
T2565,6,0.433,55.9,0.536
T2565,7,0.391,51.2,0.492
T2565,8,0.439,53.4,0.502
T2565,9,0.423,54.2,0.48
T2565,10,0.483,53.8,0.434
T2565,11,0.445,54.7,0.447
T2566,0,0.103,50.3,0.258
T2566,1,0.129,50.7,0.254
T2566,2,0.132,53.2,0.24
T2566,3,0.147,51.5,0.238
T2566,4,0.177,46.8,0.283
T2566,5,0.229,50.6,0.242
T2566,6,0.218,52.2,0.278
T2566,7,0.257,50.3,0.276
T2566,8,0.289,51.2,0.324
T2566,9,0.27,51.1,0.33
T2566,10,0.282,50.4,0.345
T2566,11,0.321,49.8,0.362
T2567,0,0.701,72.8,0.871
T2567,1,0.679,73.7,0.896
T2567,2,0.638,72.3,0.934
T2567,3,0.666,73.8,0.841
T2567,4,0.62,72.3,0.847
T2567,5,0.633,70.5,0.849
T2567,6,0.598,68.1,0.829
T2567,7,0.609,72.2,0.806
T2567,8,0.587,69.3,0.79
T2567,9,0.567,67.0,0.799
T2567,10,0.541,67.2,0.785
T2567,11,0.535,66.8,0.747
T2568,0,0.676,44.7,0.699
T2568,1,0.68,46.2,0.781
T2568,2,0.663,43.8,0.719
T2568,3,0.622,43.4,0.734
T2568,4,0.627,44.6,0.755
T2568,5,0.651,47.2,0.761
T2568,6,0.652,48.7,0.784
T2568,7,0.654,50.1,0.774
T2568,8,0.592,51.2,0.772
T2568,9,0.63,50.0,0.784
T2568,10,0.608,52.4,0.815
T2568,11,0.625,52.2,0.806
T2569,0,0.599,70.8,0.795
T2569,1,0.608,67.6,0.779
T2569,2,0.564,70.1,0.751
T2569,3,0.61,68.1,0.757
T2569,4,0.588,70.1,0.734
T2569,5,0.613,71.9,0.726
T2569,6,0.561,73.9,0.736
T2569,7,0.603,73.6,0.716
T2569,8,0.606,72.9,0.664
T2569,9,0.569,74.0,0.678
T2569,10,0.606,75.4,0.625
T2569,11,0.584,76.3,0.619
T2570,0,1.0,51.6,0.556
T2570,1,0.998,49.5,0.572
T2570,2,0.963,52.2,0.57
T2570,3,0.929,49.2,0.573
T2570,4,0.961,49.4,0.592
T2570,5,0.95,52.0,0.601
T2570,6,0.925,49.5,0.586
T2570,7,0.986,52.4,0.624
T2570,8,0.962,50.8,0.6
T2570,9,0.922,52.3,0.632
T2570,10,0.934,53.3,0.625
T2570,11,0.91,48.2,0.603
T2571,0,1.0,57.6,0.803
T2571,1,0.962,54.8,0.816
T2571,2,0.94,54.5,0.806
T2571,3,0.92,57.9,0.783
T2571,4,0.955,53.3,0.783
T2571,5,0.937,55.8,0.786
T2571,6,0.919,55.8,0.758
T2571,7,0.927,57.2,0.757
T2571,8,0.898,58.4,0.761
T2571,9,0.865,56.5,0.788
T2571,10,0.88,56.7,0.711
T2571,11,0.896,57.7,0.76
T2572,0,0.919,39.6,0.449
T2572,1,0.926,37.6,0.481
T2572,2,0.9,38.0,0.414
T2572,3,0.9,37.7,0.434
T2572,4,0.91,40.5,0.443
T2572,5,0.862,39.9,0.433
T2572,6,0.869,41.2,0.393
T2572,7,0.878,45.2,0.427
T2572,8,0.872,45.8,0.402
T2572,9,0.848,42.6,0.437
T2572,10,0.856,47.3,0.38
T2572,11,0.826,44.8,0.409
T2573,0,0.865,64.1,0.828
T2573,1,0.863,67.6,0.83
T2573,2,0.876,66.6,0.806
T2573,3,0.883,68.4,0.832
T2573,4,0.822,66.3,0.857
T2573,5,0.836,68.9,0.88
T2573,6,0.799,70.7,0.888
T2573,7,0.822,71.6,0.877
T2573,8,0.794,69.8,0.878
T2573,9,0.786,74.0,0.905
T2573,10,0.775,74.6,0.901
T2573,11,0.759,74.3,0.91
T2574,0,0.569,52.8,0.936
T2574,1,0.516,52.8,0.903
T2574,2,0.51,52.7,0.913
T2574,3,0.503,50.5,0.895
T2574,4,0.481,55.9,0.894
T2574,5,0.456,50.7,0.902
T2574,6,0.462,49.4,0.879
T2574,7,0.39,55.9,0.888
T2574,8,0.397,52.8,0.886
T2574,9,0.375,54.1,0.912
T2574,10,0.357,53.1,0.874
T2574,11,0.323,54.2,0.924
T2575,0,0.244,66.3,1.0
T2575,1,0.269,68.2,0.975
T2575,2,0.239,69.4,0.977
T2575,3,0.282,69.1,0.927
T2575,4,0.279,67.1,0.938
T2575,5,0.316,71.5,0.897
T2575,6,0.315,69.8,0.889
T2575,7,0.331,71.1,0.858
T2575,8,0.318,69.0,0.835
T2575,9,0.382,70.1,0.819
T2575,10,0.361,68.7,0.848
T2575,11,0.395,69.5,0.796
T2576,0,0.744,59.9,0.239
T2576,1,0.758,59.6,0.283
T2576,2,0.743,58.3,0.287
T2576,3,0.771,58.1,0.257
T2576,4,0.767,52.8,0.246
T2576,5,0.765,51.7,0.245
T2576,6,0.729,50.5,0.262
T2576,7,0.738,53.1,0.234
T2576,8,0.73,50.0,0.268
T2576,9,0.721,51.5,0.183
T2576,10,0.791,50.2,0.241
T2576,11,0.74,46.0,0.239
T2577,0,0.588,47.2,0.348
T2577,1,0.574,46.5,0.418
T2577,2,0.55,48.0,0.441
T2577,3,0.543,49.1,0.428
T2577,4,0.58,48.7,0.478
T2577,5,0.546,47.5,0.471
T2577,6,0.58,52.2,0.501
T2577,7,0.559,52.2,0.454
T2577,8,0.572,53.4,0.499
T2577,9,0.55,53.3,0.483
T2577,10,0.571,54.4,0.505
T2577,11,0.536,56.8,0.508
T2578,0,0.481,51.9,0.476
T2578,1,0.509,51.1,0.498
T2578,2,0.46,48.2,0.547
T2578,3,0.553,50.7,0.47
T2578,4,0.504,53.4,0.533
T2578,5,0.549,53.7,0.54
T2578,6,0.523,54.1,0.503
T2578,7,0.54,50.1,0.507
T2578,8,0.543,52.5,0.548
T2578,9,0.571,51.4,0.541
T2578,10,0.574,51.5,0.516
T2578,11,0.603,54.1,0.551
T2579,0,0.645,38.4,0.354
T2579,1,0.662,38.1,0.356
T2579,2,0.646,39.6,0.337
T2579,3,0.631,41.9,0.297
T2579,4,0.684,43.0,0.312
T2579,5,0.645,42.0,0.283
T2579,6,0.665,44.0,0.278
T2579,7,0.71,44.0,0.241
T2579,8,0.661,42.2,0.207
T2579,9,0.692,43.2,0.216
T2579,10,0.709,43.8,0.225
T2579,11,0.696,47.4,0.181
T2580,0,0.301,58.7,0.293
T2580,1,0.314,58.3,0.266
T2580,2,0.275,55.8,0.297
T2580,3,0.333,56.0,0.273
T2580,4,0.353,54.6,0.291
T2580,5,0.364,55.6,0.264
T2580,6,0.386,55.8,0.268
T2580,7,0.372,54.9,0.249
T2580,8,0.4,52.5,0.277
T2580,9,0.467,54.6,0.235
T2580,10,0.47,50.8,0.255
T2580,11,0.485,49.4,0.207
T2581,0,0.27,39.9,0.304
T2581,1,0.219,41.2,0.367
T2581,2,0.255,41.8,0.329
T2581,3,0.246,43.5,0.351
T2581,4,0.27,44.0,0.342
T2581,5,0.292,46.3,0.356
T2581,6,0.296,48.3,0.358
T2581,7,0.278,50.9,0.366
T2581,8,0.282,52.4,0.347
T2581,9,0.291,51.6,0.348
T2581,10,0.303,52.7,0.321
T2581,11,0.345,56.0,0.359
T2582,0,0.604,65.3,0.383
T2582,1,0.61,62.3,0.417
T2582,2,0.618,61.9,0.466
T2582,3,0.606,61.3,0.401
T2582,4,0.634,63.2,0.446
T2582,5,0.59,58.9,0.441
T2582,6,0.632,58.6,0.453
T2582,7,0.658,57.5,0.504
T2582,8,0.59,57.9,0.47
T2582,9,0.649,55.3,0.502
T2582,10,0.613,56.2,0.514
T2582,11,0.572,53.5,0.524
T2583,0,0.459,49.4,0.425
T2583,1,0.473,49.2,0.442
T2583,2,0.453,48.5,0.481
T2583,3,0.509,50.6,0.502
T2583,4,0.494,47.5,0.455
T2583,5,0.522,46.6,0.438
T2583,6,0.504,50.2,0.453
T2583,7,0.547,49.1,0.455
T2583,8,0.58,48.7,0.457
T2583,9,0.533,50.1,0.456
T2583,10,0.567,49.3,0.444
T2583,11,0.562,49.7,0.45
T2584,0,0.425,48.7,0.881
T2584,1,0.419,51.4,0.92
T2584,2,0.424,50.5,0.913
T2584,3,0.448,52.3,0.859
T2584,4,0.423,56.1,0.886
T2584,5,0.413,59.3,0.846
T2584,6,0.4,58.1,0.854
T2584,7,0.425,58.9,0.805
T2584,8,0.436,58.6,0.87
T2584,9,0.445,59.5,0.791
T2584,10,0.426,62.0,0.83
T2584,11,0.472,59.7,0.832
T2585,0,0.543,67.2,0.269
T2585,1,0.519,68.9,0.268
T2585,2,0.524,70.0,0.263
T2585,3,0.553,68.0,0.293
T2585,4,0.556,65.0,0.282
T2585,5,0.556,68.4,0.234
T2585,6,0.585,63.8,0.212
T2585,7,0.582,58.8,0.203
T2585,8,0.574,59.3,0.173
T2585,9,0.621,60.1,0.178
T2585,10,0.601,56.0,0.159
T2585,11,0.663,53.8,0.145
T2586,0,0.818,66.8,0.905
T2586,1,0.847,62.3,0.898
T2586,2,0.816,63.0,0.869
T2586,3,0.8,61.0,0.879
T2586,4,0.772,58.5,0.885
T2586,5,0.792,60.9,0.865
T2586,6,0.719,57.1,0.871
T2586,7,0.714,53.3,0.843
T2586,8,0.718,57.0,0.826
T2586,9,0.677,55.3,0.831
T2586,10,0.696,53.5,0.825
T2586,11,0.687,52.1,0.814
T2587,0,0.529,54.4,0.316
T2587,1,0.516,49.4,0.267
T2587,2,0.487,53.6,0.296
T2587,3,0.467,53.7,0.317
T2587,4,0.465,51.5,0.302
T2587,5,0.468,54.1,0.32
T2587,6,0.459,56.3,0.311
T2587,7,0.449,55.4,0.318
T2587,8,0.44,55.3,0.304
T2587,9,0.4,56.3,0.234
T2587,10,0.428,57.0,0.271
T2587,11,0.418,58.4,0.299
T2588,0,0.597,33.5,0.207
T2588,1,0.585,33.8,0.219
T2588,2,0.613,33.5,0.232
T2588,3,0.658,36.7,0.212
T2588,4,0.646,36.9,0.266
T2588,5,0.643,37.6,0.235
T2588,6,0.671,38.8,0.276
T2588,7,0.667,36.3,0.303
T2588,8,0.674,40.5,0.319
T2588,9,0.725,38.5,0.287
T2588,10,0.734,40.1,0.345
T2588,11,0.72,41.4,0.362
T2589,0,0.963,48.9,0.571
T2589,1,0.904,50.4,0.54
T2589,2,0.912,52.2,0.599
T2589,3,0.91,52.2,0.61
T2589,4,0.936,48.9,0.62
T2589,5,0.912,51.7,0.642
T2589,6,0.887,52.6,0.678
T2589,7,0.905,49.7,0.658
T2589,8,0.837,54.8,0.719
T2589,9,0.892,53.3,0.692
T2589,10,0.904,52.8,0.718
T2589,11,0.871,52.1,0.734
T2590,0,0.507,39.3,0.349
T2590,1,0.485,39.8,0.381
T2590,2,0.532,41.5,0.337
T2590,3,0.475,41.0,0.339
T2590,4,0.499,41.9,0.418
T2590,5,0.529,43.9,0.374
T2590,6,0.534,43.0,0.368
T2590,7,0.485,43.6,0.389
T2590,8,0.484,44.8,0.354
T2590,9,0.493,46.8,0.379
T2590,10,0.483,42.2,0.357
T2590,11,0.484,46.9,0.327
T2591,0,0.821,34.8,0.499
T2591,1,0.785,35.9,0.469
T2591,2,0.796,37.3,0.508
T2591,3,0.744,35.8,0.463
T2591,4,0.769,37.8,0.457
T2591,5,0.793,43.0,0.45
T2591,6,0.743,43.5,0.466
T2591,7,0.719,45.0,0.484
T2591,8,0.685,47.0,0.447
T2591,9,0.734,48.4,0.455
T2591,10,0.705,46.9,0.476
T2591,11,0.692,50.0,0.466
T2592,0,0.57,69.8,0.435
T2592,1,0.605,71.6,0.448
T2592,2,0.566,71.5,0.408
T2592,3,0.558,71.3,0.461
T2592,4,0.513,74.1,0.453
T2592,5,0.56,68.7,0.442
T2592,6,0.549,71.4,0.417
T2592,7,0.536,72.8,0.441
T2592,8,0.55,71.8,0.425
T2592,9,0.531,73.0,0.453
T2592,10,0.561,71.1,0.462
T2592,11,0.549,76.8,0.426
T2593,0,0.745,42.1,0.438
T2593,1,0.769,40.1,0.408
T2593,2,0.771,39.4,0.46
T2593,3,0.794,40.0,0.458
T2593,4,0.809,41.3,0.467
T2593,5,0.842,42.5,0.438
T2593,6,0.794,43.0,0.482
T2593,7,0.785,43.0,0.448
T2593,8,0.823,40.8,0.438
T2593,9,0.829,41.1,0.46
T2593,10,0.79,41.7,0.446
T2593,11,0.865,43.7,0.441
T2594,0,0.523,56.8,0.402
T2594,1,0.596,55.1,0.416
T2594,2,0.561,57.3,0.431
T2594,3,0.527,55.6,0.44
T2594,4,0.566,54.3,0.46
T2594,5,0.542,52.6,0.494
T2594,6,0.562,53.5,0.442
T2594,7,0.601,51.7,0.498
T2594,8,0.62,52.8,0.548
T2594,9,0.547,54.4,0.526
T2594,10,0.617,52.2,0.579
T2594,11,0.634,55.5,0.607
T2595,0,0.889,53.2,0.689
T2595,1,0.898,53.7,0.743
T2595,2,0.871,53.7,0.676
T2595,3,0.834,49.5,0.722
T2595,4,0.875,52.5,0.736
T2595,5,0.852,51.9,0.705
T2595,6,0.859,52.5,0.75
T2595,7,0.848,50.6,0.794
T2595,8,0.861,49.1,0.73
T2595,9,0.83,51.4,0.747
T2595,10,0.853,47.8,0.754
T2595,11,0.811,48.7,0.746
T2596,0,0.636,48.6,0.177
T2596,1,0.66,49.8,0.18
T2596,2,0.644,51.3,0.217
T2596,3,0.695,48.8,0.247
T2596,4,0.68,49.2,0.235
T2596,5,0.637,49.8,0.26
T2596,6,0.698,46.3,0.252
T2596,7,0.671,45.9,0.269
T2596,8,0.66,46.5,0.321
T2596,9,0.72,45.8,0.3
T2596,10,0.686,47.8,0.308
T2596,11,0.727,47.0,0.315
T2597,0,0.773,54.9,0.87
T2597,1,0.724,52.4,0.863
T2597,2,0.743,51.3,0.84
T2597,3,0.742,52.3,0.888
T2597,4,0.733,51.7,0.863
T2597,5,0.744,52.9,0.847
T2597,6,0.701,52.7,0.829
T2597,7,0.724,52.3,0.857
T2597,8,0.702,49.4,0.807
T2597,9,0.708,49.3,0.828
T2597,10,0.75,53.6,0.808
T2597,11,0.691,53.4,0.819
T2598,0,0.448,56.3,0.847
T2598,1,0.43,55.6,0.836
T2598,2,0.483,55.2,0.817
T2598,3,0.477,56.7,0.794
T2598,4,0.466,56.6,0.777
T2598,5,0.461,52.4,0.762
T2598,6,0.469,55.0,0.757
T2598,7,0.512,53.1,0.72
T2598,8,0.509,52.8,0.722
T2598,9,0.486,51.2,0.714
T2598,10,0.497,54.5,0.68
T2598,11,0.498,56.1,0.677
T2599,0,0.403,64.0,0.24
T2599,1,0.383,63.5,0.234
T2599,2,0.427,66.2,0.233
T2599,3,0.438,63.7,0.284
T2599,4,0.426,65.5,0.24
T2599,5,0.498,63.7,0.262
T2599,6,0.52,66.7,0.238
T2599,7,0.498,62.5,0.231
T2599,8,0.499,61.8,0.276
T2599,9,0.524,65.3,0.261
T2599,10,0.61,66.1,0.234
T2599,11,0.617,63.1,0.218
T2600,0,0.84,41.7,0.345
T2600,1,0.882,45.2,0.372
T2600,2,0.824,47.7,0.354
T2600,3,0.82,45.0,0.312
T2600,4,0.794,44.9,0.349
T2600,5,0.785,47.8,0.374
T2600,6,0.812,43.6,0.36
T2600,7,0.8,43.7,0.422
T2600,8,0.763,45.9,0.413
T2600,9,0.731,47.9,0.468
T2600,10,0.733,45.9,0.419
T2600,11,0.714,45.6,0.448
T2601,0,0.688,63.9,0.943
T2601,1,0.661,62.0,0.87
T2601,2,0.657,64.2,0.862
T2601,3,0.661,62.0,0.878
T2601,4,0.618,60.1,0.877
T2601,5,0.615,61.9,0.879
T2601,6,0.618,62.8,0.869
T2601,7,0.571,62.6,0.907
T2601,8,0.61,61.8,0.876
T2601,9,0.602,60.4,0.855
T2601,10,0.582,60.6,0.859
T2601,11,0.605,61.0,0.82
T2602,0,0.995,40.6,0.445
T2602,1,0.974,40.6,0.407
T2602,2,0.99,42.9,0.445
T2602,3,0.983,43.5,0.434
T2602,4,1.0,43.6,0.456
T2602,5,0.94,46.8,0.457
T2602,6,0.981,44.7,0.512
T2602,7,0.943,47.5,0.493
T2602,8,0.916,45.2,0.499
T2602,9,0.941,49.4,0.548
T2602,10,0.911,50.8,0.529
T2602,11,0.905,49.3,0.561
T2603,0,0.555,50.5,0.629
T2603,1,0.56,48.9,0.582
T2603,2,0.631,51.3,0.581
T2603,3,0.587,52.7,0.618
T2603,4,0.614,53.5,0.577
T2603,5,0.658,54.0,0.626
T2603,6,0.618,53.5,0.606
T2603,7,0.642,50.6,0.649
T2603,8,0.682,51.1,0.587
T2603,9,0.649,50.8,0.659
T2603,10,0.704,50.1,0.602
T2603,11,0.712,50.8,0.614
T2604,0,0.668,51.8,0.443
T2604,1,0.675,51.6,0.456
T2604,2,0.668,52.4,0.444
T2604,3,0.688,52.6,0.438
T2604,4,0.631,52.9,0.489
T2604,5,0.685,53.6,0.485
T2604,6,0.663,50.3,0.523
T2604,7,0.621,54.5,0.503
T2604,8,0.666,56.7,0.536
T2604,9,0.738,53.0,0.567
T2604,10,0.662,55.4,0.538
T2604,11,0.688,55.8,0.563
T2605,0,0.534,52.5,0.893
T2605,1,0.555,51.8,0.885
T2605,2,0.591,53.5,0.895
T2605,3,0.62,53.7,0.895
T2605,4,0.629,49.9,0.885
T2605,5,0.6,52.2,0.908
T2605,6,0.624,53.8,0.866
T2605,7,0.637,55.2,0.854
T2605,8,0.634,54.1,0.901
T2605,9,0.681,53.2,0.898
T2605,10,0.634,52.8,0.909
T2605,11,0.67,58.5,0.882
T2606,0,0.171,64.2,0.574
T2606,1,0.207,63.6,0.592
T2606,2,0.193,65.4,0.587
T2606,3,0.264,64.0,0.556
T2606,4,0.298,65.5,0.528
T2606,5,0.341,67.4,0.567
T2606,6,0.385,69.9,0.505
T2606,7,0.378,66.6,0.515
T2606,8,0.444,68.5,0.472
T2606,9,0.481,64.1,0.463
T2606,10,0.512,67.3,0.469
T2606,11,0.514,68.6,0.409
T2607,0,0.832,58.7,0.742
T2607,1,0.812,59.1,0.702
T2607,2,0.752,59.4,0.713
T2607,3,0.785,59.3,0.67
T2607,4,0.724,57.0,0.626
T2607,5,0.683,54.8,0.676
T2607,6,0.689,59.2,0.655
T2607,7,0.707,58.0,0.619
T2607,8,0.641,54.0,0.579
T2607,9,0.653,55.3,0.577
T2607,10,0.607,56.3,0.57
T2607,11,0.6,58.4,0.548
T2608,0,0.692,48.7,0.986
T2608,1,0.741,49.3,0.979
T2608,2,0.702,47.0,0.966
T2608,3,0.767,50.1,0.933
T2608,4,0.712,51.4,0.96
T2608,5,0.712,51.3,0.913
T2608,6,0.716,51.2,0.88
T2608,7,0.716,50.2,0.901
T2608,8,0.723,53.4,0.872
T2608,9,0.72,50.7,0.809
T2608,10,0.742,54.1,0.819
T2608,11,0.742,55.5,0.744
T2609,0,0.526,75.6,0.999
T2609,1,0.533,74.2,1.0
T2609,2,0.528,74.6,0.981
T2609,3,0.556,71.8,0.995
T2609,4,0.568,71.8,0.977
T2609,5,0.581,70.3,0.955
T2609,6,0.6,71.7,0.924
T2609,7,0.624,70.0,0.937
T2609,8,0.603,66.7,0.924
T2609,9,0.58,68.5,0.876
T2609,10,0.619,64.6,0.915
T2609,11,0.649,69.7,0.853
T2610,0,0.599,57.7,0.269
T2610,1,0.589,56.3,0.312
T2610,2,0.602,55.1,0.309
T2610,3,0.593,53.2,0.318
T2610,4,0.615,55.1,0.334
T2610,5,0.584,53.5,0.328
T2610,6,0.625,55.6,0.365
T2610,7,0.605,53.7,0.383
T2610,8,0.589,51.4,0.386
T2610,9,0.574,53.6,0.384
T2610,10,0.543,51.3,0.395
T2610,11,0.555,50.0,0.396
T2611,0,0.769,46.7,0.427
T2611,1,0.726,50.5,0.483
T2611,2,0.767,49.5,0.458
T2611,3,0.793,47.3,0.413
T2611,4,0.754,47.7,0.444
T2611,5,0.75,48.8,0.419
T2611,6,0.784,49.6,0.441
T2611,7,0.769,50.8,0.414
T2611,8,0.776,47.6,0.406
T2611,9,0.744,50.2,0.402
T2611,10,0.771,48.8,0.377
T2611,11,0.804,49.2,0.409
T2612,0,0.761,49.0,0.662
T2612,1,0.743,48.8,0.601
T2612,2,0.725,51.6,0.677
T2612,3,0.673,51.0,0.673
T2612,4,0.737,53.7,0.635
T2612,5,0.711,50.2,0.647
T2612,6,0.68,51.7,0.64
T2612,7,0.645,49.2,0.62
T2612,8,0.647,52.0,0.622
T2612,9,0.652,54.7,0.579
T2612,10,0.63,54.0,0.555
T2612,11,0.602,51.0,0.577
T2613,0,0.283,57.4,0.276
T2613,1,0.325,52.8,0.304
T2613,2,0.339,53.1,0.277
T2613,3,0.319,56.1,0.288
T2613,4,0.347,55.2,0.27
T2613,5,0.346,54.8,0.225
T2613,6,0.32,55.2,0.297
T2613,7,0.352,55.4,0.303
T2613,8,0.356,53.0,0.295
T2613,9,0.375,52.7,0.298
T2613,10,0.384,51.5,0.277
T2613,11,0.392,48.8,0.313
T2614,0,0.59,42.6,0.101
T2614,1,0.625,39.6,0.101
T2614,2,0.6,43.9,0.13
T2614,3,0.587,39.3,0.149
T2614,4,0.629,39.9,0.135
T2614,5,0.593,42.5,0.139
T2614,6,0.578,39.4,0.152
T2614,7,0.628,40.1,0.162
T2614,8,0.622,42.7,0.175
T2614,9,0.601,38.5,0.205
T2614,10,0.613,42.0,0.189
T2614,11,0.666,40.2,0.209
T2615,0,0.699,45.8,0.535
T2615,1,0.685,47.1,0.507
T2615,2,0.703,45.1,0.506
T2615,3,0.698,45.2,0.49
T2615,4,0.697,44.9,0.478
T2615,5,0.675,44.8,0.518
T2615,6,0.665,44.8,0.45
T2615,7,0.651,44.5,0.488
T2615,8,0.686,45.8,0.523
T2615,9,0.631,47.7,0.452
T2615,10,0.678,46.1,0.497
T2615,11,0.65,44.4,0.491
T2616,0,0.276,80.8,0.967
T2616,1,0.262,84.8,0.911
T2616,2,0.315,82.3,0.934
T2616,3,0.265,79.9,0.881
T2616,4,0.203,76.8,0.891
T2616,5,0.21,81.1,0.868
T2616,6,0.212,82.3,0.824
T2616,7,0.226,81.3,0.83
T2616,8,0.211,77.0,0.801
T2616,9,0.203,78.6,0.829
T2616,10,0.191,75.2,0.792
T2616,11,0.172,77.0,0.782
T2617,0,0.619,58.0,0.231
T2617,1,0.576,60.7,0.274
T2617,2,0.545,58.0,0.237
T2617,3,0.551,60.6,0.259
T2617,4,0.51,62.3,0.258
T2617,5,0.504,62.5,0.269
T2617,6,0.492,62.6,0.216
T2617,7,0.506,60.5,0.239
T2617,8,0.446,60.5,0.234
T2617,9,0.391,61.1,0.266
T2617,10,0.371,61.8,0.22
T2617,11,0.381,64.2,0.219
T2618,0,0.53,69.4,0.344
T2618,1,0.559,69.7,0.332
T2618,2,0.545,66.4,0.339
T2618,3,0.558,64.3,0.378
T2618,4,0.595,65.6,0.35
T2618,5,0.59,63.6,0.427
T2618,6,0.591,61.3,0.406
T2618,7,0.631,61.6,0.417
T2618,8,0.661,59.4,0.442
T2618,9,0.68,59.2,0.438
T2618,10,0.679,61.1,0.458
T2618,11,0.675,58.2,0.506
T2619,0,0.445,50.6,0.582
T2619,1,0.409,49.0,0.586
T2619,2,0.408,51.1,0.58
T2619,3,0.384,53.1,0.548
T2619,4,0.396,53.3,0.532
T2619,5,0.388,51.0,0.488
T2619,6,0.344,52.7,0.437
T2619,7,0.382,52.7,0.492
T2619,8,0.414,54.3,0.439
T2619,9,0.363,51.5,0.434
T2619,10,0.391,54.8,0.403
T2619,11,0.351,49.5,0.388
T2620,0,0.782,42.0,0.885
T2620,1,0.773,43.2,0.871
T2620,2,0.771,44.2,0.841
T2620,3,0.785,43.7,0.871
T2620,4,0.758,46.4,0.849
T2620,5,0.764,45.4,0.842
T2620,6,0.755,46.7,0.857
T2620,7,0.743,45.1,0.836
T2620,8,0.753,46.6,0.875
T2620,9,0.717,47.5,0.851
T2620,10,0.742,45.8,0.835
T2620,11,0.796,48.2,0.838
T2621,0,0.115,55.1,0.533
T2621,1,0.177,57.0,0.56
T2621,2,0.193,57.8,0.526
T2621,3,0.187,55.1,0.525
T2621,4,0.229,52.4,0.515
T2621,5,0.262,53.6,0.505
T2621,6,0.297,53.6,0.499
T2621,7,0.289,54.5,0.511
T2621,8,0.302,53.7,0.439
T2621,9,0.306,52.8,0.49
T2621,10,0.384,50.6,0.501
T2621,11,0.388,48.0,0.482
T2622,0,0.206,63.7,0.565
T2622,1,0.225,63.5,0.548
T2622,2,0.232,64.1,0.507
T2622,3,0.263,64.1,0.534
T2622,4,0.272,63.6,0.523
T2622,5,0.298,62.1,0.469
T2622,6,0.326,65.3,0.479
T2622,7,0.337,64.1,0.456
T2622,8,0.378,61.1,0.406
T2622,9,0.427,60.2,0.421
T2622,10,0.414,61.3,0.402
T2622,11,0.472,63.7,0.438
T2623,0,0.663,57.8,0.537
T2623,1,0.656,56.7,0.547
T2623,2,0.69,55.7,0.551
T2623,3,0.699,57.7,0.551
T2623,4,0.685,54.3,0.561
T2623,5,0.697,57.6,0.595
T2623,6,0.687,57.0,0.568
T2623,7,0.715,55.9,0.593
T2623,8,0.712,57.8,0.578
T2623,9,0.695,56.0,0.602
T2623,10,0.727,56.4,0.566
T2623,11,0.714,56.1,0.602
T2624,0,0.753,57.0,0.618
T2624,1,0.725,58.5,0.625
T2624,2,0.706,61.2,0.601
T2624,3,0.734,59.7,0.629
T2624,4,0.696,60.4,0.642
T2624,5,0.689,60.5,0.626
T2624,6,0.732,63.4,0.64
T2624,7,0.665,61.0,0.61
T2624,8,0.686,63.5,0.636
T2624,9,0.678,64.6,0.701
T2624,10,0.67,63.4,0.696
T2624,11,0.65,63.8,0.687
T2625,0,0.607,63.2,0.52
T2625,1,0.636,59.7,0.502
T2625,2,0.598,62.7,0.497
T2625,3,0.639,61.7,0.505
T2625,4,0.628,60.0,0.429
T2625,5,0.682,60.5,0.421
T2625,6,0.614,62.0,0.414
T2625,7,0.62,59.7,0.415
T2625,8,0.638,60.7,0.382
T2625,9,0.64,61.9,0.369
T2625,10,0.654,60.2,0.361
T2625,11,0.662,59.7,0.358
T2626,0,0.619,60.4,0.116
T2626,1,0.606,60.3,0.117
T2626,2,0.584,59.4,0.141
T2626,3,0.615,58.3,0.156
T2626,4,0.637,54.3,0.165
T2626,5,0.58,57.5,0.138
T2626,6,0.595,54.3,0.155
T2626,7,0.587,53.2,0.159
T2626,8,0.588,51.6,0.149
T2626,9,0.637,55.3,0.166
T2626,10,0.602,52.9,0.158
T2626,11,0.605,44.6,0.16
T2627,0,0.946,52.7,0.409
T2627,1,0.921,52.8,0.451
T2627,2,0.89,51.0,0.4
T2627,3,0.863,51.5,0.42
T2627,4,0.839,50.5,0.418
T2627,5,0.826,50.6,0.433
T2627,6,0.792,52.5,0.418
T2627,7,0.811,52.6,0.417
T2627,8,0.804,48.4,0.422
T2627,9,0.745,50.1,0.409
T2627,10,0.737,51.0,0.425
T2627,11,0.743,49.0,0.409
T2628,0,0.522,56.6,0.818
T2628,1,0.54,54.9,0.856
T2628,2,0.549,56.7,0.862
T2628,3,0.501,57.8,0.887
T2628,4,0.538,57.8,0.906
T2628,5,0.554,56.7,0.882
T2628,6,0.542,55.5,0.859
T2628,7,0.527,59.0,0.859
T2628,8,0.544,59.0,0.889
T2628,9,0.524,58.4,0.888
T2628,10,0.533,58.0,0.863
T2628,11,0.531,60.6,0.875
T2629,0,0.795,60.6,0.785
T2629,1,0.788,61.1,0.797
T2629,2,0.835,62.6,0.795
T2629,3,0.781,61.9,0.811
T2629,4,0.781,62.5,0.838
T2629,5,0.779,60.4,0.838
T2629,6,0.809,61.0,0.83
T2629,7,0.773,60.6,0.846
T2629,8,0.741,59.5,0.805
T2629,9,0.79,61.5,0.855
T2629,10,0.759,60.8,0.862
T2629,11,0.709,61.9,0.907
T2630,0,0.307,71.5,0.461
T2630,1,0.319,70.2,0.43
T2630,2,0.348,70.3,0.429
T2630,3,0.331,73.2,0.429
T2630,4,0.373,69.5,0.439
T2630,5,0.335,67.7,0.443
T2630,6,0.384,69.9,0.426
T2630,7,0.374,69.4,0.434
T2630,8,0.384,72.5,0.451
T2630,9,0.369,70.9,0.462
T2630,10,0.401,71.2,0.433
T2630,11,0.386,71.2,0.438
T2631,0,0.586,78.3,0.587
T2631,1,0.544,74.6,0.593
T2631,2,0.575,75.8,0.596
T2631,3,0.534,74.8,0.605
T2631,4,0.525,73.0,0.536
T2631,5,0.533,69.0,0.553
T2631,6,0.508,69.4,0.599
T2631,7,0.466,65.3,0.571
T2631,8,0.51,64.5,0.564
T2631,9,0.511,65.1,0.553
T2631,10,0.475,62.2,0.561
T2631,11,0.478,62.8,0.599
T2632,0,0.639,47.9,0.425
T2632,1,0.632,47.2,0.449
T2632,2,0.668,50.2,0.465
T2632,3,0.681,49.8,0.477
T2632,4,0.693,53.7,0.511
T2632,5,0.719,50.0,0.521
T2632,6,0.761,47.7,0.516
T2632,7,0.751,49.2,0.542
T2632,8,0.771,50.1,0.572
T2632,9,0.779,50.8,0.583
T2632,10,0.825,49.8,0.57
T2632,11,0.823,48.6,0.614
T2633,0,0.415,26.8,0.587
T2633,1,0.377,26.4,0.534
T2633,2,0.476,28.1,0.571
T2633,3,0.444,30.0,0.519
T2633,4,0.485,33.1,0.509
T2633,5,0.457,34.0,0.487
T2633,6,0.485,31.7,0.474
T2633,7,0.492,34.1,0.45
T2633,8,0.545,38.9,0.384
T2633,9,0.574,38.4,0.421
T2633,10,0.583,38.2,0.404
T2633,11,0.63,41.0,0.329
T2634,0,0.434,53.9,0.571
T2634,1,0.421,54.0,0.534
T2634,2,0.473,54.3,0.513
T2634,3,0.469,53.5,0.537
T2634,4,0.415,52.3,0.489
T2634,5,0.43,53.9,0.479
T2634,6,0.411,54.2,0.464
T2634,7,0.387,54.3,0.457
T2634,8,0.422,54.1,0.446
T2634,9,0.409,56.0,0.395
T2634,10,0.405,54.5,0.389
T2634,11,0.386,54.0,0.377
T2635,0,0.963,48.1,0.461
T2635,1,0.974,50.0,0.476
T2635,2,0.972,46.0,0.49
T2635,3,0.911,47.2,0.501
T2635,4,0.887,47.4,0.525
T2635,5,0.878,46.9,0.503
T2635,6,0.82,48.2,0.513
T2635,7,0.796,50.1,0.56
T2635,8,0.781,46.9,0.519
T2635,9,0.757,46.7,0.544
T2635,10,0.757,44.2,0.567
T2635,11,0.682,44.6,0.563
T2636,0,0.45,51.2,0.759
T2636,1,0.448,53.3,0.733
T2636,2,0.489,54.6,0.731
T2636,3,0.533,53.9,0.748
T2636,4,0.565,54.0,0.708
T2636,5,0.52,53.7,0.711
T2636,6,0.568,55.3,0.726
T2636,7,0.547,53.4,0.709
T2636,8,0.544,56.4,0.74
T2636,9,0.593,53.1,0.702
T2636,10,0.612,55.1,0.721
T2636,11,0.623,54.0,0.637
T2637,0,0.157,61.5,0.525
T2637,1,0.188,63.2,0.602
T2637,2,0.246,61.1,0.571
T2637,3,0.256,62.6,0.567
T2637,4,0.306,60.7,0.57
T2637,5,0.321,62.5,0.545
T2637,6,0.368,62.2,0.588
T2637,7,0.413,61.5,0.528
T2637,8,0.461,61.7,0.535
T2637,9,0.52,59.4,0.549
T2637,10,0.568,61.1,0.536
T2637,11,0.587,62.1,0.533
T2638,0,0.719,63.4,0.893
T2638,1,0.747,61.7,0.912
T2638,2,0.743,59.4,0.899
T2638,3,0.736,61.5,0.873
T2638,4,0.729,59.0,0.872
T2638,5,0.735,63.1,0.895
T2638,6,0.726,60.3,0.849
T2638,7,0.672,63.6,0.872
T2638,8,0.727,60.6,0.844
T2638,9,0.668,62.2,0.85
T2638,10,0.683,60.9,0.838
T2638,11,0.635,60.1,0.835
T2639,0,0.787,60.0,0.59
T2639,1,0.744,60.9,0.576
T2639,2,0.688,60.0,0.582
T2639,3,0.714,58.1,0.596
T2639,4,0.683,60.3,0.617
T2639,5,0.675,61.9,0.568
T2639,6,0.656,55.9,0.558
T2639,7,0.57,57.7,0.558
T2639,8,0.582,58.1,0.576
T2639,9,0.586,55.8,0.589
T2639,10,0.518,56.5,0.596
T2639,11,0.543,51.9,0.578
T2640,0,0.855,52.2,0.259
T2640,1,0.86,49.0,0.233
T2640,2,0.819,49.9,0.281
T2640,3,0.862,48.3,0.27
T2640,4,0.821,50.7,0.275
T2640,5,0.761,51.1,0.264
T2640,6,0.763,47.6,0.286
T2640,7,0.74,47.4,0.325
T2640,8,0.749,50.0,0.333
T2640,9,0.691,45.8,0.34
T2640,10,0.698,46.1,0.327
T2640,11,0.704,47.1,0.39
T2641,0,0.617,69.7,0.436
T2641,1,0.644,72.9,0.418
T2641,2,0.701,70.8,0.396
T2641,3,0.686,69.9,0.392
T2641,4,0.637,67.6,0.382
T2641,5,0.703,68.4,0.354
T2641,6,0.691,68.7,0.335
T2641,7,0.722,69.7,0.307
T2641,8,0.776,66.9,0.363
T2641,9,0.738,66.9,0.335
T2641,10,0.755,68.4,0.346
T2641,11,0.834,69.4,0.334
T2642,0,0.279,69.2,0.708
T2642,1,0.267,71.7,0.694
T2642,2,0.288,68.9,0.722
T2642,3,0.324,67.9,0.697
T2642,4,0.256,69.5,0.712
T2642,5,0.283,64.7,0.69
T2642,6,0.266,65.3,0.689
T2642,7,0.291,64.7,0.716
T2642,8,0.297,60.9,0.736
T2642,9,0.297,65.3,0.736
T2642,10,0.273,61.0,0.709
T2642,11,0.281,63.5,0.697
T2643,0,0.285,67.9,0.803
T2643,1,0.302,67.4,0.759
T2643,2,0.314,69.2,0.741
T2643,3,0.287,68.6,0.771
T2643,4,0.274,67.2,0.778
T2643,5,0.291,67.9,0.772
T2643,6,0.31,65.1,0.716
T2643,7,0.3,66.3,0.748
T2643,8,0.268,67.0,0.739
T2643,9,0.286,64.2,0.706
T2643,10,0.293,62.8,0.701
T2643,11,0.285,64.1,0.723
T2644,0,0.87,46.0,0.325
T2644,1,0.864,47.2,0.341
T2644,2,0.858,48.0,0.339
T2644,3,0.848,48.1,0.339
T2644,4,0.826,51.8,0.342
T2644,5,0.825,49.3,0.318
T2644,6,0.812,48.9,0.319
T2644,7,0.812,48.0,0.323
T2644,8,0.79,45.3,0.306
T2644,9,0.776,47.2,0.311
T2644,10,0.788,45.1,0.293
T2644,11,0.753,45.1,0.271
T2645,0,0.782,71.7,0.728
T2645,1,0.772,72.7,0.711
T2645,2,0.773,71.2,0.709
T2645,3,0.763,68.5,0.717
T2645,4,0.744,72.1,0.729
T2645,5,0.664,72.6,0.77
T2645,6,0.693,70.6,0.708
T2645,7,0.64,67.9,0.719
T2645,8,0.642,70.6,0.711
T2645,9,0.585,71.5,0.707
T2645,10,0.55,71.1,0.69
T2645,11,0.58,73.8,0.695
T2646,0,0.538,58.3,0.81
T2646,1,0.532,59.3,0.787
T2646,2,0.545,61.2,0.751
T2646,3,0.492,64.0,0.715
T2646,4,0.511,67.5,0.747
T2646,5,0.528,66.7,0.755
T2646,6,0.507,65.2,0.712
T2646,7,0.477,69.4,0.711
T2646,8,0.51,71.0,0.71
T2646,9,0.481,69.2,0.688
T2646,10,0.471,73.4,0.673
T2646,11,0.428,72.5,0.679
T2647,0,0.65,64.4,0.698
T2647,1,0.653,61.7,0.692
T2647,2,0.611,66.2,0.707
T2647,3,0.622,63.6,0.725
T2647,4,0.644,63.8,0.689
T2647,5,0.619,66.7,0.67
T2647,6,0.576,63.8,0.684
T2647,7,0.607,64.3,0.642
T2647,8,0.586,62.1,0.609
T2647,9,0.583,62.8,0.616
T2647,10,0.553,60.2,0.623
T2647,11,0.551,64.0,0.614
T2648,0,0.864,59.5,0.541
T2648,1,0.836,59.2,0.577
T2648,2,0.805,60.3,0.588
T2648,3,0.848,57.1,0.599
T2648,4,0.845,58.7,0.686
T2648,5,0.795,57.1,0.732
T2648,6,0.773,58.7,0.742
T2648,7,0.748,57.1,0.767
T2648,8,0.735,59.1,0.78
T2648,9,0.777,58.1,0.836
T2648,10,0.748,56.6,0.856
T2648,11,0.777,55.8,0.856
T2649,0,0.783,57.4,0.698
T2649,1,0.744,55.7,0.708
T2649,2,0.728,56.2,0.723
T2649,3,0.745,52.4,0.736
T2649,4,0.766,55.9,0.76
T2649,5,0.759,55.9,0.737
T2649,6,0.751,54.2,0.785
T2649,7,0.757,53.4,0.785
T2649,8,0.759,53.5,0.797
T2649,9,0.739,51.8,0.81
T2649,10,0.777,49.7,0.838
T2649,11,0.784,52.2,0.802
T2650,0,0.15,51.7,0.41
T2650,1,0.194,51.2,0.427
T2650,2,0.154,50.2,0.425
T2650,3,0.223,52.5,0.45
T2650,4,0.237,48.7,0.443
T2650,5,0.24,53.7,0.407
T2650,6,0.296,48.3,0.405
T2650,7,0.32,51.2,0.397
T2650,8,0.292,48.3,0.437
T2650,9,0.349,46.0,0.4
T2650,10,0.37,47.5,0.404
T2650,11,0.4,46.7,0.383
T2651,0,0.684,49.4,0.836
T2651,1,0.719,48.6,0.828
T2651,2,0.693,50.0,0.838
T2651,3,0.686,52.3,0.786
T2651,4,0.769,54.4,0.769
T2651,5,0.707,55.1,0.787
T2651,6,0.765,56.3,0.762
T2651,7,0.731,57.3,0.721
T2651,8,0.739,54.6,0.764
T2651,9,0.706,57.4,0.726
T2651,10,0.78,56.8,0.711
T2651,11,0.762,60.0,0.666
T2652,0,0.771,67.5,0.763
T2652,1,0.761,66.3,0.741
T2652,2,0.77,68.4,0.783
T2652,3,0.753,66.2,0.793
T2652,4,0.729,68.4,0.761
T2652,5,0.728,65.8,0.825
T2652,6,0.716,66.4,0.858
T2652,7,0.743,65.4,0.886
T2652,8,0.725,63.3,0.89
T2652,9,0.742,66.6,0.872
T2652,10,0.736,66.5,0.866
T2652,11,0.709,64.7,0.902
T2653,0,0.637,61.4,0.786
T2653,1,0.624,64.5,0.802
T2653,2,0.616,62.8,0.794
T2653,3,0.589,62.5,0.799
T2653,4,0.605,59.9,0.721
T2653,5,0.612,57.7,0.761
T2653,6,0.617,56.9,0.759
T2653,7,0.553,57.5,0.766
T2653,8,0.598,58.3,0.726
T2653,9,0.571,56.2,0.707
T2653,10,0.531,55.6,0.722
T2653,11,0.519,53.5,0.681
T2654,0,0.284,56.4,0.562
T2654,1,0.336,56.3,0.601
T2654,2,0.331,55.7,0.605
T2654,3,0.343,58.7,0.624
T2654,4,0.406,56.8,0.643
T2654,5,0.395,57.7,0.658
T2654,6,0.37,60.7,0.621
T2654,7,0.403,57.2,0.641
T2654,8,0.391,58.9,0.71
T2654,9,0.436,60.3,0.699
T2654,10,0.455,61.9,0.7
T2654,11,0.513,61.9,0.707
T2655,0,0.328,49.1,0.678
T2655,1,0.334,47.8,0.648
T2655,2,0.371,49.3,0.739
T2655,3,0.388,50.1,0.746
T2655,4,0.402,49.4,0.766
T2655,5,0.43,50.8,0.688
T2655,6,0.453,51.1,0.743
T2655,7,0.419,52.4,0.737
T2655,8,0.45,55.3,0.756
T2655,9,0.444,54.9,0.802
T2655,10,0.454,57.7,0.797
T2655,11,0.488,54.0,0.796
T2656,0,0.706,44.0,0.339
T2656,1,0.676,43.5,0.381
T2656,2,0.68,43.4,0.309
T2656,3,0.676,43.1,0.338
T2656,4,0.648,44.1,0.274
T2656,5,0.689,39.7,0.252
T2656,6,0.698,43.1,0.258
T2656,7,0.672,40.7,0.262
T2656,8,0.7,41.2,0.229
T2656,9,0.721,38.2,0.216
T2656,10,0.699,41.7,0.199
T2656,11,0.707,42.7,0.176
T2657,0,0.418,67.2,0.639
T2657,1,0.436,65.8,0.616
T2657,2,0.412,66.0,0.66
T2657,3,0.428,68.9,0.616
T2657,4,0.419,63.2,0.65
T2657,5,0.422,66.5,0.645
T2657,6,0.401,67.5,0.644
T2657,7,0.377,66.3,0.64
T2657,8,0.386,66.6,0.648
T2657,9,0.349,65.3,0.619
T2657,10,0.357,64.4,0.605
T2657,11,0.382,68.6,0.612
T2658,0,0.899,39.8,0.616
T2658,1,0.853,41.9,0.615
T2658,2,0.853,43.4,0.621
T2658,3,0.853,44.7,0.624
T2658,4,0.814,43.4,0.609
T2658,5,0.861,44.1,0.597
T2658,6,0.829,45.1,0.622
T2658,7,0.804,47.4,0.563
T2658,8,0.792,48.0,0.612
T2658,9,0.809,47.0,0.572
T2658,10,0.807,47.6,0.612
T2658,11,0.811,51.3,0.599
T2659,0,0.681,52.4,0.616
T2659,1,0.651,55.4,0.614
T2659,2,0.694,52.1,0.604
T2659,3,0.719,52.4,0.563
T2659,4,0.708,50.0,0.631
T2659,5,0.665,50.2,0.589
T2659,6,0.717,50.6,0.634
T2659,7,0.69,52.1,0.645
T2659,8,0.723,48.3,0.637
T2659,9,0.717,48.8,0.609
T2659,10,0.725,45.9,0.636
T2659,11,0.731,47.7,0.634
T2660,0,0.626,56.7,0.309
T2660,1,0.602,55.5,0.32
T2660,2,0.583,55.8,0.371
T2660,3,0.624,53.8,0.366
T2660,4,0.586,53.1,0.384
T2660,5,0.615,58.2,0.415
T2660,6,0.584,53.0,0.426
T2660,7,0.562,53.9,0.415
T2660,8,0.597,54.1,0.463
T2660,9,0.593,50.8,0.462
T2660,10,0.588,50.3,0.47
T2660,11,0.554,49.2,0.508
T2661,0,0.676,60.8,0.533
T2661,1,0.689,60.6,0.524
T2661,2,0.733,58.3,0.515
T2661,3,0.689,56.2,0.527
T2661,4,0.706,57.2,0.507
T2661,5,0.706,55.5,0.502
T2661,6,0.696,57.3,0.571
T2661,7,0.738,55.9,0.573
T2661,8,0.718,55.1,0.553
T2661,9,0.712,56.8,0.599
T2661,10,0.708,56.6,0.584
T2661,11,0.755,56.5,0.62
T2662,0,0.869,47.3,0.517
T2662,1,0.865,50.3,0.533
T2662,2,0.895,48.1,0.525
T2662,3,0.809,44.8,0.501
T2662,4,0.807,46.8,0.555
T2662,5,0.796,45.7,0.523
T2662,6,0.835,49.4,0.529
T2662,7,0.828,47.5,0.548
T2662,8,0.797,46.5,0.489
T2662,9,0.844,49.4,0.566
T2662,10,0.789,46.4,0.552
T2662,11,0.811,46.5,0.525
T2663,0,0.243,63.5,0.786
T2663,1,0.272,64.5,0.778
T2663,2,0.277,61.7,0.768
T2663,3,0.344,65.2,0.738
T2663,4,0.311,62.4,0.778
T2663,5,0.356,63.2,0.784
T2663,6,0.399,64.0,0.783
T2663,7,0.39,63.5,0.803
T2663,8,0.442,61.3,0.78
T2663,9,0.495,62.3,0.794
T2663,10,0.449,64.4,0.81
T2663,11,0.51,64.4,0.778
T2664,0,0.588,36.1,0.281
T2664,1,0.574,31.4,0.282
T2664,2,0.594,33.1,0.305
T2664,3,0.597,36.0,0.275
T2664,4,0.56,35.3,0.239
T2664,5,0.58,37.8,0.212
T2664,6,0.587,39.1,0.192
T2664,7,0.607,41.1,0.208
T2664,8,0.592,41.3,0.242
T2664,9,0.573,41.4,0.138
T2664,10,0.591,43.3,0.17
T2664,11,0.588,42.1,0.181
T2665,0,0.697,70.1,0.399
T2665,1,0.682,68.2,0.371
T2665,2,0.667,65.0,0.349
T2665,3,0.664,65.3,0.339
T2665,4,0.715,63.9,0.324
T2665,5,0.683,62.8,0.292
T2665,6,0.712,64.8,0.24
T2665,7,0.683,62.8,0.303
T2665,8,0.707,62.7,0.281
T2665,9,0.675,63.2,0.251
T2665,10,0.679,59.9,0.267
T2665,11,0.679,59.4,0.261
T2666,0,0.666,35.0,0.45
T2666,1,0.636,38.9,0.457
T2666,2,0.631,41.0,0.443
T2666,3,0.647,42.7,0.444
T2666,4,0.669,42.8,0.428
T2666,5,0.675,44.9,0.483
T2666,6,0.623,45.3,0.487
T2666,7,0.651,51.0,0.455
T2666,8,0.637,50.1,0.446
T2666,9,0.643,52.9,0.436
T2666,10,0.652,51.8,0.483
T2666,11,0.663,52.6,0.434
T2667,0,0.669,32.4,0.588
T2667,1,0.589,32.7,0.508
T2667,2,0.612,35.9,0.499
T2667,3,0.599,36.2,0.506
T2667,4,0.57,39.2,0.485
T2667,5,0.565,38.6,0.504
T2667,6,0.584,42.6,0.44
T2667,7,0.585,43.1,0.424
T2667,8,0.538,42.9,0.41
T2667,9,0.552,47.3,0.376
T2667,10,0.544,47.7,0.364
T2667,11,0.529,51.3,0.311
T2668,0,0.615,45.8,0.615
T2668,1,0.617,46.3,0.641
T2668,2,0.572,48.5,0.593
T2668,3,0.567,48.3,0.571
T2668,4,0.498,49.7,0.613
T2668,5,0.502,50.3,0.582
T2668,6,0.507,53.2,0.527
T2668,7,0.484,53.2,0.544
T2668,8,0.445,56.7,0.57
T2668,9,0.39,57.9,0.574
T2668,10,0.411,57.0,0.532
T2668,11,0.373,57.7,0.541
T2669,0,0.647,79.8,0.665
T2669,1,0.64,79.6,0.659
T2669,2,0.612,79.9,0.695
T2669,3,0.599,78.6,0.714
T2669,4,0.612,75.7,0.656
T2669,5,0.575,76.1,0.705
T2669,6,0.625,73.7,0.69
T2669,7,0.567,72.0,0.673
T2669,8,0.559,74.9,0.66
T2669,9,0.572,74.2,0.648
T2669,10,0.543,72.0,0.667
T2669,11,0.523,70.6,0.631
T2670,0,0.121,66.9,0.659
T2670,1,0.143,67.8,0.673
T2670,2,0.149,65.7,0.678
T2670,3,0.167,67.8,0.679
T2670,4,0.143,62.6,0.729
T2670,5,0.188,64.3,0.656
T2670,6,0.226,67.3,0.699
T2670,7,0.212,64.6,0.655
T2670,8,0.191,61.2,0.706
T2670,9,0.265,64.6,0.729
T2670,10,0.292,64.3,0.696
T2670,11,0.256,62.7,0.677
T2671,0,0.419,64.6,0.746
T2671,1,0.412,66.3,0.769
T2671,2,0.432,65.1,0.781
T2671,3,0.454,64.0,0.786
T2671,4,0.427,62.8,0.799
T2671,5,0.431,63.3,0.841
T2671,6,0.414,65.0,0.85
T2671,7,0.415,62.1,0.833
T2671,8,0.418,64.7,0.881
T2671,9,0.427,66.4,0.865
T2671,10,0.401,62.9,0.874
T2671,11,0.425,65.1,0.876
T2672,0,0.878,43.8,0.491
T2672,1,0.919,41.2,0.454
T2672,2,0.9,45.1,0.465
T2672,3,0.864,41.9,0.467
T2672,4,0.831,42.2,0.457
T2672,5,0.844,40.1,0.452
T2672,6,0.8,36.8,0.443
T2672,7,0.851,37.7,0.468
T2672,8,0.831,37.4,0.469
T2672,9,0.784,32.9,0.424
T2672,10,0.798,34.4,0.409
T2672,11,0.746,34.4,0.424
T2673,0,0.896,57.5,0.434
T2673,1,0.866,59.5,0.452
T2673,2,0.812,59.1,0.515
T2673,3,0.773,61.9,0.438
T2673,4,0.758,60.9,0.497
T2673,5,0.775,66.4,0.499
T2673,6,0.717,64.3,0.507
T2673,7,0.708,66.6,0.493
T2673,8,0.689,68.2,0.501
T2673,9,0.621,68.3,0.508
T2673,10,0.652,71.5,0.536
T2673,11,0.637,76.0,0.532
T2674,0,0.597,51.6,0.724
T2674,1,0.619,49.1,0.744
T2674,2,0.586,51.2,0.762
T2674,3,0.613,48.4,0.746
T2674,4,0.579,51.9,0.752
T2674,5,0.652,51.1,0.702
T2674,6,0.622,50.4,0.733
T2674,7,0.624,54.1,0.711
T2674,8,0.654,53.6,0.73
T2674,9,0.645,52.8,0.71
T2674,10,0.677,53.9,0.655
T2674,11,0.655,54.5,0.694
T2675,0,0.761,32.7,0.49
T2675,1,0.715,35.2,0.521
T2675,2,0.752,35.1,0.487
T2675,3,0.731,37.0,0.471
T2675,4,0.73,35.9,0.507
T2675,5,0.743,35.6,0.476
T2675,6,0.685,37.8,0.47
T2675,7,0.689,38.8,0.401
T2675,8,0.713,39.3,0.431
T2675,9,0.719,39.7,0.462
T2675,10,0.691,38.7,0.425
T2675,11,0.696,40.5,0.414
T2676,0,0.583,54.6,0.881
T2676,1,0.565,55.4,0.829
T2676,2,0.633,52.8,0.857
T2676,3,0.632,49.2,0.813
T2676,4,0.582,52.0,0.802
T2676,5,0.602,52.5,0.799
T2676,6,0.629,52.7,0.782
T2676,7,0.566,54.1,0.76
T2676,8,0.626,51.9,0.75
T2676,9,0.619,52.4,0.749
T2676,10,0.579,51.1,0.75
T2676,11,0.605,53.0,0.701
T2677,0,0.586,64.4,0.622
T2677,1,0.605,67.6,0.525
T2677,2,0.612,67.7,0.541
T2677,3,0.623,64.7,0.638
T2677,4,0.634,66.4,0.602
T2677,5,0.646,68.4,0.634
T2677,6,0.665,63.0,0.692
T2677,7,0.63,62.2,0.674
T2677,8,0.652,64.4,0.681
T2677,9,0.668,64.7,0.727
T2677,10,0.697,66.0,0.694
T2677,11,0.695,64.0,0.71
T2678,0,0.268,76.6,0.797
T2678,1,0.25,73.5,0.753
T2678,2,0.29,76.4,0.772
T2678,3,0.267,73.3,0.761
T2678,4,0.319,72.3,0.753
T2678,5,0.305,71.3,0.783
T2678,6,0.316,69.7,0.768
T2678,7,0.332,70.6,0.768
T2678,8,0.379,71.3,0.742
T2678,9,0.327,69.6,0.772
T2678,10,0.383,68.2,0.759
T2678,11,0.386,68.0,0.784
T2679,0,0.583,64.6,0.504
T2679,1,0.625,62.8,0.493
T2679,2,0.627,61.3,0.522
T2679,3,0.614,62.0,0.501
T2679,4,0.636,57.9,0.493
T2679,5,0.655,56.9,0.493
T2679,6,0.637,55.4,0.493
T2679,7,0.65,52.8,0.484
T2679,8,0.678,50.6,0.456
T2679,9,0.727,47.8,0.461
T2679,10,0.724,45.6,0.467
T2679,11,0.7,44.8,0.504
T2680,0,0.511,55.6,0.552
T2680,1,0.55,57.0,0.603
T2680,2,0.55,56.9,0.571
T2680,3,0.514,57.8,0.585
T2680,4,0.487,59.2,0.517
T2680,5,0.488,56.7,0.566
T2680,6,0.429,59.6,0.578
T2680,7,0.436,59.3,0.546
T2680,8,0.461,57.4,0.544
T2680,9,0.465,58.5,0.571
T2680,10,0.431,61.0,0.584
T2680,11,0.414,59.5,0.557
T2681,0,0.83,60.4,0.644
T2681,1,0.839,62.5,0.625
T2681,2,0.819,58.7,0.636
T2681,3,0.806,58.6,0.629
T2681,4,0.835,58.5,0.615
T2681,5,0.836,60.2,0.649
T2681,6,0.831,58.5,0.667
T2681,7,0.83,58.0,0.638
T2681,8,0.849,56.9,0.626
T2681,9,0.805,59.5,0.625
T2681,10,0.844,56.2,0.661
T2681,11,0.856,58.5,0.622
T2682,0,0.374,56.0,0.423
T2682,1,0.397,57.8,0.39
T2682,2,0.422,59.2,0.416
T2682,3,0.41,59.2,0.41
T2682,4,0.441,65.0,0.384
T2682,5,0.447,58.4,0.392
T2682,6,0.433,63.7,0.403
T2682,7,0.394,64.0,0.381
T2682,8,0.427,67.9,0.411
T2682,9,0.45,66.9,0.415
T2682,10,0.466,64.3,0.368
T2682,11,0.439,67.7,0.364
T2683,0,0.616,47.4,0.511
T2683,1,0.556,47.2,0.487
T2683,2,0.556,49.0,0.45
T2683,3,0.523,52.8,0.495
T2683,4,0.523,51.5,0.446
T2683,5,0.517,52.8,0.482
T2683,6,0.52,53.1,0.441
T2683,7,0.512,53.6,0.447
T2683,8,0.451,50.3,0.392
T2683,9,0.485,54.6,0.389
T2683,10,0.451,54.5,0.368
T2683,11,0.437,57.4,0.403
T2684,0,0.663,47.7,1.0
T2684,1,0.718,47.5,0.973
T2684,2,0.684,48.7,0.983
T2684,3,0.707,44.7,0.945
T2684,4,0.711,49.2,0.933
T2684,5,0.729,46.3,0.89
T2684,6,0.73,45.9,0.859
T2684,7,0.757,43.9,0.88
T2684,8,0.738,46.3,0.85
T2684,9,0.723,48.1,0.825
T2684,10,0.751,47.0,0.806
T2684,11,0.752,44.3,0.773
T2685,0,0.37,60.4,0.67
T2685,1,0.383,57.6,0.663
T2685,2,0.402,56.7,0.679
T2685,3,0.447,56.8,0.661
T2685,4,0.464,58.1,0.674
T2685,5,0.43,57.2,0.696
T2685,6,0.456,55.0,0.635
T2685,7,0.487,59.0,0.679
T2685,8,0.511,53.4,0.7
T2685,9,0.519,56.4,0.667
T2685,10,0.559,54.5,0.664
T2685,11,0.574,55.0,0.617
T2686,0,0.483,54.3,0.642
T2686,1,0.502,54.9,0.609
T2686,2,0.513,54.9,0.602
T2686,3,0.521,56.1,0.641
T2686,4,0.496,57.0,0.601
T2686,5,0.53,56.9,0.588
T2686,6,0.538,60.4,0.557
T2686,7,0.573,59.7,0.553
T2686,8,0.539,59.6,0.537
T2686,9,0.555,61.8,0.559
T2686,10,0.56,61.3,0.553
T2686,11,0.557,61.3,0.51
T2687,0,0.588,46.1,0.979
T2687,1,0.623,47.4,0.944
T2687,2,0.585,48.9,0.946
T2687,3,0.594,48.5,0.877
T2687,4,0.61,51.5,0.871
T2687,5,0.589,53.1,0.882
T2687,6,0.552,49.0,0.898
T2687,7,0.638,49.7,0.897
T2687,8,0.561,48.1,0.901
T2687,9,0.554,54.8,0.881
T2687,10,0.581,53.2,0.871
T2687,11,0.602,51.4,0.901
T2688,0,0.607,53.4,0.743
T2688,1,0.574,52.4,0.722
T2688,2,0.619,53.6,0.77
T2688,3,0.574,53.2,0.79
T2688,4,0.566,52.5,0.753
T2688,5,0.531,52.2,0.776
T2688,6,0.562,48.4,0.763
T2688,7,0.57,50.5,0.776
T2688,8,0.523,53.0,0.802
T2688,9,0.494,52.5,0.793
T2688,10,0.512,50.9,0.812
T2688,11,0.487,50.3,0.792
T2689,0,0.408,54.9,0.451
T2689,1,0.457,56.5,0.481
T2689,2,0.451,55.1,0.462
T2689,3,0.507,53.6,0.472
T2689,4,0.57,53.9,0.431
T2689,5,0.55,52.3,0.496
T2689,6,0.578,53.4,0.437
T2689,7,0.648,52.0,0.474
T2689,8,0.626,51.2,0.477
T2689,9,0.664,52.9,0.45
T2689,10,0.69,49.3,0.459
T2689,11,0.713,48.7,0.488
T2690,0,0.238,44.0,0.144
T2690,1,0.214,46.3,0.127
T2690,2,0.259,41.6,0.158
T2690,3,0.246,46.6,0.141
T2690,4,0.301,44.1,0.182
T2690,5,0.324,43.0,0.169
T2690,6,0.367,43.2,0.226
T2690,7,0.356,44.6,0.253
T2690,8,0.39,44.6,0.214
T2690,9,0.393,45.2,0.221
T2690,10,0.386,42.1,0.222
T2690,11,0.404,45.2,0.237
T2691,0,0.456,81.2,0.709
T2691,1,0.432,81.4,0.693
T2691,2,0.477,79.7,0.696
T2691,3,0.465,79.7,0.727
T2691,4,0.481,76.9,0.731
T2691,5,0.5,79.4,0.735
T2691,6,0.504,77.9,0.7
T2691,7,0.532,73.2,0.73
T2691,8,0.514,75.5,0.685
T2691,9,0.532,73.9,0.739
T2691,10,0.575,74.3,0.728
T2691,11,0.567,72.6,0.73
T2692,0,0.799,40.0,0.254
T2692,1,0.796,40.7,0.264
T2692,2,0.79,41.7,0.255
T2692,3,0.79,42.9,0.248
T2692,4,0.771,47.7,0.305
T2692,5,0.758,44.3,0.282
T2692,6,0.771,44.1,0.28
T2692,7,0.736,46.5,0.266
T2692,8,0.761,47.4,0.277
T2692,9,0.732,47.4,0.255
T2692,10,0.724,49.7,0.251
T2692,11,0.734,51.4,0.272
T2693,0,0.313,55.3,0.71
T2693,1,0.362,53.3,0.715
T2693,2,0.375,56.3,0.773
T2693,3,0.339,57.5,0.744
T2693,4,0.338,56.5,0.76
T2693,5,0.37,61.1,0.763
T2693,6,0.4,60.1,0.784
T2693,7,0.401,60.5,0.781
T2693,8,0.419,60.2,0.795
T2693,9,0.441,60.5,0.821
T2693,10,0.466,62.4,0.819
T2693,11,0.493,64.1,0.811
T2694,0,0.662,57.5,0.424
T2694,1,0.668,54.7,0.43
T2694,2,0.734,54.0,0.479
T2694,3,0.66,53.1,0.46
T2694,4,0.711,53.6,0.455
T2694,5,0.695,52.1,0.475
T2694,6,0.714,54.6,0.453
T2694,7,0.729,52.4,0.497
T2694,8,0.764,50.4,0.462
T2694,9,0.757,52.1,0.466
T2694,10,0.753,50.3,0.523
T2694,11,0.757,49.0,0.473
T2695,0,0.308,59.6,0.688
T2695,1,0.344,60.3,0.734
T2695,2,0.376,58.4,0.729
T2695,3,0.367,59.4,0.77
T2695,4,0.393,58.4,0.763
T2695,5,0.43,58.9,0.809
T2695,6,0.5,61.1,0.766
T2695,7,0.525,60.2,0.82
T2695,8,0.552,59.2,0.829
T2695,9,0.616,60.9,0.835
T2695,10,0.593,60.5,0.795
T2695,11,0.64,58.8,0.863
T2696,0,0.636,62.8,0.573
T2696,1,0.631,62.4,0.58
T2696,2,0.643,62.1,0.557
T2696,3,0.638,60.0,0.569
T2696,4,0.65,60.7,0.552
T2696,5,0.625,60.5,0.56
T2696,6,0.584,61.4,0.547
T2696,7,0.632,59.3,0.573
T2696,8,0.623,57.6,0.523
T2696,9,0.597,61.7,0.549
T2696,10,0.591,57.5,0.584
T2696,11,0.606,56.4,0.529
T2697,0,0.831,46.1,0.317
T2697,1,0.774,46.8,0.317
T2697,2,0.754,44.0,0.364
T2697,3,0.741,48.1,0.353
T2697,4,0.735,48.3,0.382
T2697,5,0.743,46.9,0.378
T2697,6,0.686,48.9,0.377
T2697,7,0.692,47.3,0.395
T2697,8,0.684,43.8,0.414
T2697,9,0.631,51.5,0.373
T2697,10,0.6,49.8,0.41
T2697,11,0.619,50.6,0.434
T2698,0,0.729,55.7,0.347
T2698,1,0.758,55.2,0.339
T2698,2,0.725,58.0,0.35
T2698,3,0.795,55.9,0.297
T2698,4,0.77,54.3,0.318
T2698,5,0.726,53.9,0.32
T2698,6,0.743,52.5,0.324
T2698,7,0.743,55.4,0.282
T2698,8,0.729,49.6,0.26
T2698,9,0.721,53.7,0.244
T2698,10,0.748,49.6,0.282
T2698,11,0.742,49.7,0.23
T2699,0,1.0,41.4,0.337
T2699,1,0.967,41.7,0.392
T2699,2,0.978,42.5,0.323
T2699,3,0.953,42.8,0.34
T2699,4,0.949,43.5,0.353
T2699,5,0.894,44.2,0.363
T2699,6,0.928,45.3,0.346
T2699,7,0.891,41.3,0.323
T2699,8,0.879,40.7,0.342
T2699,9,0.898,41.0,0.356
T2699,10,0.899,41.6,0.334
T2699,11,0.887,39.7,0.345
T2700,0,0.904,43.4,0.453
T2700,1,0.865,41.4,0.483
T2700,2,0.832,44.5,0.449
T2700,3,0.825,45.5,0.454
T2700,4,0.774,43.9,0.449
T2700,5,0.811,45.9,0.397
T2700,6,0.755,43.8,0.374
T2700,7,0.74,45.6,0.409
T2700,8,0.696,46.0,0.392
T2700,9,0.646,45.6,0.344
T2700,10,0.647,44.4,0.362
T2700,11,0.617,43.4,0.316
T2701,0,0.518,61.9,0.755
T2701,1,0.473,62.2,0.726
T2701,2,0.488,59.1,0.73
T2701,3,0.498,59.3,0.733
T2701,4,0.502,57.4,0.701
T2701,5,0.518,54.5,0.702
T2701,6,0.541,54.5,0.657
T2701,7,0.547,60.0,0.648
T2701,8,0.49,54.3,0.649
T2701,9,0.552,54.9,0.642
T2701,10,0.523,56.2,0.592
T2701,11,0.545,55.6,0.587
T2702,0,0.693,57.2,0.909
T2702,1,0.75,57.5,0.857
T2702,2,0.777,55.3,0.839
T2702,3,0.75,57.5,0.83
T2702,4,0.748,57.8,0.815
T2702,5,0.791,54.5,0.788
T2702,6,0.781,53.4,0.784
T2702,7,0.815,55.2,0.811
T2702,8,0.819,56.4,0.764
T2702,9,0.85,53.0,0.762
T2702,10,0.874,54.0,0.745
T2702,11,0.924,51.1,0.763
T2703,0,0.893,37.7,0.161
T2703,1,0.88,41.6,0.177
T2703,2,0.879,36.5,0.203
T2703,3,0.865,39.5,0.252
T2703,4,0.846,37.7,0.262
T2703,5,0.884,39.5,0.257
T2703,6,0.858,38.4,0.295
T2703,7,0.836,39.2,0.305
T2703,8,0.837,43.2,0.319
T2703,9,0.821,39.7,0.351
T2703,10,0.809,39.9,0.358
T2703,11,0.837,39.3,0.355
T2704,0,0.777,56.3,0.482
T2704,1,0.771,58.5,0.446
T2704,2,0.673,61.0,0.45
T2704,3,0.668,56.7,0.507
T2704,4,0.61,59.4,0.512
T2704,5,0.549,59.7,0.511
T2704,6,0.523,60.7,0.501
T2704,7,0.495,60.7,0.505
T2704,8,0.508,59.2,0.529
T2704,9,0.456,58.1,0.528
T2704,10,0.365,62.2,0.533
T2704,11,0.357,56.4,0.54
T2705,0,0.669,40.0,0.288
T2705,1,0.672,43.9,0.259
T2705,2,0.684,42.5,0.304
T2705,3,0.631,43.7,0.285
T2705,4,0.642,43.6,0.291
T2705,5,0.643,46.9,0.299
T2705,6,0.653,44.6,0.323
T2705,7,0.568,48.2,0.352
T2705,8,0.648,48.4,0.377
T2705,9,0.636,48.4,0.38
T2705,10,0.603,47.2,0.4
T2705,11,0.597,51.1,0.403
T2706,0,0.744,65.2,0.575
T2706,1,0.71,63.8,0.544
T2706,2,0.716,63.8,0.579
T2706,3,0.691,60.5,0.559
T2706,4,0.748,63.1,0.549
T2706,5,0.754,60.5,0.539
T2706,6,0.727,60.8,0.54
T2706,7,0.716,59.8,0.531
T2706,8,0.711,56.9,0.497
T2706,9,0.707,55.8,0.502
T2706,10,0.75,56.7,0.505
T2706,11,0.683,54.4,0.501
T2707,0,0.166,54.7,0.517
T2707,1,0.214,52.6,0.531
T2707,2,0.212,57.5,0.524
T2707,3,0.202,55.8,0.568
T2707,4,0.251,59.4,0.559
T2707,5,0.291,56.0,0.551
T2707,6,0.284,61.3,0.543
T2707,7,0.292,58.7,0.545
T2707,8,0.304,62.1,0.567
T2707,9,0.308,62.8,0.567
T2707,10,0.36,62.5,0.585
T2707,11,0.341,66.2,0.572
T2708,0,0.431,48.7,0.143
T2708,1,0.438,51.4,0.102
T2708,2,0.43,49.6,0.162
T2708,3,0.427,47.6,0.189
T2708,4,0.425,47.9,0.186
T2708,5,0.425,49.4,0.228
T2708,6,0.394,48.8,0.251
T2708,7,0.509,49.4,0.278
T2708,8,0.436,47.2,0.32
T2708,9,0.437,43.3,0.331
T2708,10,0.47,45.1,0.353
T2708,11,0.459,48.1,0.355
T2709,0,0.759,59.8,0.163
T2709,1,0.746,58.4,0.129
T2709,2,0.724,57.3,0.134
T2709,3,0.696,56.8,0.153
T2709,4,0.644,54.3,0.174
T2709,5,0.669,55.3,0.165
T2709,6,0.693,54.1,0.218
T2709,7,0.583,56.7,0.194
T2709,8,0.626,52.3,0.239
T2709,9,0.561,54.3,0.266
T2709,10,0.568,49.6,0.285
T2709,11,0.532,51.4,0.341
T2710,0,0.329,54.5,0.377
T2710,1,0.333,54.0,0.348
T2710,2,0.316,55.5,0.36
T2710,3,0.335,54.9,0.399
T2710,4,0.38,53.1,0.397
T2710,5,0.386,53.2,0.401
T2710,6,0.386,56.4,0.4
T2710,7,0.401,51.5,0.401
T2710,8,0.385,51.3,0.392
T2710,9,0.378,52.0,0.384
T2710,10,0.381,53.0,0.428
T2710,11,0.375,53.6,0.447
T2711,0,0.481,39.3,0.119
T2711,1,0.455,37.6,0.12
T2711,2,0.492,37.1,0.145
T2711,3,0.496,36.6,0.141
T2711,4,0.512,38.6,0.127
T2711,5,0.558,38.1,0.155
T2711,6,0.558,36.0,0.209
T2711,7,0.589,37.6,0.195
T2711,8,0.607,38.0,0.201
T2711,9,0.616,37.8,0.21
T2711,10,0.562,39.6,0.219
T2711,11,0.657,35.1,0.229
T2712,0,0.964,55.1,0.293
T2712,1,0.908,52.7,0.303
T2712,2,0.922,50.3,0.264
T2712,3,0.869,52.8,0.322
T2712,4,0.875,52.5,0.334
T2712,5,0.893,51.0,0.345
T2712,6,0.85,50.3,0.357
T2712,7,0.859,46.8,0.363
T2712,8,0.853,46.0,0.325
T2712,9,0.84,44.2,0.387
T2712,10,0.838,43.9,0.361
T2712,11,0.763,44.1,0.382
T2713,0,0.826,30.0,0.607
T2713,1,0.874,33.3,0.599
T2713,2,0.864,35.0,0.603
T2713,3,0.841,33.6,0.589
T2713,4,0.838,37.2,0.587
T2713,5,0.865,38.7,0.604
T2713,6,0.838,37.1,0.629
T2713,7,0.877,39.6,0.603
T2713,8,0.844,43.2,0.607
T2713,9,0.848,41.8,0.61
T2713,10,0.843,44.0,0.569
T2713,11,0.844,43.6,0.599
T2714,0,0.47,48.2,0.396
T2714,1,0.514,48.4,0.359
T2714,2,0.48,50.3,0.334
T2714,3,0.543,48.6,0.319
T2714,4,0.527,47.2,0.375
T2714,5,0.545,47.7,0.336
T2714,6,0.553,46.7,0.364
T2714,7,0.553,46.5,0.343
T2714,8,0.585,46.6,0.352
T2714,9,0.573,44.3,0.341
T2714,10,0.589,45.0,0.327
T2714,11,0.608,47.2,0.314
T2715,0,0.316,39.5,0.672
T2715,1,0.329,41.9,0.727
T2715,2,0.335,42.0,0.713
T2715,3,0.355,44.7,0.674
T2715,4,0.4,44.0,0.71
T2715,5,0.412,44.7,0.72
T2715,6,0.428,48.1,0.732
T2715,7,0.466,49.0,0.734
T2715,8,0.498,52.5,0.688
T2715,9,0.503,54.4,0.76
T2715,10,0.561,54.3,0.715
T2715,11,0.538,54.2,0.726
T2716,0,0.729,60.4,0.767
T2716,1,0.708,57.4,0.743
T2716,2,0.695,60.1,0.762
T2716,3,0.726,59.8,0.739
T2716,4,0.667,60.3,0.753
T2716,5,0.727,59.3,0.768
T2716,6,0.665,61.2,0.715
T2716,7,0.653,57.8,0.742
T2716,8,0.677,59.2,0.76
T2716,9,0.664,60.7,0.756
T2716,10,0.681,60.2,0.78
T2716,11,0.669,58.1,0.72
T2717,0,0.551,31.1,0.473
T2717,1,0.584,33.6,0.502
T2717,2,0.562,33.7,0.444
T2717,3,0.542,36.4,0.518
T2717,4,0.58,37.8,0.496
T2717,5,0.569,41.8,0.539
T2717,6,0.572,42.1,0.521
T2717,7,0.573,44.7,0.502
T2717,8,0.577,46.0,0.531
T2717,9,0.581,48.2,0.508
T2717,10,0.577,51.9,0.564
T2717,11,0.601,52.7,0.572
T2718,0,0.64,51.4,0.368
T2718,1,0.658,52.3,0.405
T2718,2,0.657,52.8,0.448
T2718,3,0.668,50.4,0.424
T2718,4,0.662,53.5,0.439
T2718,5,0.671,53.0,0.41
T2718,6,0.657,51.1,0.403
T2718,7,0.669,49.5,0.428
T2718,8,0.689,51.0,0.418
T2718,9,0.705,52.7,0.399
T2718,10,0.635,54.3,0.401
T2718,11,0.704,55.1,0.397
T2719,0,0.813,67.1,0.821
T2719,1,0.789,69.3,0.775
T2719,2,0.736,68.7,0.785
T2719,3,0.735,68.6,0.816
T2719,4,0.742,67.9,0.834
T2719,5,0.7,66.7,0.78
T2719,6,0.769,66.0,0.785
T2719,7,0.712,68.0,0.792
T2719,8,0.678,67.8,0.837
T2719,9,0.706,64.2,0.817
T2719,10,0.707,65.9,0.813
T2719,11,0.642,62.6,0.801
T2720,0,0.32,68.3,1.0
T2720,1,0.299,66.3,0.985
T2720,2,0.32,66.2,1.0
T2720,3,0.341,65.6,0.964
T2720,4,0.365,64.6,0.955
T2720,5,0.378,61.7,0.961
T2720,6,0.398,59.6,0.937
T2720,7,0.391,56.9,0.948
T2720,8,0.414,57.7,0.951
T2720,9,0.421,54.6,0.923
T2720,10,0.385,53.6,0.913
T2720,11,0.432,54.6,0.92
T2721,0,0.593,41.3,0.351
T2721,1,0.579,40.4,0.344
T2721,2,0.557,43.3,0.348
T2721,3,0.573,42.9,0.37
T2721,4,0.575,43.0,0.362
T2721,5,0.56,45.0,0.334
T2721,6,0.586,44.8,0.348
T2721,7,0.591,48.0,0.347
T2721,8,0.607,46.3,0.33
T2721,9,0.569,49.2,0.316
T2721,10,0.578,53.8,0.349
T2721,11,0.549,51.3,0.302
T2722,0,0.412,65.7,0.469
T2722,1,0.43,63.5,0.508
T2722,2,0.462,60.0,0.508
T2722,3,0.465,60.4,0.488
T2722,4,0.453,60.4,0.485
T2722,5,0.462,61.3,0.475
T2722,6,0.47,57.7,0.493
T2722,7,0.482,59.1,0.498
T2722,8,0.448,57.4,0.508
T2722,9,0.507,57.3,0.492
T2722,10,0.489,59.2,0.462
T2722,11,0.473,55.3,0.479
T2723,0,0.784,72.1,0.412
T2723,1,0.774,73.4,0.419
T2723,2,0.753,73.6,0.441
T2723,3,0.742,70.4,0.459
T2723,4,0.719,73.5,0.449
T2723,5,0.687,72.2,0.417
T2723,6,0.624,70.5,0.455
T2723,7,0.651,71.0,0.408
T2723,8,0.607,68.0,0.433
T2723,9,0.621,67.9,0.466
T2723,10,0.577,69.6,0.464
T2723,11,0.579,68.3,0.433
T2724,0,0.867,41.3,0.325
T2724,1,0.878,42.5,0.336
T2724,2,0.854,40.8,0.306
T2724,3,0.841,42.2,0.35
T2724,4,0.833,41.3,0.37
T2724,5,0.798,39.7,0.379
T2724,6,0.836,42.0,0.379
T2724,7,0.801,41.5,0.322
T2724,8,0.831,43.7,0.387
T2724,9,0.821,40.1,0.335
T2724,10,0.773,43.3,0.4
T2724,11,0.782,38.0,0.399
T2725,0,0.254,55.4,0.971
T2725,1,0.243,53.8,0.997
T2725,2,0.304,53.3,0.949
T2725,3,0.303,54.0,0.981
T2725,4,0.351,57.3,0.947
T2725,5,0.363,56.0,0.983
T2725,6,0.358,54.9,0.897
T2725,7,0.397,57.1,0.953
T2725,8,0.433,60.2,0.93
T2725,9,0.469,55.6,0.949
T2725,10,0.502,57.1,0.894
T2725,11,0.497,58.1,0.918
T2726,0,0.637,51.9,0.714
T2726,1,0.642,54.3,0.726
T2726,2,0.612,50.3,0.719
T2726,3,0.618,53.9,0.696
T2726,4,0.614,54.9,0.711
T2726,5,0.618,50.7,0.696
T2726,6,0.588,52.6,0.725
T2726,7,0.623,48.7,0.7
T2726,8,0.578,52.7,0.72
T2726,9,0.568,55.0,0.747
T2726,10,0.528,54.2,0.719
T2726,11,0.576,55.5,0.733
T2727,0,0.376,53.0,0.298
T2727,1,0.393,49.9,0.266
T2727,2,0.363,51.0,0.325
T2727,3,0.419,49.8,0.307
T2727,4,0.41,50.4,0.368
T2727,5,0.415,49.4,0.369
T2727,6,0.434,53.3,0.425
T2727,7,0.449,52.3,0.423
T2727,8,0.442,52.7,0.467
T2727,9,0.536,54.7,0.495
T2727,10,0.463,52.8,0.529
T2727,11,0.49,51.0,0.53
T2728,0,0.435,47.9,0.231
T2728,1,0.432,47.3,0.288
T2728,2,0.489,49.0,0.295
T2728,3,0.512,48.3,0.291
T2728,4,0.494,47.5,0.31
T2728,5,0.481,48.0,0.324
T2728,6,0.512,45.4,0.321
T2728,7,0.546,47.9,0.339
T2728,8,0.557,47.3,0.383
T2728,9,0.512,44.7,0.385
T2728,10,0.548,47.1,0.376
T2728,11,0.562,43.7,0.371
T2729,0,0.665,63.2,0.957
T2729,1,0.644,62.6,1.0
T2729,2,0.653,57.8,0.964
T2729,3,0.639,63.5,0.964
T2729,4,0.643,61.3,0.955
T2729,5,0.624,59.1,0.912
T2729,6,0.643,61.5,0.871
T2729,7,0.617,61.5,0.899
T2729,8,0.61,59.1,0.888
T2729,9,0.615,58.1,0.84
T2729,10,0.612,59.2,0.863
T2729,11,0.64,58.3,0.827
T2730,0,0.477,69.1,0.776
T2730,1,0.437,69.6,0.76
T2730,2,0.465,70.4,0.769
T2730,3,0.476,69.8,0.709
T2730,4,0.465,66.5,0.71
T2730,5,0.494,68.1,0.71
T2730,6,0.498,68.0,0.648
T2730,7,0.449,71.8,0.628
T2730,8,0.5,67.4,0.612
T2730,9,0.485,67.8,0.61
T2730,10,0.48,69.2,0.556
T2730,11,0.475,67.7,0.553
T2731,0,0.685,32.4,0.367
T2731,1,0.676,32.0,0.367
T2731,2,0.653,32.0,0.376
T2731,3,0.715,30.8,0.377
T2731,4,0.713,32.8,0.368
T2731,5,0.684,32.4,0.352
T2731,6,0.716,33.0,0.374
T2731,7,0.693,33.0,0.34
T2731,8,0.729,31.1,0.366
T2731,9,0.72,31.5,0.354
T2731,10,0.718,30.0,0.368
T2731,11,0.714,32.2,0.375
T2732,0,0.347,59.9,0.806
T2732,1,0.332,61.9,0.748
T2732,2,0.372,61.1,0.713
T2732,3,0.37,61.0,0.752
T2732,4,0.336,61.4,0.727
T2732,5,0.393,63.4,0.726
T2732,6,0.396,62.0,0.773
T2732,7,0.4,61.5,0.777
T2732,8,0.425,63.5,0.733
T2732,9,0.44,62.8,0.694
T2732,10,0.476,60.4,0.697
T2732,11,0.453,63.3,0.731
T2733,0,0.33,71.8,0.891
T2733,1,0.393,71.5,0.864
T2733,2,0.37,70.4,0.896
T2733,3,0.374,65.4,0.899
T2733,4,0.443,70.0,0.92
T2733,5,0.454,69.4,0.912
T2733,6,0.447,68.7,0.917
T2733,7,0.496,71.3,0.916
T2733,8,0.53,68.8,0.933
T2733,9,0.532,68.0,0.948
T2733,10,0.535,68.0,0.941
T2733,11,0.538,68.6,0.937
T2734,0,0.259,38.8,0.139
T2734,1,0.35,41.0,0.124
T2734,2,0.344,41.5,0.121
T2734,3,0.377,38.8,0.136
T2734,4,0.39,42.3,0.113
T2734,5,0.432,40.3,0.162
T2734,6,0.442,40.3,0.126
T2734,7,0.438,41.6,0.119
T2734,8,0.505,41.7,0.126
T2734,9,0.557,37.4,0.109
T2734,10,0.574,40.6,0.121
T2734,11,0.568,42.2,0.146
T2735,0,0.719,53.8,0.227
T2735,1,0.686,52.8,0.258
T2735,2,0.686,51.9,0.289
T2735,3,0.688,54.8,0.253
T2735,4,0.665,51.6,0.288
T2735,5,0.675,50.3,0.285
T2735,6,0.637,52.6,0.319
T2735,7,0.662,51.2,0.301
T2735,8,0.624,50.2,0.318
T2735,9,0.623,49.2,0.359
T2735,10,0.586,53.1,0.29
T2735,11,0.585,50.5,0.356
T2736,0,0.585,80.1,0.782
T2736,1,0.623,74.3,0.807
T2736,2,0.626,76.2,0.821
T2736,3,0.638,79.7,0.796
T2736,4,0.663,76.8,0.784
T2736,5,0.626,81.8,0.806
T2736,6,0.669,78.0,0.789
T2736,7,0.717,80.8,0.802
T2736,8,0.677,81.2,0.797
T2736,9,0.698,78.8,0.801
T2736,10,0.762,76.5,0.822
T2736,11,0.715,80.9,0.784
T2737,0,0.305,49.0,0.708
T2737,1,0.295,54.4,0.683
T2737,2,0.284,57.2,0.682
T2737,3,0.334,55.0,0.616
T2737,4,0.364,59.4,0.669
T2737,5,0.361,59.9,0.679
T2737,6,0.372,61.1,0.638
T2737,7,0.429,63.0,0.652
T2737,8,0.42,61.4,0.606
T2737,9,0.406,65.5,0.621
T2737,10,0.448,66.4,0.612
T2737,11,0.462,67.8,0.556
T2738,0,0.584,66.1,0.356
T2738,1,0.646,63.3,0.383
T2738,2,0.607,64.3,0.345
T2738,3,0.603,65.3,0.377
T2738,4,0.659,64.6,0.409
T2738,5,0.659,65.0,0.373
T2738,6,0.658,65.0,0.39
T2738,7,0.682,63.5,0.408
T2738,8,0.687,64.4,0.403
T2738,9,0.709,62.9,0.401
T2738,10,0.687,62.6,0.393
T2738,11,0.729,62.0,0.408
T2739,0,0.879,92.5,0.955
T2739,1,0.826,92.1,0.931
T2739,2,0.806,90.7,0.935
T2739,3,0.827,88.0,0.898
T2739,4,0.807,86.6,0.9
T2739,5,0.793,84.0,0.897
T2739,6,0.771,81.6,0.889
T2739,7,0.722,78.6,0.907
T2739,8,0.736,75.5,0.809
T2739,9,0.671,78.8,0.809
T2739,10,0.674,75.3,0.827
T2739,11,0.664,74.4,0.793
T2740,0,0.851,62.5,0.563
T2740,1,0.791,64.3,0.547
T2740,2,0.747,60.9,0.526
T2740,3,0.743,60.4,0.513
T2740,4,0.726,60.3,0.521
T2740,5,0.673,61.0,0.559
T2740,6,0.636,62.0,0.527
T2740,7,0.66,61.0,0.531
T2740,8,0.594,62.8,0.487
T2740,9,0.538,62.1,0.555
T2740,10,0.511,64.4,0.541
T2740,11,0.508,62.4,0.518
T2741,0,1.0,37.6,0.711
T2741,1,0.94,40.4,0.716
T2741,2,0.963,39.0,0.68
T2741,3,0.913,42.3,0.689
T2741,4,0.884,39.2,0.62
T2741,5,0.884,40.4,0.626
T2741,6,0.864,42.9,0.592
T2741,7,0.82,40.9,0.571
T2741,8,0.777,43.7,0.538
T2741,9,0.772,42.7,0.517
T2741,10,0.761,44.2,0.524
T2741,11,0.698,43.4,0.516
T2742,0,0.453,55.3,0.914
T2742,1,0.436,58.9,0.888
T2742,2,0.467,56.1,0.911
T2742,3,0.45,54.7,0.912
T2742,4,0.479,57.3,0.879
T2742,5,0.521,57.4,0.897
T2742,6,0.472,56.3,0.865
T2742,7,0.485,58.8,0.907
T2742,8,0.491,57.6,0.909
T2742,9,0.442,60.5,0.861
T2742,10,0.492,56.8,0.885
T2742,11,0.479,56.7,0.87
T2743,0,0.496,41.4,0.325
T2743,1,0.512,39.9,0.305
T2743,2,0.513,40.8,0.325
T2743,3,0.516,39.4,0.352
T2743,4,0.508,45.4,0.386
T2743,5,0.52,42.3,0.367
T2743,6,0.546,45.0,0.402
T2743,7,0.533,46.7,0.383
T2743,8,0.514,50.1,0.382
T2743,9,0.491,47.7,0.38
T2743,10,0.505,48.8,0.381
T2743,11,0.538,49.2,0.409
T2744,0,0.449,64.2,0.666
T2744,1,0.438,64.7,0.66
T2744,2,0.449,65.0,0.675
T2744,3,0.488,63.5,0.631
T2744,4,0.453,61.3,0.695
T2744,5,0.461,64.4,0.655
T2744,6,0.462,61.3,0.629
T2744,7,0.466,62.5,0.649
T2744,8,0.436,61.7,0.683
T2744,9,0.445,57.3,0.626
T2744,10,0.469,62.2,0.661
T2744,11,0.46,61.0,0.648
T2745,0,0.284,75.3,0.134
T2745,1,0.266,72.2,0.13
T2745,2,0.257,70.5,0.141
T2745,3,0.256,70.9,0.162
T2745,4,0.267,67.7,0.194
T2745,5,0.232,69.7,0.187
T2745,6,0.282,68.9,0.168
T2745,7,0.288,68.7,0.187
T2745,8,0.326,67.8,0.223
T2745,9,0.261,68.8,0.252
T2745,10,0.266,67.6,0.262
T2745,11,0.304,67.1,0.248
T2746,0,0.204,46.7,0.322
T2746,1,0.221,45.9,0.346
T2746,2,0.25,47.8,0.342
T2746,3,0.237,47.2,0.345
T2746,4,0.313,47.8,0.337
T2746,5,0.263,48.4,0.319
T2746,6,0.312,47.2,0.344
T2746,7,0.294,49.8,0.306
T2746,8,0.357,47.1,0.35
T2746,9,0.372,49.4,0.334
T2746,10,0.407,48.2,0.345
T2746,11,0.393,51.0,0.299
T2747,0,0.928,71.8,0.557
T2747,1,0.864,71.0,0.569
T2747,2,0.84,70.3,0.562
T2747,3,0.844,66.2,0.537
T2747,4,0.805,66.6,0.539
T2747,5,0.832,64.9,0.557
T2747,6,0.764,62.5,0.581
T2747,7,0.733,63.0,0.533
T2747,8,0.725,60.7,0.521
T2747,9,0.729,61.3,0.532
T2747,10,0.673,59.0,0.516
T2747,11,0.698,56.8,0.543
T2748,0,0.828,75.9,0.688
T2748,1,0.814,75.2,0.711
T2748,2,0.782,70.9,0.729
T2748,3,0.746,73.2,0.708
T2748,4,0.734,73.5,0.696
T2748,5,0.722,71.4,0.725
T2748,6,0.671,73.0,0.714
T2748,7,0.626,72.7,0.762
T2748,8,0.575,72.1,0.736
T2748,9,0.594,70.3,0.776
T2748,10,0.518,70.1,0.746
T2748,11,0.533,70.7,0.795
T2749,0,0.222,57.2,0.73
T2749,1,0.248,56.7,0.765
T2749,2,0.228,59.5,0.797
T2749,3,0.276,60.6,0.772
T2749,4,0.287,61.1,0.815
T2749,5,0.315,62.3,0.788
T2749,6,0.285,62.8,0.807
T2749,7,0.309,63.4,0.877
T2749,8,0.315,63.3,0.891
T2749,9,0.316,63.5,0.849
T2749,10,0.338,63.1,0.878
T2749,11,0.364,63.2,0.912
T2750,0,0.662,63.6,0.742
T2750,1,0.665,61.7,0.765
T2750,2,0.636,59.4,0.698
T2750,3,0.647,58.5,0.688
T2750,4,0.617,62.0,0.698
T2750,5,0.623,59.2,0.691
T2750,6,0.624,59.3,0.684
T2750,7,0.617,59.9,0.64
T2750,8,0.602,58.4,0.608
T2750,9,0.618,56.4,0.586
T2750,10,0.59,57.7,0.564
T2750,11,0.597,58.7,0.58
T2751,0,0.753,61.0,0.499
T2751,1,0.767,60.1,0.484
T2751,2,0.743,61.5,0.46
T2751,3,0.792,60.1,0.499
T2751,4,0.758,59.5,0.457
T2751,5,0.756,60.2,0.472
T2751,6,0.764,56.3,0.455
T2751,7,0.749,57.8,0.453
T2751,8,0.729,57.3,0.443
T2751,9,0.715,58.0,0.422
T2751,10,0.727,57.0,0.435
T2751,11,0.746,55.5,0.394
T2752,0,0.884,65.9,0.753
T2752,1,0.843,66.0,0.794
T2752,2,0.872,67.9,0.781
T2752,3,0.842,65.6,0.754
T2752,4,0.838,64.1,0.773
T2752,5,0.884,63.6,0.759
T2752,6,0.885,63.8,0.731
T2752,7,0.872,64.1,0.717
T2752,8,0.882,62.6,0.685
T2752,9,0.841,63.2,0.696
T2752,10,0.846,61.0,0.676
T2752,11,0.881,64.2,0.672
T2753,0,0.573,40.1,0.268
T2753,1,0.571,41.0,0.269
T2753,2,0.572,40.0,0.262
T2753,3,0.575,41.1,0.286
T2753,4,0.513,42.9,0.253
T2753,5,0.53,44.0,0.238
T2753,6,0.477,45.3,0.238
T2753,7,0.497,48.2,0.218
T2753,8,0.434,47.6,0.247
T2753,9,0.44,49.6,0.266
T2753,10,0.427,49.4,0.217
T2753,11,0.433,50.0,0.222
T2754,0,0.0,60.7,0.822
T2754,1,0.005,60.7,0.853
T2754,2,0.075,61.1,0.851
T2754,3,0.095,60.5,0.848
T2754,4,0.107,58.6,0.882
T2754,5,0.172,57.3,0.904
T2754,6,0.19,59.1,0.859
T2754,7,0.215,58.2,0.929
T2754,8,0.237,56.3,0.892
T2754,9,0.281,56.5,0.907
T2754,10,0.29,54.2,0.895
T2754,11,0.38,56.3,0.921
T2755,0,0.781,44.3,0.647
T2755,1,0.811,43.8,0.595
T2755,2,0.761,44.0,0.6
T2755,3,0.767,44.3,0.636
T2755,4,0.723,47.2,0.598
T2755,5,0.747,45.1,0.568
T2755,6,0.679,45.6,0.568
T2755,7,0.698,44.6,0.549
T2755,8,0.668,46.1,0.536
T2755,9,0.652,46.7,0.526
T2755,10,0.626,46.2,0.575
T2755,11,0.627,43.9,0.542
T2756,0,0.166,47.7,0.218
T2756,1,0.193,48.1,0.185
T2756,2,0.214,49.4,0.212
T2756,3,0.249,47.9,0.206
T2756,4,0.292,49.8,0.185
T2756,5,0.356,47.5,0.191
T2756,6,0.339,49.5,0.184
T2756,7,0.39,46.5,0.217
T2756,8,0.415,47.7,0.216
T2756,9,0.494,47.4,0.207
T2756,10,0.491,45.4,0.18
T2756,11,0.523,45.9,0.202
T2757,0,0.412,52.8,0.358
T2757,1,0.492,55.8,0.4
T2757,2,0.473,53.2,0.398
T2757,3,0.482,55.5,0.39
T2757,4,0.521,49.5,0.468
T2757,5,0.529,52.5,0.411
T2757,6,0.589,50.8,0.386
T2757,7,0.608,50.1,0.361
T2757,8,0.638,51.9,0.413
T2757,9,0.622,48.2,0.423
T2757,10,0.658,49.8,0.414
T2757,11,0.702,48.4,0.412
T2758,0,0.347,56.4,0.279
T2758,1,0.329,55.9,0.265
T2758,2,0.357,55.3,0.31
T2758,3,0.401,52.4,0.324
T2758,4,0.401,50.6,0.334
T2758,5,0.481,49.2,0.346
T2758,6,0.422,51.7,0.353
T2758,7,0.424,53.5,0.359
T2758,8,0.487,47.8,0.342
T2758,9,0.551,48.2,0.391
T2758,10,0.54,49.0,0.4
T2758,11,0.559,48.6,0.426
T2759,0,0.5,83.2,0.49
T2759,1,0.452,84.6,0.54
T2759,2,0.429,79.2,0.579
T2759,3,0.455,78.7,0.578
T2759,4,0.453,79.2,0.573
T2759,5,0.479,77.2,0.603
T2759,6,0.457,74.0,0.609
T2759,7,0.428,70.4,0.622
T2759,8,0.464,71.9,0.645
T2759,9,0.429,70.9,0.642
T2759,10,0.435,69.1,0.625
T2759,11,0.466,71.3,0.671
T2760,0,0.286,79.9,0.743
T2760,1,0.298,74.5,0.731
T2760,2,0.297,75.3,0.706
T2760,3,0.352,74.4,0.742
T2760,4,0.308,75.1,0.759
T2760,5,0.335,71.8,0.752
T2760,6,0.353,69.5,0.772
T2760,7,0.38,68.7,0.764
T2760,8,0.386,68.7,0.742
T2760,9,0.399,68.3,0.79
T2760,10,0.43,68.6,0.746
T2760,11,0.409,63.4,0.749
T2761,0,0.804,55.1,0.834
T2761,1,0.794,53.3,0.819
T2761,2,0.86,52.2,0.835
T2761,3,0.856,52.1,0.803
T2761,4,0.837,49.8,0.852
T2761,5,0.854,51.5,0.854
T2761,6,0.839,50.8,0.809
T2761,7,0.833,46.8,0.838
T2761,8,0.838,52.5,0.843
T2761,9,0.817,46.6,0.817
T2761,10,0.858,45.5,0.808
T2761,11,0.851,50.6,0.812
T2762,0,0.484,54.1,0.681
T2762,1,0.548,54.0,0.698
T2762,2,0.575,57.2,0.639
T2762,3,0.563,55.2,0.655
T2762,4,0.587,54.7,0.629
T2762,5,0.585,55.4,0.677
T2762,6,0.622,55.0,0.624
T2762,7,0.652,55.1,0.608
T2762,8,0.644,53.8,0.612
T2762,9,0.632,57.4,0.611
T2762,10,0.638,58.0,0.589
T2762,11,0.623,58.0,0.566
T2763,0,0.31,59.6,0.34
T2763,1,0.342,59.6,0.319
T2763,2,0.334,59.2,0.296
T2763,3,0.386,59.9,0.332
T2763,4,0.408,57.5,0.327
T2763,5,0.46,57.7,0.342
T2763,6,0.444,56.8,0.377
T2763,7,0.456,59.2,0.384
T2763,8,0.474,56.5,0.367
T2763,9,0.451,53.5,0.371
T2763,10,0.476,54.5,0.371
T2763,11,0.515,54.6,0.408
T2764,0,0.837,54.5,0.516
T2764,1,0.844,54.5,0.518
T2764,2,0.864,51.6,0.524
T2764,3,0.789,50.0,0.477
T2764,4,0.811,52.9,0.478
T2764,5,0.802,49.9,0.413
T2764,6,0.768,49.3,0.396
T2764,7,0.794,47.7,0.388
T2764,8,0.737,45.8,0.384
T2764,9,0.732,49.6,0.355
T2764,10,0.716,46.9,0.38
T2764,11,0.707,47.3,0.312
T2765,0,0.672,60.6,0.595
T2765,1,0.667,61.5,0.566
T2765,2,0.65,57.2,0.583
T2765,3,0.587,56.8,0.577
T2765,4,0.605,55.9,0.595
T2765,5,0.616,57.9,0.595
T2765,6,0.585,54.9,0.618
T2765,7,0.562,52.7,0.568
T2765,8,0.581,55.5,0.601
T2765,9,0.497,51.7,0.597
T2765,10,0.505,53.2,0.591
T2765,11,0.51,51.7,0.631
T2766,0,0.75,52.5,0.506
T2766,1,0.728,51.8,0.488
T2766,2,0.747,49.4,0.496
T2766,3,0.701,49.7,0.504
T2766,4,0.7,53.2,0.546
T2766,5,0.701,54.7,0.511
T2766,6,0.681,55.5,0.531
T2766,7,0.647,53.4,0.544
T2766,8,0.645,54.8,0.5
T2766,9,0.667,55.2,0.561
T2766,10,0.66,53.1,0.554
T2766,11,0.607,57.5,0.54
T2767,0,0.458,48.7,0.834
T2767,1,0.45,50.6,0.859
T2767,2,0.452,50.4,0.81
T2767,3,0.442,50.2,0.788
T2767,4,0.478,52.3,0.798
T2767,5,0.441,53.4,0.855
T2767,6,0.488,52.6,0.806
T2767,7,0.502,55.9,0.802
T2767,8,0.48,55.5,0.765
T2767,9,0.561,55.4,0.766
T2767,10,0.502,56.2,0.753
T2767,11,0.525,58.3,0.775
T2768,0,0.569,47.0,0.219
T2768,1,0.612,49.3,0.275
T2768,2,0.647,46.4,0.251
T2768,3,0.606,46.5,0.256
T2768,4,0.628,46.5,0.303
T2768,5,0.635,48.6,0.29
T2768,6,0.661,44.7,0.298
T2768,7,0.674,45.0,0.303
T2768,8,0.733,43.4,0.357
T2768,9,0.68,45.8,0.327
T2768,10,0.727,41.8,0.386
T2768,11,0.729,45.5,0.346
T2769,0,0.486,69.1,0.815
T2769,1,0.534,65.7,0.828
T2769,2,0.574,70.9,0.819
T2769,3,0.552,67.2,0.845
T2769,4,0.6,71.2,0.861
T2769,5,0.632,66.8,0.852
T2769,6,0.655,67.5,0.891
T2769,7,0.635,70.1,0.893
T2769,8,0.696,68.6,0.884
T2769,9,0.698,65.6,0.906
T2769,10,0.699,67.7,0.937
T2769,11,0.736,66.7,0.919
T2770,0,0.265,74.0,0.896
T2770,1,0.313,73.3,0.822
T2770,2,0.289,72.6,0.813
T2770,3,0.254,71.4,0.806
T2770,4,0.287,71.9,0.798
T2770,5,0.221,69.4,0.783
T2770,6,0.24,69.8,0.741
T2770,7,0.273,69.7,0.751
T2770,8,0.22,68.4,0.728
T2770,9,0.224,64.4,0.711
T2770,10,0.201,65.5,0.659
T2770,11,0.198,64.0,0.686
T2771,0,0.535,50.4,0.635
T2771,1,0.548,47.2,0.585
T2771,2,0.515,49.0,0.566
T2771,3,0.607,45.9,0.556
T2771,4,0.616,45.1,0.56
T2771,5,0.632,46.6,0.522
T2771,6,0.674,45.7,0.513
T2771,7,0.685,44.7,0.504
T2771,8,0.696,44.7,0.46
T2771,9,0.716,41.5,0.455
T2771,10,0.723,40.4,0.426
T2771,11,0.797,38.9,0.406
T2772,0,0.695,65.4,0.699
T2772,1,0.681,65.0,0.713
T2772,2,0.693,66.5,0.75
T2772,3,0.715,65.9,0.738
T2772,4,0.674,64.7,0.781
T2772,5,0.668,64.9,0.783
T2772,6,0.668,64.4,0.799
T2772,7,0.685,63.7,0.801
T2772,8,0.671,63.1,0.84
T2772,9,0.724,60.7,0.82
T2772,10,0.695,61.6,0.815
T2772,11,0.688,60.4,0.84
T2773,0,0.59,63.0,0.881
T2773,1,0.599,62.2,0.904
T2773,2,0.624,59.9,0.873
T2773,3,0.622,62.9,0.811
T2773,4,0.625,57.5,0.853
T2773,5,0.64,60.9,0.85
T2773,6,0.638,56.6,0.823
T2773,7,0.677,58.2,0.853
T2773,8,0.707,56.3,0.802
T2773,9,0.679,56.0,0.799
T2773,10,0.671,55.6,0.78
T2773,11,0.711,52.1,0.754
T2774,0,0.281,67.8,0.772
T2774,1,0.285,65.2,0.783
T2774,2,0.334,68.0,0.744
T2774,3,0.375,66.0,0.78
T2774,4,0.398,64.9,0.765
T2774,5,0.409,62.7,0.756
T2774,6,0.45,61.9,0.777
T2774,7,0.495,60.4,0.777
T2774,8,0.482,62.4,0.761
T2774,9,0.542,56.0,0.771
T2774,10,0.556,59.2,0.782
T2774,11,0.63,55.2,0.774
T2775,0,0.724,38.5,0.417
T2775,1,0.713,40.5,0.45
T2775,2,0.71,38.7,0.406
T2775,3,0.73,42.5,0.407
T2775,4,0.751,40.4,0.369
T2775,5,0.71,40.5,0.371
T2775,6,0.727,43.9,0.352
T2775,7,0.744,45.6,0.329
T2775,8,0.753,43.9,0.343
T2775,9,0.769,45.9,0.329
T2775,10,0.776,48.3,0.352
T2775,11,0.766,47.4,0.299
T2776,0,0.712,43.8,0.505
T2776,1,0.67,45.4,0.458
T2776,2,0.671,44.6,0.466
T2776,3,0.685,45.5,0.532
T2776,4,0.691,50.2,0.471
T2776,5,0.664,47.5,0.515
T2776,6,0.683,48.5,0.504
T2776,7,0.645,50.9,0.497
T2776,8,0.665,48.4,0.517
T2776,9,0.677,50.3,0.529
T2776,10,0.697,56.1,0.526
T2776,11,0.64,50.8,0.538
T2777,0,0.783,73.6,0.936
T2777,1,0.721,77.2,0.95
T2777,2,0.697,73.8,0.935
T2777,3,0.67,75.6,0.984
T2777,4,0.685,72.8,0.986
T2777,5,0.638,74.9,0.985
T2777,6,0.661,72.0,0.984
T2777,7,0.604,73.3,0.951
T2777,8,0.58,73.7,0.997
T2777,9,0.525,74.0,0.955
T2777,10,0.515,75.0,1.0
T2777,11,0.497,73.4,1.0
T2778,0,0.889,37.7,0.541
T2778,1,0.912,38.4,0.547
T2778,2,0.863,41.4,0.539
T2778,3,0.87,43.1,0.515
T2778,4,0.85,44.2,0.493
T2778,5,0.887,46.2,0.511
T2778,6,0.899,42.4,0.474
T2778,7,0.858,48.1,0.475
T2778,8,0.864,47.8,0.434
T2778,9,0.847,49.8,0.431
T2778,10,0.831,50.6,0.444
T2778,11,0.876,50.9,0.442
T2779,0,0.928,38.6,0.277
T2779,1,0.954,38.1,0.311
T2779,2,0.97,36.5,0.291
T2779,3,0.986,40.8,0.304
T2779,4,0.932,38.1,0.303
T2779,5,0.91,40.0,0.288
T2779,6,0.932,39.8,0.311
T2779,7,0.931,39.1,0.306
T2779,8,0.877,42.9,0.305
T2779,9,0.877,38.7,0.283
T2779,10,0.855,40.1,0.286
T2779,11,0.838,42.0,0.277
T2780,0,0.85,46.2,0.572
T2780,1,0.859,47.4,0.587
T2780,2,0.849,45.4,0.633
T2780,3,0.811,48.8,0.626
T2780,4,0.861,50.5,0.63
T2780,5,0.824,46.8,0.619
T2780,6,0.755,49.2,0.642
T2780,7,0.751,44.1,0.688
T2780,8,0.727,50.5,0.676
T2780,9,0.715,49.7,0.683
T2780,10,0.675,48.2,0.743
T2780,11,0.645,48.0,0.728
T2781,0,0.686,40.2,0.562
T2781,1,0.711,45.9,0.602
T2781,2,0.676,41.9,0.596
T2781,3,0.698,45.4,0.568
T2781,4,0.652,46.0,0.588
T2781,5,0.658,43.5,0.557
T2781,6,0.58,46.7,0.555
T2781,7,0.655,49.7,0.519
T2781,8,0.603,49.6,0.576
T2781,9,0.612,53.0,0.538
T2781,10,0.589,48.3,0.535
T2781,11,0.621,50.5,0.575
T2782,0,0.29,33.2,0.312
T2782,1,0.259,35.3,0.312
T2782,2,0.285,37.1,0.319
T2782,3,0.296,38.7,0.325
T2782,4,0.277,38.1,0.333
T2782,5,0.349,42.5,0.304
T2782,6,0.319,42.1,0.352
T2782,7,0.317,44.6,0.363
T2782,8,0.294,46.0,0.384
T2782,9,0.304,49.6,0.376
T2782,10,0.347,48.5,0.362
T2782,11,0.381,52.8,0.38
T2783,0,0.637,45.8,0.282
T2783,1,0.658,48.2,0.298
T2783,2,0.679,48.7,0.307
T2783,3,0.658,53.0,0.351
T2783,4,0.668,51.6,0.38
T2783,5,0.67,54.0,0.376
T2783,6,0.668,51.4,0.384
T2783,7,0.704,52.3,0.405
T2783,8,0.699,57.6,0.401
T2783,9,0.692,57.1,0.433
T2783,10,0.705,56.8,0.45
T2783,11,0.68,59.4,0.443
T2784,0,0.214,67.3,0.328
T2784,1,0.262,68.6,0.337
T2784,2,0.283,67.3,0.302
T2784,3,0.302,68.3,0.287
T2784,4,0.335,67.5,0.335
T2784,5,0.342,63.5,0.355
T2784,6,0.395,65.4,0.311
T2784,7,0.418,63.3,0.36
T2784,8,0.418,61.4,0.348
T2784,9,0.494,61.7,0.34
T2784,10,0.521,60.6,0.341
T2784,11,0.526,63.6,0.352
T2785,0,0.737,61.6,0.339
T2785,1,0.72,58.3,0.326
T2785,2,0.723,56.7,0.357
T2785,3,0.738,55.9,0.385
T2785,4,0.735,56.8,0.377
T2785,5,0.699,55.0,0.389
T2785,6,0.709,56.2,0.383
T2785,7,0.703,56.1,0.39
T2785,8,0.712,54.9,0.391
T2785,9,0.718,53.3,0.403
T2785,10,0.714,51.4,0.46
T2785,11,0.692,49.4,0.434
T2786,0,0.287,37.4,0.463
T2786,1,0.324,39.3,0.43
T2786,2,0.314,38.6,0.48
T2786,3,0.344,43.9,0.406
T2786,4,0.342,44.9,0.38
T2786,5,0.377,45.0,0.402
T2786,6,0.391,46.7,0.366
T2786,7,0.43,48.0,0.381
T2786,8,0.423,49.1,0.362
T2786,9,0.422,52.3,0.329
T2786,10,0.47,51.0,0.324
T2786,11,0.45,52.2,0.298
T2787,0,0.322,74.3,0.512
T2787,1,0.389,71.3,0.55
T2787,2,0.412,73.3,0.57
T2787,3,0.363,73.8,0.592
T2787,4,0.42,71.4,0.591
T2787,5,0.443,68.9,0.595
T2787,6,0.451,68.1,0.608
T2787,7,0.445,67.7,0.651
T2787,8,0.495,68.6,0.649
T2787,9,0.509,68.4,0.683
T2787,10,0.51,65.4,0.729
T2787,11,0.503,65.9,0.72
T2788,0,0.474,62.9,0.571
T2788,1,0.513,61.4,0.58
T2788,2,0.546,63.6,0.569
T2788,3,0.557,62.4,0.569
T2788,4,0.576,65.1,0.569
T2788,5,0.635,63.3,0.579
T2788,6,0.611,66.7,0.553
T2788,7,0.648,69.9,0.588
T2788,8,0.687,72.5,0.586
T2788,9,0.729,66.6,0.567
T2788,10,0.743,69.7,0.539
T2788,11,0.769,70.1,0.553
T2789,0,0.735,39.4,0.125
T2789,1,0.747,41.2,0.14
T2789,2,0.813,44.0,0.132
T2789,3,0.788,43.6,0.175
T2789,4,0.819,43.4,0.191
T2789,5,0.812,44.7,0.187
T2789,6,0.843,45.6,0.185
T2789,7,0.864,47.0,0.197
T2789,8,0.849,46.2,0.225
T2789,9,0.915,49.8,0.221
T2789,10,0.904,47.5,0.224
T2789,11,0.898,53.4,0.257
T2790,0,0.302,53.9,0.944
T2790,1,0.306,53.2,0.866
T2790,2,0.304,56.5,0.867
T2790,3,0.312,56.2,0.918
T2790,4,0.354,56.8,0.892
T2790,5,0.373,57.2,0.868
T2790,6,0.372,58.7,0.869
T2790,7,0.417,56.1,0.839
T2790,8,0.441,56.8,0.856
T2790,9,0.473,55.8,0.831
T2790,10,0.474,56.9,0.847
T2790,11,0.488,59.0,0.823
T2791,0,0.785,43.2,0.424
T2791,1,0.764,46.5,0.423
T2791,2,0.701,45.3,0.459
T2791,3,0.715,45.8,0.486
T2791,4,0.723,42.7,0.449
T2791,5,0.696,45.7,0.453
T2791,6,0.699,46.1,0.492
T2791,7,0.736,46.0,0.474
T2791,8,0.689,46.6,0.5
T2791,9,0.663,44.0,0.511
T2791,10,0.634,44.7,0.491
T2791,11,0.658,45.5,0.518
T2792,0,0.737,39.3,0.277
T2792,1,0.72,41.5,0.299
T2792,2,0.719,43.4,0.286
T2792,3,0.725,43.8,0.268
T2792,4,0.71,48.9,0.288
T2792,5,0.704,47.2,0.304
T2792,6,0.74,49.6,0.25
T2792,7,0.748,50.2,0.273
T2792,8,0.735,49.3,0.308
T2792,9,0.767,50.9,0.281
T2792,10,0.727,52.8,0.267
T2792,11,0.742,55.1,0.247
T2793,0,0.545,56.0,0.821
T2793,1,0.555,56.8,0.799
T2793,2,0.537,55.3,0.815
T2793,3,0.586,55.9,0.809
T2793,4,0.564,57.4,0.829
T2793,5,0.558,56.5,0.872
T2793,6,0.558,56.7,0.836
T2793,7,0.568,59.1,0.84
T2793,8,0.578,58.1,0.829
T2793,9,0.566,57.0,0.788
T2793,10,0.587,57.8,0.818
T2793,11,0.595,58.8,0.848
T2794,0,0.619,66.1,0.689
T2794,1,0.626,62.1,0.701
T2794,2,0.644,60.0,0.706
T2794,3,0.673,57.4,0.709
T2794,4,0.667,60.3,0.696
T2794,5,0.679,57.0,0.709
T2794,6,0.701,57.8,0.693
T2794,7,0.702,54.5,0.69
T2794,8,0.667,50.0,0.723
T2794,9,0.704,48.8,0.726
T2794,10,0.705,48.9,0.706
T2794,11,0.742,49.7,0.685
T2795,0,0.532,46.5,0.426
T2795,1,0.577,47.7,0.423
T2795,2,0.515,51.1,0.411
T2795,3,0.508,48.4,0.46
T2795,4,0.551,46.8,0.389
T2795,5,0.51,48.9,0.38
T2795,6,0.506,48.8,0.407
T2795,7,0.516,49.1,0.425
T2795,8,0.536,53.3,0.402
T2795,9,0.496,50.6,0.403
T2795,10,0.5,50.4,0.394
T2795,11,0.483,53.0,0.381
T2796,0,0.852,44.8,0.494
T2796,1,0.841,43.4,0.449
T2796,2,0.826,43.1,0.44
T2796,3,0.813,43.5,0.388
T2796,4,0.841,44.2,0.42
T2796,5,0.836,40.9,0.387
T2796,6,0.799,41.9,0.347
T2796,7,0.811,43.7,0.343
T2796,8,0.814,42.3,0.293
T2796,9,0.797,37.2,0.34
T2796,10,0.824,39.7,0.294
T2796,11,0.823,40.3,0.279
T2797,0,0.605,65.3,0.644
T2797,1,0.621,64.8,0.662
T2797,2,0.57,65.9,0.649
T2797,3,0.527,68.1,0.623
T2797,4,0.545,63.0,0.57
T2797,5,0.531,65.5,0.575
T2797,6,0.484,62.4,0.554
T2797,7,0.5,62.8,0.546
T2797,8,0.446,60.9,0.515
T2797,9,0.488,58.4,0.532
T2797,10,0.436,58.2,0.494
T2797,11,0.445,55.8,0.456
T2798,0,0.714,61.0,0.728
T2798,1,0.67,61.0,0.732
T2798,2,0.683,60.2,0.735
T2798,3,0.678,62.3,0.767
T2798,4,0.66,63.0,0.719
T2798,5,0.682,60.8,0.772
T2798,6,0.694,59.3,0.733
T2798,7,0.637,62.1,0.734
T2798,8,0.684,61.0,0.728
T2798,9,0.682,60.2,0.748
T2798,10,0.644,60.6,0.751
T2798,11,0.659,60.0,0.764
T2799,0,0.335,55.9,0.744
T2799,1,0.355,57.7,0.749
T2799,2,0.302,54.5,0.732
T2799,3,0.301,57.7,0.748
T2799,4,0.366,55.2,0.741
T2799,5,0.346,57.5,0.702
T2799,6,0.322,58.2,0.697
T2799,7,0.362,60.9,0.682
T2799,8,0.356,59.2,0.69
T2799,9,0.4,61.8,0.689
T2799,10,0.365,61.4,0.641
T2799,11,0.331,64.6,0.687
T2800,0,0.717,67.1,0.271
T2800,1,0.696,62.7,0.326
T2800,2,0.727,64.8,0.334
T2800,3,0.71,58.4,0.32
T2800,4,0.675,59.9,0.328
T2800,5,0.66,58.3,0.337
T2800,6,0.661,58.4,0.32
T2800,7,0.699,59.3,0.336
T2800,8,0.636,55.3,0.358
T2800,9,0.629,56.1,0.396
T2800,10,0.673,53.7,0.342
T2800,11,0.615,55.0,0.333
T2801,0,0.582,51.2,0.302
T2801,1,0.587,53.8,0.268
T2801,2,0.553,51.8,0.285
T2801,3,0.541,51.2,0.295
T2801,4,0.593,49.3,0.276
T2801,5,0.527,50.7,0.325
T2801,6,0.57,51.3,0.296
T2801,7,0.535,51.2,0.309
T2801,8,0.505,52.8,0.309
T2801,9,0.552,48.1,0.278
T2801,10,0.542,49.0,0.279
T2801,11,0.522,51.3,0.287
T2802,0,0.532,82.1,0.813
T2802,1,0.519,76.7,0.818
T2802,2,0.523,75.8,0.776
T2802,3,0.516,76.9,0.747
T2802,4,0.525,76.6,0.714
T2802,5,0.499,72.7,0.684
T2802,6,0.525,71.8,0.643
T2802,7,0.507,70.7,0.635
T2802,8,0.545,68.8,0.649
T2802,9,0.545,65.9,0.576
T2802,10,0.557,65.0,0.549
T2802,11,0.536,63.7,0.552
T2803,0,0.374,57.4,0.479
T2803,1,0.404,60.0,0.446
T2803,2,0.466,60.9,0.495
T2803,3,0.435,59.7,0.498
T2803,4,0.487,61.4,0.475
T2803,5,0.439,58.8,0.554
T2803,6,0.506,65.3,0.522
T2803,7,0.502,63.3,0.53
T2803,8,0.532,63.6,0.55
T2803,9,0.575,65.2,0.537
T2803,10,0.578,65.8,0.574
T2803,11,0.622,65.3,0.56
T2804,0,0.241,66.2,0.395
T2804,1,0.313,65.9,0.405
T2804,2,0.312,64.3,0.432
T2804,3,0.313,66.9,0.445
T2804,4,0.293,67.8,0.498
T2804,5,0.289,66.9,0.489
T2804,6,0.302,68.1,0.544
T2804,7,0.294,69.7,0.535
T2804,8,0.295,70.5,0.57
T2804,9,0.324,73.1,0.612
T2804,10,0.322,71.5,0.621
T2804,11,0.312,69.2,0.661
T2805,0,0.587,71.3,1.0
T2805,1,0.578,68.9,0.989
T2805,2,0.533,70.1,1.0
T2805,3,0.507,68.0,0.977
T2805,4,0.495,63.7,0.954
T2805,5,0.48,62.8,0.966
T2805,6,0.524,60.4,0.889
T2805,7,0.508,60.7,0.942
T2805,8,0.462,61.4,0.902
T2805,9,0.472,60.5,0.89
T2805,10,0.423,60.8,0.906
T2805,11,0.42,60.5,0.888
T2806,0,0.292,51.3,0.595
T2806,1,0.296,50.6,0.597
T2806,2,0.275,54.1,0.552
T2806,3,0.327,52.9,0.57
T2806,4,0.286,56.5,0.55
T2806,5,0.288,56.8,0.534
T2806,6,0.296,58.2,0.535
T2806,7,0.31,57.0,0.528
T2806,8,0.341,61.9,0.488
T2806,9,0.323,61.4,0.49
T2806,10,0.314,66.9,0.512
T2806,11,0.311,65.4,0.441
T2807,0,0.522,39.5,0.195
T2807,1,0.532,39.3,0.208
T2807,2,0.533,40.1,0.288
T2807,3,0.556,42.1,0.245
T2807,4,0.528,37.7,0.275
T2807,5,0.554,40.6,0.282
T2807,6,0.572,38.5,0.245
T2807,7,0.559,38.2,0.314
T2807,8,0.565,42.3,0.297
T2807,9,0.515,38.4,0.32
T2807,10,0.553,37.7,0.33
T2807,11,0.574,39.8,0.348
T2808,0,0.977,59.6,0.1
T2808,1,1.0,59.2,0.133
T2808,2,0.952,58.6,0.148
T2808,3,0.915,55.4,0.178
T2808,4,0.938,57.7,0.181
T2808,5,0.929,57.2,0.19
T2808,6,0.899,53.5,0.2
T2808,7,0.866,51.9,0.198
T2808,8,0.875,50.7,0.211
T2808,9,0.847,47.2,0.227
T2808,10,0.783,47.5,0.262
T2808,11,0.821,49.2,0.286
T2809,0,0.953,49.6,0.971
T2809,1,0.937,51.5,0.999
T2809,2,0.934,52.5,0.986
T2809,3,0.917,53.2,0.977
T2809,4,0.922,54.3,0.985
T2809,5,0.92,57.0,0.946
T2809,6,0.899,55.4,0.931
T2809,7,0.926,57.6,0.911
T2809,8,0.928,57.5,0.94
T2809,9,0.91,58.2,0.913
T2809,10,0.903,58.8,0.913
T2809,11,0.911,59.8,0.905
T2810,0,0.559,55.7,0.333
T2810,1,0.565,55.5,0.342
T2810,2,0.549,54.4,0.329
T2810,3,0.53,52.1,0.334
T2810,4,0.549,51.6,0.305
T2810,5,0.514,54.0,0.346
T2810,6,0.526,51.1,0.325
T2810,7,0.536,50.7,0.317
T2810,8,0.501,48.8,0.332
T2810,9,0.477,47.6,0.284
T2810,10,0.479,47.7,0.306
T2810,11,0.475,48.6,0.326
T2811,0,0.66,56.6,1.0
T2811,1,0.645,55.0,0.966
T2811,2,0.657,61.3,0.981
T2811,3,0.644,56.1,0.946
T2811,4,0.693,57.6,0.965
T2811,5,0.696,60.0,0.873
T2811,6,0.679,58.0,0.887
T2811,7,0.696,59.5,0.841
T2811,8,0.667,58.9,0.815
T2811,9,0.642,59.3,0.834
T2811,10,0.678,60.3,0.846
T2811,11,0.689,58.0,0.825
T2812,0,0.229,49.1,0.723
T2812,1,0.234,49.2,0.717
T2812,2,0.277,51.0,0.722
T2812,3,0.306,53.2,0.708
T2812,4,0.295,51.7,0.716
T2812,5,0.323,49.8,0.7
T2812,6,0.334,50.3,0.688
T2812,7,0.324,51.2,0.683
T2812,8,0.347,51.3,0.711
T2812,9,0.36,54.0,0.679
T2812,10,0.406,52.9,0.688
T2812,11,0.39,51.2,0.661
T2813,0,0.243,67.0,0.252
T2813,1,0.243,66.4,0.31
T2813,2,0.216,67.6,0.344
T2813,3,0.228,71.0,0.305
T2813,4,0.223,67.7,0.311
T2813,5,0.27,65.1,0.352
T2813,6,0.239,66.8,0.364
T2813,7,0.223,67.3,0.337
T2813,8,0.213,67.0,0.379
T2813,9,0.219,66.4,0.388
T2813,10,0.263,69.7,0.397
T2813,11,0.24,64.1,0.461
T2814,0,0.63,55.0,0.486
T2814,1,0.602,51.1,0.513
T2814,2,0.6,53.7,0.471
T2814,3,0.616,53.7,0.483
T2814,4,0.593,56.8,0.494
T2814,5,0.571,54.8,0.487
T2814,6,0.521,58.1,0.489
T2814,7,0.571,58.1,0.507
T2814,8,0.578,56.6,0.507
T2814,9,0.568,58.5,0.503
T2814,10,0.578,58.5,0.504
T2814,11,0.563,61.1,0.53
T2815,0,0.67,40.0,0.544
T2815,1,0.676,38.3,0.528
T2815,2,0.721,38.4,0.527
T2815,3,0.713,39.8,0.509
T2815,4,0.736,35.5,0.476
T2815,5,0.762,36.9,0.498
T2815,6,0.774,37.2,0.492
T2815,7,0.815,40.1,0.484
T2815,8,0.823,37.3,0.471
T2815,9,0.852,39.6,0.497
T2815,10,0.834,37.2,0.484
T2815,11,0.841,38.5,0.41
T2816,0,0.425,65.8,0.636
T2816,1,0.417,66.5,0.648
T2816,2,0.426,67.6,0.676
T2816,3,0.458,65.3,0.654
T2816,4,0.456,63.4,0.661
T2816,5,0.431,66.0,0.691
T2816,6,0.449,64.0,0.662
T2816,7,0.415,62.2,0.661
T2816,8,0.497,64.6,0.633
T2816,9,0.43,63.6,0.656
T2816,10,0.493,63.7,0.635
T2816,11,0.424,60.5,0.639
T2817,0,0.245,73.3,0.802
T2817,1,0.239,68.3,0.8
T2817,2,0.253,69.4,0.779
T2817,3,0.295,71.0,0.778
T2817,4,0.288,65.0,0.763
T2817,5,0.335,67.1,0.827
T2817,6,0.355,66.7,0.734
T2817,7,0.332,64.8,0.795
T2817,8,0.392,66.4,0.806
T2817,9,0.409,64.1,0.776
T2817,10,0.459,62.8,0.787
T2817,11,0.417,63.1,0.774
T2818,0,0.77,75.8,0.902
T2818,1,0.695,73.8,0.913
T2818,2,0.737,72.9,0.923
T2818,3,0.688,70.4,0.88
T2818,4,0.725,71.6,0.884
T2818,5,0.66,69.6,0.862
T2818,6,0.673,65.3,0.858
T2818,7,0.632,68.7,0.848
T2818,8,0.622,68.9,0.854
T2818,9,0.617,66.9,0.811
T2818,10,0.574,67.7,0.827
T2818,11,0.579,66.0,0.831
T2819,0,0.544,54.9,0.346
T2819,1,0.607,51.1,0.378
T2819,2,0.615,54.3,0.334
T2819,3,0.623,52.8,0.321
T2819,4,0.648,52.0,0.387
T2819,5,0.628,53.2,0.347
T2819,6,0.662,53.0,0.39
T2819,7,0.692,54.4,0.349
T2819,8,0.686,54.7,0.358
T2819,9,0.718,51.5,0.372
T2819,10,0.749,53.4,0.391
T2819,11,0.77,55.8,0.397
T2820,0,0.824,59.3,0.855
T2820,1,0.804,63.3,0.861
T2820,2,0.767,62.0,0.875
T2820,3,0.754,59.8,0.904
T2820,4,0.724,60.9,0.894
T2820,5,0.728,60.8,0.916
T2820,6,0.706,61.3,0.898
T2820,7,0.686,60.6,0.932
T2820,8,0.69,57.6,0.937
T2820,9,0.666,60.8,0.909
T2820,10,0.642,58.3,0.903
T2820,11,0.623,57.2,0.896
T2821,0,0.587,43.0,0.28
T2821,1,0.6,42.8,0.294
T2821,2,0.63,42.8,0.335
T2821,3,0.633,43.1,0.343
T2821,4,0.628,42.0,0.321
T2821,5,0.642,44.4,0.376
T2821,6,0.649,41.1,0.416
T2821,7,0.644,41.5,0.397
T2821,8,0.644,42.0,0.434
T2821,9,0.668,43.1,0.42
T2821,10,0.666,45.3,0.475
T2821,11,0.66,42.5,0.49
T2822,0,0.346,39.0,0.971
T2822,1,0.374,39.1,0.973
T2822,2,0.424,41.6,0.954
T2822,3,0.432,42.8,0.997
T2822,4,0.444,43.5,0.907
T2822,5,0.521,46.7,0.91
T2822,6,0.484,46.4,0.898
T2822,7,0.466,49.1,0.917
T2822,8,0.512,51.3,0.856
T2822,9,0.523,48.9,0.851
T2822,10,0.541,53.7,0.837
T2822,11,0.579,53.9,0.791
T2823,0,0.414,74.8,0.412
T2823,1,0.402,72.8,0.429
T2823,2,0.418,73.7,0.395
T2823,3,0.467,70.8,0.409
T2823,4,0.424,71.8,0.428
T2823,5,0.435,69.3,0.394
T2823,6,0.44,68.8,0.432
T2823,7,0.449,69.5,0.399
T2823,8,0.457,63.7,0.402
T2823,9,0.455,63.2,0.371
T2823,10,0.438,68.9,0.383
T2823,11,0.441,65.9,0.368
T2824,0,0.929,66.8,0.834
T2824,1,0.941,64.0,0.833
T2824,2,0.93,67.1,0.824
T2824,3,0.903,65.6,0.752
T2824,4,0.885,67.6,0.8
T2824,5,0.881,65.3,0.773
T2824,6,0.82,65.6,0.775
T2824,7,0.841,65.1,0.723
T2824,8,0.826,64.4,0.721
T2824,9,0.814,62.7,0.707
T2824,10,0.796,63.2,0.674
T2824,11,0.778,63.7,0.681
T2825,0,0.705,34.1,0.867
T2825,1,0.719,36.9,0.816
T2825,2,0.747,35.1,0.894
T2825,3,0.74,36.7,0.819
T2825,4,0.763,39.3,0.861
T2825,5,0.754,38.7,0.848
T2825,6,0.758,40.1,0.849
T2825,7,0.822,39.3,0.859
T2825,8,0.805,40.3,0.859
T2825,9,0.851,38.8,0.864
T2825,10,0.864,42.2,0.828
T2825,11,0.865,46.6,0.843
T2826,0,0.422,62.8,0.597
T2826,1,0.414,62.5,0.59
T2826,2,0.391,62.7,0.619
T2826,3,0.385,62.1,0.586
T2826,4,0.37,63.6,0.612
T2826,5,0.412,61.8,0.635
T2826,6,0.365,61.0,0.618
T2826,7,0.403,61.3,0.607
T2826,8,0.366,63.1,0.652
T2826,9,0.467,61.1,0.614
T2826,10,0.419,59.0,0.672
T2826,11,0.438,61.6,0.66
T2827,0,0.307,55.0,0.94
T2827,1,0.294,58.4,0.917
T2827,2,0.333,55.8,0.89
T2827,3,0.394,57.1,0.929
T2827,4,0.37,54.1,0.958
T2827,5,0.392,54.4,0.88
T2827,6,0.472,56.8,0.88
T2827,7,0.403,58.3,0.889
T2827,8,0.435,58.6,0.874
T2827,9,0.468,60.0,0.897
T2827,10,0.499,57.8,0.857
T2827,11,0.524,60.5,0.857
T2828,0,0.59,54.0,0.382
T2828,1,0.555,51.1,0.385
T2828,2,0.586,55.0,0.415
T2828,3,0.58,53.8,0.356
T2828,4,0.579,47.8,0.343
T2828,5,0.581,50.4,0.294
T2828,6,0.569,49.3,0.339
T2828,7,0.553,47.4,0.311
T2828,8,0.563,46.6,0.285
T2828,9,0.54,47.3,0.265
T2828,10,0.524,47.9,0.273
T2828,11,0.547,44.8,0.221
T2829,0,0.986,47.3,0.465
T2829,1,0.978,46.2,0.473
T2829,2,1.0,47.3,0.469
T2829,3,0.952,51.7,0.436
T2829,4,0.953,50.9,0.472
T2829,5,0.939,51.2,0.44
T2829,6,0.934,53.1,0.454
T2829,7,0.895,51.0,0.46
T2829,8,0.929,51.8,0.437
T2829,9,0.891,53.9,0.457
T2829,10,0.859,53.5,0.45
T2829,11,0.844,54.9,0.426
T2830,0,0.611,51.6,0.353
T2830,1,0.605,52.4,0.322
T2830,2,0.643,48.9,0.403
T2830,3,0.624,48.0,0.387
T2830,4,0.633,47.7,0.388
T2830,5,0.621,46.0,0.436
T2830,6,0.655,47.0,0.458
T2830,7,0.64,46.8,0.43
T2830,8,0.669,41.2,0.465
T2830,9,0.678,40.9,0.496
T2830,10,0.689,40.1,0.527
T2830,11,0.681,40.7,0.501
T2831,0,0.516,70.0,1.0
T2831,1,0.517,68.1,0.951
T2831,2,0.547,67.5,0.995
T2831,3,0.525,64.9,0.963
T2831,4,0.533,64.9,0.943
T2831,5,0.524,65.4,0.961
T2831,6,0.544,66.1,0.914
T2831,7,0.513,63.5,0.899
T2831,8,0.509,64.9,0.91
T2831,9,0.566,66.0,0.868
T2831,10,0.535,63.6,0.853
T2831,11,0.537,62.9,0.878
T2832,0,0.227,70.7,0.568
T2832,1,0.254,70.3,0.59
T2832,2,0.258,70.9,0.632
T2832,3,0.278,70.4,0.614
T2832,4,0.295,70.9,0.606
T2832,5,0.285,70.0,0.594
T2832,6,0.328,74.3,0.627
T2832,7,0.372,74.4,0.65
T2832,8,0.395,72.4,0.673
T2832,9,0.357,75.6,0.653
T2832,10,0.391,73.0,0.647
T2832,11,0.383,73.1,0.652
T2833,0,0.528,59.7,0.385
T2833,1,0.511,57.6,0.391
T2833,2,0.499,59.5,0.384
T2833,3,0.532,59.4,0.364
T2833,4,0.528,59.9,0.422
T2833,5,0.475,59.3,0.373
T2833,6,0.474,59.0,0.388
T2833,7,0.443,56.6,0.419
T2833,8,0.442,57.8,0.382
T2833,9,0.466,55.1,0.435
T2833,10,0.446,58.1,0.386
T2833,11,0.44,57.2,0.444
T2834,0,0.917,51.8,0.514
T2834,1,0.867,49.8,0.512
T2834,2,0.845,53.0,0.502
T2834,3,0.801,52.8,0.47
T2834,4,0.802,53.8,0.451
T2834,5,0.739,52.0,0.467
T2834,6,0.747,53.3,0.44
T2834,7,0.704,52.0,0.443
T2834,8,0.694,52.6,0.424
T2834,9,0.66,54.0,0.43
T2834,10,0.655,55.8,0.42
T2834,11,0.626,52.2,0.456
T2835,0,0.675,78.3,0.974
T2835,1,0.672,79.0,0.983
T2835,2,0.683,73.3,0.997
T2835,3,0.674,71.2,0.998
T2835,4,0.612,73.8,0.977
T2835,5,0.701,71.3,1.0
T2835,6,0.674,74.0,0.95
T2835,7,0.687,71.3,0.981
T2835,8,0.679,73.3,0.955
T2835,9,0.687,68.8,0.978
T2835,10,0.679,70.4,0.944
T2835,11,0.689,69.5,0.947
T2836,0,0.704,41.1,0.564
T2836,1,0.714,42.4,0.612
T2836,2,0.726,44.2,0.589
T2836,3,0.745,44.8,0.597
T2836,4,0.746,46.4,0.586
T2836,5,0.747,46.5,0.602
T2836,6,0.774,51.4,0.559
T2836,7,0.787,54.4,0.6
T2836,8,0.806,51.5,0.539
T2836,9,0.825,49.5,0.534
T2836,10,0.812,56.0,0.519
T2836,11,0.841,55.9,0.49
T2837,0,0.239,82.0,0.522
T2837,1,0.225,81.1,0.52
T2837,2,0.279,80.9,0.496
T2837,3,0.282,78.7,0.483
T2837,4,0.335,77.6,0.451
T2837,5,0.319,73.6,0.48
T2837,6,0.331,73.5,0.468
T2837,7,0.336,73.9,0.469
T2837,8,0.356,74.3,0.459
T2837,9,0.404,69.6,0.471
T2837,10,0.405,70.5,0.451
T2837,11,0.389,70.6,0.479
T2838,0,0.821,48.3,0.1
T2838,1,0.777,48.0,0.112
T2838,2,0.777,48.5,0.134
T2838,3,0.778,49.8,0.152
T2838,4,0.727,48.4,0.145
T2838,5,0.727,50.0,0.173
T2838,6,0.685,50.6,0.179
T2838,7,0.731,50.4,0.195
T2838,8,0.634,52.0,0.199
T2838,9,0.66,51.2,0.217
T2838,10,0.652,51.6,0.201
T2838,11,0.587,52.9,0.215
T2839,0,0.346,86.7,0.603
T2839,1,0.342,82.8,0.606
T2839,2,0.349,82.1,0.596
T2839,3,0.337,83.0,0.574
T2839,4,0.315,86.8,0.61
T2839,5,0.28,84.0,0.572
T2839,6,0.265,80.4,0.618
T2839,7,0.261,81.4,0.549
T2839,8,0.243,78.6,0.613
T2839,9,0.239,78.4,0.575
T2839,10,0.211,77.6,0.56
T2839,11,0.195,76.5,0.536
T2840,0,0.589,69.6,0.466
T2840,1,0.507,70.3,0.435
T2840,2,0.505,68.4,0.477
T2840,3,0.521,69.3,0.48
T2840,4,0.487,64.2,0.443
T2840,5,0.417,65.0,0.454
T2840,6,0.435,62.2,0.47
T2840,7,0.399,61.6,0.448
T2840,8,0.382,56.6,0.471
T2840,9,0.363,55.0,0.494
T2840,10,0.372,56.0,0.498
T2840,11,0.321,55.7,0.487
T2841,0,0.598,60.2,0.494
T2841,1,0.588,62.8,0.517
T2841,2,0.567,61.4,0.513
T2841,3,0.592,60.1,0.516
T2841,4,0.543,61.6,0.54
T2841,5,0.568,60.1,0.561
T2841,6,0.578,60.6,0.599
T2841,7,0.563,59.2,0.596
T2841,8,0.555,60.7,0.634
T2841,9,0.555,54.6,0.617
T2841,10,0.544,57.7,0.656
T2841,11,0.539,57.4,0.666
T2842,0,0.724,63.4,0.575
T2842,1,0.708,65.3,0.552
T2842,2,0.743,62.7,0.563
T2842,3,0.723,61.2,0.562
T2842,4,0.76,63.1,0.591
T2842,5,0.711,60.5,0.611
T2842,6,0.747,61.1,0.6
T2842,7,0.751,61.4,0.619
T2842,8,0.747,60.6,0.612
T2842,9,0.775,61.6,0.634
T2842,10,0.747,61.5,0.62
T2842,11,0.765,62.9,0.665
T2843,0,0.787,54.9,0.258
T2843,1,0.717,55.5,0.278
T2843,2,0.755,54.0,0.297
T2843,3,0.75,55.1,0.32
T2843,4,0.751,51.3,0.359
T2843,5,0.781,52.2,0.327
T2843,6,0.719,51.2,0.333
T2843,7,0.741,51.6,0.368
T2843,8,0.734,51.9,0.392
T2843,9,0.703,47.1,0.371
T2843,10,0.769,48.1,0.413
T2843,11,0.741,46.1,0.398
T2844,0,0.85,45.0,0.991
T2844,1,0.833,44.2,0.983
T2844,2,0.864,44.4,0.971
T2844,3,0.839,44.3,0.983
T2844,4,0.838,45.2,0.958
T2844,5,0.778,45.9,0.978
T2844,6,0.822,48.6,0.946
T2844,7,0.835,45.9,0.914
T2844,8,0.767,49.3,0.938
T2844,9,0.813,48.5,0.928
T2844,10,0.809,47.0,0.965
T2844,11,0.788,47.6,0.904
T2845,0,0.442,36.9,0.406
T2845,1,0.392,39.2,0.443
T2845,2,0.404,39.9,0.397
T2845,3,0.468,39.8,0.412
T2845,4,0.471,43.0,0.507
T2845,5,0.473,43.0,0.488
T2845,6,0.524,43.0,0.543
T2845,7,0.564,43.2,0.506
T2845,8,0.512,45.6,0.543
T2845,9,0.535,48.6,0.563
T2845,10,0.568,48.5,0.592
T2845,11,0.604,49.6,0.624
T2846,0,0.62,60.8,0.861
T2846,1,0.576,62.1,0.827
T2846,2,0.534,62.4,0.816
T2846,3,0.55,64.4,0.794
T2846,4,0.566,62.7,0.828
T2846,5,0.494,64.7,0.771
T2846,6,0.506,65.9,0.751
T2846,7,0.513,65.0,0.719
T2846,8,0.5,66.9,0.695
T2846,9,0.487,68.1,0.693
T2846,10,0.499,68.3,0.683
T2846,11,0.447,68.3,0.667
T2847,0,0.446,74.8,0.579
T2847,1,0.423,72.6,0.59
T2847,2,0.429,71.6,0.58
T2847,3,0.46,72.5,0.633
T2847,4,0.463,69.4,0.586
T2847,5,0.468,67.1,0.579
T2847,6,0.467,68.5,0.58
T2847,7,0.498,65.5,0.605
T2847,8,0.482,64.2,0.592
T2847,9,0.48,61.5,0.632
T2847,10,0.516,60.8,0.622
T2847,11,0.545,59.7,0.607
T2848,0,0.674,35.6,0.272
T2848,1,0.719,34.5,0.246
T2848,2,0.679,35.4,0.272
T2848,3,0.686,34.5,0.244
T2848,4,0.726,34.9,0.252
T2848,5,0.723,35.9,0.236
T2848,6,0.706,37.4,0.256
T2848,7,0.718,36.8,0.216
T2848,8,0.792,37.6,0.267
T2848,9,0.791,38.5,0.251
T2848,10,0.775,36.6,0.251
T2848,11,0.795,39.3,0.267
T2849,0,0.812,52.7,0.201
T2849,1,0.79,49.9,0.179
T2849,2,0.834,54.4,0.159
T2849,3,0.847,55.2,0.226
T2849,4,0.829,52.8,0.207
T2849,5,0.795,51.5,0.2
T2849,6,0.815,52.1,0.215
T2849,7,0.822,51.3,0.208
T2849,8,0.849,50.9,0.224
T2849,9,0.843,52.3,0.229
T2849,10,0.806,52.9,0.233
T2849,11,0.853,52.3,0.255
T2850,0,0.591,64.0,0.469
T2850,1,0.605,58.9,0.45
T2850,2,0.579,60.2,0.533
T2850,3,0.593,57.3,0.566
T2850,4,0.577,59.7,0.569
T2850,5,0.597,55.2,0.583
T2850,6,0.621,57.2,0.605
T2850,7,0.624,56.3,0.626
T2850,8,0.572,57.0,0.67
T2850,9,0.639,55.3,0.704
T2850,10,0.633,51.4,0.732
T2850,11,0.677,54.0,0.744
T2851,0,0.493,61.6,0.54
T2851,1,0.51,58.8,0.563
T2851,2,0.52,58.5,0.492
T2851,3,0.526,58.2,0.479
T2851,4,0.517,59.2,0.483
T2851,5,0.578,56.7,0.495
T2851,6,0.579,52.5,0.515
T2851,7,0.584,54.7,0.47
T2851,8,0.572,54.9,0.51
T2851,9,0.617,53.6,0.459
T2851,10,0.641,51.4,0.472
T2851,11,0.656,48.8,0.492
T2852,0,0.356,46.7,0.505
T2852,1,0.372,48.8,0.49
T2852,2,0.416,46.2,0.456
T2852,3,0.417,48.0,0.499
T2852,4,0.439,49.2,0.466
T2852,5,0.446,49.4,0.448
T2852,6,0.43,49.9,0.456
T2852,7,0.516,53.6,0.425
T2852,8,0.533,55.9,0.432
T2852,9,0.494,53.2,0.381
T2852,10,0.519,52.3,0.421
T2852,11,0.572,52.7,0.43
T2853,0,0.522,49.6,0.445
T2853,1,0.557,53.2,0.482
T2853,2,0.556,54.6,0.451
T2853,3,0.527,54.9,0.501
T2853,4,0.533,55.4,0.529
T2853,5,0.544,55.2,0.541
T2853,6,0.524,55.2,0.59
T2853,7,0.496,53.1,0.577
T2853,8,0.493,55.7,0.568
T2853,9,0.483,57.4,0.636
T2853,10,0.493,56.6,0.623
T2853,11,0.469,57.6,0.646
T2854,0,0.511,69.0,0.664
T2854,1,0.503,69.6,0.673
T2854,2,0.486,70.4,0.705
T2854,3,0.453,68.2,0.641
T2854,4,0.497,71.3,0.688
T2854,5,0.495,71.3,0.676
T2854,6,0.461,70.7,0.696
T2854,7,0.438,67.2,0.647
T2854,8,0.435,70.6,0.672
T2854,9,0.427,68.6,0.686
T2854,10,0.402,69.7,0.684
T2854,11,0.432,68.2,0.709
T2855,0,0.998,60.4,0.747
T2855,1,0.99,59.9,0.752
T2855,2,0.977,57.4,0.713
T2855,3,0.9,60.0,0.672
T2855,4,0.89,63.0,0.691
T2855,5,0.897,62.9,0.67
T2855,6,0.844,61.7,0.684
T2855,7,0.791,61.4,0.641
T2855,8,0.844,65.3,0.683
T2855,9,0.756,65.3,0.663
T2855,10,0.792,67.4,0.666
T2855,11,0.745,65.2,0.642
T2856,0,0.634,54.1,0.898
T2856,1,0.67,54.0,0.9
T2856,2,0.69,54.3,0.901
T2856,3,0.737,53.2,0.843
T2856,4,0.692,53.3,0.853
T2856,5,0.68,53.4,0.869
T2856,6,0.673,52.6,0.8
T2856,7,0.714,50.6,0.856
T2856,8,0.696,48.1,0.778
T2856,9,0.691,50.0,0.846
T2856,10,0.679,48.5,0.766
T2856,11,0.734,49.7,0.806
T2857,0,0.594,43.7,0.358
T2857,1,0.611,41.0,0.351
T2857,2,0.571,47.4,0.385
T2857,3,0.66,42.1,0.373
T2857,4,0.59,46.3,0.386
T2857,5,0.64,48.1,0.384
T2857,6,0.633,46.2,0.377
T2857,7,0.663,47.1,0.402
T2857,8,0.645,46.8,0.381
T2857,9,0.645,47.1,0.408
T2857,10,0.648,44.9,0.406
T2857,11,0.632,45.5,0.409
T2858,0,0.964,41.2,0.34
T2858,1,0.93,40.4,0.319
T2858,2,0.88,38.6,0.333
T2858,3,0.91,41.2,0.347
T2858,4,0.913,40.9,0.361
T2858,5,0.888,39.4,0.391
T2858,6,0.896,37.4,0.357
T2858,7,0.817,37.1,0.43
T2858,8,0.865,35.9,0.382
T2858,9,0.856,35.9,0.388
T2858,10,0.813,36.6,0.448
T2858,11,0.812,36.6,0.435
T2859,0,0.696,45.7,0.589
T2859,1,0.715,46.2,0.588
T2859,2,0.699,44.3,0.567
T2859,3,0.682,46.0,0.548
T2859,4,0.668,45.2,0.55
T2859,5,0.652,48.1,0.58
T2859,6,0.688,46.8,0.519
T2859,7,0.687,50.4,0.535
T2859,8,0.639,50.2,0.53
T2859,9,0.624,51.9,0.519
T2859,10,0.659,51.0,0.529
T2859,11,0.679,48.9,0.506
T2860,0,1.0,50.2,0.532
T2860,1,0.99,49.3,0.524
T2860,2,0.941,48.9,0.534
T2860,3,0.881,49.7,0.512
T2860,4,0.926,51.8,0.514
T2860,5,0.857,50.5,0.524
T2860,6,0.85,52.7,0.481
T2860,7,0.851,50.5,0.505
T2860,8,0.784,56.2,0.476
T2860,9,0.766,54.3,0.448
T2860,10,0.729,53.6,0.501
T2860,11,0.729,55.6,0.456
T2861,0,0.966,42.8,0.306
T2861,1,0.972,41.8,0.275
T2861,2,0.923,46.9,0.306
T2861,3,0.93,44.0,0.253
T2861,4,0.956,44.2,0.252
T2861,5,0.925,49.2,0.252
T2861,6,0.873,51.4,0.275
T2861,7,0.888,52.2,0.244
T2861,8,0.897,53.4,0.243
T2861,9,0.885,54.4,0.242
T2861,10,0.878,53.8,0.235
T2861,11,0.888,56.8,0.191
T2862,0,0.477,36.1,0.107
T2862,1,0.531,38.7,0.1
T2862,2,0.526,39.4,0.116
T2862,3,0.529,38.3,0.121
T2862,4,0.47,39.6,0.143
T2862,5,0.544,41.5,0.122
T2862,6,0.535,44.6,0.134
T2862,7,0.523,46.2,0.162
T2862,8,0.54,45.4,0.178
T2862,9,0.538,44.9,0.163
T2862,10,0.534,50.8,0.158
T2862,11,0.556,51.1,0.172
T2863,0,0.531,65.7,0.766
T2863,1,0.542,67.2,0.733
T2863,2,0.569,67.8,0.746
T2863,3,0.596,68.3,0.753
T2863,4,0.617,66.6,0.799
T2863,5,0.625,68.6,0.782
T2863,6,0.644,67.1,0.792
T2863,7,0.672,69.8,0.812
T2863,8,0.677,68.7,0.787
T2863,9,0.687,66.0,0.827
T2863,10,0.688,67.0,0.78
T2863,11,0.714,65.2,0.84
T2864,0,0.319,46.0,0.553
T2864,1,0.338,49.4,0.552
T2864,2,0.316,50.3,0.532
T2864,3,0.349,50.1,0.585
T2864,4,0.381,51.2,0.545
T2864,5,0.322,51.1,0.56
T2864,6,0.326,51.1,0.625
T2864,7,0.389,49.8,0.609
T2864,8,0.375,54.8,0.636
T2864,9,0.389,52.2,0.619
T2864,10,0.388,54.1,0.609
T2864,11,0.393,54.4,0.656
T2865,0,0.501,58.3,0.535
T2865,1,0.503,54.7,0.525
T2865,2,0.508,60.2,0.52
T2865,3,0.51,55.7,0.49
T2865,4,0.481,57.5,0.488
T2865,5,0.445,59.4,0.504
T2865,6,0.451,59.4,0.503
T2865,7,0.497,59.3,0.456
T2865,8,0.457,59.7,0.462
T2865,9,0.448,57.0,0.457
T2865,10,0.444,59.6,0.412
T2865,11,0.451,61.0,0.463
T2866,0,0.592,72.0,0.872
T2866,1,0.601,72.8,0.816
T2866,2,0.591,72.8,0.831
T2866,3,0.558,75.8,0.859
T2866,4,0.603,72.0,0.846
T2866,5,0.619,72.6,0.841
T2866,6,0.597,71.7,0.834
T2866,7,0.617,72.3,0.834
T2866,8,0.571,67.8,0.809
T2866,9,0.577,70.8,0.83
T2866,10,0.581,68.6,0.809
T2866,11,0.614,69.8,0.808
T2867,0,0.792,37.5,0.37
T2867,1,0.748,41.1,0.362
T2867,2,0.769,40.4,0.409
T2867,3,0.69,40.0,0.411
T2867,4,0.65,40.2,0.438
T2867,5,0.647,43.3,0.403
T2867,6,0.65,41.0,0.397
T2867,7,0.634,41.9,0.406
T2867,8,0.624,42.9,0.403
T2867,9,0.624,42.6,0.371
T2867,10,0.605,42.9,0.418
T2867,11,0.581,41.4,0.413
T2868,0,0.348,48.0,0.555
T2868,1,0.376,47.9,0.54
T2868,2,0.425,51.7,0.574
T2868,3,0.464,51.1,0.598
T2868,4,0.455,51.1,0.597
T2868,5,0.471,54.5,0.591
T2868,6,0.474,54.3,0.618
T2868,7,0.444,52.3,0.58
T2868,8,0.5,55.0,0.611
T2868,9,0.534,59.5,0.634
T2868,10,0.543,57.6,0.605
T2868,11,0.518,61.2,0.624
T2869,0,0.488,28.5,0.722
T2869,1,0.503,39.5,0.744
T2869,2,0.522,36.2,0.726
T2869,3,0.485,37.6,0.708
T2869,4,0.534,41.4,0.7
T2869,5,0.515,38.8,0.676
T2869,6,0.529,44.6,0.673
T2869,7,0.506,40.7,0.617
T2869,8,0.553,46.4,0.655
T2869,9,0.557,46.3,0.642
T2869,10,0.535,50.2,0.648
T2869,11,0.519,50.3,0.643
T2870,0,0.213,40.9,0.318
T2870,1,0.246,40.1,0.33
T2870,2,0.332,44.6,0.335
T2870,3,0.306,40.8,0.363
T2870,4,0.353,41.9,0.351
T2870,5,0.407,42.8,0.404
T2870,6,0.451,42.9,0.385
T2870,7,0.491,41.6,0.415
T2870,8,0.526,42.8,0.419
T2870,9,0.606,43.0,0.422
T2870,10,0.627,47.1,0.435
T2870,11,0.639,43.3,0.404
T2871,0,0.27,43.9,0.571
T2871,1,0.229,44.8,0.605
T2871,2,0.301,47.1,0.619
T2871,3,0.301,48.8,0.603
T2871,4,0.335,48.6,0.582
T2871,5,0.346,49.5,0.623
T2871,6,0.39,53.1,0.617
T2871,7,0.386,52.8,0.603
T2871,8,0.406,51.9,0.62
T2871,9,0.459,51.8,0.606
T2871,10,0.458,56.0,0.601
T2871,11,0.471,55.7,0.592
T2872,0,0.636,64.8,0.908
T2872,1,0.651,63.2,0.901
T2872,2,0.6,63.9,0.883
T2872,3,0.629,58.4,0.903
T2872,4,0.624,56.4,0.906
T2872,5,0.649,57.7,0.891
T2872,6,0.648,56.1,0.894
T2872,7,0.649,54.6,0.876
T2872,8,0.677,52.0,0.831
T2872,9,0.675,51.1,0.886
T2872,10,0.635,50.0,0.886
T2872,11,0.688,48.0,0.845
T2873,0,0.284,47.1,0.297
T2873,1,0.307,49.1,0.28
T2873,2,0.301,47.1,0.273
T2873,3,0.328,48.5,0.301
T2873,4,0.351,51.2,0.27
T2873,5,0.348,54.2,0.295
T2873,6,0.374,52.1,0.257
T2873,7,0.341,53.3,0.273
T2873,8,0.402,52.6,0.256
T2873,9,0.375,53.8,0.274
T2873,10,0.364,55.3,0.233
T2873,11,0.411,56.2,0.233
T2874,0,0.926,48.6,0.39
T2874,1,0.883,47.8,0.365
T2874,2,0.851,50.0,0.295
T2874,3,0.84,47.9,0.327
T2874,4,0.797,47.7,0.294
T2874,5,0.776,49.0,0.325
T2874,6,0.772,47.5,0.317
T2874,7,0.717,43.4,0.288
T2874,8,0.695,50.2,0.248
T2874,9,0.725,48.9,0.255
T2874,10,0.654,46.2,0.241
T2874,11,0.656,48.2,0.241
T2875,0,0.855,46.3,0.21
T2875,1,0.859,46.4,0.27
T2875,2,0.783,47.7,0.262
T2875,3,0.785,46.7,0.25
T2875,4,0.746,47.9,0.29
T2875,5,0.737,47.1,0.287
T2875,6,0.735,45.7,0.303
T2875,7,0.727,50.1,0.291
T2875,8,0.724,49.1,0.282
T2875,9,0.681,49.0,0.306
T2875,10,0.619,49.8,0.322
T2875,11,0.618,51.6,0.308
T2876,0,0.831,68.1,0.573
T2876,1,0.793,64.2,0.561
T2876,2,0.797,66.2,0.491
T2876,3,0.779,61.7,0.573
T2876,4,0.738,64.0,0.524
T2876,5,0.747,62.3,0.562
T2876,6,0.744,61.4,0.598
T2876,7,0.695,60.6,0.582
T2876,8,0.709,60.0,0.614
T2876,9,0.697,58.2,0.625
T2876,10,0.667,56.8,0.638
T2876,11,0.641,55.4,0.647
T2877,0,0.363,65.4,0.233
T2877,1,0.316,63.6,0.305
T2877,2,0.362,63.6,0.298
T2877,3,0.364,64.8,0.335
T2877,4,0.331,62.1,0.318
T2877,5,0.338,62.8,0.33
T2877,6,0.361,64.7,0.35
T2877,7,0.358,63.7,0.37
T2877,8,0.364,64.4,0.325
T2877,9,0.382,65.4,0.367
T2877,10,0.319,65.5,0.374
T2877,11,0.332,66.2,0.429
T2878,0,0.681,63.7,0.859
T2878,1,0.719,63.4,0.85
T2878,2,0.737,60.7,0.821
T2878,3,0.749,59.6,0.858
T2878,4,0.73,61.5,0.862
T2878,5,0.764,62.2,0.873
T2878,6,0.801,63.8,0.855
T2878,7,0.765,60.8,0.889
T2878,8,0.78,62.5,0.873
T2878,9,0.804,58.7,0.849
T2878,10,0.786,61.2,0.821
T2878,11,0.811,60.6,0.864
T2879,0,0.678,65.7,0.83
T2879,1,0.699,60.6,0.743
T2879,2,0.67,63.2,0.778
T2879,3,0.675,65.0,0.768
T2879,4,0.67,63.8,0.702
T2879,5,0.642,66.5,0.748
T2879,6,0.62,63.4,0.726
T2879,7,0.623,65.3,0.72
T2879,8,0.589,63.5,0.72
T2879,9,0.578,65.3,0.751
T2879,10,0.587,61.0,0.685
T2879,11,0.595,64.4,0.689
T2880,0,0.5,64.1,0.663
T2880,1,0.513,62.1,0.662
T2880,2,0.545,62.6,0.646
T2880,3,0.537,62.4,0.713
T2880,4,0.568,61.8,0.686
T2880,5,0.558,63.0,0.717
T2880,6,0.6,64.8,0.668
T2880,7,0.614,62.7,0.741
T2880,8,0.6,62.4,0.722
T2880,9,0.626,61.5,0.734
T2880,10,0.667,60.5,0.728
T2880,11,0.597,62.1,0.764
T2881,0,0.634,45.5,0.714
T2881,1,0.61,48.3,0.67
T2881,2,0.667,48.7,0.651
T2881,3,0.639,47.1,0.622
T2881,4,0.632,51.0,0.608
T2881,5,0.632,52.2,0.584
T2881,6,0.587,50.7,0.621
T2881,7,0.593,49.9,0.531
T2881,8,0.594,50.4,0.536
T2881,9,0.517,53.6,0.487
T2881,10,0.524,53.4,0.511
T2881,11,0.547,55.0,0.477
T2882,0,0.559,42.2,0.841
T2882,1,0.568,41.1,0.798
T2882,2,0.593,46.3,0.816
T2882,3,0.598,45.5,0.776
T2882,4,0.615,47.2,0.738
T2882,5,0.643,47.2,0.748
T2882,6,0.646,46.3,0.749
T2882,7,0.619,47.4,0.7
T2882,8,0.633,49.2,0.713
T2882,9,0.674,49.7,0.677
T2882,10,0.675,49.8,0.694
T2882,11,0.667,50.4,0.651
T2883,0,1.0,49.6,0.401
T2883,1,0.982,45.8,0.399
T2883,2,0.991,48.2,0.438
T2883,3,0.957,43.2,0.481
T2883,4,0.933,50.4,0.499
T2883,5,0.922,48.5,0.489
T2883,6,0.908,46.5,0.505
T2883,7,0.881,47.0,0.528
T2883,8,0.933,49.1,0.539
T2883,9,0.872,46.8,0.613
T2883,10,0.89,48.4,0.555
T2883,11,0.846,49.4,0.611
T2884,0,0.674,63.8,0.988
T2884,1,0.687,64.1,0.976
T2884,2,0.721,63.1,0.994
T2884,3,0.716,63.3,0.986
T2884,4,0.699,62.0,0.946
T2884,5,0.727,62.2,0.951
T2884,6,0.728,60.5,0.94
T2884,7,0.781,61.9,0.921
T2884,8,0.769,60.8,0.879
T2884,9,0.766,57.0,0.845
T2884,10,0.771,58.0,0.865
T2884,11,0.809,56.8,0.868
T2885,0,0.625,49.0,0.765
T2885,1,0.599,51.6,0.735
T2885,2,0.608,50.8,0.757
T2885,3,0.625,51.6,0.741
T2885,4,0.636,52.6,0.702
T2885,5,0.653,51.8,0.729
T2885,6,0.628,53.4,0.732
T2885,7,0.62,52.8,0.78
T2885,8,0.648,47.6,0.713
T2885,9,0.671,49.5,0.76
T2885,10,0.664,51.6,0.73
T2885,11,0.712,50.5,0.759
T2886,0,0.57,60.6,0.595
T2886,1,0.582,57.8,0.514
T2886,2,0.547,53.3,0.532
T2886,3,0.564,56.6,0.571
T2886,4,0.558,57.1,0.54
T2886,5,0.572,56.4,0.54
T2886,6,0.579,56.0,0.554
T2886,7,0.536,53.7,0.552
T2886,8,0.552,55.8,0.56
T2886,9,0.482,53.5,0.541
T2886,10,0.507,53.7,0.516
T2886,11,0.535,54.9,0.51
T2887,0,0.558,55.5,1.0
T2887,1,0.526,59.7,1.0
T2887,2,0.561,60.1,0.979
T2887,3,0.568,62.6,0.987
T2887,4,0.544,56.4,0.958
T2887,5,0.515,60.3,0.989
T2887,6,0.554,58.2,0.96
T2887,7,0.557,59.7,0.928
T2887,8,0.533,57.8,0.93
T2887,9,0.512,59.1,0.946
T2887,10,0.514,59.4,0.932
T2887,11,0.572,60.3,0.93
T2888,0,0.561,42.5,0.142
T2888,1,0.568,39.9,0.188
T2888,2,0.536,40.6,0.143
T2888,3,0.515,41.7,0.169
T2888,4,0.528,42.1,0.166
T2888,5,0.526,44.0,0.172
T2888,6,0.513,43.9,0.158
T2888,7,0.481,46.6,0.166
T2888,8,0.481,47.1,0.214
T2888,9,0.481,47.6,0.209
T2888,10,0.468,46.3,0.238
T2888,11,0.425,47.3,0.204
T2889,0,0.441,66.9,0.759
T2889,1,0.39,68.9,0.726
T2889,2,0.412,68.7,0.754
T2889,3,0.388,69.5,0.736
T2889,4,0.407,68.8,0.779
T2889,5,0.455,66.5,0.771
T2889,6,0.396,67.7,0.815
T2889,7,0.417,72.4,0.826
T2889,8,0.412,73.9,0.818
T2889,9,0.397,67.8,0.858
T2889,10,0.394,68.3,0.872
T2889,11,0.397,69.2,0.882
T2890,0,0.628,56.9,0.658
T2890,1,0.625,58.4,0.593
T2890,2,0.623,57.1,0.618
T2890,3,0.63,59.0,0.662
T2890,4,0.614,57.5,0.612
T2890,5,0.601,58.6,0.596
T2890,6,0.547,57.1,0.602
T2890,7,0.54,53.4,0.571
T2890,8,0.55,58.0,0.569
T2890,9,0.572,58.2,0.624
T2890,10,0.548,55.8,0.581
T2890,11,0.517,54.1,0.569
T2891,0,0.78,37.6,0.408
T2891,1,0.759,38.2,0.348
T2891,2,0.77,37.1,0.321
T2891,3,0.692,38.6,0.288
T2891,4,0.744,39.2,0.312
T2891,5,0.72,38.4,0.319
T2891,6,0.689,39.8,0.307
T2891,7,0.654,38.9,0.267
T2891,8,0.644,36.8,0.268
T2891,9,0.69,41.8,0.3
T2891,10,0.671,39.7,0.248
T2891,11,0.634,41.5,0.236
T2892,0,0.322,56.9,0.554
T2892,1,0.339,57.3,0.538
T2892,2,0.328,58.9,0.541
T2892,3,0.338,57.0,0.514
T2892,4,0.363,57.4,0.531
T2892,5,0.373,60.0,0.513
T2892,6,0.399,60.1,0.475
T2892,7,0.4,61.4,0.51
T2892,8,0.391,61.9,0.498
T2892,9,0.438,60.8,0.503
T2892,10,0.455,58.0,0.47
T2892,11,0.461,60.1,0.502
T2893,0,0.666,67.5,0.904
T2893,1,0.687,66.8,0.895
T2893,2,0.611,66.1,0.858
T2893,3,0.629,62.8,0.876
T2893,4,0.63,65.4,0.835
T2893,5,0.588,63.7,0.819
T2893,6,0.59,64.2,0.809
T2893,7,0.58,61.3,0.78
T2893,8,0.572,59.9,0.784
T2893,9,0.54,59.4,0.792
T2893,10,0.529,60.6,0.773
T2893,11,0.539,61.5,0.728
T2894,0,0.439,42.6,0.509
T2894,1,0.454,44.8,0.459
T2894,2,0.466,48.2,0.442
T2894,3,0.435,46.8,0.476
T2894,4,0.49,45.5,0.449
T2894,5,0.492,48.0,0.44
T2894,6,0.469,51.0,0.432
T2894,7,0.505,54.6,0.438
T2894,8,0.509,51.6,0.418
T2894,9,0.511,54.2,0.405
T2894,10,0.552,57.0,0.427
T2894,11,0.5,56.8,0.432
T2895,0,0.763,59.9,0.699
T2895,1,0.741,61.6,0.689
T2895,2,0.79,60.2,0.723
T2895,3,0.794,60.4,0.688
T2895,4,0.802,60.3,0.672
T2895,5,0.792,57.2,0.706
T2895,6,0.834,55.6,0.658
T2895,7,0.854,56.0,0.696
T2895,8,0.854,59.0,0.653
T2895,9,0.822,55.1,0.646
T2895,10,0.878,53.4,0.644
T2895,11,0.874,55.2,0.66
T2896,0,0.454,50.7,0.146
T2896,1,0.414,51.8,0.137
T2896,2,0.462,50.8,0.175
T2896,3,0.497,53.3,0.189
T2896,4,0.463,46.2,0.206
T2896,5,0.455,50.8,0.198
T2896,6,0.491,52.1,0.248
T2896,7,0.481,52.2,0.259
T2896,8,0.506,50.9,0.324
T2896,9,0.522,50.2,0.277
T2896,10,0.545,54.8,0.331
T2896,11,0.523,51.8,0.372
T2897,0,0.939,51.9,0.432
T2897,1,0.871,52.1,0.42
T2897,2,0.866,54.1,0.438
T2897,3,0.848,51.3,0.42
T2897,4,0.88,47.7,0.438
T2897,5,0.841,50.2,0.403
T2897,6,0.845,48.1,0.367
T2897,7,0.814,49.9,0.392
T2897,8,0.746,45.3,0.416
T2897,9,0.769,45.6,0.429
T2897,10,0.728,46.2,0.389
T2897,11,0.723,45.1,0.424
T2898,0,0.802,68.0,0.542
T2898,1,0.807,67.1,0.596
T2898,2,0.788,65.0,0.572
T2898,3,0.749,64.7,0.596
T2898,4,0.802,63.1,0.646
T2898,5,0.785,63.6,0.63
T2898,6,0.789,62.0,0.619
T2898,7,0.796,59.7,0.629
T2898,8,0.746,58.3,0.667
T2898,9,0.798,58.9,0.7
T2898,10,0.78,55.3,0.692
T2898,11,0.776,53.3,0.702
T2899,0,0.553,45.2,0.364
T2899,1,0.565,45.1,0.341
T2899,2,0.583,45.7,0.409
T2899,3,0.591,47.6,0.392
T2899,4,0.631,47.3,0.406
T2899,5,0.608,48.6,0.447
T2899,6,0.589,49.4,0.466
T2899,7,0.608,49.9,0.458
T2899,8,0.644,49.9,0.491
T2899,9,0.629,47.4,0.503
T2899,10,0.621,52.0,0.534
T2899,11,0.63,50.5,0.569
T2900,0,0.729,63.1,0.327
T2900,1,0.746,62.6,0.314
T2900,2,0.711,58.9,0.341
T2900,3,0.763,56.4,0.311
T2900,4,0.727,56.8,0.338
T2900,5,0.696,57.5,0.379
T2900,6,0.737,52.1,0.316
T2900,7,0.758,52.7,0.354
T2900,8,0.734,50.9,0.395
T2900,9,0.74,48.8,0.333
T2900,10,0.782,45.6,0.372
T2900,11,0.82,47.4,0.334
T2901,0,0.863,46.6,0.535
T2901,1,0.87,48.6,0.563
T2901,2,0.837,46.1,0.495
T2901,3,0.851,49.2,0.492
T2901,4,0.863,49.3,0.508
T2901,5,0.858,48.3,0.536
T2901,6,0.865,46.7,0.532
T2901,7,0.85,48.6,0.498
T2901,8,0.883,47.7,0.493
T2901,9,0.877,48.2,0.448
T2901,10,0.834,44.6,0.443
T2901,11,0.876,44.6,0.423
T2902,0,0.534,52.4,0.666
T2902,1,0.553,52.6,0.697
T2902,2,0.551,51.8,0.692
T2902,3,0.543,53.3,0.713
T2902,4,0.604,52.4,0.715
T2902,5,0.637,50.5,0.748
T2902,6,0.631,52.7,0.723
T2902,7,0.64,52.0,0.779
T2902,8,0.669,52.5,0.792
T2902,9,0.694,51.4,0.787
T2902,10,0.713,52.8,0.792
T2902,11,0.733,52.9,0.79
T2903,0,1.0,47.6,0.883
T2903,1,0.979,48.7,0.892
T2903,2,0.99,53.4,0.852
T2903,3,0.943,48.6,0.87
T2903,4,0.925,50.0,0.851
T2903,5,0.923,49.3,0.834
T2903,6,0.87,51.5,0.812
T2903,7,0.892,49.3,0.761
T2903,8,0.831,50.1,0.71
T2903,9,0.849,47.5,0.772
T2903,10,0.813,49.9,0.745
T2903,11,0.79,51.1,0.715
T2904,0,0.856,64.8,0.713
T2904,1,0.822,64.7,0.701
T2904,2,0.835,62.3,0.735
T2904,3,0.823,60.7,0.717
T2904,4,0.797,67.0,0.704
T2904,5,0.816,61.8,0.7
T2904,6,0.811,63.9,0.705
T2904,7,0.796,63.4,0.698
T2904,8,0.722,61.7,0.678
T2904,9,0.762,61.9,0.655
T2904,10,0.749,65.6,0.643
T2904,11,0.738,64.2,0.651
T2905,0,0.917,66.1,0.719
T2905,1,0.889,65.4,0.712
T2905,2,0.901,64.0,0.715
T2905,3,0.895,65.1,0.683
T2905,4,0.887,66.2,0.696
T2905,5,0.873,64.1,0.74
T2905,6,0.863,65.0,0.707
T2905,7,0.895,69.0,0.758
T2905,8,0.881,63.3,0.739
T2905,9,0.856,66.1,0.752
T2905,10,0.86,67.0,0.737
T2905,11,0.861,65.7,0.739
T2906,0,0.567,62.2,0.669
T2906,1,0.59,60.9,0.688
T2906,2,0.568,63.4,0.728
T2906,3,0.6,60.1,0.666
T2906,4,0.644,61.8,0.678
T2906,5,0.632,63.1,0.694
T2906,6,0.634,60.2,0.715
T2906,7,0.622,64.0,0.73
T2906,8,0.624,64.4,0.715
T2906,9,0.663,65.8,0.741
T2906,10,0.651,67.3,0.738
T2906,11,0.66,66.0,0.713
T2907,0,0.588,58.0,0.299
T2907,1,0.561,56.5,0.337
T2907,2,0.59,58.6,0.315
T2907,3,0.594,56.7,0.353
T2907,4,0.581,54.0,0.384
T2907,5,0.573,51.9,0.369
T2907,6,0.575,51.8,0.379
T2907,7,0.527,51.5,0.371
T2907,8,0.539,51.3,0.407
T2907,9,0.578,49.6,0.411
T2907,10,0.582,50.1,0.442
T2907,11,0.543,48.0,0.4
T2908,0,0.348,63.4,0.864
T2908,1,0.395,62.3,0.819
T2908,2,0.43,60.1,0.835
T2908,3,0.422,59.1,0.813
T2908,4,0.456,61.4,0.804
T2908,5,0.475,61.8,0.8
T2908,6,0.5,59.4,0.795
T2908,7,0.528,58.5,0.811
T2908,8,0.596,59.9,0.787
T2908,9,0.541,57.0,0.771
T2908,10,0.605,59.4,0.769
T2908,11,0.647,55.4,0.77
T2909,0,0.977,57.3,0.608
T2909,1,0.974,59.3,0.649
T2909,2,0.93,56.9,0.631
T2909,3,0.943,58.4,0.619
T2909,4,0.922,56.5,0.608
T2909,5,0.86,56.5,0.63
T2909,6,0.821,52.2,0.654
T2909,7,0.823,53.7,0.636
T2909,8,0.775,53.3,0.623
T2909,9,0.784,54.4,0.619
T2909,10,0.753,53.7,0.629
T2909,11,0.717,51.4,0.578
T2910,0,0.737,56.3,0.782
T2910,1,0.704,57.6,0.806
T2910,2,0.702,58.7,0.803
T2910,3,0.723,57.5,0.849
T2910,4,0.706,55.1,0.848
T2910,5,0.692,57.5,0.869
T2910,6,0.694,60.0,0.833
T2910,7,0.687,61.1,0.84
T2910,8,0.773,61.2,0.884
T2910,9,0.67,57.0,0.866
T2910,10,0.681,59.7,0.86
T2910,11,0.699,61.5,0.834
T2911,0,0.51,52.4,0.67
T2911,1,0.501,52.7,0.665
T2911,2,0.508,51.7,0.701
T2911,3,0.549,55.8,0.705
T2911,4,0.555,52.7,0.694
T2911,5,0.56,56.8,0.74
T2911,6,0.571,55.7,0.76
T2911,7,0.631,55.3,0.779
T2911,8,0.611,57.4,0.786
T2911,9,0.651,57.9,0.822
T2911,10,0.69,57.2,0.849
T2911,11,0.675,58.0,0.862
T2912,0,0.0,63.9,0.34
T2912,1,0.021,63.3,0.358
T2912,2,0.055,61.6,0.333
T2912,3,0.051,63.8,0.399
T2912,4,0.135,62.1,0.378
T2912,5,0.134,59.8,0.396
T2912,6,0.158,62.7,0.425
T2912,7,0.187,62.9,0.423
T2912,8,0.231,59.9,0.492
T2912,9,0.228,60.8,0.501
T2912,10,0.23,59.5,0.499
T2912,11,0.319,59.3,0.51
T2913,0,1.0,41.6,0.1
T2913,1,0.948,40.6,0.134
T2913,2,0.951,42.5,0.1
T2913,3,0.965,41.0,0.128
T2913,4,0.98,39.9,0.136
T2913,5,0.918,43.0,0.166
T2913,6,0.926,40.1,0.171
T2913,7,0.917,42.4,0.163
T2913,8,0.919,43.5,0.155
T2913,9,0.894,42.6,0.179
T2913,10,0.856,41.0,0.136
T2913,11,0.881,37.8,0.212
T2914,0,0.548,54.4,0.666
T2914,1,0.546,52.4,0.625
T2914,2,0.523,50.1,0.608
T2914,3,0.488,54.6,0.606
T2914,4,0.511,54.5,0.624
T2914,5,0.534,55.4,0.601
T2914,6,0.494,51.7,0.575
T2914,7,0.508,58.8,0.616
T2914,8,0.501,54.9,0.622
T2914,9,0.482,56.2,0.618
T2914,10,0.462,57.3,0.59
T2914,11,0.461,56.0,0.593
T2915,0,0.801,51.3,0.514
T2915,1,0.744,49.4,0.542
T2915,2,0.74,52.2,0.509
T2915,3,0.739,51.0,0.513
T2915,4,0.733,53.3,0.45
T2915,5,0.697,53.1,0.482
T2915,6,0.709,52.6,0.479
T2915,7,0.675,52.7,0.46
T2915,8,0.641,54.8,0.481
T2915,9,0.611,54.6,0.47
T2915,10,0.636,51.9,0.434
T2915,11,0.643,53.2,0.446
T2916,0,0.632,58.8,0.737
T2916,1,0.64,58.2,0.689
T2916,2,0.628,59.3,0.702
T2916,3,0.615,58.5,0.737
T2916,4,0.561,58.8,0.697
T2916,5,0.583,56.5,0.724
T2916,6,0.512,57.4,0.701
T2916,7,0.529,58.5,0.69
T2916,8,0.506,56.2,0.711
T2916,9,0.458,55.5,0.697
T2916,10,0.441,58.0,0.695
T2916,11,0.46,55.7,0.713
T2917,0,0.514,59.6,0.331
T2917,1,0.506,61.1,0.333
T2917,2,0.497,59.9,0.297
T2917,3,0.514,61.2,0.33
T2917,4,0.516,62.7,0.331
T2917,5,0.478,63.6,0.345
T2917,6,0.506,59.8,0.302
T2917,7,0.54,63.0,0.325
T2917,8,0.518,59.9,0.345
T2917,9,0.527,58.5,0.325
T2917,10,0.518,60.2,0.338
T2917,11,0.53,62.5,0.362
T2918,0,0.631,71.0,0.811
T2918,1,0.667,69.0,0.815
T2918,2,0.644,69.8,0.82
T2918,3,0.66,69.4,0.8
T2918,4,0.661,66.5,0.802
T2918,5,0.673,67.0,0.817
T2918,6,0.658,67.6,0.777
T2918,7,0.666,65.2,0.783
T2918,8,0.648,65.7,0.794
T2918,9,0.64,65.6,0.792
T2918,10,0.65,62.0,0.776
T2918,11,0.665,64.2,0.769
T2919,0,0.536,65.1,1.0
T2919,1,0.526,66.2,0.995
T2919,2,0.535,66.8,0.964
T2919,3,0.509,65.9,0.995
T2919,4,0.505,66.5,0.937
T2919,5,0.444,72.1,0.916
T2919,6,0.44,69.0,0.908
T2919,7,0.447,68.8,0.894
T2919,8,0.442,73.4,0.891
T2919,9,0.394,74.2,0.906
T2919,10,0.414,74.0,0.873
T2919,11,0.38,76.3,0.875
T2920,0,0.535,62.0,0.725
T2920,1,0.491,62.1,0.65
T2920,2,0.556,62.9,0.668
T2920,3,0.515,65.7,0.667
T2920,4,0.488,62.5,0.613
T2920,5,0.49,62.1,0.626
T2920,6,0.485,58.7,0.581
T2920,7,0.492,60.6,0.579
T2920,8,0.496,58.6,0.57
T2920,9,0.527,58.1,0.546
T2920,10,0.472,57.3,0.493
T2920,11,0.464,60.1,0.475
T2921,0,0.51,58.7,1.0
T2921,1,0.563,58.2,0.981
T2921,2,0.549,57.3,0.968
T2921,3,0.54,55.8,0.945
T2921,4,0.584,55.8,0.934
T2921,5,0.529,56.2,0.943
T2921,6,0.559,49.6,0.926
T2921,7,0.563,52.4,0.902
T2921,8,0.533,49.4,0.918
T2921,9,0.506,46.4,0.893
T2921,10,0.516,49.7,0.905
T2921,11,0.549,47.2,0.862
T2922,0,0.684,29.9,0.51
T2922,1,0.713,31.8,0.514
T2922,2,0.714,35.6,0.547
T2922,3,0.705,34.8,0.528
T2922,4,0.68,35.5,0.502
T2922,5,0.711,37.0,0.547
T2922,6,0.707,36.1,0.575
T2922,7,0.662,37.8,0.544
T2922,8,0.678,43.1,0.518
T2922,9,0.68,42.9,0.538
T2922,10,0.671,44.8,0.533
T2922,11,0.67,41.3,0.556
T2923,0,0.705,64.3,0.98
T2923,1,0.706,61.9,0.988
T2923,2,0.702,62.2,0.969
T2923,3,0.673,60.5,0.987
T2923,4,0.648,64.3,0.956
T2923,5,0.633,64.8,0.942
T2923,6,0.643,64.3,0.967
T2923,7,0.624,66.6,0.922
T2923,8,0.62,69.0,1.0
T2923,9,0.595,67.6,0.965
T2923,10,0.563,68.3,0.913
T2923,11,0.558,67.5,0.901
T2924,0,0.652,51.5,0.67
T2924,1,0.682,53.2,0.641
T2924,2,0.662,57.4,0.664
T2924,3,0.642,54.7,0.678
T2924,4,0.644,52.7,0.665
T2924,5,0.634,57.2,0.626
T2924,6,0.654,57.1,0.701
T2924,7,0.619,58.3,0.689
T2924,8,0.643,56.4,0.657
T2924,9,0.63,60.3,0.637
T2924,10,0.638,60.2,0.591
T2924,11,0.628,58.8,0.638
T2925,0,0.247,49.6,0.889
T2925,1,0.259,53.4,0.894
T2925,2,0.29,50.8,0.856
T2925,3,0.297,50.6,0.887
T2925,4,0.285,54.1,0.858
T2925,5,0.367,52.4,0.817
T2925,6,0.348,53.8,0.83
T2925,7,0.385,54.8,0.848
T2925,8,0.382,51.9,0.818
T2925,9,0.411,54.5,0.797
T2925,10,0.427,53.5,0.828
T2925,11,0.458,55.0,0.809
T2926,0,0.446,62.4,0.768
T2926,1,0.467,65.9,0.756
T2926,2,0.497,65.9,0.731
T2926,3,0.46,63.7,0.708
T2926,4,0.482,63.3,0.758
T2926,5,0.515,66.4,0.728
T2926,6,0.553,63.4,0.719
T2926,7,0.54,65.9,0.691
T2926,8,0.506,62.8,0.671
T2926,9,0.517,62.2,0.665
T2926,10,0.52,64.5,0.664
T2926,11,0.494,61.9,0.672
T2927,0,0.521,76.4,0.534
T2927,1,0.562,77.2,0.513
T2927,2,0.522,76.9,0.55
T2927,3,0.472,76.7,0.571
T2927,4,0.477,78.8,0.595
T2927,5,0.428,77.7,0.586
T2927,6,0.409,78.0,0.604
T2927,7,0.413,74.8,0.581
T2927,8,0.406,78.3,0.646
T2927,9,0.386,77.2,0.685
T2927,10,0.357,76.9,0.655
T2927,11,0.412,76.9,0.644
T2928,0,0.18,69.6,0.655
T2928,1,0.231,70.2,0.662
T2928,2,0.23,68.9,0.668
T2928,3,0.249,69.3,0.658
T2928,4,0.249,73.3,0.638
T2928,5,0.281,70.8,0.66
T2928,6,0.329,72.0,0.642
T2928,7,0.34,72.5,0.606
T2928,8,0.328,73.6,0.622
T2928,9,0.339,75.6,0.62
T2928,10,0.434,75.9,0.594
T2928,11,0.414,76.4,0.597
T2929,0,0.679,40.2,0.674
T2929,1,0.688,40.6,0.663
T2929,2,0.732,40.9,0.655
T2929,3,0.725,44.9,0.704
T2929,4,0.744,48.6,0.698
T2929,5,0.747,50.4,0.693
T2929,6,0.808,51.5,0.66
T2929,7,0.808,51.4,0.667
T2929,8,0.8,52.8,0.676
T2929,9,0.808,54.9,0.668
T2929,10,0.805,57.5,0.694
T2929,11,0.859,57.6,0.683
T2930,0,0.389,51.4,0.837
T2930,1,0.438,48.8,0.82
T2930,2,0.463,49.1,0.842
T2930,3,0.457,52.8,0.871
T2930,4,0.504,50.0,0.864
T2930,5,0.507,54.8,0.887
T2930,6,0.569,54.6,0.879
T2930,7,0.601,55.0,0.869
T2930,8,0.588,54.7,0.901
T2930,9,0.59,58.1,0.895
T2930,10,0.653,54.2,0.941
T2930,11,0.647,57.0,0.968
T2931,0,0.329,45.4,0.362
T2931,1,0.35,42.6,0.335
T2931,2,0.371,44.0,0.389
T2931,3,0.417,45.3,0.355
T2931,4,0.475,42.5,0.411
T2931,5,0.485,43.9,0.358
T2931,6,0.526,42.0,0.412
T2931,7,0.538,47.0,0.426
T2931,8,0.534,41.6,0.378
T2931,9,0.616,42.4,0.395
T2931,10,0.646,41.8,0.4
T2931,11,0.68,43.4,0.397
T2932,0,1.0,53.8,0.478
T2932,1,1.0,52.1,0.402
T2932,2,0.96,53.5,0.448
T2932,3,0.951,52.7,0.455
T2932,4,0.888,54.3,0.433
T2932,5,0.868,55.2,0.417
T2932,6,0.857,54.8,0.401
T2932,7,0.873,51.8,0.384
T2932,8,0.834,50.5,0.388
T2932,9,0.776,54.9,0.373
T2932,10,0.78,54.5,0.33
T2932,11,0.708,53.4,0.357
T2933,0,0.617,81.7,0.876
T2933,1,0.631,79.6,0.863
T2933,2,0.607,78.8,0.861
T2933,3,0.627,78.2,0.871
T2933,4,0.62,78.6,0.898
T2933,5,0.595,72.7,0.89
T2933,6,0.614,73.4,0.916
T2933,7,0.602,69.3,0.918
T2933,8,0.666,68.5,0.939
T2933,9,0.612,69.0,0.95
T2933,10,0.63,66.0,0.898
T2933,11,0.633,64.4,0.951
T2934,0,0.638,69.1,0.664
T2934,1,0.59,67.3,0.67
T2934,2,0.574,67.2,0.668
T2934,3,0.594,68.5,0.652
T2934,4,0.532,63.0,0.663
T2934,5,0.529,63.1,0.651
T2934,6,0.483,65.1,0.649
T2934,7,0.527,62.8,0.65
T2934,8,0.481,61.8,0.629
T2934,9,0.463,58.3,0.689
T2934,10,0.46,60.5,0.67
T2934,11,0.433,58.8,0.653
T2935,0,0.63,46.6,0.383
T2935,1,0.652,50.5,0.399
T2935,2,0.664,49.5,0.428
T2935,3,0.675,50.4,0.452
T2935,4,0.693,51.3,0.49
T2935,5,0.629,52.3,0.516
T2935,6,0.671,51.8,0.529
T2935,7,0.652,50.9,0.54
T2935,8,0.638,51.4,0.582
T2935,9,0.596,56.0,0.607
T2935,10,0.654,56.8,0.583
T2935,11,0.648,55.3,0.668
T2936,0,0.559,48.5,0.1
T2936,1,0.529,47.3,0.126
T2936,2,0.554,48.2,0.1
T2936,3,0.518,47.9,0.115
T2936,4,0.559,47.0,0.114
T2936,5,0.483,45.4,0.114
T2936,6,0.538,46.6,0.156
T2936,7,0.484,44.9,0.13
T2936,8,0.463,46.9,0.146
T2936,9,0.479,46.2,0.125
T2936,10,0.466,45.3,0.111
T2936,11,0.51,44.1,0.133
T2937,0,0.815,56.3,0.522
T2937,1,0.735,52.9,0.466
T2937,2,0.748,52.8,0.52
T2937,3,0.741,53.2,0.49
T2937,4,0.683,52.6,0.462
T2937,5,0.66,52.2,0.494
T2937,6,0.684,49.9,0.508
T2937,7,0.671,51.3,0.477
T2937,8,0.63,48.4,0.444
T2937,9,0.6,49.0,0.446
T2937,10,0.592,49.7,0.478
T2937,11,0.567,50.6,0.47
T2938,0,0.146,51.7,0.733
T2938,1,0.184,56.1,0.724
T2938,2,0.231,55.5,0.727
T2938,3,0.266,60.5,0.743
T2938,4,0.298,56.3,0.734
T2938,5,0.321,59.5,0.745
T2938,6,0.359,62.7,0.742
T2938,7,0.398,59.9,0.736
T2938,8,0.445,61.2,0.757
T2938,9,0.406,62.4,0.732
T2938,10,0.428,64.0,0.774
T2938,11,0.477,65.5,0.763
T2939,0,0.764,35.9,0.184
T2939,1,0.735,31.8,0.194
T2939,2,0.744,32.2,0.222
T2939,3,0.73,35.6,0.217
T2939,4,0.73,35.9,0.246
T2939,5,0.707,33.5,0.249
T2939,6,0.668,32.7,0.255
T2939,7,0.606,35.9,0.302
T2939,8,0.612,35.9,0.272
T2939,9,0.596,33.1,0.286
T2939,10,0.57,36.8,0.297
T2939,11,0.566,34.7,0.298
T2940,0,0.723,75.6,0.812
T2940,1,0.68,71.8,0.768
T2940,2,0.713,70.9,0.828
T2940,3,0.707,73.1,0.823
T2940,4,0.683,68.9,0.872
T2940,5,0.653,66.7,0.834
T2940,6,0.665,66.3,0.877
T2940,7,0.66,65.2,0.886
T2940,8,0.66,62.2,0.895
T2940,9,0.654,63.4,0.888
T2940,10,0.671,63.1,0.894
T2940,11,0.635,56.7,0.906
T2941,0,0.523,76.8,0.413
T2941,1,0.474,75.2,0.402
T2941,2,0.429,73.9,0.45
T2941,3,0.455,72.3,0.47
T2941,4,0.448,73.1,0.407
T2941,5,0.468,69.1,0.436
T2941,6,0.416,70.3,0.456
T2941,7,0.399,66.8,0.434
T2941,8,0.382,66.7,0.468
T2941,9,0.371,62.4,0.441
T2941,10,0.381,62.6,0.45
T2941,11,0.336,61.8,0.445
T2942,0,0.686,61.7,0.682
T2942,1,0.668,59.5,0.645
T2942,2,0.68,64.1,0.652
T2942,3,0.703,62.8,0.619
T2942,4,0.691,59.8,0.591
T2942,5,0.667,60.2,0.598
T2942,6,0.674,60.3,0.605
T2942,7,0.708,60.6,0.56
T2942,8,0.648,59.7,0.587
T2942,9,0.685,60.0,0.56
T2942,10,0.703,58.9,0.52
T2942,11,0.637,63.0,0.496
T2943,0,0.616,68.4,0.242
T2943,1,0.599,63.6,0.217
T2943,2,0.695,65.9,0.216
T2943,3,0.669,62.9,0.209
T2943,4,0.678,63.2,0.247
T2943,5,0.691,58.6,0.189
T2943,6,0.66,56.1,0.206
T2943,7,0.646,54.0,0.218
T2943,8,0.681,54.3,0.212
T2943,9,0.69,49.3,0.177
T2943,10,0.637,49.0,0.221
T2943,11,0.706,49.7,0.181
T2944,0,0.495,36.8,0.169
T2944,1,0.546,36.5,0.224
T2944,2,0.514,36.0,0.245
T2944,3,0.63,38.5,0.273
T2944,4,0.609,41.0,0.299
T2944,5,0.616,42.2,0.282
T2944,6,0.635,41.6,0.292
T2944,7,0.648,44.2,0.328
T2944,8,0.683,45.8,0.334
T2944,9,0.718,45.4,0.373
T2944,10,0.774,45.7,0.378
T2944,11,0.748,46.9,0.393
T2945,0,0.528,72.0,0.46
T2945,1,0.568,71.8,0.476
T2945,2,0.561,66.9,0.49
T2945,3,0.563,69.8,0.462
T2945,4,0.571,67.3,0.427
T2945,5,0.577,67.4,0.491
T2945,6,0.564,66.6,0.445
T2945,7,0.579,68.4,0.469
T2945,8,0.572,65.0,0.465
T2945,9,0.595,64.9,0.423
T2945,10,0.595,64.0,0.466
T2945,11,0.593,64.7,0.457
T2946,0,0.72,47.7,0.101
T2946,1,0.685,45.6,0.152
T2946,2,0.685,48.3,0.159
T2946,3,0.74,49.6,0.119
T2946,4,0.76,47.3,0.174
T2946,5,0.693,48.6,0.181
T2946,6,0.684,47.1,0.166
T2946,7,0.697,47.2,0.209
T2946,8,0.701,44.5,0.239
T2946,9,0.734,47.6,0.187
T2946,10,0.73,46.6,0.215
T2946,11,0.733,44.2,0.254
T2947,0,0.302,63.8,0.6
T2947,1,0.375,63.9,0.608
T2947,2,0.398,64.0,0.599
T2947,3,0.405,67.3,0.631
T2947,4,0.391,64.0,0.597
T2947,5,0.45,65.0,0.584
T2947,6,0.467,64.7,0.568
T2947,7,0.533,62.6,0.571
T2947,8,0.543,64.7,0.573
T2947,9,0.575,64.3,0.581
T2947,10,0.64,64.0,0.597
T2947,11,0.604,63.8,0.574
T2948,0,0.671,37.3,0.403
T2948,1,0.711,37.5,0.44
T2948,2,0.678,36.6,0.425
T2948,3,0.75,39.1,0.414
T2948,4,0.757,37.8,0.427
T2948,5,0.781,39.7,0.417
T2948,6,0.756,40.8,0.411
T2948,7,0.807,43.0,0.423
T2948,8,0.858,43.0,0.432
T2948,9,0.832,44.0,0.41
T2948,10,0.869,45.7,0.398
T2948,11,0.917,46.4,0.415
T2949,0,0.286,54.8,0.364
T2949,1,0.313,53.7,0.394
T2949,2,0.328,52.4,0.403
T2949,3,0.305,53.3,0.433
T2949,4,0.322,55.0,0.43
T2949,5,0.326,52.0,0.406
T2949,6,0.341,53.8,0.441
T2949,7,0.316,54.1,0.441
T2949,8,0.332,54.2,0.472
T2949,9,0.378,55.5,0.53
T2949,10,0.342,53.9,0.54
T2949,11,0.373,52.2,0.515
T2950,0,0.417,51.0,0.79
T2950,1,0.447,52.8,0.745
T2950,2,0.432,52.0,0.776
T2950,3,0.429,55.2,0.75
T2950,4,0.425,52.4,0.746
T2950,5,0.453,55.7,0.72
T2950,6,0.457,55.2,0.687
T2950,7,0.45,56.3,0.752
T2950,8,0.442,56.0,0.705
T2950,9,0.445,58.0,0.745
T2950,10,0.447,55.5,0.731
T2950,11,0.429,56.1,0.737
T2951,0,0.662,50.4,0.705
T2951,1,0.672,51.7,0.742
T2951,2,0.661,51.7,0.658
T2951,3,0.629,53.5,0.7
T2951,4,0.652,51.4,0.724
T2951,5,0.616,54.5,0.707
T2951,6,0.624,54.3,0.702
T2951,7,0.613,55.4,0.737
T2951,8,0.596,54.0,0.727
T2951,9,0.593,55.1,0.745
T2951,10,0.568,57.9,0.743
T2951,11,0.624,55.4,0.738
T2952,0,0.72,58.0,0.767
T2952,1,0.709,54.9,0.774
T2952,2,0.697,57.3,0.795
T2952,3,0.695,57.9,0.751
T2952,4,0.66,63.1,0.775
T2952,5,0.643,61.4,0.714
T2952,6,0.61,60.9,0.725
T2952,7,0.612,64.7,0.721
T2952,8,0.627,63.5,0.763
T2952,9,0.626,66.2,0.75
T2952,10,0.611,67.3,0.758
T2952,11,0.588,65.5,0.747
T2953,0,0.735,44.7,0.832
T2953,1,0.667,41.9,0.837
T2953,2,0.607,43.7,0.834
T2953,3,0.684,43.8,0.787
T2953,4,0.671,44.9,0.763
T2953,5,0.656,44.2,0.759
T2953,6,0.639,43.8,0.768
T2953,7,0.57,45.0,0.719
T2953,8,0.601,48.4,0.677
T2953,9,0.548,45.2,0.707
T2953,10,0.607,44.8,0.713
T2953,11,0.552,44.0,0.667
T2954,0,0.677,68.8,0.837
T2954,1,0.683,67.1,0.852
T2954,2,0.682,67.7,0.79
T2954,3,0.705,62.6,0.797
T2954,4,0.705,64.2,0.805
T2954,5,0.725,63.6,0.769
T2954,6,0.69,63.3,0.775
T2954,7,0.735,61.4,0.824
T2954,8,0.782,59.1,0.779
T2954,9,0.737,55.5,0.78
T2954,10,0.769,54.9,0.748
T2954,11,0.732,55.1,0.786
T2955,0,0.893,39.0,0.277
T2955,1,0.862,41.6,0.311
T2955,2,0.882,39.4,0.289
T2955,3,0.823,40.6,0.289
T2955,4,0.813,41.9,0.31
T2955,5,0.771,43.8,0.278
T2955,6,0.773,41.8,0.254
T2955,7,0.789,45.6,0.259
T2955,8,0.778,44.6,0.297
T2955,9,0.791,44.7,0.258
T2955,10,0.729,46.5,0.279
T2955,11,0.756,44.4,0.305
T2956,0,0.727,58.9,0.628
T2956,1,0.707,60.2,0.606
T2956,2,0.7,58.9,0.7
T2956,3,0.681,57.5,0.705
T2956,4,0.671,59.5,0.717
T2956,5,0.679,60.2,0.71
T2956,6,0.662,59.8,0.746
T2956,7,0.652,58.7,0.765
T2956,8,0.639,56.5,0.726
T2956,9,0.635,61.8,0.76
T2956,10,0.631,58.5,0.763
T2956,11,0.635,57.8,0.786
T2957,0,0.523,57.9,0.579
T2957,1,0.463,60.2,0.551
T2957,2,0.493,56.4,0.526
T2957,3,0.487,58.7,0.513
T2957,4,0.486,59.7,0.487
T2957,5,0.533,57.9,0.522
T2957,6,0.468,61.3,0.487
T2957,7,0.507,57.3,0.459
T2957,8,0.48,57.1,0.447
T2957,9,0.49,56.8,0.46
T2957,10,0.493,57.7,0.439
T2957,11,0.457,56.8,0.403
T2958,0,0.312,53.4,0.877
T2958,1,0.319,53.8,0.879
T2958,2,0.356,56.1,0.884
T2958,3,0.333,54.7,0.875
T2958,4,0.384,53.6,0.831
T2958,5,0.377,57.0,0.816
T2958,6,0.361,56.5,0.818
T2958,7,0.375,58.8,0.824
T2958,8,0.363,60.7,0.805
T2958,9,0.416,62.4,0.808
T2958,10,0.414,61.0,0.829
T2958,11,0.437,64.2,0.812
T2959,0,0.865,52.3,0.328
T2959,1,0.848,53.1,0.273
T2959,2,0.794,49.8,0.263
T2959,3,0.829,50.8,0.244
T2959,4,0.822,50.9,0.298
T2959,5,0.78,54.7,0.316
T2959,6,0.789,52.8,0.309
T2959,7,0.778,51.4,0.369
T2959,8,0.781,49.0,0.357
T2959,9,0.768,52.2,0.369
T2959,10,0.755,50.6,0.345
T2959,11,0.75,51.3,0.332
T2960,0,0.112,85.4,0.885
T2960,1,0.127,84.9,0.91
T2960,2,0.125,83.1,0.931
T2960,3,0.148,81.0,0.926
T2960,4,0.163,84.4,0.885
T2960,5,0.169,79.7,0.933
T2960,6,0.233,81.3,0.926
T2960,7,0.197,79.9,0.926
T2960,8,0.19,80.3,0.964
T2960,9,0.215,77.0,0.941
T2960,10,0.247,76.1,0.946
T2960,11,0.246,75.4,0.949
T2961,0,0.654,58.6,0.433
T2961,1,0.627,55.8,0.421
T2961,2,0.594,57.4,0.389
T2961,3,0.619,56.0,0.399
T2961,4,0.635,55.0,0.454
T2961,5,0.611,55.7,0.463
T2961,6,0.6,57.6,0.469
T2961,7,0.568,56.8,0.463
T2961,8,0.562,58.0,0.478
T2961,9,0.59,56.9,0.492
T2961,10,0.533,57.4,0.476
T2961,11,0.531,59.3,0.493
T2962,0,0.703,59.2,0.861
T2962,1,0.659,61.1,0.849
T2962,2,0.616,62.5,0.816
T2962,3,0.619,63.4,0.799
T2962,4,0.591,67.1,0.807
T2962,5,0.61,67.9,0.831
T2962,6,0.594,66.6,0.815
T2962,7,0.538,69.1,0.832
T2962,8,0.582,66.6,0.809
T2962,9,0.521,70.7,0.772
T2962,10,0.484,70.4,0.826
T2962,11,0.521,70.4,0.777
T2963,0,0.532,53.3,0.555
T2963,1,0.487,54.6,0.557
T2963,2,0.531,55.3,0.553
T2963,3,0.475,56.0,0.551
T2963,4,0.51,55.5,0.549
T2963,5,0.495,53.3,0.545
T2963,6,0.449,54.3,0.513
T2963,7,0.462,54.4,0.508
T2963,8,0.459,54.0,0.535
T2963,9,0.417,54.9,0.5
T2963,10,0.416,56.0,0.514
T2963,11,0.402,55.4,0.521
T2964,0,0.729,39.3,0.227
T2964,1,0.713,41.8,0.224
T2964,2,0.7,39.6,0.252
T2964,3,0.746,43.1,0.278
T2964,4,0.74,42.0,0.298
T2964,5,0.74,44.2,0.28
T2964,6,0.706,44.1,0.308
T2964,7,0.778,44.7,0.321
T2964,8,0.747,44.1,0.324
T2964,9,0.785,42.3,0.333
T2964,10,0.735,46.4,0.329
T2964,11,0.779,46.1,0.347
T2965,0,0.463,54.2,0.596
T2965,1,0.474,56.6,0.59
T2965,2,0.492,53.8,0.612
T2965,3,0.484,52.9,0.582
T2965,4,0.497,54.0,0.53
T2965,5,0.524,54.4,0.56
T2965,6,0.562,50.2,0.578
T2965,7,0.544,52.3,0.567
T2965,8,0.554,52.0,0.555
T2965,9,0.555,44.4,0.541
T2965,10,0.571,47.0,0.529
T2965,11,0.528,46.2,0.543
T2966,0,0.675,73.1,0.303
T2966,1,0.669,68.9,0.294
T2966,2,0.637,68.1,0.326
T2966,3,0.674,67.9,0.298
T2966,4,0.643,65.8,0.317
T2966,5,0.654,67.5,0.332
T2966,6,0.651,61.8,0.32
T2966,7,0.639,62.2,0.358
T2966,8,0.635,61.3,0.344
T2966,9,0.618,62.3,0.382
T2966,10,0.609,59.0,0.358
T2966,11,0.649,58.3,0.351
T2967,0,0.676,31.1,0.248
T2967,1,0.641,33.5,0.297
T2967,2,0.658,37.0,0.271
T2967,3,0.621,33.8,0.275
T2967,4,0.654,37.6,0.268
T2967,5,0.601,38.2,0.288
T2967,6,0.596,37.5,0.329
T2967,7,0.62,40.6,0.342
T2967,8,0.57,42.4,0.348
T2967,9,0.546,42.4,0.333
T2967,10,0.578,43.3,0.323
T2967,11,0.529,42.4,0.385
T2968,0,0.335,52.9,0.594
T2968,1,0.322,53.7,0.545
T2968,2,0.293,49.8,0.571
T2968,3,0.258,54.0,0.555
T2968,4,0.235,52.3,0.543
T2968,5,0.276,55.8,0.558
T2968,6,0.255,52.8,0.552
T2968,7,0.282,53.1,0.52
T2968,8,0.295,53.6,0.534
T2968,9,0.309,52.8,0.524
T2968,10,0.279,51.2,0.56
T2968,11,0.253,54.2,0.527
T2969,0,0.891,61.8,0.771
T2969,1,0.882,63.1,0.779
T2969,2,0.888,59.1,0.815
T2969,3,0.832,59.4,0.832
T2969,4,0.811,54.5,0.855
T2969,5,0.892,55.1,0.844
T2969,6,0.809,56.9,0.818
T2969,7,0.843,56.3,0.843
T2969,8,0.782,54.0,0.856
T2969,9,0.771,55.7,0.886
T2969,10,0.764,52.9,0.842
T2969,11,0.722,52.2,0.898
T2970,0,0.974,45.6,0.45
T2970,1,0.915,46.2,0.43
T2970,2,0.903,48.9,0.429
T2970,3,0.878,49.9,0.422
T2970,4,0.871,47.5,0.42
T2970,5,0.811,44.9,0.375
T2970,6,0.729,47.3,0.357
T2970,7,0.746,50.0,0.349
T2970,8,0.707,45.8,0.319
T2970,9,0.697,47.3,0.34
T2970,10,0.62,48.0,0.321
T2970,11,0.578,48.4,0.353
T2971,0,0.423,39.7,0.775
T2971,1,0.393,40.5,0.794
T2971,2,0.384,43.9,0.81
T2971,3,0.413,46.0,0.796
T2971,4,0.401,45.7,0.803
T2971,5,0.436,49.6,0.826
T2971,6,0.451,48.8,0.834
T2971,7,0.431,49.4,0.811
T2971,8,0.447,53.5,0.822
T2971,9,0.428,54.6,0.829
T2971,10,0.48,57.3,0.863
T2971,11,0.501,56.5,0.82
T2972,0,0.892,60.6,0.833
T2972,1,0.864,62.7,0.827
T2972,2,0.796,62.4,0.83
T2972,3,0.772,64.6,0.846
T2972,4,0.811,61.3,0.846
T2972,5,0.775,64.9,0.835
T2972,6,0.753,65.4,0.824
T2972,7,0.732,64.0,0.86
T2972,8,0.745,65.8,0.805
T2972,9,0.723,62.9,0.824
T2972,10,0.694,68.0,0.792
T2972,11,0.699,65.1,0.825
T2973,0,0.816,58.3,0.993
T2973,1,0.82,58.3,0.991
T2973,2,0.835,57.5,0.981
T2973,3,0.758,58.8,0.947
T2973,4,0.754,56.3,0.969
T2973,5,0.741,58.4,0.964
T2973,6,0.727,57.4,0.932
T2973,7,0.718,57.3,0.919
T2973,8,0.671,58.6,0.907
T2973,9,0.701,59.8,0.912
T2973,10,0.64,58.3,0.872
T2973,11,0.627,58.2,0.871
T2974,0,0.792,49.3,1.0
T2974,1,0.796,48.5,0.972
T2974,2,0.796,48.4,0.952
T2974,3,0.825,50.0,0.963
T2974,4,0.812,50.3,0.945
T2974,5,0.789,49.1,0.916
T2974,6,0.843,50.7,0.846
T2974,7,0.796,50.0,0.861
T2974,8,0.802,53.3,0.867
T2974,9,0.821,53.8,0.824
T2974,10,0.805,52.5,0.806
T2974,11,0.786,51.6,0.823
T2975,0,0.57,56.6,0.159
T2975,1,0.583,54.8,0.168
T2975,2,0.613,51.6,0.186
T2975,3,0.613,53.0,0.175
T2975,4,0.605,54.4,0.233
T2975,5,0.649,51.7,0.254
T2975,6,0.632,51.1,0.209
T2975,7,0.649,53.1,0.258
T2975,8,0.702,52.1,0.264
T2975,9,0.677,51.1,0.22
T2975,10,0.695,48.6,0.253
T2975,11,0.689,51.0,0.305
T2976,0,0.757,51.9,0.214
T2976,1,0.728,51.1,0.222
T2976,2,0.754,52.0,0.225
T2976,3,0.746,51.8,0.202
T2976,4,0.742,49.9,0.173
T2976,5,0.745,51.1,0.158
T2976,6,0.741,50.6,0.133
T2976,7,0.741,50.3,0.176
T2976,8,0.728,52.7,0.228
T2976,9,0.702,51.5,0.159
T2976,10,0.714,50.1,0.132
T2976,11,0.698,47.3,0.124
T2977,0,0.393,63.9,0.783
T2977,1,0.398,62.4,0.801
T2977,2,0.426,63.9,0.807
T2977,3,0.478,62.1,0.757
T2977,4,0.544,65.4,0.803
T2977,5,0.547,64.5,0.802
T2977,6,0.606,62.5,0.802
T2977,7,0.634,63.9,0.828
T2977,8,0.657,65.8,0.841
T2977,9,0.699,63.1,0.863
T2977,10,0.704,63.8,0.832
T2977,11,0.726,64.6,0.859
T2978,0,0.629,22.4,0.246
T2978,1,0.628,23.8,0.228
T2978,2,0.666,26.4,0.255
T2978,3,0.616,28.1,0.26
T2978,4,0.669,30.2,0.228
T2978,5,0.601,29.8,0.257
T2978,6,0.612,32.1,0.256
T2978,7,0.582,35.8,0.274
T2978,8,0.58,38.1,0.283
T2978,9,0.6,37.9,0.275
T2978,10,0.628,39.9,0.287
T2978,11,0.615,38.5,0.279
T2979,0,0.723,49.7,0.718
T2979,1,0.726,52.3,0.765
T2979,2,0.699,50.1,0.779
T2979,3,0.698,53.1,0.76
T2979,4,0.683,50.2,0.771
T2979,5,0.674,54.2,0.733
T2979,6,0.719,54.6,0.743
T2979,7,0.63,56.6,0.745
T2979,8,0.664,59.9,0.775
T2979,9,0.634,56.3,0.784
T2979,10,0.625,56.6,0.745
T2979,11,0.586,58.4,0.76
T2980,0,1.0,48.8,0.203
T2980,1,1.0,45.2,0.195
T2980,2,0.983,48.3,0.193
T2980,3,0.943,44.4,0.206
T2980,4,0.91,45.3,0.19
T2980,5,0.891,46.4,0.224
T2980,6,0.923,47.2,0.25
T2980,7,0.882,45.7,0.257
T2980,8,0.892,46.0,0.228
T2980,9,0.826,46.5,0.257
T2980,10,0.818,45.3,0.271
T2980,11,0.785,47.6,0.267
T2981,0,0.373,61.0,0.151
T2981,1,0.359,60.9,0.22
T2981,2,0.356,62.6,0.186
T2981,3,0.362,59.8,0.192
T2981,4,0.384,62.5,0.231
T2981,5,0.399,60.4,0.239
T2981,6,0.364,60.7,0.269
T2981,7,0.403,59.8,0.286
T2981,8,0.431,59.9,0.286
T2981,9,0.403,61.7,0.287
T2981,10,0.383,58.9,0.316
T2981,11,0.441,59.8,0.294
T2982,0,0.842,42.2,0.398
T2982,1,0.901,43.3,0.391
T2982,2,0.856,40.1,0.386
T2982,3,0.871,42.8,0.383
T2982,4,0.855,45.4,0.374
T2982,5,0.866,40.7,0.341
T2982,6,0.91,39.6,0.347
T2982,7,0.874,40.5,0.275
T2982,8,0.891,40.4,0.369
T2982,9,0.878,40.7,0.374
T2982,10,0.879,37.0,0.291
T2982,11,0.859,39.4,0.311
T2983,0,0.896,55.9,0.292
T2983,1,0.864,57.1,0.279
T2983,2,0.849,54.6,0.277
T2983,3,0.836,55.1,0.271
T2983,4,0.743,53.9,0.247
T2983,5,0.752,52.9,0.274
T2983,6,0.703,53.2,0.251
T2983,7,0.697,50.3,0.298
T2983,8,0.659,49.0,0.262
T2983,9,0.618,48.4,0.301
T2983,10,0.625,50.8,0.252
T2983,11,0.583,48.2,0.267
T2984,0,0.672,63.8,0.252
T2984,1,0.656,63.3,0.235
T2984,2,0.696,61.2,0.24
T2984,3,0.66,62.9,0.314
T2984,4,0.672,59.8,0.279
T2984,5,0.667,60.1,0.308
T2984,6,0.672,55.3,0.323
T2984,7,0.664,54.9,0.355
T2984,8,0.711,53.6,0.339
T2984,9,0.693,53.5,0.341
T2984,10,0.717,53.4,0.367
T2984,11,0.697,50.4,0.391
T2985,0,0.53,44.6,0.393
T2985,1,0.532,47.4,0.365
T2985,2,0.504,44.5,0.418
T2985,3,0.505,48.1,0.386
T2985,4,0.51,46.5,0.372
T2985,5,0.469,46.1,0.389
T2985,6,0.431,49.3,0.366
T2985,7,0.425,48.7,0.421
T2985,8,0.448,48.6,0.394
T2985,9,0.387,54.3,0.358
T2985,10,0.423,52.0,0.376
T2985,11,0.437,51.3,0.407
T2986,0,0.558,60.0,0.807
T2986,1,0.531,57.5,0.825
T2986,2,0.558,59.0,0.743
T2986,3,0.582,58.0,0.762
T2986,4,0.616,61.7,0.757
T2986,5,0.643,59.1,0.715
T2986,6,0.655,60.7,0.695
T2986,7,0.696,58.4,0.689
T2986,8,0.73,55.6,0.662
T2986,9,0.756,61.1,0.668
T2986,10,0.732,56.4,0.619
T2986,11,0.809,60.4,0.638
T2987,0,0.287,75.6,0.576
T2987,1,0.309,70.0,0.587
T2987,2,0.335,69.2,0.632
T2987,3,0.356,66.8,0.621
T2987,4,0.382,65.6,0.648
T2987,5,0.379,64.4,0.656
T2987,6,0.372,62.2,0.701
T2987,7,0.423,62.4,0.714
T2987,8,0.437,59.3,0.748
T2987,9,0.489,57.0,0.807
T2987,10,0.45,58.5,0.818
T2987,11,0.462,55.8,0.78
T2988,0,0.547,45.2,0.42
T2988,1,0.566,46.7,0.432
T2988,2,0.552,43.8,0.394
T2988,3,0.579,43.7,0.406
T2988,4,0.565,44.1,0.404
T2988,5,0.567,48.0,0.388
T2988,6,0.585,47.2,0.424
T2988,7,0.542,50.2,0.399
T2988,8,0.558,48.2,0.409
T2988,9,0.606,49.7,0.376
T2988,10,0.577,47.6,0.377
T2988,11,0.617,49.7,0.399
T2989,0,0.651,59.9,0.801
T2989,1,0.6,61.7,0.792
T2989,2,0.612,62.5,0.792
T2989,3,0.628,62.0,0.74
T2989,4,0.634,63.0,0.775
T2989,5,0.616,62.0,0.756
T2989,6,0.629,58.7,0.798
T2989,7,0.575,61.4,0.77
T2989,8,0.596,60.5,0.743
T2989,9,0.552,60.3,0.827
T2989,10,0.571,60.2,0.788
T2989,11,0.589,61.5,0.816
T2990,0,0.504,59.2,0.867
T2990,1,0.5,58.6,0.922
T2990,2,0.541,58.0,0.876
T2990,3,0.545,59.5,0.9
T2990,4,0.505,62.7,0.838
T2990,5,0.516,60.2,0.854
T2990,6,0.501,63.9,0.841
T2990,7,0.548,62.6,0.808
T2990,8,0.542,61.9,0.791
T2990,9,0.535,62.0,0.809
T2990,10,0.517,64.8,0.82
T2990,11,0.5,64.3,0.762
T2991,0,0.829,60.1,0.375
T2991,1,0.799,59.9,0.362
T2991,2,0.774,58.9,0.381
T2991,3,0.757,61.3,0.386
T2991,4,0.794,58.1,0.361
T2991,5,0.729,54.6,0.39
T2991,6,0.782,54.7,0.374
T2991,7,0.725,52.8,0.367
T2991,8,0.741,51.9,0.362
T2991,9,0.734,52.6,0.354
T2991,10,0.737,53.6,0.337
T2991,11,0.736,47.9,0.349
T2992,0,0.581,42.4,0.406
T2992,1,0.573,38.2,0.423
T2992,2,0.633,43.0,0.416
T2992,3,0.613,44.1,0.426
T2992,4,0.63,41.3,0.433
T2992,5,0.634,44.9,0.455
T2992,6,0.678,43.2,0.41
T2992,7,0.617,47.9,0.427
T2992,8,0.635,45.8,0.411
T2992,9,0.67,47.6,0.407
T2992,10,0.717,46.8,0.406
T2992,11,0.676,48.1,0.447
T2993,0,0.677,55.0,0.719
T2993,1,0.662,56.6,0.749
T2993,2,0.697,52.9,0.711
T2993,3,0.65,54.9,0.702
T2993,4,0.652,54.5,0.699
T2993,5,0.684,52.8,0.723
T2993,6,0.635,51.5,0.763
T2993,7,0.684,50.3,0.753
T2993,8,0.638,48.7,0.773
T2993,9,0.635,47.1,0.768
T2993,10,0.632,47.9,0.769
T2993,11,0.617,48.2,0.77
T2994,0,0.609,63.7,0.725
T2994,1,0.648,69.5,0.79
T2994,2,0.627,65.6,0.759
T2994,3,0.63,64.4,0.807
T2994,4,0.61,61.7,0.798
T2994,5,0.642,62.7,0.834
T2994,6,0.577,63.5,0.807
T2994,7,0.577,62.1,0.847
T2994,8,0.612,56.4,0.885
T2994,9,0.602,58.7,0.874
T2994,10,0.617,56.8,0.855
T2994,11,0.58,53.9,0.873
T2995,0,0.748,38.3,0.664
T2995,1,0.705,41.0,0.676
T2995,2,0.794,42.4,0.685
T2995,3,0.737,42.7,0.667
T2995,4,0.719,43.0,0.691
T2995,5,0.719,44.5,0.688
T2995,6,0.709,45.5,0.719
T2995,7,0.721,47.5,0.702
T2995,8,0.692,45.2,0.73
T2995,9,0.734,45.3,0.772
T2995,10,0.711,48.7,0.76
T2995,11,0.711,47.2,0.729
T2996,0,0.483,58.9,0.172
T2996,1,0.476,55.6,0.141
T2996,2,0.441,57.8,0.15
T2996,3,0.411,52.4,0.181
T2996,4,0.415,54.9,0.161
T2996,5,0.417,54.5,0.185
T2996,6,0.407,52.4,0.174
T2996,7,0.369,55.0,0.214
T2996,8,0.363,53.7,0.197
T2996,9,0.371,52.6,0.184
T2996,10,0.344,51.4,0.195
T2996,11,0.318,50.6,0.224
T2997,0,0.895,43.4,0.104
T2997,1,0.853,42.1,0.132
T2997,2,0.851,43.7,0.165
T2997,3,0.831,43.7,0.162
T2997,4,0.778,43.5,0.22
T2997,5,0.771,41.8,0.255
T2997,6,0.765,40.8,0.277
T2997,7,0.747,46.1,0.276
T2997,8,0.696,43.8,0.338
T2997,9,0.661,44.7,0.337
T2997,10,0.644,45.0,0.352
T2997,11,0.628,45.4,0.355
T2998,0,0.222,70.2,1.0
T2998,1,0.261,68.8,1.0
T2998,2,0.323,71.5,0.993
T2998,3,0.316,72.4,0.978
T2998,4,0.351,70.9,1.0
T2998,5,0.375,66.4,0.965
T2998,6,0.41,70.0,0.983
T2998,7,0.422,69.7,0.952
T2998,8,0.483,67.7,0.958
T2998,9,0.467,69.2,0.941
T2998,10,0.507,69.7,0.941
T2998,11,0.507,69.4,0.953
T2999,0,0.202,61.4,0.391
T2999,1,0.259,55.9,0.375
T2999,2,0.309,53.3,0.381
T2999,3,0.287,55.1,0.379
T2999,4,0.337,54.8,0.338
T2999,5,0.317,53.7,0.343
T2999,6,0.338,49.6,0.326
T2999,7,0.336,51.3,0.338
T2999,8,0.353,51.0,0.345
T2999,9,0.447,49.7,0.325
T2999,10,0.405,49.8,0.312
T2999,11,0.443,50.2,0.291
T3000,0,0.337,65.1,0.97
T3000,1,0.374,65.1,0.995
T3000,2,0.336,67.7,1.0
T3000,3,0.394,65.0,0.991
T3000,4,0.407,69.0,0.975
T3000,5,0.381,65.5,0.962
T3000,6,0.422,65.1,0.985
T3000,7,0.45,67.4,0.98
T3000,8,0.421,66.1,0.99
T3000,9,0.448,67.1,0.933
T3000,10,0.443,67.2,0.934
T3000,11,0.458,71.0,0.959
